Timestamp,Temperature (C),Humidity (%),Sound,Light
3860,22.45,21.80,0.00,951.00
6860,22.43,20.70,23150.88,951.00
9860,22.44,20.80,25428.46,952.00
12860,22.44,20.92,24704.57,951.00
15860,22.47,21.03,25326.45,948.00
18860,22.47,20.92,21874.03,949.00
21860,22.46,20.62,23304.48,950.00
24860,22.43,20.36,31190.70,951.00
27860,22.42,20.32,30712.23,950.00
30860,22.43,20.14,23522.39,951.00
33860,22.43,20.05,15618.26,951.00
36860,22.44,20.34,18336.04,951.00
39860,22.44,20.44,22379.95,950.00
42860,22.44,20.44,21753.28,951.00
45860,22.44,20.41,20226.17,951.00
48860,22.44,20.26,21344.38,950.00
51860,22.43,19.81,23006.75,950.00
54860,22.43,19.70,19757.90,951.00
57860,22.43,19.46,16549.84,950.00
60860,22.42,19.49,15320.08,950.00
63860,22.42,19.39,14009.30,949.00
66860,22.42,19.38,22248.68,950.00
69860,22.42,19.29,18636.52,952.00
72860,22.42,19.36,28763.62,952.00
75860,22.42,19.55,25280.26,952.00
78860,22.41,19.63,23778.65,952.00
81860,22.41,19.60,21335.59,953.00
84860,22.41,19.57,17382.38,953.00
87860,22.41,19.66,17577.83,953.00
90860,22.40,19.40,19036.04,954.00
93860,22.40,19.28,17805.00,954.00
96860,22.40,19.30,21121.60,952.00
99860,22.39,19.31,16832.16,953.00
102860,22.40,19.17,18886.35,953.00
105860,22.39,19.15,16681.06,953.00
108860,22.39,19.22,18182.92,954.00
111860,22.39,19.30,20942.70,955.00
114860,22.38,19.25,19253.88,955.00
117860,22.38,19.07,19648.52,966.00
120860,22.38,19.20,27003.25,955.00
123860,22.38,19.36,21172.78,951.00
126860,22.37,19.33,21961.06,955.00
129860,22.37,19.26,15256.79,950.00
132860,22.37,19.02,14503.49,955.00
135860,22.36,18.99,15915.28,953.00
138860,22.37,18.93,22746.80,963.00
141860,22.36,19.01,17299.53,953.00
144860,22.36,19.18,18916.51,953.00
147860,22.36,19.29,20023.74,955.00
150860,22.35,19.21,20844.10,959.00
153860,22.35,19.19,21967.13,955.00
156860,22.35,19.00,21867.11,959.00
159860,22.35,19.04,17779.78,948.00
162860,22.35,19.03,21068.46,956.00
165860,22.34,18.86,23869.26,955.00
168860,22.34,18.88,19095.11,955.00
171860,22.33,18.96,16583.51,956.00
174860,22.33,18.97,23342.63,955.00
177860,22.33,18.87,21295.90,955.00
180860,22.32,18.70,16027.04,956.00
183860,22.32,18.73,15210.45,956.00
186860,22.32,18.71,19033.82,956.00
189860,22.31,18.76,22041.28,961.00
192860,22.31,18.76,35103.75,957.00
195860,22.31,18.86,28764.44,957.00
198860,22.31,18.91,34937.24,958.00
201860,22.30,18.88,36013.03,958.00
204860,22.30,18.88,25789.78,958.00
207860,22.30,18.83,29769.31,957.00
210860,22.30,18.88,18482.01,958.00
213860,22.29,18.88,16268.54,956.00
216860,22.29,18.77,22133.65,956.00
219860,22.28,18.82,26638.21,956.00
222860,22.28,18.84,25620.79,956.00
225860,22.29,18.95,26642.28,949.00
228860,22.27,18.84,21420.04,949.00
231860,22.27,18.85,13601.38,958.00
234860,22.27,18.81,18164.38,958.00
237860,22.27,18.77,16536.18,958.00
240860,22.27,18.82,18316.04,958.00
243860,22.27,18.82,23913.57,958.00
246860,22.27,18.94,30501.34,960.00
249860,22.26,19.03,24587.62,958.00
252860,22.26,19.00,21090.27,957.00
255860,22.26,18.93,20343.25,958.00
258860,22.25,18.84,30555.94,958.00
261860,22.27,18.79,26350.32,958.00
264860,22.27,18.78,27382.74,958.00
267860,22.27,18.79,23296.15,958.00
270860,22.26,18.73,20693.29,958.00
273860,22.26,18.66,15222.45,960.00
276860,22.26,18.74,30663.90,958.00
279860,22.26,18.79,33926.79,959.00
282860,22.26,18.73,15493.40,959.00
285860,22.26,18.66,23118.94,958.00
288860,22.26,18.62,25146.05,957.00
291860,22.26,18.65,21926.29,948.00
294860,22.26,18.65,20987.68,957.00
297860,22.25,18.67,16956.29,958.00
300860,22.25,18.65,22432.68,959.00
303860,22.25,18.71,28686.28,958.00
306860,22.26,18.70,21248.00,959.00
309860,22.25,18.61,25098.17,959.00
312860,22.25,18.62,21960.34,960.00
315860,22.25,18.54,19618.04,960.00
318860,22.25,18.58,22393.66,959.00
321860,22.25,18.57,32736.57,958.00
324860,22.24,18.54,23517.02,958.00
327860,22.25,18.50,28720.23,958.00
330860,22.25,18.51,19906.38,958.00
333860,22.25,18.49,20659.11,959.00
336860,22.24,18.46,17328.71,959.00
339860,22.25,18.46,18837.79,959.00
342860,22.24,18.52,13165.29,959.00
345860,22.25,18.55,30696.53,960.00
348860,22.25,18.52,23920.96,960.00
351860,22.24,18.55,24255.72,960.00
354860,22.24,18.54,18165.60,960.00
357860,22.25,18.51,19773.47,959.00
360860,22.24,18.52,23782.82,959.00
363860,22.25,18.50,17061.15,959.00
366860,22.24,18.58,19453.33,962.00
369860,22.25,18.67,20470.67,960.00
372860,22.25,18.85,23699.34,961.00
375860,22.25,18.82,12258.46,960.00
378860,22.25,18.98,49083.75,960.00
381860,22.25,18.98,49892.10,963.00
384860,22.25,18.94,49999.46,959.00
387860,22.24,18.85,49773.29,960.00
390860,22.24,18.82,49991.33,959.00
393860,22.24,18.69,49035.93,958.00
396860,22.23,18.63,49996.96,959.00
399860,22.24,18.62,13896.30,959.00
402860,22.23,18.68,49974.08,961.00
405860,22.24,18.79,19068.15,960.00
408860,22.24,18.84,40429.22,960.00
411860,22.24,18.88,25075.15,961.00
414860,22.24,18.88,49867.91,961.00
417860,22.23,18.90,39107.06,966.00
420860,22.23,18.78,49999.46,963.00
423860,22.23,18.78,49999.46,962.00
426860,22.24,18.84,30850.74,963.00
429860,22.24,18.79,13040.75,971.00
432860,22.23,18.58,49971.82,960.00
435860,22.23,18.63,22887.11,960.00
438860,22.23,18.66,19840.59,962.00
441860,22.23,18.69,18888.05,962.00
444860,22.23,18.77,14736.67,963.00
447860,22.23,18.83,14793.13,962.00
450860,22.23,18.77,11918.71,962.00
453860,22.23,18.68,11747.44,961.00
456860,22.22,18.66,13022.29,964.00
459860,22.23,18.66,17206.37,960.00
462860,22.23,18.65,11785.59,961.00
465860,22.23,18.67,19948.16,951.00
468860,22.23,18.69,28216.51,961.00
471860,22.23,18.63,28925.60,962.00
474860,22.23,18.61,13511.00,951.00
477860,22.23,18.69,22520.33,963.00
480860,22.23,18.68,18659.29,963.00
483860,22.23,18.69,13879.17,963.00
486860,22.23,18.73,10965.83,963.00
489860,22.23,18.77,10864.23,962.00
492860,22.23,18.76,12520.39,962.00
495860,22.23,18.69,13808.11,961.00
498860,22.23,18.73,11265.95,961.00
501860,22.23,18.65,13108.11,961.00
504860,22.23,18.57,21799.88,961.00
507860,22.23,18.60,11260.88,962.00
510860,22.23,18.65,14945.21,953.00
513860,22.21,18.71,13605.22,963.00
516860,22.21,18.75,10935.70,953.00
519860,22.21,18.77,11126.34,963.00
522860,22.22,18.74,12179.65,963.00
525860,22.21,18.71,11573.61,962.00
528860,22.21,18.64,10781.74,963.00
531860,22.21,18.68,11760.63,962.00
534860,22.21,18.72,11560.61,962.00
537860,22.21,18.69,10970.31,962.00
540860,22.21,18.61,11776.46,962.00
543860,22.21,18.58,11646.94,964.00
546860,22.21,18.67,10932.29,963.00
549860,22.21,18.61,12718.52,963.00
552860,22.21,18.51,15333.96,964.00
555860,22.20,18.52,17227.81,964.00
558860,22.20,18.46,13577.32,964.00
561860,22.20,18.52,14907.29,964.00
564860,22.20,18.53,13327.70,962.00
567860,22.20,18.48,13731.12,962.00
570860,22.20,18.45,30181.93,962.00
573860,22.20,18.53,31356.08,962.00
576860,22.21,18.49,28602.66,964.00
579860,22.21,18.45,14994.40,961.00
582860,22.21,18.39,17137.38,963.00
585860,22.21,18.44,25358.86,964.00
588860,22.21,18.41,16524.87,953.00
591860,22.20,18.48,12075.16,964.00
594860,22.21,18.47,12915.26,963.00
597860,22.21,18.46,14907.78,962.00
600860,22.22,18.41,15048.18,962.00
603860,22.21,18.35,16329.40,962.00
606860,22.21,18.31,12829.54,962.00
609860,22.21,18.30,15228.57,963.00
612860,22.21,18.30,12021.11,964.00
615860,22.21,18.36,16045.05,963.00
618860,22.21,18.34,20759.09,963.00
621860,22.21,18.35,17931.17,963.00
624860,22.21,18.31,19514.27,963.00
627860,22.22,18.29,41348.37,963.00
630860,22.22,18.33,22949.51,962.00
633860,22.22,18.29,14512.79,962.00
636860,22.21,18.25,12124.83,961.00
639860,22.21,18.26,14613.34,963.00
642860,22.21,18.28,14544.12,962.00
645860,22.21,18.34,18391.24,963.00
648860,22.21,18.40,12180.02,963.00
651860,22.21,18.42,11466.95,963.00
654860,22.21,18.30,11062.27,963.00
657860,22.21,18.35,12434.47,964.00
660860,22.21,18.35,13471.75,963.00
663860,22.21,18.30,11405.14,963.00
666860,22.21,18.30,17573.36,963.00
669860,22.21,18.33,13364.86,962.00
672860,22.20,18.31,14149.00,963.00
675860,22.21,18.39,11878.61,962.00
678860,22.20,18.40,13811.78,960.00
681860,22.21,18.34,13535.04,967.00
684860,22.20,18.26,11889.51,964.00
687860,22.20,18.28,20100.97,963.00
690860,22.20,18.31,16656.27,964.00
693860,22.20,18.39,15152.64,963.00
696860,22.21,18.37,25460.71,964.00
699860,22.21,18.41,25625.95,962.00
702860,22.21,18.42,18698.97,963.00
705860,22.20,18.46,15643.02,962.00
708860,22.21,18.51,15291.09,962.00
711860,22.21,18.55,11542.52,963.00
714860,22.21,18.42,14132.48,959.00
717860,22.20,18.42,13285.27,964.00
720860,22.20,18.52,12381.80,963.00
723860,22.19,18.40,11786.97,964.00
726860,22.19,18.39,12688.78,964.00
729860,22.18,18.39,10975.13,964.00
732860,22.18,18.36,11152.42,964.00
735860,22.17,18.40,10399.77,964.00
738860,22.17,18.53,11588.02,963.00
741860,22.16,18.56,15340.34,963.00
744860,22.17,18.58,49899.40,962.00
747860,22.16,18.43,49910.01,962.00
750860,22.17,18.54,49999.46,962.00
753860,22.16,18.62,49628.35,963.00
756860,22.17,18.62,48509.20,964.00
759860,22.17,18.63,13083.26,964.00
762860,22.18,18.59,13828.21,964.00
765860,22.17,18.61,11069.15,963.00
768860,22.17,18.63,9914.71,963.00
771860,22.18,18.67,10881.67,963.00
774860,22.17,18.68,9913.54,963.00
777860,22.17,18.67,23430.57,962.00
780860,22.17,18.66,27693.85,963.00
783860,22.17,18.62,49982.41,963.00
786860,22.17,18.66,43914.98,964.00
789860,22.17,18.67,49999.46,963.00
792860,22.17,18.66,26333.17,964.00
795860,22.17,18.62,11903.07,964.00
798860,22.17,18.53,13564.71,963.00
801860,22.17,18.50,13189.12,963.00
804860,22.17,18.54,13259.75,963.00
807860,22.17,18.56,12198.24,963.00
810860,22.17,18.46,12526.83,962.00
813860,22.18,18.51,10494.71,962.00
816860,22.18,18.53,11643.71,966.00
819860,22.18,18.57,13484.56,962.00
822860,22.18,18.54,12678.27,963.00
825860,22.18,18.53,11368.33,963.00
828860,22.18,18.51,12522.74,963.00
831860,22.19,18.51,10978.09,964.00
834860,22.18,18.57,12541.15,963.00
837860,22.19,18.61,10778.58,962.00
840860,22.18,18.63,14650.32,962.00
843860,22.18,18.64,13417.78,962.00
846860,22.19,18.62,13516.47,962.00
849860,22.19,18.61,14045.96,962.00
852860,22.19,18.63,11565.71,961.00
855860,22.19,18.67,20035.69,963.00
858860,22.19,18.69,15599.05,963.00
861860,22.20,18.69,15320.86,964.00
864860,22.20,18.69,17776.61,963.00
867860,22.20,18.68,16686.85,962.00
870860,22.19,18.63,19846.98,963.00
873860,22.20,18.64,16887.07,963.00
876860,22.19,18.66,17530.01,961.00
879860,22.20,18.57,15178.58,961.00
882860,22.20,18.57,15330.89,961.00
885860,22.20,18.53,15191.64,960.00
888860,22.20,18.57,25273.98,952.00
891860,22.20,18.56,21123.94,962.00
894860,22.20,18.52,26617.82,963.00
897860,22.20,18.47,19971.24,962.00
900860,22.19,18.42,35581.40,961.00
903860,22.19,18.42,35594.17,959.00
906860,22.19,18.37,25530.10,961.00
909860,22.20,18.44,20440.52,960.00
912860,22.20,18.46,26723.56,959.00
915860,22.20,18.51,20067.05,960.00
918860,22.19,18.51,13946.29,960.00
921860,22.20,18.55,22421.28,961.00
924860,22.19,18.54,34803.43,960.00
927860,22.20,18.50,15838.69,965.00
930860,22.20,18.50,16569.00,961.00
933860,22.19,18.52,20185.92,961.00
936860,22.20,18.53,21628.33,961.00
939860,22.20,18.53,22027.59,961.00
942860,22.19,18.50,19682.16,959.00
945860,22.20,18.46,20859.96,960.00
948860,22.19,18.45,12326.92,959.00
951860,22.19,18.47,15564.42,959.00
954860,22.19,18.50,12818.32,959.00
957860,22.20,18.50,10134.73,961.00
960860,22.20,18.45,10977.11,960.00
963860,22.19,18.46,11000.49,960.00
966860,22.19,18.45,13934.39,960.00
969860,22.19,18.42,18743.38,959.00
972860,22.19,18.45,17074.45,960.00
975860,22.19,18.44,16188.71,961.00
978860,22.19,18.41,17217.33,959.00
981860,22.19,18.35,17461.83,958.00
984860,22.19,18.39,21385.11,958.00
987860,22.19,18.34,22360.32,969.00
990860,22.19,18.32,23597.59,959.00
993860,22.19,18.37,15025.21,959.00
996860,22.19,18.40,21316.94,959.00
999860,22.19,18.35,26192.89,958.00
1002860,22.19,18.36,22290.68,959.00
1005860,22.18,18.40,49167.76,959.00
1008860,22.18,18.42,43097.65,955.00
1011860,22.18,18.42,30405.72,956.00
1014860,22.18,18.45,49886.46,958.00
1017860,22.18,18.45,16266.00,957.00
1020860,22.18,18.46,11212.95,957.00
1023860,22.18,18.46,34489.00,957.00
1026860,22.18,18.46,12147.09,958.00
1029860,22.18,18.43,19907.39,958.00
1032860,22.18,18.39,12513.81,957.00
1035860,22.18,18.35,12698.91,958.00
1038860,22.18,18.36,19278.07,948.00
1041860,22.17,18.40,17946.44,958.00
1044860,22.17,18.39,19345.04,948.00
1047860,22.17,18.23,15659.97,958.00
1050860,22.17,18.25,16700.07,957.00
1053860,22.17,18.20,10956.41,956.00
1056860,22.17,18.24,11642.09,955.00
1059860,22.17,18.26,15400.65,956.00
1062860,22.17,18.26,16795.18,957.00
1065860,22.17,18.28,15168.82,958.00
1068860,22.17,18.30,20008.47,957.00
1071860,22.17,18.28,12408.71,956.00
1074860,22.17,18.23,11100.65,958.00
1077860,22.17,18.26,10922.37,957.00
1080860,22.16,18.29,49999.46,957.00
1083860,22.17,18.25,49998.68,957.00
1086860,22.16,18.26,49994.45,956.00
1089860,22.17,18.29,49993.97,956.00
1092860,22.17,18.31,40095.95,955.00
1095860,22.16,18.34,26006.37,956.00
1098860,22.16,18.35,15896.34,956.00
1101860,22.16,18.38,14314.32,948.00
1104860,22.16,18.42,12418.01,957.00
1107860,22.16,18.46,27664.32,956.00
1110860,22.16,18.50,11483.45,956.00
1113860,22.17,18.53,11336.68,956.00
1116860,22.16,18.56,11459.18,955.00
1119860,22.17,18.59,11650.94,954.00
1122860,22.17,18.59,11096.28,954.00
1125860,22.17,18.59,10158.56,954.00
1128860,22.16,18.57,10151.27,956.00
1131860,22.16,18.57,10151.27,968.00
1134860,22.16,18.57,10151.27,955.00
1140695,22.16,18.56,0.00,956.00
1143695,22.16,18.53,12105.87,955.00
1146695,22.16,18.51,12180.24,945.00
1149695,22.16,18.51,10124.18,955.00
1152695,22.16,18.52,11394.24,954.00
1155695,22.15,18.50,11662.04,953.00
1158695,22.15,18.47,14026.43,954.00
1161695,22.15,18.47,13335.69,953.00
1164695,22.16,18.47,13726.25,954.00
1167695,22.15,18.47,16903.54,955.00
1170695,22.15,18.45,14947.22,954.00
1173695,22.15,18.41,16232.09,954.00
1176695,22.15,18.38,17642.40,954.00
1179695,22.15,18.38,14593.05,955.00
1182695,22.15,18.41,13756.99,954.00
1185695,22.15,18.37,16952.56,954.00
1188695,22.15,18.36,15117.01,953.00
1191695,22.15,18.35,13855.23,953.00
1194695,22.15,18.37,14640.10,952.00
1197695,22.15,18.37,17389.28,952.00
1200695,22.15,18.37,20124.66,954.00
1203695,22.15,18.38,24088.85,953.00
1206695,22.14,18.38,11383.70,953.00
1209695,22.14,18.40,13089.38,954.00
1212695,22.14,18.37,12884.29,954.00
1215695,22.14,18.30,18576.23,953.00
1218695,22.14,18.26,16234.07,952.00
1221695,22.14,18.30,13655.47,952.00
1224695,22.14,18.26,20845.77,955.00
1227695,22.13,18.27,20519.54,951.00
1230695,22.13,18.26,17586.01,951.00
1233695,22.13,18.26,20078.56,953.00
1236695,22.13,18.21,12928.03,952.00
1239695,22.13,18.26,17345.00,952.00
1242695,22.13,18.30,16226.70,951.00
1245695,22.12,18.33,16644.37,957.00
1248695,22.13,18.36,18473.99,953.00
1251695,22.12,18.37,23700.71,951.00
1254695,22.12,18.36,19555.68,951.00
1257695,22.12,18.31,15969.59,964.00
1260695,22.12,18.26,11325.50,950.00
1263695,22.12,18.29,23454.41,950.00
1266695,22.13,18.32,16004.65,950.00
1269695,22.12,18.31,17765.74,952.00
1272695,22.12,18.30,17951.00,951.00
1275695,22.12,18.27,10747.97,951.00
1278695,22.12,18.27,13562.16,952.00
1281695,22.12,18.25,13914.81,951.00
1284695,22.11,18.27,13721.45,942.00
1287695,22.12,18.30,30535.35,942.00
1290695,22.12,18.35,14415.38,951.00
1293695,22.12,18.36,49403.52,950.00
1296695,22.12,18.41,47389.68,963.00
1299695,22.12,18.46,36896.01,950.00
1302695,22.12,18.46,49825.93,951.00
1305695,22.12,18.47,15031.37,951.00
1308695,22.12,18.49,21238.18,951.00
1311695,22.12,18.52,28135.84,951.00
1314695,22.12,18.53,38029.71,964.00
1317695,22.12,18.53,11754.62,951.00
1320695,22.12,18.48,9298.19,952.00
1323695,22.12,18.46,10869.40,951.00
1326695,22.12,18.44,10170.54,950.00
1329695,22.11,18.48,9525.45,950.00
1332695,22.12,18.44,11984.53,949.00
1335695,22.11,18.43,13842.64,951.00
1338695,22.12,18.38,10336.40,951.00
1341695,22.11,18.35,9303.36,947.00
1344695,22.11,18.40,9749.06,951.00
1347695,22.11,18.43,10301.69,950.00
1350695,22.11,18.46,10698.58,951.00
1353695,22.11,18.49,47261.79,951.00
1356695,22.11,18.52,10121.46,953.00
1359695,22.12,18.54,10886.15,949.00
1362695,22.11,18.53,11344.53,950.00
1365695,22.11,18.55,12080.58,949.00
1368695,22.11,18.58,22960.60,949.00
1371695,22.11,18.59,10655.19,950.00
1374695,22.11,18.60,10300.77,941.00
1377695,22.11,18.59,10513.44,951.00
1380695,22.11,18.59,19589.28,961.00
1383695,22.11,18.48,10268.49,949.00
1386695,22.11,18.53,12658.64,949.00
1389695,22.11,18.53,15591.42,949.00
1392695,22.10,18.50,12793.21,954.00
1395695,22.10,18.53,10758.75,947.00
1398695,22.10,18.54,16873.22,948.00
1401695,22.10,18.49,12755.24,953.00
1404695,22.10,18.52,12071.54,949.00
1407695,22.10,18.49,18478.89,949.00
1410695,22.10,18.49,22522.44,949.00
1413695,22.10,18.54,29659.45,948.00
1416695,22.10,18.55,33650.02,948.00
1419695,22.10,18.57,29181.79,949.00
1422695,22.10,18.53,28301.30,947.00
1425695,22.09,18.53,18149.08,947.00
1428695,22.09,18.49,28475.76,947.00
1431695,22.09,18.48,15238.19,948.00
1434695,22.09,18.47,24043.52,948.00
1437695,22.09,18.46,15122.19,948.00
1440695,22.09,18.46,12387.35,947.00
1443695,22.09,18.46,12692.73,947.00
1446695,22.09,18.48,10254.96,947.00
1449695,22.09,18.49,10581.21,946.00
1452695,22.09,18.49,13018.77,938.00
1455695,22.09,18.49,11247.03,947.00
1458695,22.09,18.52,10976.43,946.00
1461695,22.09,18.50,12149.28,945.00
1464695,22.09,18.50,10978.76,946.00
1467695,22.09,18.42,12712.95,945.00
1470695,22.09,18.42,14296.84,946.00
1473695,22.09,18.43,10712.31,946.00
1476695,22.09,18.43,26473.02,959.00
1479695,22.09,18.42,11031.14,945.00
1482695,22.09,18.44,14110.24,945.00
1485695,22.09,18.42,26127.64,945.00
1488695,22.08,18.41,12377.25,948.00
1491695,22.08,18.39,13187.23,944.00
1494695,22.08,18.39,11877.95,943.00
1497695,22.08,18.41,18339.99,935.00
1500695,22.08,18.41,13195.96,944.00
1503695,22.08,18.39,11730.79,944.00
1506695,22.08,18.38,9756.70,944.00
1509695,22.08,18.37,10161.77,944.00
1512695,22.08,18.36,9843.50,943.00
1515695,22.09,18.38,11240.69,942.00
1518695,22.08,18.39,12846.43,942.00
1521695,22.08,18.42,11063.78,942.00
1524695,22.08,18.43,12422.94,940.00
1527695,22.08,18.41,19876.72,940.00
1530695,22.08,18.41,9780.80,939.00
1533695,22.08,18.42,11042.03,939.00
1536695,22.08,18.43,10428.88,939.00
1539695,22.08,18.42,10316.05,939.00
1542695,22.09,18.47,10273.28,938.00
1545695,22.08,18.48,10366.01,951.00
1548695,22.08,18.46,12966.80,937.00
1551695,22.09,18.47,10188.50,937.00
1554695,22.08,18.44,10475.75,937.00
1557695,22.08,18.43,9662.75,935.00
1560695,22.08,18.42,9973.40,934.00
1563695,22.08,18.43,10232.45,933.00
1566695,22.08,18.41,9557.46,933.00
1569695,22.08,18.44,49993.46,933.00
1572695,22.08,18.44,48003.58,934.00
1575695,22.08,18.44,42978.07,934.00
1578695,22.08,18.46,24415.54,934.00
1581695,22.08,18.42,12246.23,933.00
1584695,22.08,18.42,21625.96,931.00
1587695,22.08,18.41,17681.29,929.00
1590695,22.08,18.41,45279.30,931.00
1593695,22.08,18.42,22034.38,920.00
1596695,22.08,18.43,11355.22,928.00
1599695,22.08,18.46,8992.61,928.00
1602695,22.08,18.43,14631.41,927.00
1605695,22.08,18.43,14094.50,927.00
1608695,22.08,18.44,10769.93,926.00
1611695,22.08,18.47,13317.11,926.00
1614695,22.08,18.48,48116.48,924.00
1617695,22.08,18.49,16080.41,925.00
1620695,22.08,18.47,9815.39,924.00
1623695,22.08,18.46,10570.47,925.00
1626695,22.08,18.47,10501.67,924.00
1629695,22.08,18.43,13372.27,924.00
1632695,22.08,18.41,12566.82,924.00
1635695,22.08,18.36,10259.83,924.00
1638695,22.07,18.37,16081.64,927.00
1641695,22.08,18.39,10243.13,927.00
1644695,22.07,18.41,28511.41,927.00
1647695,22.07,18.43,49400.78,929.00
1650695,22.07,18.43,13081.99,927.00
1653695,22.06,18.41,12882.71,927.00
1656695,22.07,18.42,11091.27,929.00
1659695,22.06,18.43,18229.87,928.00
1662695,22.06,18.44,17224.13,928.00
1665695,22.06,18.39,21419.42,929.00
1668695,22.06,18.38,16073.24,928.00
1671695,22.07,18.41,19194.96,930.00
1674695,22.07,18.38,16671.21,927.00
1677695,22.07,18.37,11451.65,931.00
1680695,22.07,18.36,16995.35,931.00
1683695,22.06,18.32,15795.15,931.00
1686695,22.06,18.33,11342.15,933.00
1689695,22.06,18.34,19271.62,932.00
1692695,22.06,18.31,20286.99,932.00
1695695,22.06,18.33,12249.36,931.00
1698695,22.06,18.33,11720.66,932.00
1701695,22.06,18.32,19190.69,932.00
1704695,22.06,18.27,16813.01,945.00
1707695,22.06,18.27,10472.41,933.00
1710695,22.07,18.23,12692.44,930.00
1713695,22.06,18.25,9875.16,934.00
1716695,22.06,18.15,10545.31,933.00
1719695,22.06,18.15,12000.95,934.00
1722695,22.06,18.23,10844.69,934.00
1725695,22.06,18.27,10108.75,924.00
1728695,22.06,18.34,11868.77,933.00
1731695,22.05,18.38,11374.77,934.00
1734695,22.05,18.37,13724.87,925.00
1737695,22.05,18.37,14198.94,935.00
1740695,22.05,18.34,14989.59,935.00
1743695,22.06,18.31,12467.55,935.00
1746695,22.06,18.32,13679.84,935.00
1749695,22.05,18.34,13747.13,936.00
1752695,22.05,18.37,18622.57,948.00
1755695,22.05,18.38,11540.02,935.00
1758695,22.05,18.39,10429.66,935.00
1761695,22.06,18.39,11357.27,936.00
1764695,22.06,18.34,15520.02,937.00
1767695,22.06,18.26,12957.18,935.00
1770695,22.05,18.23,10888.86,937.00
1773695,22.05,18.21,12414.66,939.00
1776695,22.06,18.18,13306.66,942.00
1779695,22.06,18.20,18259.49,939.00
1782695,22.06,18.26,14627.80,939.00
1785695,22.05,18.28,20207.28,938.00
1788695,22.06,18.32,14770.26,938.00
1791695,22.06,18.31,17443.53,938.00
1794695,22.05,18.29,11837.63,939.00
1797695,22.05,18.32,11829.75,940.00
1800695,22.05,18.32,13001.98,939.00
1803695,22.05,18.33,14230.92,942.00
1806695,22.05,18.31,12091.66,941.00
1809695,22.05,18.23,12997.81,941.00
1812695,22.05,18.22,11516.95,942.00
1815695,22.05,18.23,10999.57,955.00
1818695,22.05,18.21,11173.91,940.00
1821695,22.05,18.26,10516.74,942.00
1824695,22.05,18.31,11966.80,942.00
1827695,22.05,18.32,12315.49,942.00
1830695,22.05,18.32,15821.63,943.00
1833695,22.05,18.31,15840.75,943.00
1836695,22.06,18.32,30429.64,945.00
1839695,22.06,18.33,12798.31,943.00
1842695,22.06,18.36,13581.41,945.00
1845695,22.06,18.37,11353.82,945.00
1848695,22.06,18.38,11397.03,945.00
1851695,22.06,18.41,14791.94,946.00
1854695,22.06,18.42,9447.03,958.00
1857695,22.06,18.41,48672.10,945.00
1860695,22.06,18.41,28996.32,946.00
1863695,22.06,18.39,29263.76,947.00
1866695,22.06,18.37,29689.28,948.00
1869695,22.06,18.32,29374.30,947.00
1872695,22.06,18.38,31994.82,948.00
1875695,22.06,18.41,23159.67,948.00
1878695,22.06,18.38,16024.63,947.00
1881695,22.06,18.37,31640.36,947.00
1884695,22.06,18.38,26296.85,946.00
1887695,22.06,18.36,25514.19,947.00
1890695,22.06,18.33,27418.71,949.00
1893695,22.06,18.33,17815.94,948.00
1896695,22.06,18.36,24144.35,948.00
1899695,22.06,18.36,19828.81,949.00
1902695,22.06,18.33,12758.03,949.00
1905695,22.06,18.32,49190.77,948.00
1908695,22.06,18.32,49996.40,950.00
1911695,22.06,18.34,37545.53,963.00
1914695,22.06,18.34,14119.71,949.00
1917695,22.06,18.34,18221.11,949.00
1920695,22.06,18.34,14099.39,949.00
1923695,22.07,18.36,30288.76,950.00
1926695,22.07,18.38,16048.62,950.00
1929695,22.06,18.34,39887.36,950.00
1932695,22.06,18.32,27918.02,951.00
1935695,22.06,18.31,23997.66,950.00
1938695,22.06,18.29,28483.95,950.00
1941695,22.06,18.31,39131.85,951.00
1944695,22.06,18.32,33066.93,951.00
1947695,22.06,18.33,18935.86,951.00
1950695,22.06,18.33,11727.46,950.00
1953695,22.06,18.29,39119.64,949.00
1956695,22.06,18.29,40200.70,949.00
1959695,22.06,18.29,12459.41,952.00
1962695,22.06,18.31,49670.56,952.00
1965695,22.06,18.29,25228.22,948.00
1968695,22.06,18.29,11465.29,951.00
1971695,22.06,18.31,10994.40,952.00
1974695,22.07,18.31,33078.48,951.00
1977695,22.06,18.29,14291.87,952.00
1980695,22.06,18.32,13181.75,951.00
1983695,22.07,18.33,12587.82,952.00
1986695,22.07,18.36,15660.40,951.00
1989695,22.07,18.34,21896.06,974.00
1992695,22.07,18.36,10682.87,952.00
1995695,22.06,18.37,32316.74,952.00
1998695,22.07,18.37,9399.97,952.00
2001695,22.07,18.36,44417.20,953.00
2004695,22.07,18.34,49999.46,952.00
2007695,22.07,18.31,35199.66,954.00
2010695,22.07,18.28,10859.54,952.00
2013695,22.07,18.28,11587.40,951.00
2016695,22.06,18.28,11034.52,952.00
2019695,22.07,18.28,10142.93,953.00
2022695,22.07,18.31,11114.04,951.00
2025695,22.07,18.31,10262.93,944.00
2028695,22.07,18.31,10720.95,953.00
2031695,22.07,18.30,13330.82,953.00
2034695,22.07,18.34,24919.91,953.00
2037695,22.07,18.36,33815.70,953.00
2040695,22.07,18.36,15977.17,953.00
2043695,22.07,18.34,15986.78,954.00
2046695,22.07,18.32,21303.69,954.00
2049695,22.07,18.36,13478.57,953.00
2052695,22.08,18.34,16136.16,953.00
2055695,22.07,18.36,20010.49,952.00
2058695,22.08,18.32,16307.30,952.00
2061695,22.08,18.31,21078.63,954.00
2064695,22.08,18.30,16424.97,954.00
2067695,22.08,18.33,19980.94,954.00
2070695,22.07,18.31,26833.07,954.00
2073695,22.08,18.27,24508.21,954.00
2076695,22.08,18.30,14422.71,954.00
2079695,22.08,18.36,15680.82,954.00
2082695,22.08,18.39,11559.26,954.00
2085695,22.08,18.42,11442.59,953.00
2088695,22.09,18.41,11489.77,953.00
2091695,22.09,18.43,13916.43,954.00
2094695,22.09,18.42,13737.85,955.00
2097695,22.08,18.42,13973.70,954.00
2100695,22.09,18.42,14040.02,954.00
2103695,22.10,18.43,10694.24,955.00
2106695,22.09,18.38,20149.78,954.00
2109695,22.09,18.39,15572.13,955.00
2112695,22.09,18.37,14689.89,955.00
2115695,22.09,18.34,13183.79,954.00
2118695,22.09,18.36,14330.36,954.00
2121695,22.08,18.36,12900.37,953.00
2124695,22.08,18.32,12889.58,949.00
2127695,22.09,18.31,12288.73,955.00
2130695,22.09,18.34,12239.21,955.00
2133695,22.09,18.36,12947.85,955.00
2136695,22.08,18.36,22464.36,955.00
2139695,22.09,18.37,22807.29,955.00
2142695,22.09,18.41,15611.71,956.00
2145695,22.09,18.41,14889.91,956.00
2148695,22.09,18.43,26614.97,955.00
2151695,22.09,18.46,15312.37,954.00
2154695,22.10,18.44,10104.65,954.00
2157695,22.10,18.42,17517.24,954.00
2160695,22.10,18.43,15413.52,955.00
2163695,22.10,18.44,16514.66,955.00
2166695,22.10,18.41,30927.06,955.00
2169695,22.10,18.39,13144.70,955.00
2172695,22.10,18.39,41098.80,956.00
2175695,22.10,18.32,27304.15,955.00
2178695,22.10,18.28,13282.02,956.00
2181695,22.10,18.28,11982.40,955.00
2184695,22.10,18.31,13085.37,954.00
2187695,22.11,18.35,49996.34,955.00
2190695,22.11,18.33,28446.78,954.00
2193695,22.11,18.32,40821.03,954.00
2196695,22.11,18.29,39034.93,956.00
2199695,22.11,18.24,34323.34,955.00
2202695,22.11,18.25,46386.93,956.00
2205695,22.11,18.19,21669.18,957.00
2208695,22.11,18.16,34537.33,955.00
2211695,22.11,18.15,49966.58,956.00
2214695,22.11,18.16,20142.01,955.00
2217695,22.11,18.17,10999.17,954.00
2220695,22.11,18.15,11350.65,955.00
2223695,22.11,18.17,10422.13,954.00
2226695,22.11,18.17,14057.48,955.00
2229695,22.11,18.20,15552.56,955.00
2232695,22.11,18.22,10705.26,956.00
2235695,22.11,18.24,21121.99,956.00
2238695,22.11,18.26,10631.42,955.00
2241695,22.12,18.25,11360.25,956.00
2244695,22.12,18.24,10075.84,956.00
2247695,22.12,18.21,12659.51,956.00
2250695,22.12,18.21,10521.34,956.00
2253695,22.12,18.21,15893.65,954.00
2256695,22.12,18.22,14742.14,954.00
2259695,22.12,18.24,15240.93,954.00
2262695,22.12,18.27,13017.70,954.00
2265695,22.12,18.30,9505.60,955.00
2268695,22.12,18.29,22791.47,956.00
2271695,22.12,18.26,15982.66,955.00
2274695,22.12,18.24,12667.17,955.00
2277695,22.12,18.21,14830.48,955.00
2280695,22.12,18.22,17499.72,955.00
2283695,22.12,18.22,15298.68,955.00
2286695,22.12,18.22,14726.86,955.00
2289695,22.12,18.19,16956.46,953.00
2292695,22.12,18.17,15245.27,954.00
2295695,22.12,18.24,29627.46,953.00
2298695,22.12,18.30,13111.28,955.00
2301695,22.12,18.33,49917.04,954.00
2304695,22.12,18.33,19248.12,954.00
2307695,22.12,18.35,45964.32,955.00
2310695,22.12,18.33,47358.64,954.00
2313695,22.12,18.32,48246.25,950.00
2316695,22.11,18.29,26872.25,954.00
2319695,22.11,18.25,32179.97,955.00
2322695,22.11,18.22,49956.96,952.00
2325695,22.10,18.24,26361.06,953.00
2328695,22.10,18.24,19427.63,953.00
2331695,22.10,18.25,32882.53,953.00
2334695,22.09,18.22,19055.78,954.00
2337695,22.10,18.19,48609.03,954.00
2340695,22.10,18.16,30012.12,953.00
2343695,22.10,18.16,49586.18,953.00
2346695,22.10,18.17,49546.69,953.00
2349695,22.09,18.21,25688.22,954.00
2352695,22.09,18.20,33859.21,953.00
2355695,22.09,18.19,49999.46,954.00
2358695,22.09,18.17,12737.97,952.00
2361695,22.09,18.16,21305.17,952.00
2364695,22.09,18.15,14541.49,951.00
2367695,22.09,18.14,26918.03,952.00
2370695,22.09,18.10,13377.74,952.00
2373695,22.09,18.11,10078.28,952.00
2376695,22.09,18.12,15792.75,952.00
2379695,22.09,18.12,11207.08,953.00
2382695,22.09,18.14,31064.37,952.00
2385695,22.10,18.19,25994.75,952.00
2388695,22.10,18.16,14775.31,951.00
2391695,22.09,18.17,14840.78,965.00
2394695,22.09,18.15,16952.00,951.00
2397695,22.09,18.16,15505.62,950.00
2400695,22.09,18.12,13921.25,947.00
2403695,22.09,18.11,14173.14,950.00
2406695,22.10,18.11,14923.90,950.00
2409695,22.10,18.12,18073.21,950.00
2412695,22.10,18.10,15199.94,950.00
2415695,22.10,18.08,15922.98,949.00
2418695,22.09,18.10,12442.42,949.00
2421695,22.09,18.12,14597.52,949.00
2424695,22.10,18.12,23428.37,948.00
2427695,22.10,18.15,27601.91,948.00
2430695,22.10,18.16,17232.33,948.00
2433695,22.10,18.17,22129.34,943.00
2436695,22.10,18.14,19196.58,948.00
2439695,22.10,18.12,14842.55,948.00
2442695,22.10,18.14,20351.85,947.00
2445695,22.10,18.15,17943.28,947.00
2448695,22.10,18.16,18673.22,946.00
2451695,22.10,18.21,20865.55,947.00
2454695,22.10,18.21,27890.45,946.00
2457695,22.10,18.17,24179.03,945.00
2460695,22.11,18.19,16782.74,945.00
2463695,22.10,18.19,17390.65,945.00
2466695,22.10,18.21,21241.52,944.00
2469695,22.10,18.24,18765.40,944.00
2472695,22.10,18.26,28298.96,944.00
2475695,22.10,18.27,19975.38,944.00
2478695,22.10,18.26,16448.43,944.00
2481695,22.11,18.27,15490.67,943.00
2484695,22.10,18.28,20085.17,943.00
2487695,22.10,18.25,18458.70,933.00
2490695,22.10,18.24,20075.74,941.00
2493695,22.10,18.17,25126.88,941.00
2496695,22.10,18.17,17905.69,933.00
2499695,22.10,18.20,21393.54,943.00
2502695,22.10,18.17,21085.02,942.00
2505695,22.10,18.19,16143.58,941.00
2508695,22.10,18.19,16609.71,941.00
2511695,22.10,18.19,17560.89,941.00
2514695,22.10,18.22,18890.59,940.00
2517695,22.10,18.25,17674.94,939.00
2520695,22.10,18.25,19008.14,939.00
2523695,22.10,18.26,16157.71,938.00
2526695,22.10,18.27,17347.63,938.00
2529695,22.10,18.27,20350.02,929.00
2532695,22.10,18.26,25348.02,938.00
2535695,22.10,18.22,12859.05,938.00
2538695,22.09,18.21,22573.70,937.00
2541695,22.10,18.20,17972.07,937.00
2544695,22.10,18.21,27989.75,937.00
2547695,22.10,18.20,23075.94,937.00
2550695,22.09,18.21,45829.66,937.00
2553695,22.10,18.21,21132.24,935.00
2556695,22.09,18.22,33259.67,935.00
2559695,22.09,18.21,18939.00,935.00
2562695,22.09,18.22,13137.44,934.00
2565695,22.09,18.25,15103.47,936.00
2568695,22.09,18.25,24427.91,935.00
2571695,22.09,18.26,12849.48,944.00
2574695,22.09,18.25,17389.89,925.00
2577695,22.09,18.25,17507.89,933.00
2580695,22.09,18.24,10733.15,933.00
2583695,22.09,18.19,23457.52,933.00
2586695,22.09,18.16,17381.11,932.00
2589695,22.09,18.19,20073.59,932.00
2592695,22.09,18.17,15631.08,930.00
2595695,22.09,18.19,13616.45,931.00
2598695,22.09,18.21,15561.17,928.00
2601695,22.09,18.24,30489.17,930.00
2604695,22.09,18.25,35561.56,928.00
2607695,22.09,18.25,49745.93,927.00
2610695,22.09,18.26,49870.56,927.00
2613695,22.09,18.28,49999.46,926.00
2616695,22.10,18.31,49285.75,925.00
2619695,22.10,18.32,37880.41,923.00
2622695,22.10,18.31,13862.42,923.00
2625695,22.09,18.27,28962.24,922.00
2628695,22.09,18.28,16112.23,916.00
2631695,22.09,18.28,23288.82,919.00
2634695,22.09,18.25,22985.14,918.00
2637695,22.09,18.27,22604.61,916.00
2640695,22.09,18.26,40466.08,914.00
2643695,22.09,18.22,27378.96,913.00
2646695,22.09,18.22,26685.46,912.00
2649695,22.09,18.22,11985.61,910.00
2652695,22.09,18.24,49999.46,908.00
2655695,22.09,18.24,49994.19,898.00
2658695,22.09,18.22,49967.82,905.00
2661695,22.08,18.23,19350.01,903.00
2664695,22.09,18.25,14583.78,902.00
2667695,22.09,18.27,49843.21,900.00
2670695,22.09,18.24,49987.32,898.00
2673695,22.09,18.21,14595.76,896.00
2676695,22.09,18.20,11767.84,895.00
2679695,22.09,18.24,49596.38,893.00
2682695,22.09,18.22,49979.14,891.00
2685695,22.09,18.24,41857.02,890.00
2688695,22.08,18.20,43772.09,888.00
2691695,22.09,18.22,22127.81,887.00
2694695,22.09,18.21,11840.67,887.00
2697695,22.09,18.24,49999.43,885.00
2700695,22.08,18.25,49948.00,884.00
2703695,22.09,18.26,49905.88,883.00
2706695,22.09,18.27,12558.87,882.00
2709695,22.09,18.28,9603.77,881.00
2712695,22.08,18.28,8717.87,879.00
2715695,22.09,18.31,10277.50,873.00
2718695,22.09,18.32,9656.37,875.00
2721695,22.09,18.33,10715.14,880.00
2724695,22.08,18.33,10968.67,866.00
2727695,22.09,18.31,9529.33,872.00
2730695,22.09,18.27,10789.68,870.00
2733695,22.09,18.30,12251.41,871.00
2736695,22.09,18.31,21610.38,869.00
2739695,22.09,18.30,23545.26,866.00
2742695,22.09,18.31,25273.25,865.00
2745695,22.08,18.32,30822.72,865.00
2748695,22.08,18.30,26194.61,863.00
2751695,22.08,18.27,25204.53,862.00
2754695,22.08,18.30,11346.17,860.00
2757695,22.08,18.30,10524.79,858.00
2760695,22.07,18.26,17644.51,857.00
2763695,22.07,18.23,22964.96,856.00
2766695,22.07,18.25,22077.29,855.00
2769695,22.07,18.22,24045.68,854.00
2772695,22.07,18.25,17300.49,852.00
2775695,22.07,18.25,12916.27,850.00
2778695,22.07,18.26,10338.09,860.00
2781695,22.07,18.27,11922.66,847.00
2784695,22.07,18.23,18043.42,846.00
2787695,22.07,18.26,12453.36,844.00
2790695,22.07,18.26,10598.88,847.00
2793695,22.07,18.25,10781.86,842.00
2796695,22.07,18.27,10639.03,840.00
2799695,22.07,18.28,11686.71,838.00
2802695,22.06,18.28,12903.64,837.00
2805695,22.06,18.29,12701.72,835.00
2808695,22.06,18.29,12480.80,833.00
2811695,22.06,18.31,16474.54,832.00
2814695,22.06,18.28,14938.73,831.00
2817695,22.05,18.26,14595.49,830.00
2820695,22.05,18.27,12439.48,828.00
2823695,22.05,18.26,10173.85,826.00
2826695,22.05,18.27,11311.19,824.00
2829695,22.04,18.28,10468.20,822.00
2832695,22.05,18.31,12603.78,833.00
2835695,22.05,18.32,16742.87,819.00
2838695,22.05,18.31,12750.06,817.00
2841695,22.04,18.29,26615.75,820.00
2844695,22.04,18.31,18447.93,814.00
2847695,22.05,18.25,12893.26,812.00
2850695,22.05,18.26,13816.20,807.00
2853695,22.05,18.23,12073.73,807.00
2856695,22.04,18.25,22595.24,806.00
2859695,22.04,18.27,20112.85,804.00
2862695,22.05,18.27,15428.87,802.00
2865695,22.05,18.27,23062.17,800.00
2868695,22.05,18.31,16703.29,798.00
2871695,22.04,18.31,21816.97,796.00
2874695,22.05,18.28,19663.61,793.00
2877695,22.05,18.26,26189.05,792.00
2880695,22.05,18.28,19808.24,789.00
2883695,22.05,18.29,13289.71,788.00
2886695,22.05,18.29,12807.23,786.00
2889695,22.05,18.29,15197.31,783.00
2892695,22.04,18.29,12242.55,780.00
2895695,22.05,18.32,15233.51,779.00
2898695,22.05,18.34,16350.71,778.00
2901695,22.05,18.36,23625.71,776.00
2904695,22.05,18.38,17689.87,774.00
2907695,22.05,18.38,20844.76,771.00
2910695,22.04,18.37,23310.60,770.00
2913695,22.05,18.33,17770.04,766.00
2916695,22.04,18.34,24240.71,766.00
2919695,22.05,18.34,18822.89,764.00
2922695,22.05,18.33,14744.99,763.00
2925695,22.05,18.36,14688.13,762.00
2928695,22.05,18.34,15747.21,760.00
2931695,22.05,18.34,15890.30,769.00
2934695,22.05,18.33,15101.73,756.00
2937695,22.05,18.33,17450.79,755.00
2940695,22.04,18.33,13467.89,754.00
2943695,22.05,18.32,16294.93,752.00
2946695,22.05,18.36,11103.38,750.00
2949695,22.05,18.36,19300.13,742.00
2952695,22.04,18.37,11389.17,747.00
2955695,22.05,18.37,19022.70,746.00
2958695,22.05,18.38,14171.09,743.00
2961695,22.04,18.38,19781.99,744.00
2964695,22.04,18.32,31872.75,742.00
2967695,22.04,18.33,25195.49,739.00
2970695,22.04,18.33,21451.30,739.00
2973695,22.03,18.29,18964.72,737.00
2976695,22.03,18.22,38486.38,735.00
2979695,22.03,18.18,20696.99,731.00
2982695,22.03,18.17,18610.27,733.00
2985695,22.03,18.20,19400.70,730.00
2988695,22.03,18.21,34652.23,728.00
2991695,22.02,18.23,25894.85,728.00
2994695,22.02,18.21,36072.50,726.00
2997695,22.02,18.23,26802.08,716.00
3000695,22.02,18.26,32627.16,721.00
3003695,22.02,18.28,21372.64,718.00
3006695,22.01,18.31,30201.98,718.00
3009695,22.02,18.29,24280.20,717.00
3012695,22.02,18.27,28033.15,715.00
3015695,22.01,18.26,26956.30,717.00
3018695,22.01,18.22,35274.55,712.00
3021695,22.01,18.22,25704.86,710.00
3024695,22.01,18.24,20466.66,713.00
3027695,22.01,18.26,21728.48,703.00
3030695,22.01,18.26,17762.78,705.00
3033695,22.01,18.26,20975.26,704.00
3036695,22.01,18.26,17368.08,702.00
3039695,22.01,18.27,17582.25,700.00
3042695,22.00,18.28,16553.71,699.00
3045695,22.00,18.28,14301.65,697.00
3048695,22.00,18.24,19608.99,705.00
3051695,22.00,18.26,16783.59,694.00
3054695,22.00,18.24,15593.98,690.00
3057695,22.00,18.24,17793.72,691.00
3060695,22.00,18.24,16787.04,690.00
3063695,21.99,18.24,21447.38,689.00
3066695,22.00,18.23,23865.23,681.00
3069695,22.00,18.23,22266.42,687.00
3072695,22.00,18.26,16641.09,686.00
3075695,22.00,18.27,18780.70,679.00
3078695,22.00,18.22,16705.29,684.00
3081695,22.00,18.17,23469.43,682.00
3084695,22.00,18.18,30399.06,682.00
3087695,22.00,18.19,28258.70,682.00
3090695,22.00,18.18,17234.78,680.00
3093695,22.00,18.21,17307.78,679.00
3096695,22.00,18.21,13070.26,687.00
3099695,21.99,18.21,20919.46,687.00
3102695,21.99,18.22,18810.00,677.00
3105695,21.99,18.21,14574.13,677.00
3108695,22.00,18.22,13885.34,685.00
3111695,21.99,18.22,18482.34,674.00
3114695,22.00,18.22,14237.35,674.00
3117695,22.00,18.23,17422.57,674.00
3120695,21.99,18.22,13262.84,673.00
3123695,22.00,18.18,12942.79,672.00
3126695,22.00,18.18,16720.91,672.00
3129695,21.99,18.13,13624.16,672.00
3132695,21.99,18.11,14921.55,672.00
3135695,21.99,18.08,22450.24,671.00
3138695,21.99,18.08,17052.94,670.00
3141695,21.98,18.16,20013.24,671.00
3144695,21.98,18.18,17844.50,670.00
3147695,21.98,18.18,18174.62,669.00
3150695,21.98,18.19,11383.81,669.00
3153695,21.98,18.19,13040.20,667.00
3156695,21.97,18.24,23538.60,669.00
3159695,21.98,18.19,20136.47,669.00
3162695,21.98,18.21,26081.40,668.00
3165695,21.98,18.25,19012.22,668.00
3168695,21.98,18.28,16639.64,669.00
3171695,21.97,18.32,14144.59,668.00
3174695,21.98,18.33,21723.80,668.00
3177695,21.98,18.34,17592.71,668.00
3180695,21.98,18.33,16908.69,669.00
3183695,21.98,18.32,16731.37,669.00
3186695,21.97,18.34,24293.70,669.00
3189695,21.98,18.33,28693.34,668.00
3192695,21.97,18.34,18430.58,666.00
3195695,21.97,18.35,12299.48,669.00
3198695,21.97,18.36,13485.61,669.00
3201695,21.97,18.36,28860.66,668.00
3204695,21.97,18.36,39458.60,668.00
3207695,21.97,18.38,25330.25,668.00
3210695,21.97,18.39,33402.05,669.00
3213695,21.97,18.41,18614.38,669.00
3216695,21.97,18.44,18631.17,670.00
3219695,21.97,18.47,22344.16,670.00
3222695,21.97,18.50,16394.95,680.00
3225695,21.97,18.51,13940.39,673.00
3228695,21.97,18.50,23991.09,672.00
3231695,21.97,18.50,13120.79,673.00
3234695,21.98,18.49,19700.14,673.00
3237695,21.97,18.47,20928.37,675.00
3240695,21.97,18.50,31249.49,676.00
3243695,21.97,18.51,26056.83,679.00
3246695,21.97,18.52,27734.75,680.00
3249695,21.98,18.51,28709.23,680.00
3252695,21.97,18.49,40768.05,682.00
3255695,21.97,18.44,20417.16,681.00
3258695,21.97,18.40,21184.56,683.00
3261695,21.97,18.38,23936.11,685.00
3264695,21.97,18.38,15983.19,690.00
3267695,21.97,18.38,18479.94,691.00
3270695,21.97,18.38,39238.09,688.00
3273695,21.97,18.40,47604.73,689.00
3276695,21.97,18.40,34629.85,690.00
3279695,21.97,18.41,24670.20,689.00
3282695,21.97,18.43,17252.35,690.00
3285695,21.97,18.45,21932.09,691.00
3288695,21.97,18.45,25207.94,696.00
3291695,21.97,18.46,29430.43,692.00
3294695,21.97,18.46,22543.57,692.00
3297695,21.97,18.47,17723.56,692.00
3300695,21.97,18.46,26248.76,692.00
3303695,21.97,18.44,29633.42,695.00
3306695,21.97,18.43,32197.77,686.00
3309695,21.97,18.41,30673.94,693.00
3312695,21.97,18.40,41261.37,694.00
3315695,21.97,18.38,26414.73,694.00
3318695,21.97,18.37,23827.97,696.00
3321695,21.97,18.35,39076.28,697.00
3324695,21.97,18.34,27664.23,696.00
3327695,21.97,18.33,22269.57,698.00
3330695,21.97,18.33,19761.83,709.00
3333695,21.97,18.34,21977.31,703.00
3336695,21.97,18.35,26266.41,700.00
3339695,21.97,18.34,18689.38,700.00
3342695,21.97,18.34,22921.14,701.00
3345695,21.97,18.38,14685.58,701.00
3348695,21.97,18.39,19919.45,702.00
3351695,21.97,18.38,23414.96,702.00
3354695,21.97,18.33,29222.46,714.00
3357695,21.97,18.29,26903.42,704.00
3360695,21.97,18.33,20256.93,706.00
3363695,21.97,18.34,18685.70,706.00
3366695,21.97,18.30,26945.06,705.00
3369695,21.97,18.33,19338.94,708.00
3372695,21.97,18.32,13805.56,707.00
3375695,21.97,18.34,16548.01,712.00
3378695,21.97,18.33,25944.63,713.00
3381695,21.97,18.29,31126.74,714.00
3384695,21.97,18.29,34528.41,715.00
3387695,21.97,18.28,26025.08,717.00
3390695,21.97,18.29,29861.98,719.00
3393695,21.97,18.30,26571.57,720.00
3396695,21.97,18.30,20050.42,721.00
3399695,21.97,18.30,34544.76,724.00
3402695,21.97,18.32,23626.72,726.00
3405695,21.97,18.35,16920.57,726.00
3408695,21.96,18.34,28283.42,729.00
3411695,21.97,18.35,18368.37,731.00
3414695,21.97,18.36,22936.13,732.00
3417695,21.97,18.36,26061.17,734.00
3420695,21.97,18.38,31175.95,736.00
3423695,21.97,18.41,21920.73,742.00
3426695,21.97,18.38,21981.88,741.00
3429695,21.97,18.35,25656.88,742.00
3432695,21.97,18.34,32098.53,743.00
3435695,21.97,18.37,24416.89,746.00
3438695,21.97,18.36,19712.76,749.00
3441695,21.97,18.36,22152.27,751.00
3444695,21.97,18.34,21793.67,752.00
3447695,21.97,18.35,20038.01,755.00
3450695,21.97,18.34,21319.42,757.00
3453695,21.97,18.34,22629.23,759.00
3456695,21.97,18.34,33724.76,761.00
3459695,21.97,18.35,20527.28,763.00
3462695,21.97,18.38,16506.08,764.00
3465695,21.97,18.35,21126.85,766.00
3468695,21.97,18.38,33118.05,768.00
3471695,21.98,18.40,30126.59,767.00
3474695,21.98,18.44,22932.45,768.00
3477695,21.98,18.46,26975.25,769.00
3480695,21.98,18.48,38796.05,772.00
3483695,21.98,18.49,21744.52,773.00
3486695,21.98,18.50,22866.19,774.00
3489695,21.98,18.48,16564.22,776.00
3492695,21.98,18.48,31525.11,778.00
3495695,21.98,18.48,35206.58,780.00
3498695,21.98,18.48,38235.20,781.00
3501695,21.98,18.45,25178.29,782.00
3504695,21.98,18.44,28332.36,785.00
3507695,21.98,18.46,27778.34,787.00
3510695,21.98,18.44,25079.55,790.00
3513695,21.98,18.41,22371.14,791.00
3516695,21.98,18.40,25026.10,793.00
3519695,21.98,18.40,21400.88,794.00
3522695,21.98,18.41,37019.59,790.00
3525695,21.98,18.40,21987.64,794.00
3528695,21.98,18.40,30951.85,803.00
3531695,21.98,18.41,30706.34,807.00
3534695,21.98,18.43,37778.25,809.00
3537695,21.98,18.44,44636.33,812.00
3540695,21.99,18.44,31589.01,813.00
3543695,21.98,18.41,37181.87,818.00
3546695,21.99,18.43,25912.82,820.00
3549695,21.99,18.44,21802.63,825.00
3552695,21.98,18.43,34383.04,827.00
3555695,21.99,18.37,33138.51,830.00
3558695,21.99,18.39,30012.43,832.00
3561695,21.99,18.40,25136.84,835.00
3564695,21.99,18.40,18480.04,839.00
3567695,21.99,18.43,21952.29,840.00
3570695,21.99,18.45,17189.44,842.00
3573695,21.99,18.46,17012.52,844.00
3576695,21.99,18.43,17371.31,847.00
3579695,21.99,18.44,15597.27,853.00
3582695,21.99,18.45,16436.38,843.00
3585695,22.00,18.46,16190.92,857.00
3588695,22.00,18.46,22408.47,854.00
3591695,22.00,18.49,21741.13,857.00
3594695,22.00,18.49,17914.39,857.00
3597695,22.00,18.51,30332.63,861.00
3600695,22.00,18.50,19614.91,862.00
3603695,22.00,18.51,23205.62,857.00
3606695,22.01,18.51,18068.24,870.00
3609695,22.00,18.49,18358.76,867.00
3612695,22.01,18.49,18027.11,869.00
3615695,22.01,18.49,20008.13,882.00
3618695,22.01,18.49,15321.45,876.00
3621695,22.01,18.48,14794.33,878.00
3624695,22.01,18.45,14246.44,867.00
3627695,22.01,18.44,12847.35,877.00
3630695,22.01,18.48,23041.05,878.00
3633695,22.01,18.49,15070.09,880.00
3636695,22.01,18.46,13082.32,881.00
3639695,22.01,18.46,16058.99,883.00
3642695,22.01,18.45,18097.12,884.00
3645695,22.01,18.44,13483.89,885.00
3648695,22.01,18.43,26324.56,887.00
3651695,22.02,18.43,16803.00,887.00
3654695,22.01,18.45,29190.16,889.00
3657695,22.02,18.44,20632.07,890.00
3660695,22.02,18.42,21661.84,891.00
3663695,22.01,18.43,22636.43,892.00
3666695,22.02,18.45,24603.07,893.00
3669695,22.01,18.42,24617.35,886.00
3672695,22.01,18.40,23085.21,897.00
3675695,22.01,18.40,26895.66,897.00
3678695,22.01,18.44,21941.72,899.00
3681695,22.02,18.45,16732.89,899.00
3684695,22.02,18.45,24031.34,901.00
3687695,22.02,18.44,28150.84,901.00
3690695,22.01,18.44,24266.25,902.00
3693695,22.02,18.40,39465.08,901.00
3696695,22.01,18.37,29088.02,902.00
3699695,22.02,18.40,22333.41,903.00
3702695,22.02,18.38,20061.21,904.00
3705695,22.02,18.39,19808.23,903.00
3708695,22.02,18.38,21887.22,904.00
3711695,22.02,18.40,28015.92,905.00
3714695,22.02,18.38,23542.89,906.00
3717695,22.01,18.37,24018.80,905.00
3720695,22.02,18.35,20546.64,897.00
3723695,22.02,18.32,22043.31,907.00
3726695,22.02,18.33,15281.48,908.00
3729695,22.02,18.35,21982.94,907.00
3732695,22.02,18.34,19055.28,906.00
3735695,22.02,18.34,17629.13,909.00
3738695,22.02,18.33,17329.84,910.00
3741695,22.02,18.34,13511.23,910.00
3744695,22.02,18.38,15061.06,910.00
3747695,22.02,18.35,16936.43,909.00
3750695,22.02,18.35,15387.48,911.00
3753695,22.02,18.35,19167.01,910.00
3756695,22.02,18.34,14407.91,910.00
3759695,22.02,18.32,13784.20,923.00
3762695,22.02,18.28,12895.83,910.00
3765695,22.02,18.28,13450.78,910.00
3768695,22.02,18.28,16637.93,911.00
3771695,22.02,18.28,15056.25,909.00
3774695,22.02,18.29,12896.06,923.00
3777695,22.02,18.26,17370.65,910.00
3780695,22.02,18.28,21200.52,922.00
3783695,22.02,18.32,13625.44,910.00
3786695,22.02,18.32,13289.63,909.00
3789695,22.02,18.32,14237.98,905.00
3792695,22.02,18.32,12097.42,909.00
3795695,22.02,18.31,12807.29,908.00
3798695,22.02,18.29,16263.34,908.00
3801695,22.02,18.28,19495.00,907.00
3804695,22.02,18.28,17438.05,906.00
3807695,22.02,18.31,18270.10,906.00
3810695,22.02,18.32,17697.97,907.00
3813695,22.02,18.33,14153.99,905.00
3816695,22.02,18.33,16282.94,905.00
3819695,22.02,18.34,13663.29,905.00
3822695,22.02,18.33,12403.32,905.00
3825695,22.02,18.34,13586.49,908.00
3828695,22.02,18.33,16696.76,903.00
3831695,22.02,18.33,15240.91,902.00
3834695,22.02,18.29,14789.78,902.00
3837695,22.02,18.29,14341.84,902.00
3840695,22.03,18.31,14089.69,901.00
3843695,22.03,18.32,13506.01,901.00
3846695,22.02,18.32,12558.81,902.00
3849695,22.02,18.34,17127.40,901.00
3852695,22.02,18.34,12144.31,899.00
3855695,22.02,18.35,14472.50,899.00
3858695,22.02,18.35,15342.64,900.00
3861695,22.02,18.37,15811.97,899.00
3864695,22.03,18.38,11724.29,899.00
3867695,22.02,18.35,12488.44,899.00
3870695,22.02,18.37,17245.92,898.00
3873695,22.02,18.37,14430.40,900.00
3876695,22.03,18.37,14301.67,899.00
3879695,22.02,18.28,13930.62,899.00
3882695,22.02,18.23,12821.75,899.00
3885695,22.02,18.23,16154.24,898.00
3888695,22.02,18.21,17603.44,900.00
3891695,22.02,18.22,15444.15,900.00
3894695,22.02,18.18,12203.79,899.00
3897695,22.02,18.17,16700.57,900.00
3900695,22.02,18.18,26192.80,901.00
3903695,22.02,18.18,15462.00,901.00
3906695,22.02,18.15,13485.15,901.00
3909695,22.02,18.15,14603.64,900.00
3912695,22.02,18.17,16782.93,901.00
3915695,22.02,18.17,17905.97,900.00
3918695,22.02,18.16,16749.28,899.00
3921695,22.02,18.18,23381.45,900.00
3924695,22.02,18.18,16098.63,901.00
3927695,22.02,18.20,21250.38,900.00
3930695,22.02,18.21,17697.38,899.00
3933695,22.02,18.23,16341.37,900.00
3936695,22.02,18.21,15944.28,902.00
3939695,22.02,18.21,13148.98,899.00
3942695,22.02,18.22,13376.01,899.00
3945695,22.02,18.23,15449.38,899.00
3948695,22.02,18.23,12698.06,899.00
3951695,22.02,18.23,13385.22,898.00
3954695,22.02,18.21,16902.90,898.00
3957695,22.02,18.17,18967.86,898.00
3960695,22.02,18.18,13312.48,897.00
3963695,22.02,18.17,12661.45,895.00
3966695,22.02,18.15,13546.85,895.00
3969695,22.02,18.13,17352.32,894.00
3972695,22.01,18.15,21465.94,892.00
3975695,22.01,18.11,29919.06,892.00
3978695,22.01,18.10,16443.22,891.00
3981695,22.01,18.10,16320.86,899.00
3984695,22.01,18.10,20472.00,888.00
3987695,22.01,18.11,19276.57,887.00
3990695,22.01,18.11,14613.06,886.00
3993695,22.01,18.11,18309.52,884.00
3996695,22.01,18.10,12205.61,884.00
3999695,22.01,18.11,23880.53,883.00
4002695,22.01,18.10,13253.09,880.00
4005695,22.01,18.11,12120.08,880.00
4008695,22.01,18.13,11463.77,880.00
4011695,22.01,18.13,11329.17,878.00
4014695,22.01,18.13,10546.83,877.00
4017695,22.01,18.11,12754.06,876.00
4020695,22.01,18.07,11529.26,875.00
4023695,22.01,18.07,10955.11,875.00
4026695,22.00,18.04,12682.41,874.00
4029695,22.00,18.02,12322.22,872.00
4032695,22.00,18.06,11378.54,872.00
4035695,22.00,18.07,11106.03,871.00
4038695,22.00,18.06,12233.65,871.00
4041695,22.00,18.06,12228.99,870.00
4044695,22.00,18.08,10973.72,861.00
4047695,22.00,18.06,13969.08,868.00
4050695,21.99,18.02,9769.66,868.00
4053695,22.00,18.00,26971.21,867.00
4056695,22.00,18.02,11081.99,866.00
4059695,22.00,18.02,11472.44,866.00
4062695,22.00,18.04,11248.59,864.00
4065695,22.00,18.01,12406.92,865.00
4068695,22.00,18.04,15378.08,863.00
4071695,21.99,18.05,10799.37,863.00
4074695,21.99,18.00,10213.00,862.00
4077695,21.99,17.99,12607.57,862.00
4080695,21.99,18.00,12856.51,862.00
4083695,21.99,18.02,11499.54,862.00
4086695,21.99,18.00,12174.65,861.00
4089695,21.99,18.00,11302.05,860.00
4092695,21.99,17.99,12052.64,861.00
4095695,21.98,17.97,11418.79,864.00
4098695,21.99,17.97,12101.51,859.00
4101695,21.98,17.94,11024.37,860.00
4104695,21.98,17.97,10899.93,859.00
4107695,21.98,18.01,11089.85,859.00
4110695,21.98,18.02,12769.37,859.00
4113695,21.98,18.03,11869.64,858.00
4116695,21.98,18.02,13810.80,857.00
4119695,21.98,18.00,12179.26,851.00
4122695,21.98,18.00,10980.22,858.00
4125695,21.97,18.02,14659.60,857.00
4128695,21.97,18.02,12673.62,857.00
4131695,21.97,18.07,27150.54,857.00
4134695,21.98,18.05,11518.30,857.00
4137695,21.97,18.02,22725.22,858.00
4140695,21.97,18.02,11671.29,858.00
4143695,21.97,18.02,12344.76,858.00
4146695,21.97,18.00,13173.68,858.00
4149695,21.97,17.97,12906.38,859.00
4152695,21.97,17.95,13125.58,859.00
4155695,21.97,17.96,10822.03,859.00
4158695,21.97,17.95,11049.86,858.00
4161695,21.97,17.94,13059.97,859.00
4164695,21.97,17.92,11864.90,860.00
4167695,21.97,17.95,12975.24,860.00
4170695,21.96,17.90,12756.25,860.00
4173695,21.96,17.92,13331.63,873.00
4176695,21.96,17.87,12338.60,861.00
4179695,21.96,17.91,11416.54,861.00
4182695,21.96,17.95,11897.17,861.00
4185695,21.95,17.95,10131.17,862.00
4188695,21.95,17.96,10760.87,862.00
4191695,21.96,17.96,10896.50,861.00
4194695,21.96,17.95,10887.17,861.00
4197695,21.96,17.97,12565.19,861.00
4200695,21.96,17.98,11751.95,862.00
4203695,21.95,17.95,10470.15,862.00
4206695,21.96,17.92,11672.20,862.00
4209695,21.96,17.89,12451.97,862.00
4212695,21.96,17.85,11931.50,862.00
4215695,21.95,17.87,12327.65,863.00
4218695,21.95,17.87,11307.19,863.00
4221695,21.96,17.87,11323.81,864.00
4224695,21.95,17.86,11301.69,865.00
4227695,21.95,17.87,11625.73,866.00
4230695,21.95,17.90,11522.11,867.00
4233695,21.95,17.91,11222.33,868.00
4236695,21.95,17.91,10363.24,868.00
4239695,21.95,17.87,10855.61,875.00
4242695,21.95,17.86,11878.51,871.00
4245695,21.94,17.89,16644.34,873.00
4248695,21.95,17.89,12596.62,875.00
4251695,21.95,17.87,11795.32,875.00
4254695,21.94,17.89,18327.72,877.00
4257695,21.95,17.86,12404.26,879.00
4260695,21.94,17.85,13344.60,880.00
4263695,21.95,17.84,13261.98,882.00
4266695,21.94,17.81,11345.71,884.00
4269695,21.94,17.83,12358.54,884.00
4272695,21.94,17.84,11800.29,887.00
4275695,21.94,17.85,12655.52,888.00
4278695,21.94,17.84,12728.58,889.00
4281695,21.94,17.83,11694.08,890.00
4284695,21.94,17.83,13829.85,896.00
4287695,21.94,17.84,12590.39,894.00
4290695,21.94,17.82,12659.57,895.00
4293695,21.94,17.85,14362.48,897.00
4296695,21.94,17.84,12775.34,898.00
4299695,21.94,17.81,13913.96,901.00
4302695,21.94,17.76,10641.01,901.00
4305695,21.94,17.76,12077.25,902.00
4308695,21.94,17.76,12169.06,904.00
4311695,21.93,17.70,12309.47,904.00
4314695,21.93,17.71,12061.59,906.00
4317695,21.93,17.75,10798.70,908.00
4320695,21.93,17.79,11451.43,909.00
4323695,21.93,17.78,30246.03,910.00
4326695,21.93,17.76,9952.39,912.00
4329695,21.93,17.78,10986.29,912.00
4332695,21.93,17.78,10521.81,913.00
4335695,21.93,17.76,11056.00,918.00
4338695,21.93,17.78,10291.65,917.00
4341695,21.93,17.81,10985.61,917.00
4344695,21.93,17.81,12196.26,908.00
4347695,21.93,17.81,12194.05,917.00
4350695,21.93,17.81,13340.53,918.00
4353695,21.93,17.81,13092.75,919.00
4356695,21.93,17.79,12303.60,919.00
4359695,21.93,17.73,12323.99,920.00
4362695,21.93,17.74,11109.82,921.00
4365695,21.93,17.76,10738.01,921.00
4368695,21.93,17.79,12623.83,921.00
4371695,21.93,17.80,10686.92,924.00
4374695,21.93,17.79,11861.31,936.00
4377695,21.93,17.76,10695.63,925.00
4380695,21.93,17.79,10749.50,925.00
4383695,21.93,17.76,12800.52,926.00
4386695,21.93,17.78,12627.30,925.00
4389695,21.93,17.78,15629.11,927.00
4392695,21.93,17.78,15822.23,930.00
4395695,21.93,17.78,13575.35,926.00
4398695,21.93,17.79,11971.79,927.00
4401695,21.93,17.80,11955.63,928.00
4404695,21.93,17.81,11643.65,929.00
4407695,21.93,17.79,10513.76,925.00
4410695,21.93,17.79,12111.45,929.00
4413695,21.94,17.78,12661.64,929.00
4416695,21.94,17.78,11488.34,931.00
4419695,21.93,17.76,11897.13,931.00
4422695,21.93,17.78,12407.23,932.00
4425695,21.94,17.78,12558.25,931.00
4428695,21.94,17.78,12860.10,932.00
4431695,21.93,17.75,12354.68,932.00
4434695,21.93,17.74,12512.06,932.00
4437695,21.93,17.74,37739.54,934.00
4440695,21.93,17.74,14274.71,934.00
4443695,21.93,17.74,10382.58,934.00
4446695,21.93,17.75,11302.31,936.00
4449695,21.93,17.73,12119.01,936.00
4452695,21.93,17.73,12562.37,950.00
4455695,21.93,17.74,11951.04,937.00
4458695,21.93,17.74,14206.21,938.00
4461695,21.93,17.73,11994.61,939.00
4464695,21.93,17.74,12529.40,938.00
4467695,21.93,17.71,13804.39,939.00
4470695,21.93,17.69,11919.99,939.00
4473695,21.93,17.65,13137.47,942.00
4476695,21.93,17.69,11208.27,942.00
4479695,21.93,17.71,9432.93,942.00
4482695,21.93,17.74,10525.45,934.00
4485695,21.93,17.71,9816.30,943.00
4488695,21.93,17.70,11958.77,944.00
4491695,21.93,17.70,11793.13,944.00
4494695,21.93,17.70,11513.89,944.00
4497695,21.93,17.71,12174.68,941.00
4500695,21.93,17.74,12985.39,944.00
4503695,21.93,17.75,11027.86,945.00
4506695,21.93,17.75,10715.59,945.00
4509695,21.93,17.75,13116.37,946.00
4512695,21.94,17.74,11899.18,946.00
4515695,21.94,17.73,18379.99,948.00
4518695,21.94,17.74,11608.52,946.00
4521695,21.94,17.75,17153.44,947.00
4524695,21.94,17.75,11957.22,947.00
4527695,21.94,17.74,11193.22,946.00
4530695,21.94,17.75,12336.39,946.00
4533695,21.94,17.75,11955.99,946.00
4536695,21.94,17.74,11776.27,946.00
4539695,21.94,17.73,10787.78,948.00
4542695,21.94,17.69,10443.57,948.00
4545695,21.94,17.69,11297.94,949.00
4548695,21.94,17.69,9759.14,948.00
4551695,21.94,17.69,11290.00,949.00
4554695,21.94,17.69,10457.77,949.00
4557695,21.94,17.70,11596.62,947.00
4560695,21.94,17.70,10789.92,949.00
4563695,21.95,17.71,10008.66,948.00
4566695,21.95,17.70,10649.61,948.00
4569695,21.94,17.69,11648.66,953.00
4572695,21.95,17.70,10718.58,948.00
4575695,21.94,17.71,10715.63,940.00
4578695,21.95,17.68,10473.77,946.00
4581695,21.94,17.68,10670.94,950.00
4584695,21.95,17.68,11437.75,950.00
4587695,21.95,17.68,10645.71,950.00
4590695,21.94,17.69,12456.74,950.00
4593695,21.95,17.69,10762.36,961.00
4596695,21.95,17.68,11759.18,951.00
4599695,21.95,17.67,10898.85,949.00
4602695,21.95,17.67,11465.51,949.00
4605695,21.95,17.67,11876.05,949.00
4608695,21.95,17.67,11101.13,950.00
4611695,21.95,17.69,10935.33,950.00
4614695,21.96,17.69,11807.74,951.00
4617695,21.96,17.70,11414.78,950.00
4620695,21.96,17.70,12024.64,952.00
4623695,21.96,17.70,11263.25,950.00
4626695,21.95,17.69,10725.29,950.00
4629695,21.96,17.68,11010.06,948.00
4632695,21.96,17.70,11756.58,950.00
4635695,21.96,17.69,11221.35,949.00
4638695,21.95,17.70,10586.31,962.00
4641695,21.96,17.72,10718.88,950.00
4644695,21.96,17.72,10776.91,962.00
4647695,21.96,17.70,10410.61,950.00
4650695,21.96,17.70,12046.40,940.00
4653695,21.96,17.70,11145.61,950.00
4656695,21.96,17.70,12344.10,950.00
4659695,21.96,17.72,20518.29,949.00
4662695,21.96,17.72,11225.55,949.00
4665695,21.96,17.73,12328.41,949.00
4668695,21.96,17.69,11756.61,948.00
4671695,21.96,17.69,12200.59,948.00
4674695,21.96,17.67,14863.89,947.00
4677695,21.96,17.65,11838.05,947.00
4680695,21.96,17.67,13234.82,948.00
4683695,21.96,17.67,10307.58,948.00
4686695,21.96,17.67,10525.62,948.00
4689695,21.96,17.69,11136.62,951.00
4692695,21.96,17.68,11404.57,948.00
4695695,21.96,17.67,12122.50,947.00
4698695,21.96,17.67,13557.65,948.00
4701695,21.96,17.68,12110.50,946.00
4704695,21.96,17.65,13964.32,945.00
4707695,21.96,17.63,12644.30,946.00
4710695,21.96,17.63,12199.77,945.00
4713695,21.95,17.62,11385.22,947.00
4716695,21.95,17.60,11924.48,946.00
4719695,21.95,17.58,12503.51,946.00
4722695,21.95,17.62,11909.72,946.00
4725695,21.95,17.62,12420.36,946.00
4728695,21.94,17.62,11244.81,946.00
4731695,21.95,17.63,13889.58,945.00
4734695,21.95,17.63,11366.03,944.00
4737695,21.95,17.62,10897.33,945.00
4740695,21.95,17.62,11042.26,948.00
4743695,21.94,17.63,12017.25,944.00
4746695,21.95,17.63,12573.52,945.00
4749695,21.94,17.64,11834.04,949.00
4752695,21.94,17.62,12915.80,945.00
4755695,21.94,17.64,15262.87,944.00
4758695,21.94,17.64,13704.56,945.00
4761695,21.94,17.65,12725.97,944.00
4764695,21.94,17.69,15387.44,944.00
4767695,21.94,17.69,11427.51,946.00
4770695,21.95,17.69,11326.40,943.00
4773695,21.94,17.68,11753.19,944.00
4776695,21.94,17.68,18087.40,934.00
4779695,21.95,17.68,12774.61,944.00
4782695,21.94,17.70,12419.00,944.00
4785695,21.94,17.69,13837.37,945.00
4788695,21.95,17.68,13008.06,944.00
4791695,21.95,17.67,16297.04,945.00
4794695,21.95,17.67,13244.72,944.00
4797695,21.95,17.68,12977.86,945.00
4800695,21.95,17.67,15376.07,946.00
4803695,21.96,17.68,14420.51,945.00
4806695,21.95,17.68,11205.25,948.00
4809695,21.95,17.65,19133.85,945.00
4812695,21.96,17.67,16517.35,944.00
4815695,21.95,17.67,13870.19,944.00
4818695,21.95,17.67,18746.47,946.00
4821695,21.95,17.64,15537.68,958.00
4824695,21.94,17.63,14694.50,946.00
4827695,21.95,17.58,12222.17,945.00
4830695,21.95,17.58,11636.12,946.00
4833695,21.95,17.60,17910.10,946.00
4836695,21.94,17.59,11512.57,946.00
4839695,21.95,17.62,12629.47,946.00
4842695,21.95,17.64,12712.52,945.00
4845695,21.94,17.62,9629.79,946.00
4848695,21.94,17.62,13822.28,946.00
4851695,21.94,17.60,23253.65,958.00
4854695,21.94,17.60,14450.89,947.00
4857695,21.94,17.60,11687.48,947.00
4860695,21.94,17.59,12912.14,948.00
4863695,21.94,17.59,12870.02,948.00
4866695,21.94,17.63,12988.47,948.00
4869695,21.94,17.63,13152.11,948.00
4872695,21.94,17.64,18270.23,948.00
4875695,21.94,17.63,11810.39,946.00
4878695,21.94,17.63,13149.42,947.00
4881695,21.94,17.64,14839.22,948.00
4884695,21.94,17.65,15375.85,948.00
4887695,21.94,17.68,12432.08,949.00
4890695,21.95,17.68,12593.26,953.00
4893695,21.95,17.67,42488.70,948.00
4896695,21.95,17.67,16835.61,949.00
4899695,21.94,17.68,14499.27,949.00
4902695,21.95,17.67,14966.03,948.00
4905695,21.95,17.69,13276.55,949.00
4908695,21.95,17.67,10152.22,949.00
4911695,21.95,17.64,11647.94,948.00
4914695,21.95,17.65,18537.09,948.00
4917695,21.95,17.63,13052.82,947.00
4920695,21.95,17.65,12088.95,949.00
4923695,21.96,17.68,12862.72,949.00
4926695,21.95,17.67,18208.57,950.00
4929695,21.95,17.65,22027.46,949.00
4932695,21.95,17.67,28849.23,950.00
4935695,21.95,17.59,16395.36,949.00
4938695,21.95,17.59,23073.56,951.00
4941695,21.96,17.61,13245.35,950.00
4944695,21.95,17.62,10726.85,949.00
4947695,21.95,17.62,14081.66,948.00
4950695,21.95,17.63,13791.86,949.00
4953695,21.95,17.65,13278.57,949.00
4956695,21.95,17.65,13758.65,950.00
4959695,21.94,17.65,12275.84,950.00
4962695,21.96,17.64,11587.17,949.00
4965695,21.95,17.65,12703.12,950.00
4968695,21.95,17.62,12185.65,952.00
4971695,21.95,17.62,11669.16,942.00
4974695,21.95,17.60,9985.09,950.00
4977695,21.95,17.57,10985.11,951.00
4980695,21.95,17.62,11764.04,945.00
4983695,21.95,17.62,12420.16,949.00
4986695,21.95,17.63,13188.37,949.00
4989695,21.96,17.62,13824.30,951.00
4992695,21.95,17.63,11849.77,950.00
4995695,21.96,17.58,11334.86,941.00
4998695,21.96,17.62,10785.52,951.00
5001695,21.95,17.62,11377.17,951.00
5004695,21.95,17.62,15593.04,951.00
5007695,21.96,17.61,11972.52,951.00
5010695,21.96,17.61,12490.59,950.00
5013695,21.96,17.63,11028.48,950.00
5016695,21.95,17.63,11983.02,949.00
5019695,21.96,17.63,11110.75,960.00
5022695,21.96,17.61,11080.86,949.00
5025695,21.96,17.58,12500.15,950.00
5028695,21.96,17.61,11275.79,950.00
5031695,21.95,17.63,11739.22,950.00
5034695,21.95,17.64,10461.19,950.00
5037695,21.96,17.65,12854.13,950.00
5040695,21.96,17.64,10100.55,951.00
5043695,21.96,17.65,12170.17,951.00
5046695,21.96,17.68,10262.64,948.00
5049695,21.96,17.68,13124.24,949.00
5052695,21.96,17.67,13105.12,949.00
5055695,21.96,17.67,13344.90,950.00
5058695,21.96,17.65,10897.47,955.00
5061695,21.97,17.67,11072.07,948.00
5064695,21.96,17.68,10918.88,950.00
5067695,21.96,17.67,12903.87,950.00
5070695,21.96,17.68,12665.07,949.00
5073695,21.96,17.68,11604.66,946.00
5076695,21.96,17.67,14307.47,949.00
5079695,21.95,17.67,11555.17,949.00
5082695,21.96,17.65,11969.59,949.00
5085695,21.95,17.67,11691.75,947.00
5088695,21.96,17.64,13588.42,948.00
5091695,21.95,17.64,13756.27,949.00
5094695,21.96,17.65,16036.92,950.00
5097695,21.96,17.67,15761.61,949.00
5100695,21.96,17.69,12793.35,949.00
5103695,21.95,17.69,13257.01,950.00
5106695,21.96,17.68,12591.17,949.00
5109695,21.96,17.64,10916.75,949.00
5112695,21.96,17.63,10973.01,948.00
5115695,21.95,17.63,12781.96,947.00
5118695,21.95,17.61,13693.11,947.00
5121695,21.95,17.63,15795.96,947.00
5124695,21.95,17.63,11492.87,948.00
5127695,21.95,17.63,11396.01,948.00
5130695,21.94,17.64,14070.52,949.00
5133695,21.95,17.65,12473.22,949.00
5136695,21.95,17.63,11150.17,948.00
5139695,21.95,17.64,12470.22,947.00
5142695,21.95,17.65,11840.97,948.00
5145695,21.95,17.65,13724.51,947.00
5148695,21.95,17.65,21168.94,946.00
5151695,21.95,17.65,11091.96,946.00
5154695,21.95,17.63,11301.95,946.00
5157695,21.95,17.63,12442.32,948.00
5160695,21.94,17.62,12895.08,947.00
5163695,21.94,17.62,14300.71,947.00
5166695,21.94,17.60,10651.92,959.00
5169695,21.94,17.59,17134.10,947.00
5172695,21.94,17.58,13375.24,948.00
5175695,21.94,17.56,14458.43,948.00
5178695,21.94,17.54,14425.83,946.00
5181695,21.94,17.55,13532.49,946.00
5184695,21.94,17.58,14222.33,946.00
5187695,21.94,17.54,13131.12,946.00
5190695,21.93,17.57,14151.25,948.00
5193695,21.94,17.57,10463.15,947.00
5196695,21.94,17.58,11402.99,946.00
5199695,21.94,17.58,11195.37,948.00
5202695,21.94,17.57,10786.40,947.00
5205695,21.93,17.58,17329.22,948.00
5208695,21.93,17.55,11749.26,946.00
5211695,21.93,17.55,11150.94,945.00
5214695,21.93,17.57,11820.52,945.00
5217695,21.93,17.55,11374.20,945.00
5220695,21.93,17.53,12061.62,946.00
5223695,21.93,17.54,11722.57,946.00
5226695,21.93,17.54,12764.42,947.00
5229695,21.93,17.54,11556.76,947.00
5232695,21.93,17.53,10032.41,948.00
5235695,21.93,17.55,12081.50,947.00
5238695,21.93,17.54,11732.25,947.00
5241695,21.93,17.58,10570.61,946.00
5244695,21.93,17.60,12657.94,946.00
5247695,21.93,17.63,11416.62,937.00
5250695,21.93,17.60,12355.07,946.00
5253695,21.93,17.58,13591.27,945.00
5256695,21.93,17.58,10521.18,947.00
5259695,21.94,17.59,11052.78,946.00
5262695,21.93,17.60,11065.96,947.00
5265695,21.93,17.60,12772.68,947.00
5268695,21.94,17.62,12142.02,946.00
5271695,21.93,17.63,11246.45,946.00
5274695,21.94,17.63,10703.74,951.00
5277695,21.93,17.62,11507.29,945.00
5280695,21.93,17.60,12965.44,945.00
5283695,21.93,17.62,12476.05,945.00
5286695,21.94,17.60,10617.63,946.00
5289695,21.94,17.60,10270.67,946.00
5292695,21.94,17.60,10548.21,944.00
5295695,21.94,17.60,10258.46,947.00
5298695,21.94,17.59,12826.31,947.00
5301695,21.93,17.57,10538.65,947.00
5304695,21.94,17.57,11895.33,947.00
5307695,21.93,17.58,10808.37,948.00
5310695,21.94,17.57,11212.65,947.00
5313695,21.93,17.55,11049.09,946.00
5316695,21.93,17.54,10945.40,946.00
5319695,21.93,17.52,10599.73,947.00
5322695,21.93,17.54,9687.10,947.00
5325695,21.93,17.55,10595.43,947.00
5328695,21.93,17.54,11396.64,947.00
5331695,21.93,17.53,13098.87,948.00
5334695,21.93,17.54,13245.76,948.00
5337695,21.93,17.55,13806.41,950.00
5340695,21.93,17.55,11985.48,948.00
5343695,21.93,17.55,11940.00,948.00
5346695,21.93,17.55,10321.28,946.00
5349695,21.93,17.55,12151.23,948.00
5352695,21.93,17.55,11455.77,947.00
5355695,21.93,17.57,10564.13,947.00
5358695,21.93,17.55,10916.43,948.00
5361695,21.93,17.54,11474.97,948.00
5364695,21.93,17.57,10374.66,948.00
5367695,21.93,17.55,33358.96,949.00
5370695,21.93,17.57,10812.94,949.00
5373695,21.93,17.55,10906.22,948.00
5376695,21.93,17.53,10576.27,948.00
5379695,21.93,17.55,12688.81,948.00
5382695,21.93,17.55,15180.77,947.00
5385695,21.93,17.55,10999.18,947.00
5388695,21.93,17.53,11382.74,947.00
5391695,21.93,17.54,11230.24,949.00
5394695,21.93,17.57,11323.30,949.00
5397695,21.93,17.55,12091.57,950.00
5400695,21.92,17.55,12024.85,949.00
5403695,21.92,17.55,11994.01,950.00
5406695,21.92,17.53,10685.64,949.00
5409695,21.92,17.53,11865.46,949.00
5412695,21.92,17.53,11349.65,950.00
5415695,21.92,17.55,10811.96,948.00
5418695,21.92,17.54,10328.50,949.00
5421695,21.92,17.53,11595.55,948.00
5424695,21.92,17.54,10612.20,950.00
5427695,21.93,17.54,11598.21,950.00
5430695,21.93,17.54,11643.04,950.00
5433695,21.92,17.55,11419.54,948.00
5436695,21.92,17.54,11415.00,949.00
5439695,21.92,17.52,11360.61,950.00
5442695,21.92,17.53,10920.38,950.00
5445695,21.92,17.52,10251.58,950.00
5448695,21.92,17.52,11564.78,948.00
5451695,21.92,17.51,11047.91,949.00
5454695,21.92,17.48,11437.57,949.00
5457695,21.92,17.49,11924.36,949.00
5460695,21.93,17.48,12208.75,950.00
5463695,21.92,17.49,11158.08,951.00
5466695,21.92,17.49,11866.96,951.00
5469695,21.92,17.47,10077.63,961.00
5472695,21.92,17.47,12111.60,951.00
5475695,21.92,17.47,11011.59,951.00
5478695,21.92,17.46,11596.06,949.00
5481695,21.93,17.46,12694.38,949.00
5484695,21.92,17.44,12262.01,950.00
5487695,21.92,17.44,10905.33,950.00
5490695,21.92,17.47,10889.57,951.00
5493695,21.92,17.49,10631.48,950.00
5496695,21.92,17.49,10611.65,951.00
5499695,21.92,17.49,10039.44,951.00
5502695,21.92,17.49,9811.76,950.00
5505695,21.92,17.51,21956.76,951.00
5508695,21.92,17.51,11528.22,951.00
5511695,21.92,17.49,11164.43,950.00
5514695,21.92,17.51,10533.26,950.00
5517695,21.92,17.51,10975.43,951.00
5520695,21.92,17.49,11855.50,951.00
5523695,21.92,17.49,10851.89,952.00
5526695,21.92,17.51,10891.23,951.00
5529695,21.92,17.52,12568.68,951.00
5532695,21.92,17.52,11521.56,951.00
5535695,21.92,17.51,13049.06,951.00
5538695,21.92,17.52,10458.46,951.00
5541695,21.92,17.54,11761.42,951.00
5544695,21.92,17.53,11175.67,951.00
5547695,21.92,17.55,9844.33,949.00
5550695,21.92,17.51,9385.04,950.00
5553695,21.92,17.49,10911.35,951.00
5556695,21.92,17.52,10874.51,951.00
5559695,21.92,17.54,10398.12,952.00
5562695,21.92,17.54,10943.22,951.00
5565695,21.92,17.54,10329.37,951.00
5568695,21.92,17.53,11531.44,952.00
5571695,21.92,17.52,10262.72,952.00
5574695,21.93,17.54,10348.00,951.00
5577695,21.93,17.57,10653.02,954.00
5580695,21.93,17.55,12177.96,951.00
5583695,21.92,17.53,12207.02,951.00
5586695,21.93,17.54,12936.90,951.00
5589695,21.93,17.55,12689.21,952.00
5592695,21.93,17.55,12109.52,952.00
5595695,21.93,17.55,10380.44,952.00
5598695,21.93,17.54,11012.07,952.00
5601695,21.93,17.53,10458.23,953.00
5604695,21.93,17.52,11306.90,951.00
5607695,21.93,17.54,11024.30,961.00
5610695,21.93,17.53,11018.42,947.00
5613695,21.93,17.52,11561.10,950.00
5616695,21.93,17.53,12084.44,952.00
5619695,21.93,17.54,11624.94,952.00
5622695,21.93,17.54,11368.33,952.00
5625695,21.93,17.55,11431.79,952.00
5628695,21.93,17.53,9968.43,957.00
5631695,21.92,17.51,10893.35,952.00
5634695,21.93,17.51,11490.45,952.00
5637695,21.93,17.49,10464.12,951.00
5640695,21.93,17.52,11749.86,952.00
5643695,21.93,17.53,11192.67,952.00
5646695,21.93,17.53,11641.39,953.00
5649695,21.93,17.52,12207.68,953.00
5652695,21.92,17.51,10389.32,953.00
5655695,21.92,17.52,11810.27,954.00
5658695,21.92,17.53,11113.83,952.00
5661695,21.93,17.55,11120.49,954.00
5664695,21.92,17.54,11720.61,953.00
5667695,21.93,17.53,10758.30,952.00
5670695,21.93,17.54,12200.62,952.00
5673695,21.93,17.55,13172.09,951.00
5676695,21.93,17.54,12322.54,953.00
5679695,21.93,17.53,11350.08,953.00
5682695,21.93,17.54,10874.36,953.00
5685695,21.93,17.54,11162.29,953.00
5688695,21.93,17.54,10425.84,953.00
5691695,21.94,17.54,10252.21,953.00
5694695,21.94,17.55,13154.23,953.00
5697695,21.94,17.54,11421.05,954.00
5700695,21.94,17.51,11221.90,953.00
5703695,21.94,17.52,10853.65,952.00
5706695,21.94,17.52,10524.40,952.00
5709695,21.94,17.51,11316.26,952.00
5712695,21.94,17.47,11885.25,953.00
5715695,21.93,17.49,10441.09,953.00
5718695,21.94,17.49,10813.86,954.00
5721695,21.93,17.51,11522.03,954.00
5724695,21.94,17.49,10467.88,952.00
5727695,21.94,17.49,10713.14,953.00
5730695,21.93,17.51,10749.67,957.00
5733695,21.94,17.51,11417.92,954.00
5736695,21.93,17.51,9678.19,953.00
5739695,21.94,17.49,10499.26,953.00
5742695,21.94,17.49,11902.68,953.00
5745695,21.94,17.48,11101.86,953.00
5748695,21.94,17.51,11321.14,955.00
5751695,21.94,17.51,12530.01,953.00
5754695,21.94,17.52,12663.83,953.00
5757695,21.93,17.52,11357.95,953.00
5760695,21.93,17.51,12638.84,954.00
5763695,21.94,17.51,11897.13,954.00
5766695,21.94,17.49,11016.65,954.00
5769695,21.94,17.48,10577.19,953.00
5772695,21.94,17.49,11012.47,953.00
5775695,21.93,17.51,10303.87,952.00
5778695,21.93,17.52,10339.11,953.00
5781695,21.93,17.51,10581.58,954.00
5784695,21.93,17.52,10861.54,954.00
5787695,21.94,17.53,11771.24,954.00
5790695,21.94,17.54,10845.91,953.00
5793695,21.94,17.54,10333.91,954.00
5796695,21.94,17.52,11180.92,951.00
5799695,21.94,17.51,11310.66,954.00
5802695,21.94,17.47,10644.53,953.00
5805695,21.94,17.48,10995.99,963.00
5808695,21.93,17.48,11036.49,952.00
5811695,21.94,17.51,10267.26,954.00
5814695,21.94,17.49,10017.34,965.00
5817695,21.94,17.48,10429.83,953.00
5820695,21.93,17.47,10267.70,954.00
5823695,21.94,17.46,10477.61,954.00
5826695,21.93,17.48,9042.04,955.00
5829695,21.94,17.48,10166.68,954.00
5832695,21.93,17.49,10800.05,955.00
5835695,21.94,17.49,11953.06,952.00
5838695,21.93,17.48,10731.29,953.00
5841695,21.93,17.48,10904.41,953.00
5844695,21.94,17.47,9912.46,954.00
5847695,21.93,17.49,11737.86,954.00
5850695,21.93,17.51,10495.67,954.00
5853695,21.94,17.51,10511.37,953.00
5856695,21.93,17.51,10661.11,954.00
5859695,21.94,17.51,13256.28,954.00
5862695,21.93,17.49,12978.49,954.00
5865695,21.94,17.49,13701.85,953.00
5868695,21.94,17.51,10462.17,953.00
5871695,21.94,17.48,9928.64,954.00
5874695,21.94,17.47,11281.98,954.00
5877695,21.94,17.47,10381.32,954.00
5880695,21.93,17.47,11270.33,955.00
5883695,21.93,17.49,11237.30,954.00
5886695,21.94,17.52,10520.58,953.00
5889695,21.94,17.53,12131.47,954.00
5892695,21.94,17.54,11776.06,956.00
5895695,21.94,17.52,12023.99,944.00
5898695,21.93,17.51,12595.46,953.00
5901695,21.94,17.51,11003.06,957.00
5904695,21.93,17.51,10891.51,954.00
5907695,21.94,17.52,10928.90,954.00
5910695,21.94,17.48,12471.23,953.00
5913695,21.94,17.49,10761.66,954.00
5916695,21.94,17.48,10891.36,954.00
5919695,21.94,17.48,9935.70,954.00
5922695,21.94,17.46,11399.87,953.00
5925695,21.94,17.47,11588.79,953.00
5928695,21.93,17.48,9801.98,952.00
5931695,21.94,17.51,11402.11,964.00
5934695,21.93,17.51,10472.81,953.00
5937695,21.93,17.52,11078.80,954.00
5940695,21.94,17.54,9781.88,954.00
5943695,21.93,17.54,13035.93,954.00
5946695,21.93,17.53,11889.35,955.00
5949695,21.93,17.54,11682.78,954.00
5952695,21.93,17.54,10228.87,954.00
5955695,21.94,17.54,10485.03,952.00
5958695,21.93,17.55,10334.82,963.00
5961695,21.93,17.53,10662.02,952.00
5964695,21.94,17.49,11334.79,953.00
5967695,21.93,17.49,10770.47,954.00
5970695,21.94,17.51,11864.26,954.00
5973695,21.94,17.49,11182.52,954.00
5976695,21.93,17.48,10770.24,955.00
5979695,21.93,17.49,14297.69,953.00
5982695,21.94,17.51,12315.78,954.00
5985695,21.94,17.52,11286.44,954.00
5988695,21.93,17.54,12012.37,953.00
5991695,21.93,17.54,13742.06,953.00
5994695,21.94,17.54,11552.28,953.00
5997695,21.93,17.53,11678.92,954.00
6000695,21.94,17.53,11939.71,954.00
6003695,21.95,17.51,13862.17,954.00
6006695,21.95,17.49,13420.41,955.00
6009695,21.94,17.49,11008.76,967.00
6012695,21.94,17.48,11254.27,954.00
6015695,21.94,17.45,12150.74,953.00
6018695,21.94,17.47,11873.99,953.00
6021695,21.95,17.48,10102.79,953.00
6024695,21.94,17.47,10254.77,953.00
6027695,21.94,17.46,11332.76,953.00
6030695,21.94,17.48,10425.77,954.00
6033695,21.94,17.46,11676.40,954.00
6036695,21.94,17.46,11306.29,954.00
6039695,21.94,17.46,12301.96,967.00
6042695,21.94,17.46,13074.26,953.00
6045695,21.94,17.46,12612.37,954.00
6048695,21.94,17.46,13969.79,954.00
6051695,21.94,17.46,13510.23,953.00
6054695,21.95,17.46,13237.39,952.00
6057695,21.94,17.45,12390.84,953.00
6060695,21.95,17.45,10597.86,954.00
6063695,21.94,17.47,11537.16,954.00
6066695,21.94,17.47,10743.39,954.00
6069695,21.94,17.47,11270.99,954.00
6072695,21.94,17.46,10959.92,954.00
6075695,21.94,17.45,10381.49,954.00
6078695,21.94,17.46,10569.37,953.00
6081695,21.94,17.43,12355.29,954.00
6084695,21.93,17.40,12835.38,954.00
6087695,21.93,17.42,11820.50,953.00
6090695,21.93,17.43,10767.97,953.00
6093695,21.93,17.43,10238.09,954.00
6096695,21.93,17.43,10432.49,954.00
6099695,21.93,17.45,11130.45,954.00
6102695,21.94,17.47,11123.58,954.00
6105695,21.93,17.48,10041.51,954.00
6108695,21.93,17.49,12036.25,954.00
6111695,21.93,17.48,10801.43,954.00
6114695,21.93,17.47,10423.41,954.00
6117695,21.93,17.47,12015.27,956.00
6120695,21.94,17.46,11437.99,953.00
6123695,21.93,17.46,10386.12,952.00
6126695,21.93,17.47,11306.03,954.00
6129695,21.93,17.46,11161.39,954.00
6132695,21.93,17.43,11350.44,953.00
6135695,21.93,17.42,11921.56,953.00
6138695,21.93,17.45,10987.13,953.00
6141695,21.93,17.47,12096.91,954.00
6144695,21.93,17.48,11659.14,954.00
6147695,21.93,17.49,10863.54,954.00
6150695,21.93,17.48,10421.60,953.00
6153695,21.93,17.48,11248.99,952.00
6156695,21.93,17.48,10280.36,951.00
6159695,21.93,17.46,11127.22,953.00
6162695,21.93,17.48,11978.19,955.00
6165695,21.93,17.51,11556.12,954.00
6168695,21.93,17.51,12827.70,953.00
6171695,21.93,17.52,11874.38,954.00
6174695,21.93,17.51,12419.29,954.00
6177695,21.93,17.52,12546.84,953.00
6180695,21.93,17.52,10439.26,952.00
6183695,21.93,17.53,10286.88,953.00
6186695,21.94,17.53,11040.96,952.00
6189695,21.94,17.53,12290.58,953.00
6192695,21.93,17.54,10142.05,953.00
6195695,21.94,17.55,11800.27,953.00
6198695,21.93,17.55,12724.00,953.00
6201695,21.94,17.54,10494.53,953.00
6204695,21.94,17.55,10497.03,953.00
6207695,21.93,17.55,11568.82,951.00
6210695,21.94,17.57,10805.91,954.00
6213695,21.94,17.57,11367.92,951.00
6216695,21.94,17.57,9547.23,952.00
6219695,21.94,17.56,11668.62,954.00
6222695,21.94,17.56,10571.63,955.00
6225695,21.94,17.54,11668.02,953.00
6228695,21.94,17.49,12056.31,953.00
6231695,21.93,17.49,11792.49,945.00
6234695,21.94,17.52,11209.15,953.00
6237695,21.94,17.49,11000.06,953.00
6240695,21.93,17.51,10570.93,952.00
6243695,21.93,17.49,11793.52,952.00
6246695,21.93,17.52,11406.80,952.00
6249695,21.93,17.51,13964.36,952.00
6252695,21.93,17.49,13305.79,953.00
6255695,21.93,17.53,13282.75,953.00
6258695,21.93,17.51,11460.35,953.00
6261695,21.93,17.53,13661.31,953.00
6264695,21.92,17.54,11391.13,952.00
6267695,21.93,17.55,11076.98,953.00
6270695,21.93,17.55,11354.07,952.00
6273695,21.93,17.54,11610.22,951.00
6276695,21.92,17.52,12384.50,951.00
6279695,21.93,17.52,13041.17,952.00
6282695,21.93,17.52,12479.18,952.00
6285695,21.93,17.52,10989.89,952.00
6288695,21.93,17.48,13971.10,952.00
6291695,21.92,17.49,14880.80,952.00
6294695,21.92,17.51,12857.95,952.00
6297695,21.93,17.53,12581.19,952.00
6300695,21.92,17.53,10810.31,952.00
6303695,21.92,17.48,13580.27,951.00
6306695,21.92,17.47,10346.80,950.00
6309695,21.92,17.48,12797.59,951.00
6312695,21.91,17.52,11394.99,952.00
6315695,21.92,17.53,11144.19,952.00
6318695,21.92,17.54,11261.00,952.00
6321695,21.91,17.54,11071.94,952.00
6324695,21.92,17.55,12518.71,956.00
6327695,21.92,17.53,11591.23,951.00
6330695,21.92,17.54,15731.91,955.00
6333695,21.92,17.55,10964.26,951.00
6336695,21.92,17.55,10731.61,951.00
6339695,21.91,17.55,10862.36,951.00
6342695,21.91,17.55,10874.77,950.00
6345695,21.92,17.55,10180.43,954.00
6348695,21.91,17.57,10015.78,952.00
6351695,21.92,17.55,10347.15,955.00
6354695,21.91,17.57,10333.00,952.00
6357695,21.91,17.54,12033.57,952.00
6360695,21.91,17.55,11666.83,952.00
6363695,21.91,17.55,12105.27,952.00
6366695,21.92,17.55,13733.56,951.00
6369695,21.92,17.57,11883.18,951.00
6372695,21.91,17.54,11187.09,950.00
6375695,21.91,17.54,11795.48,951.00
6378695,21.91,17.53,11221.35,952.00
6381695,21.91,17.52,11473.42,952.00
6384695,21.91,17.52,10653.92,952.00
6387695,21.91,17.52,11188.34,952.00
6390695,21.91,17.53,11792.93,952.00
6393695,21.91,17.50,14578.91,951.00
6396695,21.91,17.49,10557.33,952.00
6399695,21.91,17.49,11140.71,952.00
6402695,21.91,17.50,12015.77,951.00
6405695,21.91,17.53,11556.75,951.00
6408695,21.91,17.53,13726.58,951.00
6411695,21.91,17.54,9958.50,952.00
6414695,21.91,17.54,13305.77,952.00
6417695,21.91,17.55,10166.86,952.00
6420695,21.90,17.55,10603.72,952.00
6423695,21.91,17.53,14821.16,952.00
6426695,21.91,17.53,11829.46,953.00
6429695,21.91,17.54,12555.72,952.00
6432695,21.91,17.54,11714.53,951.00
6435695,21.91,17.55,11245.42,951.00
6438695,21.91,17.53,11191.78,952.00
6441695,21.91,17.53,12203.58,955.00
6444695,21.91,17.52,14136.05,950.00
6447695,21.91,17.49,15368.87,953.00
6450695,21.91,17.50,17409.72,952.00
6453695,21.91,17.52,27207.41,953.00
6456695,21.91,17.54,14615.46,952.00
6459695,21.91,17.54,11526.02,953.00
6462695,21.91,17.54,11721.84,953.00
6465695,21.91,17.54,10949.23,952.00
6468695,21.91,17.53,10607.12,951.00
6471695,21.91,17.54,11885.27,952.00
6474695,21.91,17.53,11250.83,953.00
6477695,21.91,17.53,29514.78,953.00
6480695,21.91,17.53,11505.74,953.00
6483695,21.91,17.53,14649.18,953.00
6486695,21.91,17.52,12409.30,953.00
6489695,21.92,17.53,18260.00,956.00
6492695,21.91,17.55,13104.42,955.00
6495695,21.91,17.54,12708.31,952.00
6498695,21.91,17.54,39537.05,952.00
6501695,21.91,17.54,16933.96,952.00
6504695,21.91,17.53,18454.92,954.00
6507695,21.91,17.53,15578.94,952.00
6510695,21.91,17.52,11190.47,954.00
6513695,21.91,17.50,11959.44,953.00
6516695,21.92,17.48,16143.91,953.00
6519695,21.91,17.52,16229.39,946.00
6522695,21.91,17.52,19175.51,953.00
6525695,21.91,17.50,12387.18,953.00
6528695,21.91,17.50,15696.82,953.00
6531695,21.91,17.50,10994.41,953.00
6534695,21.91,17.50,15537.51,953.00
6537695,21.91,17.50,49628.70,953.00
6540695,21.91,17.49,15210.25,954.00
6543695,21.91,17.52,13601.07,954.00
6546695,21.91,17.52,19675.71,945.00
6549695,21.90,17.50,16546.03,951.00
6552695,21.91,17.52,14414.92,954.00
6555695,21.91,17.52,20964.69,955.00
6558695,21.91,17.50,18639.41,952.00
6561695,21.91,17.47,26994.60,950.00
6564695,21.91,17.49,25913.94,975.00
6567695,21.91,17.50,14366.24,955.00
6570695,21.91,17.50,17918.28,954.00
6573695,21.91,17.50,14046.94,965.00
6576695,21.92,17.51,12879.46,955.00
6579695,21.91,17.52,11837.18,955.00
6582695,21.91,17.53,15304.02,955.00
6585695,21.91,17.53,14424.85,956.00
6588695,21.91,17.54,20984.58,953.00
6591695,21.91,17.53,19212.05,953.00
6594695,21.91,17.53,17503.51,954.00
6597695,21.91,17.55,13598.49,953.00
6600695,21.91,17.52,10718.81,954.00
6603695,21.91,17.53,15400.24,954.00
6606695,21.91,17.52,13417.51,955.00
6609695,21.91,17.50,15044.72,954.00
6612695,21.91,17.50,14310.87,946.00
6615695,21.91,17.52,15848.08,954.00
6618695,21.91,17.52,15683.22,955.00
6621695,21.91,17.52,24128.09,954.00
6624695,21.90,17.50,17516.85,954.00
6627695,21.91,17.49,17619.64,954.00
6630695,21.91,17.50,15069.86,954.00
6633695,21.90,17.52,15531.41,953.00
6636695,21.91,17.50,15536.11,954.00
6639695,21.91,17.48,11634.19,954.00
6642695,21.90,17.47,14050.26,954.00
6645695,21.91,17.46,13637.18,955.00
6648695,21.91,17.48,13222.39,955.00
6651695,21.91,17.50,14614.93,954.00
6654695,21.91,17.50,13485.34,956.00
6657695,21.91,17.50,13680.42,955.00
6660695,21.91,17.52,22320.72,954.00
6663695,21.91,17.51,12469.81,954.00
6666695,21.91,17.49,22399.36,966.00
6669695,21.91,17.49,16101.24,954.00
6672695,21.91,17.51,19468.31,946.00
6675695,21.91,17.49,17422.33,955.00
6678695,21.91,17.49,22737.40,956.00
6681695,21.92,17.49,24666.07,954.00
6684695,21.91,17.47,18002.80,955.00
6687695,21.91,17.48,15282.62,956.00
6690695,21.91,17.49,19294.41,955.00
6693695,21.92,17.48,21080.22,954.00
6696695,21.92,17.48,22243.19,957.00
6699695,21.92,17.48,18891.54,954.00
6702695,21.92,17.48,16161.63,956.00
6705695,21.92,17.48,19215.85,956.00
6708695,21.92,17.48,18356.50,955.00
6711695,21.92,17.48,14726.77,956.00
6714695,21.92,17.48,18416.16,956.00
6717695,21.92,17.48,15197.33,955.00
6720695,21.92,17.49,16175.42,955.00
6723695,21.92,17.51,26441.56,956.00
6726695,21.92,17.51,22034.53,955.00
6729695,21.92,17.46,22586.81,955.00
6732695,21.91,17.48,12977.26,954.00
6735695,21.91,17.48,19593.30,954.00
6738695,21.91,17.48,11862.49,954.00
6741695,21.91,17.50,13870.78,956.00
6744695,21.92,17.49,18357.90,952.00
6747695,21.92,17.49,16820.32,955.00
6750695,21.92,17.52,19255.39,955.00
6753695,21.92,17.51,16550.01,954.00
6756695,21.92,17.52,44703.24,955.00
6759695,21.92,17.51,22335.27,958.00
6762695,21.92,17.49,17914.27,954.00
6765695,21.93,17.49,48970.00,945.00
6768695,21.92,17.49,27004.00,953.00
6771695,21.92,17.49,27866.12,954.00
6774695,21.92,17.48,19663.22,955.00
6777695,21.92,17.44,17449.53,956.00
6780695,21.92,17.47,21519.99,955.00
6783695,21.92,17.47,14356.82,956.00
6786695,21.92,17.48,22217.40,955.00
6789695,21.92,17.47,21338.39,955.00
6792695,21.92,17.48,22929.65,956.00
6795695,21.92,17.47,32720.95,954.00
6798695,21.92,17.47,24440.82,954.00
6801695,21.92,17.47,19896.73,954.00
6804695,21.92,17.48,16812.38,955.00
6807695,21.92,17.48,19493.45,955.00
6810695,21.92,17.47,17948.06,956.00
6813695,21.92,17.48,22421.00,956.00
6816695,21.92,17.47,16075.48,956.00
6819695,21.92,17.46,23372.14,959.00
6822695,21.92,17.46,19092.26,958.00
6825695,21.91,17.46,28187.42,956.00
6828695,21.92,17.46,24054.10,955.00
6831695,21.92,17.46,21254.16,954.00
6834695,21.92,17.46,16103.71,955.00
6837695,21.92,17.46,19536.56,955.00
6840695,21.92,17.47,33230.57,955.00
6843695,21.92,17.47,21950.51,956.00
6846695,21.92,17.47,28757.18,955.00
6849695,21.92,17.47,28053.32,956.00
6852695,21.92,17.43,25462.63,956.00
6855695,21.92,17.44,25645.33,956.00
6858695,21.92,17.46,27069.89,947.00
6861695,21.92,17.44,48640.09,954.00
6864695,21.92,17.46,31784.23,959.00
6867695,21.92,17.47,26854.68,954.00
6870695,21.93,17.47,25017.54,955.00
6873695,21.92,17.43,25619.19,952.00
6876695,21.92,17.44,29173.93,956.00
6879695,21.92,17.43,26139.79,955.00
6882695,21.92,17.43,22930.82,954.00
6885695,21.92,17.44,28958.83,954.00
6888695,21.92,17.44,22116.72,956.00
6891695,21.92,17.46,27013.63,955.00
6894695,21.92,17.46,26967.11,955.00
6897695,21.92,17.47,34810.67,954.00
6900695,21.92,17.48,18447.58,954.00
6903695,21.92,17.49,20212.18,967.00
6906695,21.92,17.46,21768.69,956.00
6909695,21.93,17.46,27916.86,955.00
6912695,21.92,17.46,32546.23,955.00
6915695,21.92,17.47,32054.38,955.00
6918695,21.92,17.47,45084.45,956.00
6921695,21.92,17.48,34135.00,955.00
6924695,21.92,17.48,34232.30,955.00
6927695,21.91,17.51,20119.04,954.00
6930695,21.92,17.51,15587.05,954.00
6933695,21.92,17.51,26252.08,955.00
6936695,21.92,17.49,36661.63,954.00
6939695,21.92,17.52,35592.82,953.00
6942695,21.92,17.49,23863.02,955.00
6945695,21.92,17.49,34796.61,955.00
6948695,21.92,17.51,24214.43,957.00
6951695,21.92,17.52,40472.87,956.00
6954695,21.92,17.53,28866.20,954.00
6957695,21.92,17.55,20549.35,954.00
6960695,21.92,17.55,24564.38,954.00
6963695,21.92,17.55,20509.30,954.00
6966695,21.93,17.57,21683.69,954.00
6969695,21.93,17.54,18226.44,953.00
6972695,21.93,17.54,15719.11,954.00
6975695,21.93,17.54,36176.64,954.00
6978695,21.93,17.54,20712.89,954.00
6981695,21.93,17.54,26228.48,954.00
6984695,21.93,17.55,27643.34,954.00
6987695,21.93,17.54,26421.90,946.00
6990695,21.93,17.55,26187.52,954.00
6993695,21.93,17.55,38471.08,954.00
6996695,21.93,17.55,45787.29,953.00
6999695,21.93,17.55,43417.96,952.00
7002695,21.93,17.55,48020.13,953.00
7005695,21.94,17.55,47990.87,953.00
7008695,21.93,17.55,49668.72,949.00
7011695,21.93,17.57,38447.73,953.00
7014695,21.93,17.55,49194.37,954.00
7017695,21.94,17.55,35820.12,954.00
7020695,21.94,17.54,48463.78,954.00
7023695,21.93,17.53,38864.64,950.00
7026695,21.93,17.53,26997.66,952.00
7029695,21.93,17.54,29486.01,953.00
7032695,21.94,17.54,33947.61,953.00
7035695,21.93,17.55,26627.27,962.00
7038695,21.93,17.55,40381.29,951.00
7041695,21.93,17.57,38254.06,951.00
7044695,21.93,17.57,22664.51,950.00
7047695,21.93,17.59,23327.90,963.00
7050695,21.93,17.63,26565.74,952.00
7053695,21.93,17.68,27328.22,952.00
7056695,21.93,17.69,28175.31,951.00
7059695,21.93,17.69,23897.06,951.00
7062695,21.93,17.68,21689.05,952.00
7065695,21.93,17.65,39953.87,942.00
7068695,21.93,17.64,26726.48,951.00
7071695,21.92,17.64,16972.82,950.00
7074695,21.92,17.67,20165.80,949.00
7077695,21.92,17.65,19639.37,950.00
7080695,21.92,17.64,17051.00,950.00
7083695,21.92,17.64,19363.87,950.00
7086695,21.92,17.65,20652.83,950.00
7089695,21.92,17.67,22233.64,950.00
7092695,21.92,17.68,17045.83,953.00
7095695,21.92,17.68,19362.14,949.00
7098695,21.92,17.69,17926.32,953.00
7101695,21.92,17.71,19287.26,949.00
7104695,21.92,17.74,33492.11,948.00
7107695,21.92,17.74,21470.00,949.00
7110695,21.92,17.75,17499.14,948.00
7113695,21.92,17.75,15897.28,949.00
7116695,21.91,17.76,17362.74,948.00
7119695,21.91,17.74,19873.95,949.00
7122695,21.91,17.75,19556.13,949.00
7125695,21.91,17.77,15053.91,948.00
7128695,21.91,17.76,13765.50,948.00
7131695,21.91,17.77,20273.78,948.00
7134695,21.91,17.77,17171.79,947.00
7137695,21.91,17.80,18139.85,946.00
7140695,21.90,17.81,18731.95,946.00
7143695,21.91,17.82,30689.18,945.00
7146695,21.91,17.84,25704.79,946.00
7149695,21.91,17.85,29780.52,947.00
7152695,21.91,17.86,19971.66,946.00
7155695,21.91,17.87,34199.29,947.00
7158695,21.91,17.88,21566.92,947.00
7161695,21.91,17.88,31455.49,945.00
7164695,21.91,17.88,28313.15,947.00
7167695,21.91,17.91,20589.89,944.00
7170695,21.91,17.95,25162.04,935.00
7173695,21.91,17.95,20138.20,944.00
7176695,21.91,17.98,21578.87,944.00
7179695,21.91,18.00,17265.54,945.00
7182695,21.91,18.01,19610.75,945.00
7185695,21.91,18.02,25986.81,944.00
7188695,21.92,18.06,20942.84,944.00
7191695,21.91,18.12,19581.09,944.00
7194695,21.91,18.14,17289.82,944.00
7197695,21.91,18.19,20430.79,943.00
7200695,21.91,18.21,22036.03,942.00
7203695,21.91,18.23,17398.37,939.00
7206695,21.91,18.25,27954.84,941.00
7209695,21.91,18.26,26126.62,945.00
7212695,21.91,18.28,24661.46,943.00
7215695,21.91,18.28,38540.86,942.00
7218695,21.91,18.31,21145.07,941.00
7221695,21.91,18.37,40663.83,942.00
7224695,21.91,18.42,46665.87,940.00
7227695,21.91,18.45,26571.61,938.00
7230695,21.91,18.46,20687.75,940.00
7233695,21.91,18.46,24980.12,938.00
7236695,21.91,18.47,28468.08,939.00
7239695,21.91,18.46,34186.95,937.00
7242695,21.91,18.46,24258.82,937.00
7245695,21.91,18.46,40099.12,935.00
7248695,21.91,18.42,21923.14,938.00
7251695,21.91,18.40,25266.59,937.00
7254695,21.91,18.39,29345.85,937.00
7257695,21.90,18.39,30485.83,936.00
7260695,21.91,18.40,29553.54,937.00
7263695,21.91,18.37,30757.12,937.00
7266695,21.91,18.31,23816.14,936.00
7269695,21.90,18.30,13222.27,933.00
7272695,21.90,18.31,25554.21,935.00
7275695,21.91,18.28,17183.30,934.00
7278695,21.91,18.28,20329.65,946.00
7281695,21.91,18.28,30165.73,933.00
7284695,21.91,18.28,28951.30,933.00
7287695,21.91,18.26,20452.90,932.00
7290695,21.91,18.26,17465.78,930.00
7293695,21.91,18.26,23360.28,930.00
7296695,21.91,18.28,23707.54,930.00
7299695,21.91,18.26,32523.60,929.00
7302695,21.91,18.26,11826.48,928.00
7305695,21.90,18.28,13431.18,927.00
7308695,21.91,18.30,19175.65,926.00
7311695,21.91,18.30,17936.44,926.00
7314695,21.91,18.31,28065.55,926.00
7317695,21.92,18.31,16448.96,926.00
7320695,21.91,18.33,14731.48,926.00
7323695,21.91,18.35,23417.46,917.00
7326695,21.91,18.36,15097.33,925.00
7329695,21.92,18.37,23355.31,924.00
7332695,21.91,18.37,25541.13,922.00
7335695,21.91,18.37,13483.15,922.00
7338695,21.91,18.39,30492.54,921.00
7341695,21.91,18.40,18235.24,921.00
7344695,21.91,18.41,19750.74,918.00
7347695,21.91,18.41,15666.13,917.00
7350695,21.92,18.42,14752.26,916.00
7353695,21.92,18.44,18808.81,914.00
7356695,21.91,18.44,29927.23,913.00
7359695,21.92,18.45,25733.17,912.00
7362695,21.92,18.45,22238.10,907.00
7365695,21.92,18.44,13030.14,909.00
7368695,21.91,18.44,21534.47,908.00
7371695,21.92,18.44,20709.56,907.00
7374695,21.92,18.45,18278.24,905.00
7377695,21.91,18.45,29765.48,903.00
7380695,21.92,18.46,15082.00,899.00
7383695,21.92,18.47,31599.26,912.00
7386695,21.91,18.49,11984.73,892.00
7389695,21.91,18.49,21107.81,898.00
7392695,21.92,18.49,13017.80,896.00
7395695,21.92,18.49,15308.42,894.00
7398695,21.92,18.50,15545.32,893.00
7401695,21.92,18.52,31306.76,890.00
7404695,21.92,18.53,19749.35,890.00
7407695,21.92,18.52,13813.57,887.00
7410695,21.92,18.53,14915.98,885.00
7413695,21.92,18.53,15400.96,883.00
7416695,21.92,18.52,21378.63,881.00
7419695,21.92,18.52,13492.34,879.00
7422695,21.92,18.51,12964.32,877.00
7425695,21.92,18.51,14852.93,876.00
7428695,21.91,18.52,14700.19,876.00
7431695,21.91,18.55,11520.11,872.00
7434695,21.92,18.56,14147.17,870.00
7437695,21.92,18.59,16075.19,870.00
7440695,21.92,18.61,12836.27,869.00
7443695,21.91,18.61,14746.46,867.00
7446695,21.92,18.59,15765.05,867.00
7449695,21.91,18.63,13551.84,865.00
7452695,21.92,18.66,15388.30,864.00
7455695,21.91,18.66,11011.58,861.00
7458695,21.92,18.64,24833.55,862.00
7461695,21.91,18.64,31048.76,858.00
7464695,21.91,18.64,14619.05,857.00
7467695,21.91,18.67,29801.10,855.00
7470695,21.92,18.67,22886.24,854.00
7473695,21.92,18.67,30303.99,853.00
7476695,21.92,18.68,28498.03,851.00
7479695,21.91,18.69,25344.78,850.00
7482695,21.92,18.68,31271.25,847.00
7485695,21.92,18.68,27065.68,847.00
7488695,21.92,18.67,25400.05,847.00
7491695,21.92,18.67,32931.97,842.00
7494695,21.92,18.66,38823.37,844.00
7497695,21.92,18.66,28062.34,843.00
7500695,21.92,18.67,18092.80,851.00
7503695,21.92,18.66,13128.05,840.00
7506695,21.92,18.64,17044.65,839.00
7509695,21.92,18.63,18286.98,837.00
7512695,21.91,18.62,28723.96,836.00
7515695,21.91,18.61,31213.60,836.00
7518695,21.91,18.62,22073.69,834.00
7521695,21.92,18.62,12762.14,834.00
7524695,21.91,18.64,25051.52,833.00
7527695,21.91,18.67,23389.12,833.00
7530695,21.91,18.68,29527.41,832.00
7533695,21.91,18.68,29643.48,832.00
7536695,21.91,18.68,21779.16,841.00
7539695,21.92,18.67,23727.25,825.00
7542695,21.92,18.67,18656.69,830.00
7545695,21.92,18.68,18284.65,832.00
7548695,21.91,18.68,17019.32,832.00
7551695,21.92,18.66,19174.50,833.00
7554695,21.92,18.66,17871.03,833.00
7557695,21.92,18.64,10706.41,837.00
7560695,21.92,18.63,38016.65,834.00
7563695,21.91,18.62,40367.90,834.00
7566695,21.91,18.62,31008.19,834.00
7569695,21.92,18.61,15863.73,834.00
7572695,21.91,18.61,15660.85,834.00
7575695,21.92,18.61,16125.55,834.00
7578695,21.92,18.62,11589.04,841.00
7581695,21.92,18.66,19943.73,829.00
7584695,21.91,18.66,24810.86,830.00
7587695,21.92,18.67,12229.75,833.00
7590695,21.91,18.67,19078.27,833.00
7593695,21.91,18.66,17022.55,831.00
7596695,21.92,18.66,14465.03,830.00
7599695,21.91,18.67,15820.81,831.00
7602695,21.91,18.66,18670.62,831.00
7605695,21.92,18.64,46529.71,831.00
7608695,21.92,18.67,15374.28,832.00
7611695,21.92,18.66,14130.43,833.00
7614695,21.92,18.64,16659.77,833.00
7617695,21.92,18.64,13775.93,825.00
7620695,21.92,18.64,12283.85,834.00
7623695,21.92,18.66,12299.86,834.00
7626695,21.92,18.66,12604.85,833.00
7629695,21.92,18.66,13296.72,834.00
7632695,21.92,18.66,11431.70,835.00
7635695,21.92,18.66,11746.96,834.00
7638695,21.92,18.67,15053.57,829.00
7641695,21.92,18.69,15934.45,836.00
7644695,21.92,18.69,12473.69,836.00
7647695,21.92,18.69,13034.93,829.00
7650695,21.92,18.66,15093.93,837.00
7653695,21.93,18.64,12427.54,837.00
7656695,21.93,18.64,11505.04,837.00
7659695,21.93,18.66,12803.92,840.00
7662695,21.92,18.66,12965.87,836.00
7665695,21.93,18.68,13386.11,837.00
7668695,21.93,18.67,13249.08,838.00
7671695,21.92,18.67,14055.37,838.00
7674695,21.93,18.68,12613.09,838.00
7677695,21.93,18.68,15240.72,838.00
7680695,21.93,18.67,14340.30,839.00
7683695,21.93,18.66,15378.78,839.00
7686695,21.93,18.64,16916.91,839.00
7689695,21.93,18.66,15615.57,839.00
7692695,21.93,18.67,14631.94,840.00
7695695,21.93,18.66,18994.21,840.00
7698695,21.93,18.63,18264.28,839.00
7701695,21.93,18.61,23123.78,838.00
7704695,21.94,18.58,17310.30,840.00
7707695,21.93,18.57,15187.29,839.00
7710695,21.93,18.57,13442.07,839.00
7713695,21.93,18.55,20827.49,840.00
7716695,21.93,18.52,16191.58,840.00
7719695,21.93,18.54,15256.06,840.00
7722695,21.93,18.52,17378.50,839.00
7725695,21.93,18.52,13177.60,840.00
7728695,21.93,18.55,17295.62,841.00
7731695,21.93,18.54,14560.91,842.00
7734695,21.94,18.52,14104.26,842.00
7737695,21.93,18.51,18097.29,841.00
7740695,21.94,18.51,15629.05,842.00
7743695,21.94,18.49,23702.99,841.00
7746695,21.94,18.47,27629.53,840.00
7749695,21.94,18.49,20088.77,840.00
7752695,21.94,18.49,20754.04,837.00
7755695,21.94,18.50,22408.13,835.00
7758695,21.93,18.47,24012.82,836.00
7761695,21.94,18.44,26934.15,834.00
7764695,21.94,18.44,17446.67,833.00
7767695,21.94,18.42,17274.14,833.00
7770695,21.94,18.45,20746.58,834.00
7773695,21.94,18.46,35951.29,833.00
7776695,21.94,18.49,30550.80,832.00
7779695,21.94,18.50,20072.69,832.00
7782695,21.94,18.51,26562.97,833.00
7785695,21.94,18.54,22136.71,832.00
7788695,21.95,18.55,28945.25,831.00
7791695,21.94,18.57,42340.94,831.00
7794695,21.94,18.57,23827.78,831.00
7797695,21.95,18.60,40772.03,831.00
7800695,21.95,18.58,24363.12,831.00
7803695,21.95,18.58,18011.88,830.00
7806695,21.95,18.61,45826.05,829.00
7809695,21.95,18.61,40332.35,828.00
7812695,21.96,18.61,41567.79,829.00
7815695,21.95,18.61,29694.13,828.00
7818695,21.95,18.61,19317.36,827.00
7821695,21.95,18.61,18188.39,826.00
7824695,21.95,18.61,22983.42,826.00
7827695,21.95,18.61,43354.78,826.00
7830695,21.96,18.61,44831.34,825.00
7833695,21.96,18.60,41605.01,824.00
7836695,21.95,18.61,16854.82,825.00
7839695,21.96,18.62,19449.30,825.00
7842695,21.95,18.62,39712.75,826.00
7845695,21.96,18.61,28552.25,826.00
7848695,21.95,18.61,21230.72,827.00
7851695,21.96,18.61,17687.02,828.00
7854695,21.96,18.61,24705.16,832.00
7857695,21.96,18.62,19588.40,831.00
7860695,21.96,18.63,13228.77,831.00
7863695,21.96,18.63,14535.03,830.00
7866695,21.96,18.63,15944.73,833.00
7869695,21.96,18.61,15821.62,833.00
7872695,21.96,18.58,13358.22,833.00
7875695,21.96,18.60,12849.76,834.00
7878695,21.95,18.62,12479.46,835.00
7881695,21.96,18.62,12439.56,836.00
7884695,21.96,18.63,15187.05,847.00
7887695,21.95,18.67,11327.89,838.00
7890695,21.95,18.71,11605.49,840.00
7893695,21.96,18.72,19414.08,841.00
7896695,21.96,18.74,16401.93,843.00
7899695,21.96,18.74,12948.59,844.00
7902695,21.96,18.76,16390.06,846.00
7905695,21.96,18.78,14998.17,847.00
7908695,21.96,18.81,18436.33,849.00
7911695,21.96,18.79,15230.61,851.00
7914695,21.96,18.79,23654.54,852.00
7917695,21.97,18.77,16026.80,853.00
7920695,21.97,18.77,13361.07,855.00
7923695,21.97,18.76,15817.14,857.00
7926695,21.97,18.74,15926.91,860.00
7929695,21.97,18.74,13670.12,861.00
7932695,21.97,18.73,14869.84,863.00
7935695,21.97,18.72,14132.85,866.00
7938695,21.97,18.73,15966.66,868.00
7941695,21.97,18.74,14237.93,870.00
7944695,21.97,18.72,15808.30,871.00
7947695,21.97,18.72,18358.11,873.00
7950695,21.97,18.71,14286.17,876.00
7953695,21.98,18.71,15385.93,877.00
7956695,21.98,18.71,17577.30,880.00
7959695,21.98,18.72,23880.59,881.00
7962695,21.97,18.73,18951.27,881.00
7965695,21.98,18.74,20498.36,885.00
7968695,21.98,18.76,18659.31,887.00
7971695,21.98,18.74,32328.82,888.00
7974695,21.98,18.76,27303.57,889.00
7977695,21.97,18.77,17530.57,893.00
7980695,21.98,18.77,31871.18,896.00
7983695,21.98,18.78,18260.20,896.00
7986695,21.98,18.78,18345.16,898.00
7989695,21.98,18.79,17733.90,901.00
7992695,21.98,18.78,14404.53,905.00
7995695,21.98,18.78,20059.88,904.00
7998695,21.98,18.78,17370.04,903.00
8001695,21.98,18.78,19803.63,906.00
8004695,21.98,18.79,15927.94,908.00
8007695,21.98,18.82,18556.56,909.00
8010695,21.98,18.84,26433.28,910.00
8013695,21.98,18.87,17491.91,912.00
8016695,21.98,18.88,18901.98,913.00
8019695,21.98,18.88,23988.22,915.00
8022695,21.98,18.88,13531.54,917.00
8025695,21.98,18.88,17458.19,917.00
8028695,21.98,18.88,16658.58,918.00
8031695,21.98,18.88,11234.45,918.00
8034695,21.98,18.87,13624.12,917.00
8037695,21.99,18.87,14332.02,921.00
8040695,21.98,18.86,17111.61,921.00
8043695,21.98,18.83,14445.49,923.00
8046695,21.98,18.82,12693.22,924.00
8049695,21.98,18.82,12289.20,925.00
8052695,21.98,18.82,13579.09,927.00
8055695,21.98,18.82,14964.69,927.00
8058695,21.98,18.79,18099.67,929.00
8061695,21.99,18.78,20936.64,921.00
8064695,21.98,18.77,19786.05,929.00
8067695,21.99,18.76,31778.89,931.00
8070695,22.00,18.76,48184.96,932.00
8073695,21.99,18.76,19784.12,931.00
8076695,21.99,18.75,20759.20,934.00
8079695,21.99,18.75,10990.94,933.00
8082695,21.99,18.76,15451.85,933.00
8085695,21.99,18.77,20376.91,944.00
8088695,21.99,18.77,22882.93,934.00
8091695,21.99,18.78,16551.54,935.00
8094695,21.99,18.78,26554.48,936.00
8097695,21.99,18.83,13233.82,936.00
8100695,21.99,18.84,11777.01,937.00
8103695,22.00,18.88,15302.38,936.00
8106695,22.00,18.89,12883.32,936.00
8109695,22.00,18.90,22073.16,936.00
8112695,22.00,18.89,14692.50,936.00
8115695,22.00,18.87,13313.73,937.00
8118695,22.00,18.87,14309.57,938.00
8121695,22.00,18.84,17050.70,938.00
8124695,22.01,18.84,20457.76,938.00
8127695,22.00,18.83,16352.61,938.00
8130695,22.00,18.83,10818.52,938.00
8133695,22.01,18.83,17389.19,938.00
8136695,22.01,18.81,16787.52,938.00
8139695,22.01,18.82,17370.84,938.00
8142695,22.01,18.84,18164.18,938.00
8145695,22.01,18.88,17850.43,938.00
8148695,22.01,18.91,28249.50,937.00
8151695,22.01,18.92,32510.68,939.00
8154695,22.01,18.91,23772.64,939.00
8157695,22.01,18.89,26463.13,939.00
8160695,22.01,18.89,17722.19,939.00
8163695,22.01,18.91,14029.31,939.00
8166695,22.01,18.92,22416.43,938.00
8169695,22.02,18.87,20991.69,939.00
8172695,22.02,18.84,20181.87,938.00
8175695,22.02,18.84,24094.60,939.00
8178695,22.01,18.84,28850.01,937.00
8181695,22.02,18.84,16705.96,939.00
8184695,22.02,18.84,21277.50,940.00
8187695,22.01,18.83,18696.54,940.00
8190695,22.01,18.81,12559.20,939.00
8193695,22.01,18.79,13829.54,939.00
8196695,22.02,18.77,22446.21,939.00
8199695,22.02,18.78,15797.69,939.00
8202695,22.02,18.77,19179.78,938.00
8205695,22.02,18.78,15098.24,938.00
8208695,22.01,18.78,16721.19,939.00
8211695,22.02,18.78,18803.22,940.00
8214695,22.01,18.78,15945.29,943.00
8217695,22.02,18.76,23490.36,939.00
8220695,22.02,18.77,17345.17,939.00
8223695,22.02,18.75,20015.96,943.00
8226695,22.02,18.73,22143.72,939.00
8229695,22.02,18.73,18419.22,939.00
8232695,22.01,18.73,17632.77,940.00
8235695,22.02,18.72,30387.73,938.00
8238695,22.01,18.72,23686.25,941.00
8241695,22.01,18.72,16688.28,937.00
8244695,22.01,18.73,27902.45,939.00
8247695,22.01,18.75,29999.35,939.00
8250695,22.02,18.75,27228.35,939.00
8253695,22.01,18.75,22232.85,938.00
8256695,22.01,18.77,19273.97,938.00
8259695,22.01,18.78,19620.64,938.00
8262695,22.01,18.76,23275.44,929.00
8265695,22.01,18.77,22283.92,937.00
8268695,22.00,18.75,19811.80,937.00
8271695,22.00,18.77,25583.18,937.00
8274695,22.01,18.77,18209.49,936.00
8277695,22.00,18.78,17629.41,946.00
8280695,22.01,18.77,18753.83,937.00
8283695,22.00,18.77,21380.91,936.00
8286695,22.00,18.77,11665.71,936.00
8289695,22.00,18.78,12196.86,935.00
8292695,22.01,18.82,18071.99,936.00
8295695,22.00,18.86,18444.45,935.00
8298695,22.00,18.88,19274.14,934.00
8301695,22.00,18.88,22357.71,934.00
8304695,22.01,18.89,18143.86,933.00
8307695,22.00,18.88,21773.38,932.00
8310695,22.00,18.88,20131.29,932.00
8313695,22.01,18.89,17058.31,932.00
8316695,22.00,19.01,19786.59,931.00
8319695,22.00,19.06,18299.03,930.00
8322695,22.01,19.09,28294.08,928.00
8325695,22.01,19.06,29764.81,927.00
8328695,22.01,19.02,14699.86,926.00
8331695,22.01,18.99,19057.28,925.00
8334695,22.00,18.98,15235.97,923.00
8337695,22.01,18.97,17827.27,921.00
8340695,22.01,18.95,23678.48,919.00
8343695,22.00,18.94,22254.02,918.00
8346695,22.00,18.97,21886.35,916.00
8349695,22.00,18.99,25034.31,913.00
8352695,22.00,19.01,10252.40,912.00
8355695,22.01,19.04,17930.39,912.00
8358695,22.01,19.01,32004.86,907.00
8361695,22.01,19.01,22937.22,907.00
8364695,22.01,19.00,23837.23,904.00
8367695,22.00,18.97,23998.08,913.00
8370695,22.01,18.94,28557.54,901.00
8373695,22.00,18.93,17564.48,900.00
8376695,22.00,18.94,24761.49,899.00
8379695,22.00,18.95,19646.88,897.00
8382695,22.00,18.95,18589.40,895.00
8385695,22.00,18.97,31129.12,893.00
8388695,21.99,18.99,16649.15,892.00
8391695,22.00,18.99,17903.79,891.00
8394695,21.99,19.00,22719.44,889.00
8397695,21.98,19.00,23933.63,891.00
8400695,21.99,19.04,20812.72,878.00
8403695,21.99,19.08,23617.15,883.00
8406695,21.99,19.11,13388.69,882.00
8409695,21.99,19.19,16543.49,878.00
8412695,21.99,19.21,22550.31,877.00
8415695,21.99,19.22,29428.66,876.00
8418695,21.99,19.23,24952.69,874.00
8421695,21.99,19.25,27390.90,872.00
8424695,21.99,19.25,22502.48,871.00
8427695,21.99,19.25,34410.78,869.00
8430695,21.99,19.26,26303.25,867.00
8433695,21.99,19.22,31274.74,865.00
8436695,21.98,19.21,17665.20,862.00
8439695,21.99,19.19,15836.73,862.00
8442695,21.98,19.20,13911.16,860.00
8445695,21.98,19.17,19872.15,858.00
8448695,21.98,19.16,18397.97,856.00
8451695,21.98,19.15,17595.50,854.00
8454695,21.98,19.14,15067.76,848.00
8457695,21.98,19.14,15747.02,859.00
8460695,21.98,19.14,14898.10,858.00
8463695,21.98,19.15,19444.65,846.00
8466695,21.98,19.11,11986.81,844.00
8469695,21.98,19.10,13659.35,843.00
8472695,21.98,19.10,14176.24,842.00
8475695,21.97,19.12,16311.09,840.00
8478695,21.97,19.12,11820.25,839.00
8481695,21.97,19.12,12727.31,839.00
8484695,21.97,19.12,18791.44,837.00
8487695,21.97,19.10,22216.52,835.00
8490695,21.97,19.08,26706.43,845.00
8493695,21.97,19.09,13806.47,833.00
8496695,21.97,19.06,14164.09,831.00
8499695,21.97,19.04,12819.89,830.00
8502695,21.97,19.06,10371.84,839.00
8505695,21.96,19.09,13143.89,822.00
8508695,21.96,19.14,12433.75,827.00
8511695,21.96,19.12,12005.22,827.00
8514695,21.96,19.06,14212.54,825.00
8517695,21.95,19.04,19253.75,824.00
8520695,21.95,19.05,10314.54,824.00
8523695,21.95,19.05,14738.54,823.00
8526695,21.94,19.12,14939.91,821.00
8529695,21.94,19.22,12245.15,821.00
8532695,21.94,19.17,11877.54,824.00
8535695,21.94,19.13,16283.83,819.00
8538695,21.93,19.18,11912.66,818.00
8541695,21.93,19.16,22640.79,818.00
8544695,21.93,19.27,16490.60,817.00
8547695,21.92,19.31,11970.52,816.00
8550695,21.92,19.28,12716.53,816.00
8553695,21.92,19.22,10360.83,815.00
8556695,21.92,19.21,14725.02,815.00
8559695,21.92,19.22,12895.79,814.00
8562695,21.92,19.23,10355.25,815.00
8565695,21.92,19.26,11347.21,814.00
8568695,21.92,19.28,13776.46,813.00
8571695,21.92,19.23,15320.97,812.00
8574695,21.92,19.17,12404.19,812.00
8577695,21.92,19.15,14865.39,811.00
8580695,21.91,19.16,13979.93,810.00
8583695,21.91,19.18,14892.67,809.00
8586695,21.91,19.18,13032.69,801.00
8589695,21.91,19.19,17484.76,808.00
8592695,21.91,19.18,17396.09,806.00
8595695,21.92,19.17,17277.08,804.00
8598695,21.91,19.15,12895.67,804.00
8601695,21.91,19.15,15352.53,803.00
8604695,21.91,19.13,13886.69,802.00
8607695,21.91,19.13,14559.44,800.00
8610695,21.91,19.13,14256.07,798.00
8613695,21.91,19.11,13510.96,797.00
8616695,21.91,19.10,16922.16,796.00
8619695,21.91,19.10,24898.72,796.00
8622695,21.91,19.10,17493.47,794.00
8625695,21.91,19.10,20114.90,793.00
8628695,21.91,19.11,23271.74,793.00
8631695,21.91,19.13,16590.43,791.00
8634695,21.91,19.16,15388.85,789.00
8637695,21.91,19.16,19635.61,789.00
8640695,21.90,19.16,23663.49,788.00
8643695,21.91,19.17,15280.40,788.00
8646695,21.91,19.15,14581.54,787.00
8649695,21.91,19.15,10497.03,785.00
8652695,21.91,19.15,19420.77,785.00
8655695,21.91,19.12,21840.33,785.00
8658695,21.90,19.10,14098.51,785.00
8661695,21.91,19.07,17138.02,784.00
8664695,21.91,19.06,25039.38,783.00
8667695,21.91,19.08,20335.34,783.00
8670695,21.90,19.11,16282.91,783.00
8673695,21.90,19.10,25811.26,784.00
8676695,21.90,19.12,22613.55,783.00
8679695,21.90,19.13,26032.69,787.00
8682695,21.90,19.13,20112.97,785.00
8685695,21.91,19.11,23363.05,786.00
8688695,21.90,19.08,19514.83,785.00
8691695,21.91,19.08,22306.34,783.00
8694695,21.90,19.13,18090.84,783.00
8697695,21.90,19.17,29811.89,783.00
8700695,21.90,19.23,20861.86,783.00
8703695,21.90,19.24,17711.82,782.00
8706695,21.90,19.26,20295.81,780.00
8709695,21.90,19.24,33643.48,783.00
8712695,21.90,19.23,31394.42,783.00
8715695,21.90,19.22,23765.44,782.00
8718695,21.90,19.22,41697.77,782.00
8721695,21.90,19.24,32125.18,782.00
8724695,21.90,19.24,29942.44,782.00
8727695,21.90,19.26,28918.14,791.00
8730695,21.91,19.24,24884.87,779.00
8733695,21.90,19.24,17360.86,779.00
8736695,21.90,19.22,19823.03,778.00
8739695,21.91,19.23,19628.67,778.00
8742695,21.90,19.24,21434.39,777.00
8745695,21.90,19.26,20875.43,777.00
8748695,21.91,19.27,38098.26,775.00
8751695,21.91,19.27,25705.91,775.00
8754695,21.91,19.26,20190.09,773.00
8757695,21.91,19.24,23694.11,772.00
8760695,21.91,19.24,15127.62,773.00
8763695,21.91,19.24,23076.93,769.00
8766695,21.91,19.24,27350.65,767.00
8769695,21.91,19.26,20230.52,767.00
8772695,21.92,19.23,23644.08,765.00
8775695,21.92,19.21,14470.47,763.00
8778695,21.92,19.15,23234.30,762.00
8781695,21.92,19.12,29635.09,762.00
8784695,21.91,19.12,25265.33,758.00
8787695,21.92,19.13,15162.35,757.00
8790695,21.92,19.11,13493.31,755.00
8793695,21.92,19.11,18797.90,758.00
8796695,21.92,19.12,22821.53,752.00
8799695,21.92,19.16,12748.03,750.00
8802695,21.92,19.21,12735.11,747.00
8805695,21.92,19.23,11921.83,743.00
8808695,21.92,19.23,17747.56,740.00
8811695,21.92,19.21,14906.75,737.00
8814695,21.92,19.21,20251.93,735.00
8817695,21.93,19.18,15013.58,733.00
8820695,21.93,19.17,26683.86,731.00
8823695,21.93,19.16,21071.78,730.00
8826695,21.93,19.17,16840.01,730.00
8829695,21.93,19.17,16862.03,728.00
8832695,21.93,19.17,14838.56,728.00
8835695,21.93,19.15,14747.56,728.00
8838695,21.93,19.16,18729.44,727.00
8841695,21.93,19.16,15885.18,726.00
8844695,21.92,19.11,19531.20,727.00
8847695,21.92,19.08,20464.75,726.00
8850695,21.93,19.06,13235.51,726.00
8853695,21.93,19.07,26503.23,718.00
8856695,21.93,19.11,18091.85,724.00
8859695,21.93,19.08,12863.53,724.00
8862695,21.93,19.05,21220.93,724.00
8865695,21.93,19.06,20100.27,723.00
8868695,21.93,19.06,36323.02,716.00
8871695,21.93,19.08,38227.71,724.00
8874695,21.93,19.09,23446.11,734.00
8877695,21.93,19.10,27550.37,725.00
8880695,21.93,19.07,27488.82,724.00
8883695,21.93,19.05,27488.82,725.00
8886695,21.93,19.06,27488.82,736.00
8893208,21.91,19.20,0.00,730.00
8896208,21.93,19.20,22932.09,730.00
8899208,21.93,19.17,20588.49,728.00
8902208,21.93,19.20,20937.50,731.00
8905208,21.93,19.27,16004.01,732.00
8908208,21.93,19.34,21623.17,727.00
8911208,21.93,19.40,20372.00,735.00
8914208,21.93,19.40,19810.22,736.00
8917208,21.93,19.39,29647.78,737.00
8920208,21.93,19.39,25894.57,738.00
8923208,21.94,19.43,18350.54,740.00
8926208,21.93,19.45,17300.26,751.00
8929208,21.94,19.46,14616.27,744.00
8932208,21.93,19.44,24894.46,745.00
8935208,21.94,19.43,27723.02,747.00
8938208,21.94,19.43,24370.82,748.00
8941208,21.94,19.45,24697.39,750.00
8944208,21.94,19.45,24264.27,752.00
8947208,21.94,19.43,32618.87,754.00
8950208,21.94,19.44,40885.96,756.00
8953208,21.94,19.40,31836.81,759.00
8956208,21.95,19.38,26649.96,760.00
8959208,21.94,19.32,30524.76,762.00
8962208,21.94,19.31,21259.59,764.00
8965208,21.94,19.32,18256.15,765.00
8968208,21.94,19.32,22852.87,768.00
8971208,21.95,19.32,18024.29,771.00
8974208,21.95,19.32,37025.52,773.00
8977208,21.96,19.36,41661.61,775.00
8980208,21.96,19.34,29653.78,778.00
8983208,21.95,19.33,30092.49,779.00
8986208,21.95,19.33,35953.21,781.00
8989208,21.96,19.33,31625.08,783.00
8992208,21.96,19.31,33868.75,785.00
8995208,21.96,19.31,20150.24,786.00
8998208,21.97,19.28,26061.01,789.00
9001208,21.96,19.26,35463.38,789.00
9004208,21.96,19.26,21479.61,789.00
9007208,21.96,19.25,16093.10,791.00
9010208,21.97,19.23,10714.25,792.00
9013208,21.96,19.23,14872.56,793.00
9016208,21.97,19.23,19507.75,794.00
9019208,21.96,19.23,19914.96,796.00
9022208,21.96,19.20,28273.98,796.00
9025208,21.96,19.22,18466.52,808.00
9028208,21.97,19.25,20085.59,799.00
9031208,21.96,19.25,14153.05,799.00
9034208,21.96,19.25,16282.02,800.00
9037208,21.96,19.25,19259.89,802.00
9040208,21.97,19.25,18122.19,803.00
9043208,21.97,19.23,39588.91,805.00
9046208,21.97,19.25,13884.54,805.00
9049208,21.97,19.23,22532.68,806.00
9052208,21.97,19.22,16105.85,807.00
9055208,21.97,19.23,25727.30,807.00
9058208,21.97,19.26,20282.60,807.00
9061208,21.97,19.26,12728.71,807.00
9064208,21.97,19.26,20186.64,806.00
9067208,21.97,19.26,20559.85,805.00
9070208,21.97,19.27,24455.39,805.00
9073208,21.97,19.26,19411.70,808.00
9076208,21.97,19.26,17416.99,803.00
9079208,21.96,19.25,31955.01,802.00
9082208,21.96,19.28,21720.04,801.00
9085208,21.96,19.36,19418.11,800.00
9088208,21.96,19.29,19532.82,800.00
9091208,21.96,19.32,20931.87,799.00
9094208,21.95,19.29,22237.96,803.00
9097208,21.96,19.31,26021.10,798.00
9100208,21.95,19.32,18358.00,798.00
9103208,21.95,19.32,23144.46,797.00
9106208,21.95,19.32,23040.71,809.00
9109208,21.95,19.31,27385.60,796.00
9112208,21.95,19.31,15787.41,793.00
9115208,21.95,19.28,25972.44,794.00
9118208,21.95,19.27,19330.81,792.00
9121208,21.95,19.29,16912.32,791.00
9124208,21.95,19.39,21600.54,790.00
9127208,21.96,19.49,19601.49,788.00
9130208,21.96,19.49,16532.59,787.00
9133208,21.96,19.43,26405.01,785.00
9136208,21.96,19.38,20793.09,787.00
9139208,21.96,19.34,30194.97,785.00
9142208,21.96,19.32,34137.28,779.00
9145208,21.97,19.32,15613.05,778.00
9148208,21.96,19.37,19936.25,777.00
9151208,21.96,19.44,16881.16,774.00
9154208,21.96,19.43,16916.52,774.00
9157208,21.97,19.44,21694.67,772.00
9160208,21.96,19.44,19727.37,770.00
9163208,21.97,19.44,21173.79,769.00
9166208,21.97,19.44,17603.63,766.00
9169208,21.97,19.45,14234.47,764.00
9172208,21.96,19.47,39588.79,764.00
9175208,21.97,19.52,26235.68,763.00
9178208,21.97,19.58,20975.32,762.00
9181208,21.97,19.56,22188.21,761.00
9184208,21.97,19.49,29624.21,760.00
9187208,21.97,19.48,18750.92,759.00
9190208,21.97,19.45,19661.35,759.00
9193208,21.97,19.42,39494.95,759.00
9196208,21.97,19.38,47167.74,759.00
9199208,21.97,19.34,42092.25,759.00
9202208,21.97,19.34,43088.84,760.00
9205208,21.97,19.43,39016.94,760.00
9208208,21.97,19.48,45142.57,760.00
9211208,21.97,19.52,28625.32,761.00
9214208,21.97,19.53,36472.64,762.00
9217208,21.97,19.55,38849.45,766.00
9220208,21.97,19.54,38716.76,763.00
9223208,21.97,19.53,31694.46,762.00
9226208,21.97,19.48,39762.63,762.00
9229208,21.97,19.45,29414.57,762.00
9232208,21.97,19.44,44150.23,761.00
9235208,21.97,19.43,24628.62,762.00
9238208,21.97,19.42,37988.52,762.00
9241208,21.96,19.41,46642.66,762.00
9244208,21.97,19.41,39137.29,761.00
9247208,21.97,19.39,30198.16,762.00
9250208,21.98,19.37,25076.26,762.00
9253208,21.98,19.33,37213.60,760.00
9256208,21.97,19.32,25405.59,765.00
9259208,21.98,19.31,33124.60,761.00
9262208,21.97,19.31,35321.19,761.00
9265208,21.98,19.30,28177.03,762.00
9268208,21.97,19.30,25677.57,762.00
9271208,21.97,19.22,19378.30,762.00
9274208,21.97,19.19,28994.77,761.00
9277208,21.97,19.19,29971.89,757.00
9280208,21.97,19.19,26174.62,761.00
9283208,21.97,19.17,29481.17,765.00
9286208,21.97,19.20,30998.37,765.00
9289208,21.97,19.23,33806.15,764.00
9292208,21.98,19.27,15872.29,765.00
9295208,21.98,19.31,18219.74,767.00
9298208,21.98,19.32,39752.16,769.00
9301208,21.98,19.33,37979.14,766.00
9304208,21.98,19.34,23340.47,770.00
9307208,21.98,19.32,47870.59,770.00
9310208,21.98,19.36,23333.13,770.00
9313208,21.98,19.43,26306.99,770.00
9316208,21.98,19.45,30484.28,770.00
9319208,21.98,19.47,21842.38,769.00
9322208,21.98,19.43,17669.56,769.00
9325208,21.98,19.42,24423.82,769.00
9328208,21.98,19.41,18411.52,769.00
9331208,21.98,19.38,31778.04,769.00
9334208,21.98,19.34,35987.53,770.00
9337208,21.98,19.32,35657.60,771.00
9340208,21.99,19.30,27179.32,772.00
9343208,21.98,19.30,31366.54,771.00
9346208,21.98,19.31,32799.48,774.00
9349208,21.98,19.31,28051.38,775.00
9352208,21.98,19.31,25094.88,777.00
9355208,21.98,19.33,22523.76,778.00
9358208,21.97,19.37,29666.84,780.00
9361208,21.97,19.31,20244.29,781.00
9364208,21.97,19.27,31540.21,784.00
9367208,21.97,19.25,34307.89,785.00
9370208,21.97,19.25,34407.08,780.00
9373208,21.98,19.25,29806.57,789.00
9376208,21.97,19.27,36709.48,790.00
9379208,21.98,19.28,31360.81,794.00
9382208,21.97,19.29,17193.31,796.00
9385208,21.97,19.27,35717.00,797.00
9388208,21.97,19.27,27651.78,800.00
9391208,21.97,19.26,28592.71,803.00
9394208,21.98,19.25,27550.31,805.00
9397208,21.98,19.27,36570.67,807.00
9400208,21.97,19.26,45999.90,808.00
9403208,21.98,19.25,21356.33,810.00
9406208,21.98,19.26,38938.91,813.00
9409208,21.98,19.28,32393.13,815.00
9412208,21.98,19.30,27360.01,810.00
9415208,21.98,19.30,17741.00,811.00
9418208,21.98,19.30,32346.03,821.00
9421208,21.99,19.31,27336.31,817.00
9424208,21.98,19.28,27773.64,826.00
9427208,21.98,19.28,35848.35,828.00
9430208,21.98,19.28,28558.17,832.00
9433208,21.99,19.28,36054.52,833.00
9436208,21.99,19.30,34193.25,836.00
9439208,21.99,19.31,36141.68,838.00
9442208,21.98,19.36,48340.09,840.00
9445208,21.98,19.41,43024.95,842.00
9448208,21.98,19.37,22994.83,845.00
9451208,21.98,19.34,13074.71,847.00
9454208,21.98,19.31,22120.07,849.00
9457208,21.98,19.27,34554.82,852.00
9460208,21.98,19.28,18420.12,854.00
9463208,21.98,19.34,19961.28,856.00
9466208,21.98,19.38,23532.05,858.00
9469208,21.98,19.39,18115.93,860.00
9472208,21.99,19.38,26007.31,863.00
9475208,21.99,19.34,29152.08,865.00
9478208,21.99,19.32,17084.69,867.00
9481208,21.99,19.32,37515.49,868.00
9484208,21.99,19.34,35108.16,871.00
9487208,22.00,19.39,29891.65,873.00
9490208,22.00,19.41,22061.36,875.00
9493208,22.00,19.46,17373.48,876.00
9496208,22.00,19.44,24991.77,879.00
9499208,22.00,19.39,20730.20,879.00
9502208,22.01,19.41,17850.62,882.00
9505208,22.00,19.43,33248.37,885.00
9508208,22.00,19.42,33017.19,887.00
9511208,22.00,19.39,15911.27,889.00
9514208,22.00,19.41,35083.28,891.00
9517208,22.01,19.39,18873.84,894.00
9520208,22.01,19.38,26260.54,892.00
9523208,22.01,19.40,18907.91,889.00
9526208,22.01,19.38,21549.39,901.00
9529208,22.01,19.38,22959.54,903.00
9532208,22.02,19.38,36721.71,906.00
9535208,22.01,19.40,24888.18,907.00
9538208,22.01,19.41,35226.45,908.00
9541208,22.01,19.43,46800.30,910.00
9544208,22.01,19.40,36204.24,913.00
9547208,22.02,19.38,39077.85,914.00
9550208,22.02,19.44,43829.76,915.00
9553208,22.02,19.47,42349.02,917.00
9556208,22.02,19.48,41445.72,919.00
9559208,22.02,19.48,35332.62,919.00
9562208,22.02,19.49,37031.71,920.00
9565208,22.02,19.47,24423.98,922.00
9568208,22.02,19.46,39247.00,924.00
9571208,22.02,19.46,27972.76,925.00
9574208,22.02,19.44,27987.29,922.00
9577208,22.02,19.42,31275.22,926.00
9580208,22.02,19.38,23303.84,928.00
9583208,22.02,19.40,32624.42,928.00
9586208,22.02,19.40,49492.09,929.00
9589208,22.03,19.41,28761.54,932.00
9592208,22.03,19.41,39952.52,931.00
9595208,22.03,19.40,28184.56,933.00
9598208,22.03,19.41,25615.36,933.00
9601208,22.03,19.45,34443.23,934.00
9604208,22.04,19.45,35480.09,934.00
9607208,22.04,19.46,41142.16,935.00
9610208,22.04,19.45,28441.69,936.00
9613208,22.04,19.43,22763.77,934.00
9616208,22.04,19.41,29433.76,935.00
9619208,22.04,19.41,21067.64,934.00
9622208,22.05,19.40,28829.29,936.00
9625208,22.04,19.41,24870.77,936.00
9628208,22.05,19.42,25569.85,936.00
9631208,22.05,19.41,16989.96,933.00
9634208,22.04,19.43,14583.11,936.00
9637208,22.04,19.49,22248.65,937.00
9640208,22.04,19.53,14476.26,936.00
9643208,22.04,19.48,28812.91,936.00
9646208,22.05,19.46,25880.90,940.00
9649208,22.05,19.51,23194.34,937.00
9652208,22.05,19.65,23036.51,936.00
9655208,22.05,19.63,21237.34,936.00
9658208,22.05,19.57,28560.48,935.00
9661208,22.05,19.56,37209.23,935.00
9664208,22.05,19.57,23516.18,937.00
9667208,22.05,19.59,36122.66,937.00
9670208,22.05,19.64,23554.06,937.00
9673208,22.06,19.68,27232.27,936.00
9676208,22.05,19.69,40450.62,938.00
9679208,22.06,19.72,14657.39,936.00
9682208,22.05,19.73,24583.13,937.00
9685208,22.06,19.73,22796.21,937.00
9688208,22.06,19.73,24329.11,935.00
9691208,22.06,19.75,25595.11,935.00
9694208,22.06,19.80,35308.86,936.00
9697208,22.06,19.78,31252.92,935.00
9700208,22.07,19.78,22277.81,937.00
9703208,22.06,19.79,30593.89,937.00
9706208,22.06,19.81,26379.57,937.00
9709208,22.07,19.84,33354.94,937.00
9712208,22.07,19.84,26823.31,937.00
9715208,22.07,19.84,20450.17,937.00
9718208,22.07,19.84,18823.94,941.00
9721208,22.08,19.85,25587.73,936.00
9724208,22.08,19.85,44181.07,936.00
9727208,22.07,19.87,45732.48,936.00
9730208,22.08,19.87,23648.46,936.00
9733208,22.08,19.89,20851.20,937.00
9736208,22.07,19.89,36815.80,937.00
9739208,22.08,19.89,24939.28,937.00
9742208,22.08,19.90,30515.95,938.00
9745208,22.08,19.91,28681.87,937.00
9748208,22.09,19.91,26698.95,938.00
9751208,22.08,19.92,24305.91,937.00
9754208,22.09,19.94,48151.86,941.00
9757208,22.09,19.95,36831.87,937.00
9760208,22.09,19.95,28617.89,937.00
9763208,22.09,19.99,34301.15,936.00
9766208,22.09,19.97,28671.69,937.00
9769208,22.09,19.97,24824.92,938.00
9772208,22.09,19.97,33508.57,938.00
9775208,22.09,19.99,27066.34,938.00
9778208,22.09,20.01,25456.37,938.00
9781208,22.09,20.01,22193.35,939.00
9784208,22.09,19.99,39469.37,937.00
9787208,22.10,19.95,39317.42,938.00
9790208,22.09,19.90,24184.72,937.00
9793208,22.09,19.86,25290.75,936.00
9796208,22.09,19.85,30543.97,937.00
9799208,22.10,19.84,41253.09,938.00
9802208,22.09,19.85,46564.70,938.00
9805208,22.10,19.88,36108.85,937.00
9808208,22.10,19.89,28877.23,939.00
9811208,22.10,19.86,28154.81,940.00
9814208,22.10,19.88,37455.42,939.00
9817208,22.10,19.90,33965.26,939.00
9820208,22.10,19.96,27423.89,939.00
9823208,22.09,19.99,24685.32,942.00
9826208,22.09,19.97,44741.64,932.00
9829208,22.09,19.97,30536.35,941.00
9832208,22.08,19.95,37083.88,941.00
9835208,22.09,19.95,30498.76,940.00
9838208,22.08,19.95,34865.29,940.00
9841208,22.09,19.99,29010.67,941.00
9844208,22.09,20.02,33052.08,940.00
9847208,22.09,20.06,21352.85,942.00
9850208,22.09,20.05,23226.43,942.00
9853208,22.09,20.01,31236.40,943.00
9856208,22.09,20.04,26061.55,942.00
9859208,22.09,20.06,24684.89,942.00
9862208,22.10,20.06,19179.47,941.00
9865208,22.10,20.01,30688.61,942.00
9868208,22.10,20.02,34162.89,940.00
9871208,22.10,19.99,19466.66,941.00
9874208,22.10,19.97,17698.16,941.00
9877208,22.10,19.95,18159.61,942.00
9880208,22.10,19.94,42748.51,942.00
9883208,22.10,19.94,24020.84,943.00
9886208,22.10,19.97,23987.02,943.00
9889208,22.11,19.97,30208.58,944.00
9892208,22.10,20.00,19979.41,943.00
9895208,22.10,20.04,31674.27,944.00
9898208,22.10,20.05,27034.60,943.00
9901208,22.10,20.06,23427.91,943.00
9904208,22.11,20.04,22212.62,943.00
9907208,22.10,20.01,21612.76,944.00
9910208,22.10,20.00,18711.35,942.00
9913208,22.11,19.97,28175.91,939.00
9916208,22.11,20.07,20859.30,941.00
9919208,22.11,20.07,20252.21,942.00
9922208,22.10,20.04,24348.23,942.00
9925208,22.10,20.00,19350.96,942.00
9928208,22.11,20.01,34766.75,943.00
9931208,22.10,20.04,24344.58,943.00
9934208,22.11,20.02,32036.00,943.00
9937208,22.10,20.02,30335.59,943.00
9940208,22.10,20.02,23903.83,943.00
9943208,22.10,20.00,20153.02,943.00
9946208,22.10,19.97,23406.26,944.00
9949208,22.11,19.95,29390.70,945.00
9952208,22.11,19.93,22445.43,943.00
9955208,22.11,19.94,38196.72,944.00
9958208,22.11,19.95,30651.14,944.00
9961208,22.12,19.97,19326.62,946.00
9964208,22.12,20.00,21077.33,943.00
9967208,22.12,20.00,24442.63,946.00
9970208,22.12,20.00,17305.73,947.00
9973208,22.12,19.98,16037.16,946.00
9976208,22.12,19.95,16793.47,947.00
9979208,22.12,19.93,15798.79,939.00
9982208,22.13,19.88,20665.45,947.00
9985208,22.13,19.90,26284.84,946.00
9988208,22.13,19.93,21715.30,948.00
9991208,22.12,19.98,22460.05,947.00
9994208,22.12,19.98,17924.92,947.00
9997208,22.13,19.95,28766.22,949.00
10000208,22.13,19.94,29309.47,949.00
10003208,22.13,19.95,27458.66,949.00
10006208,22.14,19.96,22013.79,960.00
10009208,22.14,19.98,17089.23,948.00
10012208,22.14,19.94,22670.41,949.00
10015208,22.14,19.94,19785.49,949.00
10018208,22.14,19.95,18035.08,950.00
10021208,22.14,19.95,20602.27,948.00
10024208,22.14,19.99,19066.86,948.00
10027208,22.14,19.99,14274.03,952.00
10030208,22.15,19.99,17451.09,948.00
10033208,22.15,19.98,18827.85,950.00
10036208,22.15,19.96,21851.54,950.00
10039208,22.15,19.95,21838.27,954.00
10042208,22.15,19.94,32330.37,942.00
10045208,22.15,19.90,28569.98,951.00
10048208,22.16,19.89,23552.46,950.00
10051208,22.15,19.89,23995.79,947.00
10054208,22.15,19.85,31211.53,950.00
10057208,22.15,19.80,25613.64,950.00
10060208,22.15,19.76,28314.11,948.00
10063208,22.15,19.73,26096.80,948.00
10066208,22.15,19.74,36438.12,945.00
10069208,22.15,19.74,36879.14,949.00
10072208,22.15,19.70,26036.06,949.00
10075208,22.15,19.63,20491.37,950.00
10078208,22.16,19.56,36192.42,950.00
10081208,22.16,19.54,42197.89,948.00
10084208,22.15,19.50,33233.02,949.00
10087208,22.16,19.47,19926.68,949.00
10090208,22.16,19.44,20282.27,949.00
10093208,22.16,19.44,27222.18,948.00
10096208,22.16,19.40,19420.82,949.00
10099208,22.16,19.39,20207.04,948.00
10102208,22.17,19.37,18458.88,947.00
10105208,22.16,19.37,17809.69,948.00
10108208,22.16,19.38,23974.73,947.00
10111208,22.16,19.41,18820.71,949.00
10114208,22.17,19.41,24904.63,949.00
10117208,22.16,19.40,14393.55,948.00
10120208,22.16,19.40,21025.92,949.00
10123208,22.16,19.39,16456.94,949.00
10126208,22.16,19.38,15756.92,949.00
10129208,22.16,19.40,19442.62,949.00
10132208,22.17,19.40,17421.46,950.00
10135208,22.17,19.37,15374.98,949.00
10138208,22.17,19.37,18242.34,952.00
10141208,22.17,19.38,21325.87,949.00
10144208,22.17,19.39,24252.24,948.00
10147208,22.17,19.40,26551.85,949.00
10150208,22.17,19.40,25537.37,948.00
10153208,22.17,19.37,40381.87,950.00
10156208,22.18,19.35,46059.03,950.00
10159208,22.18,19.35,42584.87,950.00
10162208,22.17,19.38,28264.39,950.00
10165208,22.18,19.35,30056.38,949.00
10168208,22.18,19.34,18938.96,950.00
10171208,22.18,19.33,28560.03,950.00
10174208,22.18,19.32,21265.51,950.00
10177208,22.18,19.34,23087.28,949.00
10180208,22.18,19.32,21689.52,949.00
10183208,22.18,19.28,20264.26,948.00
10186208,22.18,19.27,31699.54,949.00
10189208,22.19,19.26,28666.92,949.00
10192208,22.19,19.27,23458.07,949.00
10195208,22.19,19.29,36444.02,950.00
10198208,22.18,19.29,23579.35,950.00
10201208,22.19,19.26,31838.48,951.00
10204208,22.19,19.26,25342.68,950.00
10207208,22.19,19.27,28230.68,951.00
10210208,22.19,19.27,28501.49,951.00
10213208,22.19,19.24,17551.72,951.00
10216208,22.19,19.23,41529.80,952.00
10219208,22.19,19.24,19964.76,951.00
10222208,22.20,19.26,14994.87,950.00
10225208,22.19,19.28,29352.78,950.00
10228208,22.20,19.31,12248.40,950.00
10231208,22.20,19.32,11995.02,949.00
10234208,22.20,19.31,14078.19,952.00
10237208,22.20,19.32,17005.73,952.00
10240208,22.20,19.31,14349.29,952.00
10243208,22.20,19.31,13909.36,952.00
10246208,22.20,19.31,16333.92,951.00
10249208,22.20,19.29,15610.90,952.00
10252208,22.20,19.29,20004.86,953.00
10255208,22.20,19.32,13771.38,951.00
10258208,22.20,19.32,10679.40,951.00
10261208,22.20,19.31,42190.82,951.00
10264208,22.20,19.31,9825.62,954.00
10267208,22.21,19.32,23915.16,950.00
10270208,22.20,19.27,19358.52,951.00
10273208,22.20,19.24,13690.72,950.00
10276208,22.20,19.23,17342.46,951.00
10279208,22.20,19.23,21920.35,951.00
10282208,22.21,19.23,30571.04,950.00
10285208,22.20,19.22,18038.79,950.00
10288208,22.21,19.21,22166.20,950.00
10291208,22.21,19.18,24937.29,950.00
10294208,22.22,19.18,45800.84,950.00
10297208,22.21,19.13,30474.20,953.00
10300208,22.21,19.11,28640.47,948.00
10303208,22.21,19.10,37299.45,949.00
10306208,22.20,19.08,18578.83,948.00
10309208,22.20,19.06,16903.59,948.00
10312208,22.20,19.06,11776.09,949.00
10315208,22.20,19.07,10529.59,949.00
10318208,22.20,19.06,12638.18,948.00
10321208,22.21,19.06,16580.98,949.00
10324208,22.20,19.10,15344.59,948.00
10327208,22.20,19.12,16418.71,948.00
10330208,22.20,19.08,10924.59,948.00
10333208,22.20,19.07,11889.44,951.00
10336208,22.20,19.07,11124.41,948.00
10339208,22.20,19.08,10296.41,948.00
10342208,22.20,19.08,10940.49,948.00
10345208,22.20,19.07,15704.80,946.00
10348208,22.21,19.05,10005.43,948.00
10351208,22.20,19.06,30005.48,949.00
10354208,22.21,19.06,16133.75,950.00
10357208,22.21,19.07,10511.15,950.00
10360208,22.20,19.05,17893.44,950.00
10363208,22.20,19.05,25616.30,962.00
10366208,22.20,19.05,17510.10,950.00
10369208,22.20,19.02,19360.92,950.00
10372208,22.20,19.02,12671.74,949.00
10375208,22.21,19.04,16879.28,949.00
10378208,22.20,19.05,12650.33,949.00
10381208,22.20,19.07,12964.73,948.00
10384208,22.21,19.08,13980.03,948.00
10387208,22.21,19.10,10640.44,949.00
10390208,22.20,19.12,10670.27,949.00
10393208,22.21,19.13,12086.97,949.00
10396208,22.21,19.11,16087.75,949.00
10399208,22.21,19.12,22921.31,949.00
10402208,22.20,19.12,12464.67,951.00
10405208,22.21,19.11,12584.50,949.00
10408208,22.21,19.08,10683.03,948.00
10411208,22.21,19.06,10595.88,947.00
10414208,22.21,19.06,12860.18,946.00
10417208,22.21,19.05,12942.56,947.00
10420208,22.21,19.02,13648.86,946.00
10423208,22.21,19.02,20062.82,949.00
10426208,22.22,19.02,17619.85,949.00
10429208,22.22,19.00,24495.45,949.00
10432208,22.21,18.96,19315.10,949.00
10435208,22.21,18.96,18428.38,949.00
10438208,22.21,18.95,19994.56,949.00
10441208,22.21,18.96,25767.30,949.00
10444208,22.21,18.97,42787.69,949.00
10447208,22.22,18.99,31892.48,948.00
10450208,22.22,18.99,34984.26,947.00
10453208,22.21,18.97,22275.72,958.00
10456208,22.22,18.96,28083.72,948.00
10459208,22.22,18.99,26028.24,948.00
10462208,22.22,18.99,37913.91,949.00
10465208,22.22,19.00,49932.95,949.00
10468208,22.22,19.01,48640.09,949.00
10471208,22.21,19.02,39355.85,949.00
10474208,22.22,19.01,41185.50,946.00
10477208,22.22,19.06,46683.81,949.00
10480208,22.21,19.06,49651.56,949.00
10483208,22.22,19.06,47451.93,948.00
10486208,22.21,19.07,49980.32,947.00
10489208,22.22,19.05,42248.34,947.00
10492208,22.22,19.04,37024.52,948.00
10495208,22.22,19.05,49918.74,949.00
10498208,22.21,19.05,38636.21,950.00
10501208,22.22,19.07,43092.51,950.00
10504208,22.22,19.11,43666.57,951.00
10507208,22.22,19.12,46893.00,951.00
10510208,22.22,19.12,48833.49,951.00
10513208,22.22,19.17,44400.24,952.00
10516208,22.23,19.20,43918.62,951.00
10519208,22.23,19.23,47854.76,950.00
10522208,22.22,19.27,40906.80,963.00
10525208,22.22,19.27,34891.07,950.00
10528208,22.22,19.26,49077.48,951.00
10531208,22.22,19.27,45204.66,951.00
10534208,22.22,19.40,24339.68,952.00
10537208,22.23,19.45,28835.87,953.00
10540208,22.22,19.35,43635.00,949.00
10543208,22.22,19.31,29944.49,952.00
10546208,22.22,19.31,27387.00,952.00
10549208,22.21,19.31,30108.03,952.00
10552208,22.22,19.31,30991.26,952.00
10555208,22.22,19.29,36612.73,956.00
10558208,22.22,19.29,33265.57,943.00
10561208,22.21,19.28,29529.78,952.00
10564208,22.22,19.23,39218.63,952.00
10567208,22.21,19.20,31536.81,951.00
10570208,22.22,19.18,22754.62,952.00
10573208,22.22,19.20,16301.51,953.00
10576208,22.22,19.18,34391.01,952.00
10579208,22.21,19.20,23349.42,953.00
10582208,22.22,19.22,29444.87,952.00
10585208,22.22,19.22,28971.69,965.00
10588208,22.22,19.22,25370.26,951.00
10591208,22.22,19.23,25043.39,951.00
10594208,22.23,19.25,27354.58,951.00
10597208,23.24,100.00,33543.59,849.00
