Timestamp,Temperature (C),Humidity (%),Sound,Light
3828,22.27,22.17,0.00,964.00
6828,22.28,21.33,37779.39,964.00
9828,22.29,21.37,23525.12,963.00
12828,22.28,21.22,22249.17,963.00
15828,22.28,20.74,16171.74,961.00
18828,22.27,20.17,15848.32,960.00
21828,22.26,20.33,21891.17,957.00
24828,22.25,20.37,19262.83,963.00
27828,22.24,20.34,22265.35,958.00
30828,22.24,20.44,22425.39,957.00
33828,22.24,20.24,16735.06,967.00
36828,22.23,20.40,19816.13,966.00
39828,22.23,20.56,15856.12,967.00
42828,22.23,20.23,22857.72,966.00
45828,22.23,20.22,20522.19,964.00
48828,22.22,20.17,16841.69,964.00
51828,22.22,20.30,20071.95,960.00
54828,22.22,20.38,24771.04,957.00
57828,22.21,20.18,24944.36,949.00
60828,22.21,20.30,32279.05,946.00
63828,22.21,20.06,18854.24,939.00
66828,22.19,20.11,28423.37,920.00
69828,22.19,20.38,17688.03,922.00
72828,22.19,20.55,15817.33,925.00
75828,22.19,20.53,21275.45,926.00
78828,22.18,20.41,15074.50,928.00
81828,22.18,20.40,17739.25,928.00
84828,22.18,20.24,20455.16,923.00
87828,22.16,19.72,20287.23,949.00
90828,22.18,19.67,20931.61,949.00
93828,22.18,19.79,32963.95,958.00
96828,22.17,19.84,14869.90,962.00
99828,22.17,19.83,14190.88,964.00
102828,22.16,19.56,16330.67,962.00
105828,22.15,19.46,17009.30,961.00
108828,22.15,19.50,18318.66,959.00
111828,22.14,19.50,24069.46,957.00
114828,22.13,19.45,20942.43,951.00
117828,22.12,19.37,27954.32,942.00
120828,22.11,19.43,25141.26,900.00
123828,22.11,19.45,14962.17,852.00
126828,22.09,19.49,15940.83,862.00
129828,22.09,19.49,18245.93,876.00
132828,22.09,19.30,12384.48,886.00
135828,22.08,19.40,16493.34,874.00
138828,22.08,19.37,16090.88,869.00
141828,22.08,19.35,16231.92,878.00
144828,22.07,19.23,17354.02,879.00
147828,22.07,19.27,20960.24,887.00
150828,22.07,19.36,15687.01,905.00
153828,22.07,19.42,28068.69,909.00
156828,22.07,19.54,26246.40,897.00
159828,22.06,19.47,20901.23,918.00
162828,22.05,19.33,22534.58,918.00
165828,22.03,19.28,33925.76,913.00
168828,22.02,19.23,22097.42,912.00
171828,22.02,19.48,18459.82,920.00
174828,22.02,19.78,15255.82,920.00
177828,22.01,19.99,12437.39,903.00
180828,22.01,19.89,16920.46,906.00
183828,22.01,19.64,17273.51,913.00
186828,22.00,19.48,14578.09,919.00
189828,22.00,19.45,18823.55,931.00
192828,22.01,19.37,33193.08,936.00
195828,22.01,19.48,18425.12,941.00
198828,22.01,19.49,15815.70,935.00
201828,22.00,19.44,25316.48,932.00
204828,21.99,19.49,13354.38,923.00
207828,21.99,19.56,22364.64,920.00
210828,21.99,19.53,14659.86,912.00
213828,21.97,19.51,15686.10,929.00
216828,21.97,19.35,17515.54,931.00
219828,21.96,19.34,16400.73,929.00
222828,21.96,19.50,14429.86,939.00
225828,21.95,19.48,14529.96,940.00
228828,21.94,19.49,26265.36,935.00
231828,21.94,19.48,22735.70,934.00
234828,21.93,19.44,22247.19,916.00
237828,21.93,19.52,18986.04,914.00
240828,21.92,19.60,32920.59,902.00
243828,21.92,19.65,25944.46,895.00
246828,21.92,19.51,17550.87,891.00
249828,21.91,19.40,22494.22,901.00
252828,21.90,19.49,17496.52,924.00
255828,21.91,19.61,18329.95,925.00
258828,21.89,19.65,15692.06,891.00
261828,21.88,19.56,27164.77,835.00
264828,21.90,19.61,20652.64,929.00
267828,21.90,19.66,18609.88,925.00
270828,21.90,19.58,19010.03,926.00
273828,21.90,19.57,15618.11,938.00
276828,21.90,19.67,42470.91,941.00
279828,21.90,19.65,15919.30,944.00
282828,21.89,19.66,25001.42,946.00
285828,21.90,19.73,16302.68,946.00
288828,21.90,19.71,17881.28,949.00
291828,21.90,19.73,17342.66,949.00
294828,21.90,19.73,22630.93,951.00
297828,21.90,19.86,13482.70,951.00
300828,21.90,19.87,20502.37,949.00
303828,21.90,19.77,19581.81,945.00
306828,21.90,19.82,21533.15,941.00
309828,21.90,19.82,13116.51,940.00
312828,21.90,19.86,23826.03,930.00
315828,21.89,19.91,19089.10,927.00
318828,21.89,19.75,24843.97,927.00
321828,21.88,19.68,20273.84,928.00
324828,21.88,19.65,14511.75,926.00
327828,21.87,19.68,15269.55,926.00
330828,21.86,19.71,17601.29,931.00
333828,21.86,19.81,15243.08,929.00
336828,21.86,19.82,16821.76,923.00
339828,21.87,19.73,16511.81,956.00
342828,21.86,19.79,10431.69,957.00
345828,21.86,19.72,17893.77,956.00
348828,21.86,19.79,16723.74,957.00
351828,21.87,19.86,14586.95,957.00
354828,21.86,19.84,18822.53,957.00
357828,21.86,19.88,12726.85,959.00
360828,21.86,19.79,12483.81,961.00
363828,21.85,19.71,16563.02,961.00
366828,21.85,19.71,21247.38,961.00
369828,21.84,19.67,19616.53,961.00
372828,21.84,19.61,17646.23,962.00
375828,21.83,19.64,14595.98,963.00
378828,21.83,19.82,14635.99,965.00
381828,21.83,19.90,15583.35,965.00
384828,21.84,19.90,15329.98,966.00
387828,21.83,19.88,18986.64,966.00
390828,21.83,19.90,18238.22,967.00
393828,21.83,19.93,21919.78,965.00
396828,21.83,19.80,16960.31,965.00
399828,21.83,19.73,12609.95,966.00
402828,21.82,19.74,13346.13,961.00
405828,21.82,19.75,17260.17,966.00
408828,21.82,19.71,16062.96,966.00
411828,21.81,19.63,13786.42,967.00
414828,21.82,19.57,13877.53,968.00
417828,21.81,19.59,11093.03,967.00
420828,21.81,19.69,35719.99,967.00
423828,21.81,19.68,29494.79,968.00
426828,21.80,19.64,36485.32,969.00
429828,21.80,19.68,26748.95,969.00
432828,21.80,19.66,41214.69,969.00
435828,21.80,19.62,48966.89,969.00
438828,21.79,19.61,18497.44,971.00
441828,21.80,19.61,32399.93,971.00
444828,21.79,19.64,38052.33,971.00
447828,21.79,19.67,47540.03,972.00
450828,21.80,19.72,47037.14,971.00
453828,21.79,19.72,31536.99,972.00
456828,21.79,19.69,30349.54,972.00
459828,21.79,19.68,38793.20,972.00
462828,21.78,19.63,20415.08,973.00
465828,21.78,19.70,48590.54,972.00
468828,21.78,19.70,13064.15,972.00
471828,21.79,19.67,12227.79,970.00
474828,21.79,19.64,23406.90,972.00
477828,21.79,19.67,14200.92,972.00
480828,21.78,19.60,19285.70,974.00
483828,21.78,19.59,14961.03,972.00
486828,21.79,19.60,13669.09,972.00
489828,21.78,19.63,16423.60,972.00
492828,21.78,19.58,13794.31,972.00
495828,21.78,19.60,17426.48,972.00
498828,21.78,19.53,12194.69,972.00
501828,21.78,19.53,12962.18,972.00
504828,21.78,19.52,10899.13,972.00
507828,21.78,19.46,37891.94,972.00
510828,21.78,19.37,49790.71,972.00
513828,21.79,19.31,22593.80,972.00
516828,21.79,19.31,16355.77,972.00
519828,21.79,19.32,17846.55,973.00
522828,21.79,19.32,29753.64,972.00
525828,21.79,19.41,10399.66,973.00
528828,21.79,19.38,9752.93,971.00
531828,21.79,19.46,9680.71,971.00
534828,21.79,19.42,15501.13,970.00
537828,21.80,19.36,11813.44,971.00
540828,21.80,19.41,11202.29,970.00
543828,21.79,19.42,13620.57,971.00
546828,21.79,19.41,18404.72,971.00
549828,21.80,19.43,45189.79,971.00
552828,21.79,19.41,12426.82,970.00
555828,21.79,19.46,8967.55,971.00
558828,21.79,19.34,9594.14,971.00
561828,21.79,19.37,10110.58,971.00
564828,21.79,19.46,10138.24,971.00
567828,21.80,19.32,10599.18,972.00
570828,21.79,19.32,10228.17,971.00
573828,21.79,19.36,9668.50,971.00
576828,21.78,19.32,10728.09,972.00
579828,21.78,19.36,9505.47,971.00
582828,21.78,19.37,9022.04,973.00
585828,21.78,19.39,9662.34,973.00
588828,21.77,19.44,10672.27,974.00
591828,21.78,19.41,13463.71,973.00
594828,21.77,19.31,11468.11,973.00
597828,21.77,19.33,11389.61,974.00
600828,21.78,19.33,10943.35,973.00
603828,21.77,19.39,10102.40,973.00
606828,21.78,19.44,12559.04,974.00
609828,21.78,19.46,16640.77,974.00
612828,21.77,19.49,18229.32,974.00
615828,21.77,19.48,37034.30,975.00
618828,21.77,19.52,18507.82,974.00
621828,21.77,19.44,11399.32,975.00
624828,21.77,19.47,13414.13,975.00
627828,21.76,19.46,15317.17,975.00
630828,21.76,19.42,11260.27,974.00
633828,21.77,19.34,10944.58,974.00
636828,21.76,19.28,12508.92,973.00
639828,21.76,19.33,17722.29,973.00
642828,21.76,19.32,15127.50,981.00
645828,21.76,19.27,13441.71,984.00
648828,21.77,19.34,16652.35,976.00
651828,21.77,19.39,13604.25,976.00
654828,21.76,19.42,9811.36,991.00
657828,21.76,19.42,12058.11,966.00
660828,21.77,19.43,14891.30,974.00
663828,21.77,19.44,12237.66,975.00
666828,21.76,19.41,17643.96,992.00
669828,21.76,19.42,25127.28,975.00
672828,21.76,19.47,18959.03,974.00
675828,21.76,19.41,14943.72,975.00
678828,21.75,19.42,11538.26,975.00
681828,21.75,19.38,13373.96,974.00
684828,21.75,19.39,12897.68,975.00
687828,21.75,19.37,13078.71,977.00
690828,21.74,19.37,9892.54,976.00
693828,21.74,19.38,12895.18,976.00
696828,21.73,19.40,11561.71,976.00
699828,21.73,19.39,10940.42,975.00
702828,21.73,19.39,10647.18,976.00
705828,21.73,19.40,10838.42,976.00
708828,21.74,19.43,11315.19,976.00
711828,21.74,19.45,10437.26,976.00
714828,21.74,19.43,11351.03,976.00
717828,21.73,19.37,13074.65,976.00
720828,21.73,19.39,10478.24,977.00
723828,21.73,19.44,14959.26,977.00
726828,21.73,19.35,13349.40,976.00
729828,21.73,19.34,16971.75,976.00
732828,21.73,19.38,12669.50,976.00
735828,21.73,19.40,13402.15,976.00
738828,21.73,19.40,11142.93,987.00
741828,21.73,19.40,16697.20,976.00
744828,21.73,19.45,21165.55,976.00
747828,21.72,19.50,13401.85,977.00
750828,21.72,19.44,10378.83,981.00
753828,21.72,19.44,10900.16,977.00
756828,21.73,19.50,11406.62,976.00
759828,21.72,19.54,10167.98,976.00
762828,21.73,19.52,9618.12,976.00
765828,21.72,19.50,12737.50,986.00
768828,21.72,19.44,10571.68,976.00
771828,21.72,19.38,10290.72,977.00
774828,21.73,19.38,10336.73,977.00
777828,21.72,19.42,10231.11,977.00
780828,21.73,19.38,10850.48,977.00
783828,21.73,19.38,13016.04,965.00
786828,21.73,19.43,37130.13,977.00
789828,21.73,19.47,23824.38,978.00
792828,21.73,19.49,41063.52,977.00
795828,21.73,19.52,46972.50,978.00
798828,21.73,19.52,16927.17,977.00
801828,21.73,19.52,8896.40,977.00
804828,21.73,19.45,13145.29,978.00
807828,21.73,19.45,9227.50,978.00
810828,21.73,19.49,9840.23,977.00
813828,21.73,19.53,9616.96,978.00
816828,21.73,19.45,9418.88,978.00
819828,21.73,19.42,15095.84,978.00
822828,21.73,19.44,14182.48,977.00
825828,21.73,19.50,49486.21,977.00
828828,21.73,19.52,15530.15,978.00
831828,21.73,19.59,38818.76,978.00
834828,21.74,19.68,13525.04,976.00
837828,21.74,19.60,9898.83,976.00
840828,21.74,19.43,12097.31,976.00
843828,21.74,19.38,12246.91,977.00
846828,21.74,19.38,14928.57,976.00
849828,21.74,19.48,10539.14,974.00
852828,21.74,19.47,11993.98,977.00
855828,21.74,19.37,10078.84,978.00
858828,21.74,19.47,14396.35,977.00
861828,21.74,19.52,15018.33,975.00
864828,21.75,19.58,13297.00,977.00
867828,21.75,19.54,14263.34,977.00
870828,21.75,19.44,11229.96,977.00
873828,21.75,19.48,10407.33,977.00
876828,21.75,19.43,20967.31,977.00
879828,21.74,19.42,17900.00,977.00
882828,21.74,19.39,21465.82,977.00
885828,21.74,19.42,15759.87,976.00
888828,21.74,19.42,10896.99,978.00
891828,21.74,19.44,13249.38,977.00
894828,21.74,19.49,9720.74,976.00
897828,21.75,19.60,34695.79,976.00
900828,21.74,19.57,17310.05,976.00
903828,21.74,19.55,11910.59,976.00
906828,21.74,19.59,10552.11,976.00
909828,21.74,19.59,18593.09,975.00
912828,21.73,19.61,14801.94,976.00
915828,21.73,19.61,12832.39,986.00
918828,21.73,19.63,24713.72,976.00
921828,21.73,19.64,22502.27,975.00
924828,21.73,19.65,16611.67,975.00
927828,21.73,19.79,16641.01,975.00
930828,21.73,19.85,20127.45,974.00
933828,21.73,19.85,26278.49,974.00
936828,21.72,19.84,33677.43,985.00
939828,21.73,19.81,19105.99,975.00
942828,21.73,19.71,25702.96,972.00
945828,21.72,19.70,24443.84,972.00
948828,21.73,19.73,18977.84,974.00
951828,21.72,19.76,18061.97,973.00
954828,21.72,19.75,15022.66,973.00
957828,21.72,19.81,11086.21,973.00
960828,21.72,19.87,33875.42,966.00
963828,21.73,19.90,12240.91,973.00
966828,21.73,19.91,15413.36,974.00
969828,21.73,19.85,22808.60,974.00
972828,21.73,19.85,18474.53,974.00
975828,21.72,19.82,18735.27,974.00
978828,21.73,19.75,21305.89,975.00
981828,21.72,19.68,24735.47,974.00
984828,21.72,19.73,13808.10,974.00
987828,21.72,19.73,11547.88,974.00
990828,21.71,19.75,9778.50,974.00
993828,21.71,19.81,15994.42,973.00
996828,21.71,19.84,11852.20,974.00
999828,21.72,19.86,9305.72,974.00
1002828,21.71,19.81,9047.50,974.00
1005828,21.71,19.75,11951.92,973.00
1008828,21.71,19.75,10103.50,973.00
1011828,21.71,19.71,15346.70,974.00
1014828,21.71,19.79,13914.31,973.00
1017828,21.71,19.80,16475.25,974.00
1020828,21.70,19.79,15236.05,973.00
1023828,21.71,19.82,31796.41,973.00
1026828,21.71,19.81,16159.00,973.00
1029828,21.71,19.74,26038.54,973.00
1032828,21.71,19.75,19677.62,973.00
1035828,21.71,19.77,12899.33,973.00
1038828,21.71,19.71,34697.36,969.00
1041828,21.70,19.69,25680.83,972.00
1044828,21.70,19.71,22152.28,971.00
1047828,21.70,19.71,37046.05,972.00
1050828,21.69,19.75,41036.96,973.00
1053828,21.70,19.81,13928.32,973.00
1056828,21.70,19.75,43161.09,974.00
1059828,21.70,19.72,10435.58,972.00
1062828,21.70,19.77,35265.40,971.00
1065828,21.70,19.83,13133.57,973.00
1068828,21.69,19.86,15362.72,973.00
1071828,21.69,19.86,11417.05,973.00
1074828,21.70,19.81,12957.24,973.00
1077828,21.69,19.79,10788.88,972.00
1080828,21.69,19.76,15231.61,973.00
1083828,21.70,19.67,14988.76,974.00
1086828,21.69,19.61,16362.70,973.00
1089828,21.70,19.62,16844.06,973.00
1092828,21.70,19.67,17035.43,973.00
1095828,21.69,19.67,12645.28,972.00
1098828,21.69,19.66,20547.33,972.00
1101828,21.69,19.61,13999.80,973.00
1104828,21.68,19.67,17156.26,973.00
1107828,21.68,19.75,11534.75,973.00
1110828,21.68,19.82,13852.85,972.00
1113828,21.69,19.82,14294.67,971.00
1116828,21.68,19.83,8851.74,972.00
1119828,21.69,19.86,8932.82,973.00
1122828,21.69,19.82,36558.83,972.00
1125828,21.69,19.80,43057.10,972.00
1128828,21.68,19.79,38369.78,971.00
1131828,21.68,19.81,28248.74,972.00
1134828,21.69,19.79,37472.89,971.00
1137828,21.69,19.85,15361.97,971.00
1140828,21.69,19.83,21269.38,963.00
1143828,21.69,19.83,11082.02,972.00
1146828,21.69,19.85,23035.69,971.00
1149828,21.69,19.85,13773.40,972.00
1152828,21.69,19.80,9070.01,972.00
1155828,21.69,19.79,11278.19,972.00
1158828,21.69,19.72,11481.98,982.00
1161828,21.69,19.75,11389.00,972.00
1164828,21.69,19.72,11594.40,972.00
1167828,21.69,19.72,8943.61,972.00
1170828,21.69,19.74,19353.71,972.00
1173828,21.69,19.75,10777.43,967.00
1176828,21.69,19.79,9818.79,972.00
1179828,21.69,19.86,13727.17,971.00
1182828,21.70,19.91,10918.83,963.00
1185828,21.69,19.87,9207.53,971.00
1188828,21.69,19.85,9932.95,971.00
1191828,21.70,19.83,9447.62,989.00
1194828,21.70,19.81,12053.28,971.00
1197828,21.70,19.76,9485.90,971.00
1200828,21.70,19.74,10550.37,971.00
1203828,21.70,19.76,11135.23,971.00
1206828,21.70,19.77,12098.69,970.00
1209828,21.70,19.80,14136.62,970.00
1212828,21.70,19.80,12694.71,970.00
1215828,21.70,19.71,16346.41,970.00
1218828,21.70,19.69,14426.63,970.00
1221828,21.70,19.71,20446.04,969.00
1224828,21.70,19.74,17012.21,970.00
1227828,21.70,19.76,20958.88,968.00
1230828,21.70,19.74,20926.88,969.00
1233828,21.70,19.77,20926.88,963.00
1236828,21.69,19.81,20926.88,980.00
1242779,21.68,19.75,0.00,970.00
1245779,21.69,19.72,22124.39,968.00
1248779,21.69,19.77,17172.95,965.00
1251779,21.69,19.76,13665.53,970.00
1254779,21.68,19.77,15378.26,970.00
1257779,21.68,19.81,14573.11,969.00
1260779,21.68,19.82,11058.01,969.00
1263779,21.67,19.85,18408.77,969.00
1266779,21.68,19.93,23736.58,969.00
1269779,21.68,19.95,16650.86,969.00
1272779,21.68,19.88,18581.32,968.00
1275779,21.67,19.90,17245.79,968.00
1278779,21.67,19.90,12689.16,968.00
1281779,21.67,19.88,16593.97,968.00
1284779,21.67,19.83,12923.50,968.00
1287779,21.67,19.82,13047.30,967.00
1290779,21.67,19.80,21713.96,968.00
1293779,21.67,19.82,27342.50,967.00
1296779,21.67,19.77,38530.82,967.00
1299779,21.66,19.78,13173.12,982.00
1302779,21.67,19.77,10733.35,967.00
1305779,21.66,19.75,13706.03,968.00
1308779,21.66,19.72,14352.48,969.00
1311779,21.66,19.76,15690.82,968.00
1314779,21.66,19.69,14803.36,958.00
1317779,21.66,19.71,12255.87,968.00
1320779,21.66,19.71,11736.77,975.00
1323779,21.65,19.69,11982.94,969.00
1326779,21.65,19.70,17781.66,968.00
1329779,21.66,19.66,18097.60,967.00
1332779,21.65,19.62,14848.42,968.00
1335779,21.65,19.66,35002.73,968.00
1338779,21.65,19.70,19597.75,968.00
1341779,21.65,19.68,34682.35,962.00
1344779,21.65,19.66,27295.05,968.00
1347779,21.64,19.59,19971.04,968.00
1350779,21.64,19.60,28754.49,968.00
1353779,21.65,19.61,28775.36,968.00
1356779,21.64,19.61,11638.21,969.00
1359779,21.64,19.62,10123.50,968.00
1362779,21.64,19.67,9162.33,968.00
1365779,21.64,19.68,9080.85,968.00
1368779,21.64,19.68,9829.70,968.00
1371779,21.64,19.67,7821.09,967.00
1374779,21.64,19.66,11373.53,967.00
1377779,21.64,19.65,10056.29,984.00
1380779,21.64,19.61,9748.27,968.00
1383779,21.63,19.59,9675.35,964.00
1386779,21.63,19.61,10317.71,964.00
1389779,21.62,19.62,9670.72,985.00
1392779,21.62,19.62,10375.16,967.00
1395779,21.61,19.58,21779.27,967.00
1398779,21.61,19.57,10621.79,968.00
1401779,21.61,19.54,9416.91,967.00
1404779,21.62,19.52,8951.36,963.00
1407779,21.61,19.55,18732.83,968.00
1410779,21.61,19.58,10424.59,967.00
1413779,21.61,19.60,10983.90,968.00
1416779,21.61,19.60,11230.58,967.00
1419779,21.61,19.57,17857.11,967.00
1422779,21.61,19.58,9803.23,968.00
1425779,21.61,19.57,10277.77,968.00
1428779,21.61,19.58,9507.56,968.00
1431779,21.61,19.60,13364.62,967.00
1434779,21.61,19.60,10525.08,967.00
1437779,21.61,19.61,14334.59,968.00
1440779,21.60,19.58,12486.42,967.00
1443779,21.60,19.55,11224.87,967.00
1446779,21.60,19.52,10779.73,967.00
1449779,21.61,19.53,9868.18,968.00
1452779,21.60,19.55,37802.60,967.00
1455779,21.60,19.50,16847.39,967.00
1458779,21.61,19.51,28362.76,967.00
1461779,21.61,19.58,24682.74,981.00
1464779,21.61,19.60,19524.70,967.00
1467779,21.61,19.60,16546.25,966.00
1470779,21.61,19.57,15390.91,966.00
1473779,21.60,19.58,17338.78,966.00
1476779,21.60,19.50,17580.46,966.00
1479779,21.60,19.50,13740.89,967.00
1482779,21.59,19.55,10744.99,966.00
1485779,21.59,19.55,10958.28,966.00
1488779,21.59,19.51,11010.95,958.00
1491779,21.59,19.47,8804.17,967.00
1494779,21.59,19.48,11238.00,967.00
1497779,21.58,19.46,10159.73,967.00
1500779,21.58,19.47,10120.72,967.00
1503779,21.59,19.47,11061.17,966.00
1506779,21.58,19.46,9424.46,966.00
1509779,21.59,19.46,11140.46,966.00
1512779,21.59,19.46,12205.40,967.00
1515779,21.58,19.39,9159.25,965.00
1518779,21.58,19.39,11976.59,966.00
1521779,21.58,19.39,23030.43,966.00
1524779,21.58,19.40,36832.68,965.00
1527779,21.59,19.44,12336.87,966.00
1530779,21.58,19.46,10342.06,966.00
1533779,21.58,19.45,8902.30,966.00
1536779,21.58,19.46,10875.44,960.00
1539779,21.58,19.44,9990.52,965.00
1542779,21.58,19.46,11026.92,965.00
1545779,21.58,19.39,9355.82,966.00
1548779,21.57,19.42,9353.57,965.00
1551779,21.57,19.36,11247.52,965.00
1554779,21.58,19.42,7889.82,953.00
1557779,21.57,19.47,8901.32,964.00
1560779,21.57,19.46,10519.17,964.00
1563779,21.57,19.45,22886.73,963.00
1566779,21.57,19.40,28221.08,963.00
1569779,21.56,19.38,10618.40,963.00
1572779,21.56,19.37,9312.95,963.00
1575779,21.57,19.40,10211.52,963.00
1578779,21.57,19.36,10164.24,962.00
1581779,21.56,19.36,9306.80,961.00
1584779,21.56,19.36,11565.54,963.00
1587779,21.56,19.36,10838.54,962.00
1590779,21.56,19.36,11536.54,963.00
1593779,21.57,19.41,9962.20,962.00
1596779,21.57,19.38,8785.44,962.00
1599779,21.56,19.43,9091.65,963.00
1602779,21.56,19.45,9759.21,963.00
1605779,21.57,19.46,9211.38,962.00
1608779,21.56,19.40,9239.47,977.00
1611779,21.57,19.38,22023.17,962.00
1614779,21.56,19.37,29393.94,962.00
1617779,21.56,19.33,12334.83,957.00
1620779,21.57,19.30,17241.33,962.00
1623779,21.56,19.35,8615.58,962.00
1626779,21.56,19.35,10008.23,961.00
1629779,21.56,19.33,12191.78,962.00
1632779,21.56,19.36,35707.21,962.00
1635779,21.56,19.37,9311.82,961.00
1638779,21.55,19.40,11055.71,951.00
1641779,21.56,19.40,8215.32,958.00
1644779,21.55,19.37,9191.83,960.00
1647779,21.55,19.37,12379.44,959.00
1650779,21.55,19.36,16015.89,960.00
1653779,21.55,19.37,9176.74,959.00
1656779,21.55,19.38,21832.71,959.00
1659779,21.55,19.35,9281.70,960.00
1662779,21.54,19.35,9180.89,959.00
1665779,21.53,19.36,9667.15,959.00
1668779,21.54,19.36,9869.91,949.00
1671779,21.54,19.37,21069.82,949.00
1674779,21.53,19.35,10297.57,960.00
1677779,21.53,19.37,8611.59,949.00
1680779,21.54,19.40,9341.76,959.00
1683779,21.53,19.41,8264.78,959.00
1686779,21.54,19.37,12386.88,960.00
1689779,21.53,19.33,32328.41,960.00
1692779,21.53,19.37,11518.60,959.00
1695779,21.53,19.41,10229.55,959.00
1698779,21.54,19.46,15690.20,959.00
1701779,21.54,19.48,15321.05,959.00
1704779,21.54,19.47,11273.41,959.00
1707779,21.54,19.43,12737.57,959.00
1710779,21.54,19.42,10597.26,959.00
1713779,21.54,19.47,12451.14,958.00
1716779,21.53,19.46,14748.79,958.00
1719779,21.53,19.43,12264.62,958.00
1722779,21.52,19.42,10420.70,958.00
1725779,21.52,19.43,11269.97,957.00
1728779,21.52,19.36,10417.71,958.00
1731779,21.52,19.33,10015.09,956.00
1734779,21.52,19.33,11647.39,957.00
1737779,21.52,19.35,12175.71,957.00
1740779,21.52,19.38,19060.19,956.00
1743779,21.52,19.42,9615.16,956.00
1746779,21.52,19.46,10116.85,957.00
1749779,21.52,19.46,11123.43,955.00
1752779,21.52,19.45,8756.78,957.00
1755779,21.52,19.43,8497.33,950.00
1758779,21.52,19.46,11045.41,957.00
1761779,21.52,19.49,12690.76,958.00
1764779,21.52,19.54,10008.14,956.00
1767779,21.52,19.58,11184.97,956.00
1770779,21.52,19.54,9877.45,957.00
1773779,21.52,19.56,10439.52,956.00
1776779,21.52,19.57,10387.94,955.00
1779779,21.52,19.56,14341.49,955.00
1782779,21.52,19.53,11750.40,955.00
1785779,21.52,19.51,12236.01,956.00
1788779,21.52,19.49,17098.84,955.00
1791779,21.52,19.53,38663.57,955.00
1794779,21.52,19.52,13771.96,955.00
1797779,21.51,19.53,9347.71,955.00
1800779,21.52,19.57,9176.46,954.00
1803779,21.52,19.59,10111.19,954.00
1806779,21.51,19.61,13682.89,954.00
1809779,21.52,19.59,9671.74,954.00
1812779,21.51,19.56,9049.66,954.00
1815779,21.52,19.51,11003.54,954.00
1818779,21.52,19.52,10649.28,954.00
1821779,21.52,19.52,13453.55,954.00
1824779,21.52,19.48,42824.23,955.00
1827779,21.52,19.51,14519.88,955.00
1830779,21.52,19.49,14643.01,955.00
1833779,21.52,19.47,12809.02,953.00
1836779,21.51,19.42,9703.64,955.00
1839779,21.52,19.38,25231.02,955.00
1842779,21.52,19.37,11045.18,955.00
1845779,21.52,19.44,9489.06,957.00
1848779,21.51,19.40,9903.75,956.00
1851779,21.51,19.40,12298.44,965.00
1854779,21.52,19.41,9340.80,956.00
1857779,21.52,19.43,10817.42,947.00
1860779,21.52,19.42,12134.24,956.00
1863779,21.51,19.43,9079.70,957.00
1866779,21.51,19.46,12843.98,966.00
1869779,21.51,19.47,11147.03,957.00
1872779,21.51,19.46,10663.05,957.00
1875779,21.51,19.46,10104.71,950.00
1878779,21.51,19.49,27300.33,956.00
1881779,21.51,19.49,12122.81,956.00
1884779,21.50,19.52,11768.39,957.00
1887779,21.50,19.53,17430.13,957.00
1890779,21.50,19.51,12832.62,955.00
1893779,21.51,19.54,12912.66,963.00
1896779,21.51,19.53,15564.81,957.00
1899779,21.50,19.56,23486.62,959.00
1902779,21.51,19.56,22619.77,959.00
1905779,21.50,19.60,22319.26,959.00
1908779,21.51,19.60,20228.75,958.00
1911779,21.51,19.63,13999.48,959.00
1914779,21.51,19.63,21710.47,959.00
1917779,21.50,19.62,13565.28,959.00
1920779,21.51,19.60,18814.50,959.00
1923779,21.50,19.54,19641.51,957.00
1926779,21.50,19.57,23041.72,960.00
1929779,21.50,19.56,24959.17,960.00
1932779,21.50,19.58,11921.25,961.00
1935779,21.49,19.64,14231.10,960.00
1938779,21.50,19.67,18380.38,960.00
1941779,21.49,19.69,15367.30,960.00
1944779,21.49,19.69,22976.64,960.00
1947779,21.49,19.69,37722.89,960.00
1950779,21.49,19.74,27979.90,959.00
1953779,21.49,19.74,17630.02,959.00
1956779,21.50,19.72,16808.71,959.00
1959779,21.49,19.70,15276.33,959.00
1962779,21.49,19.74,29567.71,959.00
1965779,21.49,19.71,10136.65,959.00
1968779,21.48,19.73,10807.74,959.00
1971779,21.49,19.73,36682.25,960.00
1974779,21.49,19.74,38884.21,961.00
1977779,21.49,19.73,27741.09,961.00
1980779,21.48,19.68,13816.27,961.00
1983779,21.48,19.68,40139.69,961.00
1986779,21.49,19.68,21197.19,961.00
1989779,21.49,19.71,12322.52,961.00
1992779,21.49,19.74,27089.95,961.00
1995779,21.49,19.74,34467.39,961.00
1998779,21.50,19.75,13108.04,962.00
2001779,21.50,19.75,10063.83,961.00
2004779,21.50,19.73,33675.62,962.00
2007779,21.49,19.72,10184.35,962.00
2010779,21.49,19.72,8495.14,970.00
2013779,21.50,19.72,31772.08,961.00
2016779,21.50,19.74,10703.82,962.00
2019779,21.50,19.73,8802.06,962.00
2022779,21.50,19.73,15739.44,961.00
2025779,21.50,19.72,24732.92,961.00
2028779,21.50,19.72,14885.68,961.00
2031779,21.50,19.69,11066.96,956.00
2034779,21.51,19.72,8788.11,961.00
2037779,21.51,19.64,13701.46,961.00
2040779,21.51,19.63,11673.11,961.00
2043779,21.51,19.58,24652.70,961.00
2046779,21.51,19.58,17998.00,961.00
2049779,21.51,19.58,11167.93,963.00
2052779,21.51,19.57,9687.80,963.00
2055779,21.51,19.60,8977.74,963.00
2058779,21.51,19.65,8465.39,962.00
2061779,21.51,19.68,8311.65,963.00
2064779,21.52,19.68,8558.63,963.00
2067779,21.52,19.68,10913.73,962.00
2070779,21.52,19.67,8598.52,963.00
2073779,21.51,19.69,10286.57,964.00
2076779,21.51,19.68,17681.65,963.00
2079779,21.52,19.72,18627.01,963.00
2082779,21.51,19.70,13555.77,963.00
2085779,21.52,19.69,11586.07,963.00
2088779,21.52,19.65,11723.87,963.00
2091779,21.52,19.64,14976.44,963.00
2094779,21.52,19.65,11908.92,963.00
2097779,21.52,19.68,12131.41,963.00
2100779,21.52,19.65,14721.06,961.00
2103779,21.52,19.69,13920.82,961.00
2106779,21.52,19.66,15836.18,978.00
2109779,21.52,19.67,16833.92,962.00
2112779,21.53,19.68,15401.82,961.00
2115779,21.53,19.69,31363.48,962.00
2118779,21.53,19.73,13790.29,962.00
2121779,21.53,19.72,11538.56,962.00
2124779,21.53,19.77,11167.83,962.00
2127779,21.53,19.78,11417.64,964.00
2130779,21.53,19.67,10822.49,964.00
2133779,21.53,19.64,12825.04,964.00
2136779,21.53,19.70,13545.87,964.00
2139779,21.52,19.70,11497.24,964.00
2142779,21.52,19.74,9903.41,963.00
2145779,21.52,19.77,13585.46,980.00
2148779,21.53,19.80,20491.70,964.00
2151779,21.53,19.78,13692.54,964.00
2154779,21.53,19.74,15430.29,966.00
2157779,21.52,19.79,11814.93,965.00
2160779,21.52,19.79,11122.12,964.00
2163779,21.53,19.77,11056.70,964.00
2166779,21.53,19.70,9954.37,964.00
2169779,21.53,19.63,9930.63,965.00
2172779,21.53,19.62,11457.83,965.00
2175779,21.53,19.63,14852.07,964.00
2178779,21.53,19.67,13315.19,964.00
2181779,21.53,19.68,10851.63,964.00
2184779,21.53,19.71,17624.35,957.00
2187779,21.53,19.68,17915.45,963.00
2190779,21.53,19.61,13583.08,963.00
2193779,21.54,19.58,11367.10,962.00
2196779,21.54,19.61,9392.99,963.00
2199779,21.54,19.52,13165.20,962.00
2202779,21.53,19.51,18422.97,963.00
2205779,21.54,19.45,14728.61,971.00
2208779,21.54,19.48,17371.18,965.00
2211779,21.54,19.52,13209.93,965.00
2214779,21.54,19.52,41795.72,965.00
2217779,21.54,19.52,14457.74,964.00
2220779,21.54,19.53,12228.38,965.00
2223779,21.54,19.56,11610.67,964.00
2226779,21.54,19.57,38081.96,957.00
2229779,21.54,19.58,33183.88,964.00
2232779,21.55,19.54,14126.67,965.00
2235779,21.55,19.56,23738.85,965.00
2238779,21.55,19.56,19582.97,964.00
2241779,21.54,19.56,21078.05,963.00
2244779,21.54,19.57,32747.67,964.00
2247779,21.54,19.59,32534.59,963.00
2250779,21.54,19.63,11952.01,964.00
2253779,21.54,19.68,28847.76,964.00
2256779,21.54,19.66,11174.27,963.00
2259779,21.54,19.61,10756.55,962.00
2262779,21.54,19.63,10975.60,967.00
2265779,21.55,19.61,11243.77,962.00
2268779,21.54,19.58,11414.62,962.00
2271779,21.54,19.57,11329.06,962.00
2274779,21.55,19.54,16068.45,951.00
2277779,21.55,19.58,13198.81,962.00
2280779,21.55,19.57,11256.80,961.00
2283779,21.54,19.56,9302.78,962.00
2286779,21.54,19.59,10427.42,963.00
2289779,21.55,19.59,9033.19,964.00
2292779,21.55,19.59,11240.18,963.00
2295779,21.55,19.61,12098.53,963.00
2298779,21.55,19.62,11380.43,962.00
2301779,21.55,19.64,9838.79,963.00
2304779,21.56,19.59,9742.92,963.00
2307779,21.56,19.57,10175.20,963.00
2310779,21.56,19.61,12983.84,963.00
2313779,21.56,19.58,11428.19,963.00
2316779,21.56,19.62,20212.32,978.00
2319779,21.56,19.61,10755.06,962.00
2322779,21.56,19.64,11443.77,962.00
2325779,21.56,19.63,12115.11,963.00
2328779,21.56,19.66,22382.86,962.00
2331779,21.56,19.67,18909.28,962.00
2334779,21.56,19.68,40375.39,962.00
2337779,21.56,19.69,14612.07,962.00
2340779,21.56,19.67,10831.58,960.00
2343779,21.56,19.64,22737.97,959.00
2346779,21.56,19.63,20484.64,964.00
2349779,21.56,19.57,20141.72,960.00
2352779,21.55,19.57,25538.79,959.00
2355779,21.55,19.62,11970.72,960.00
2358779,21.55,19.63,10358.63,960.00
2361779,21.55,19.56,13847.96,961.00
2364779,21.55,19.57,23518.48,959.00
2367779,21.56,19.58,19184.57,957.00
2370779,21.55,19.56,12792.02,961.00
2373779,21.56,19.56,17257.86,961.00
2376779,21.56,19.53,10886.28,961.00
2379779,21.56,19.53,18622.63,958.00
2382779,21.56,19.54,17387.52,960.00
2385779,21.56,19.59,13704.20,960.00
2388779,21.56,19.51,26881.71,961.00
2391779,21.56,19.47,17094.77,961.00
2394779,21.56,19.52,36388.90,962.00
2397779,21.56,19.54,18852.28,960.00
2400779,21.56,19.54,17747.70,960.00
2403779,21.56,19.52,16153.82,960.00
2406779,21.56,19.51,11929.26,961.00
2409779,21.56,19.50,10328.12,960.00
2412779,21.56,19.48,10439.51,960.00
2415779,21.56,19.50,11048.20,959.00
2418779,21.55,19.51,11092.16,960.00
2421779,21.56,19.50,14850.35,960.00
2424779,21.55,19.51,32750.54,958.00
2427779,21.55,19.47,11855.27,957.00
2430779,21.55,19.46,12796.29,958.00
2433779,21.56,19.46,15073.13,958.00
2436779,21.55,19.50,12272.42,957.00
2439779,21.55,19.52,19475.46,957.00
2442779,21.55,19.52,12920.42,957.00
2445779,21.56,19.53,13726.24,958.00
2448779,21.55,19.52,12837.84,951.00
2451779,21.56,19.48,26466.40,960.00
2454779,21.55,19.47,16178.00,959.00
2457779,21.55,19.48,15197.72,959.00
2460779,21.56,19.46,12669.36,959.00
2463779,21.56,19.47,47508.22,959.00
2466779,21.56,19.46,12788.53,959.00
2469779,21.56,19.48,18021.22,958.00
2472779,21.56,19.47,13621.45,959.00
2475779,21.56,19.51,13326.49,958.00
2478779,21.55,19.50,12228.00,959.00
2481779,21.56,19.48,17433.32,958.00
2484779,21.56,19.50,16356.81,953.00
2487779,21.56,19.50,21429.50,958.00
2490779,21.56,19.53,13020.50,958.00
2493779,21.56,19.57,13642.02,958.00
2496779,21.56,19.58,22891.14,958.00
2499779,21.56,19.61,18909.73,958.00
2502779,21.56,19.64,15705.79,959.00
2505779,21.55,19.63,31168.13,959.00
2508779,21.55,19.64,21145.86,956.00
2511779,21.56,19.63,18640.32,956.00
2514779,21.56,19.62,26707.29,956.00
2517779,21.55,19.61,21663.86,961.00
2520779,21.56,19.62,16467.06,956.00
2523779,21.56,19.67,17246.00,955.00
2526779,21.56,19.68,17744.00,955.00
2529779,21.55,19.68,13929.17,955.00
2532779,21.55,19.68,23477.17,957.00
2535779,21.56,19.69,21797.58,956.00
2538779,21.56,19.73,14476.32,958.00
2541779,21.56,19.75,21873.73,958.00
2544779,21.56,19.74,18282.19,957.00
2547779,21.55,19.69,17806.79,959.00
2550779,21.55,19.69,12406.06,957.00
2553779,21.56,19.68,14575.26,957.00
2556779,21.56,19.71,21933.29,957.00
2559779,21.56,19.71,17277.18,957.00
2562779,21.56,19.72,15048.12,956.00
2565779,21.56,19.80,12533.33,957.00
2568779,21.56,19.87,38238.21,957.00
2571779,21.56,19.92,20153.52,957.00
2574779,21.56,19.89,16881.35,956.00
2577779,21.56,19.84,20946.60,956.00
2580779,21.56,19.87,14969.71,957.00
2583779,21.56,19.87,13326.09,953.00
2586779,21.56,19.90,25445.44,954.00
2589779,21.56,19.92,16416.16,954.00
2592779,21.56,19.93,26759.50,953.00
2595779,21.56,19.92,14449.75,953.00
2598779,21.56,19.93,17857.61,954.00
2601779,21.56,19.94,12043.45,953.00
2604779,21.56,19.94,18595.17,955.00
2607779,21.56,19.94,12515.61,955.00
2610779,21.56,19.94,19270.55,954.00
2613779,21.56,19.93,11280.72,955.00
2616779,21.56,19.88,11929.70,955.00
2619779,21.55,19.89,15507.16,950.00
2622779,21.55,19.88,12043.82,953.00
2625779,21.55,19.87,22962.38,953.00
2628779,21.55,19.89,13792.25,953.00
2631779,21.55,19.90,19455.61,953.00
2634779,21.54,19.93,14510.02,954.00
2637779,21.55,19.98,15929.55,953.00
2640779,21.55,20.00,33208.11,953.00
2643779,21.55,19.99,26101.49,948.00
2646779,21.55,19.94,42274.78,952.00
2649779,21.55,19.94,29106.62,950.00
2652779,21.55,19.88,34411.51,953.00
2655779,21.55,19.87,30357.42,952.00
2658779,21.54,19.84,19855.59,941.00
2661779,21.55,19.84,13665.71,948.00
2664779,21.54,19.77,16177.62,955.00
2667779,21.55,19.75,15863.15,949.00
2670779,21.54,19.77,23768.76,948.00
2673779,21.55,19.74,19664.61,955.00
2676779,21.54,19.77,16058.81,948.00
2679779,21.54,19.74,17396.60,948.00
2682779,21.54,19.73,24137.44,948.00
2685779,21.54,19.71,24629.22,963.00
2688779,21.54,19.67,16919.42,950.00
2691779,21.54,19.67,10023.83,948.00
2694779,21.54,19.68,37597.40,949.00
2697779,21.53,19.64,23930.04,955.00
2700779,21.54,19.64,15667.74,949.00
2703779,21.53,19.63,14811.01,949.00
2706779,21.53,19.61,16406.58,948.00
2709779,21.53,19.59,36822.95,947.00
2712779,21.52,19.58,21528.68,947.00
2715779,21.52,19.57,9516.85,947.00
2718779,21.52,19.58,31982.04,947.00
2721779,21.52,19.61,24167.20,946.00
2724779,21.51,19.61,32126.17,947.00
2727779,21.52,19.62,28648.79,947.00
2730779,21.51,19.59,30719.72,947.00
2733779,21.52,19.62,9600.97,947.00
2736779,21.52,19.61,9758.39,946.00
2739779,21.51,19.58,37957.76,946.00
2742779,21.51,19.54,20088.62,945.00
2745779,21.51,19.58,19500.48,946.00
2748779,21.51,19.57,8551.00,940.00
2751779,21.51,19.58,9003.71,942.00
2754779,21.51,19.58,9517.25,942.00
2757779,21.51,19.57,8371.36,942.00
2760779,21.51,19.56,9722.28,941.00
2763779,21.51,19.56,8795.52,942.00
2766779,21.51,19.58,12947.42,941.00
2769779,21.51,19.54,15442.68,941.00
2772779,21.51,19.57,10803.39,940.00
2775779,21.51,19.57,21269.37,942.00
2778779,21.51,19.57,24976.19,942.00
2781779,21.51,19.56,18864.45,941.00
2784779,21.50,19.54,20596.31,941.00
2787779,21.51,19.54,21475.75,941.00
2790779,21.50,19.52,19369.46,940.00
2793779,21.51,19.53,11875.56,940.00
2796779,21.50,19.53,10209.33,940.00
2799779,21.51,19.51,9316.23,939.00
2802779,21.51,19.44,20389.59,939.00
2805779,21.51,19.47,9813.63,938.00
2808779,21.51,19.51,17865.38,939.00
2811779,21.51,19.51,18001.87,937.00
2814779,21.51,19.47,17271.32,937.00
2817779,21.51,19.44,9972.61,936.00
2820779,21.50,19.42,10929.18,935.00
2823779,21.51,19.46,11173.69,934.00
2826779,21.51,19.47,11875.73,934.00
2829779,21.50,19.43,11086.10,933.00
2832779,21.51,19.41,8959.63,929.00
2835779,21.51,19.46,9103.66,928.00
2838779,21.51,19.46,12193.98,927.00
2841779,21.51,19.48,13656.40,926.00
2844779,21.50,19.48,13941.09,920.00
2847779,21.50,19.51,12113.53,923.00
2850779,21.50,19.48,17626.96,921.00
2853779,21.50,19.49,16224.62,919.00
2856779,21.50,19.48,18375.21,917.00
2859779,21.49,19.44,11469.30,916.00
2862779,21.49,19.44,11445.38,914.00
2865779,21.49,19.48,9313.33,912.00
2868779,21.49,19.47,12753.23,911.00
2871779,21.49,19.47,12372.33,908.00
2874779,21.49,19.43,12368.72,907.00
2877779,21.49,19.43,13787.12,905.00
2880779,21.48,19.43,48496.49,902.00
2883779,21.48,19.37,20954.01,901.00
2886779,21.48,19.41,18114.82,900.00
2889779,21.48,19.41,12962.22,897.00
2892779,21.48,19.42,18101.75,895.00
2895779,21.47,19.41,16702.51,892.00
2898779,21.48,19.43,15817.07,891.00
2901779,21.48,19.42,24366.74,889.00
2904779,21.48,19.42,22591.72,886.00
2907779,21.48,19.43,28074.27,884.00
2910779,21.47,19.43,20864.18,882.00
2913779,21.47,19.41,16760.54,880.00
2916779,21.47,19.39,19037.97,878.00
2919779,21.47,19.33,20343.83,872.00
2922779,21.47,19.33,23727.96,874.00
2925779,21.47,19.33,15950.75,872.00
2928779,21.47,19.34,12410.49,870.00
2931779,21.47,19.36,11420.15,868.00
2934779,21.47,19.36,9361.04,866.00
2937779,21.47,19.34,10267.57,864.00
2940779,21.47,19.37,20823.15,860.00
2943779,21.47,19.38,16752.67,871.00
2946779,21.47,19.34,14698.24,858.00
2949779,21.47,19.36,22891.07,856.00
2952779,21.48,19.39,15642.08,854.00
2955779,21.48,19.42,19351.93,852.00
2958779,21.47,19.42,17927.55,851.00
2961779,21.47,19.42,14358.04,848.00
2964779,21.47,19.42,12216.08,847.00
2967779,21.46,19.42,20153.77,845.00
2970779,21.46,19.44,13149.53,843.00
2973779,21.46,19.42,12756.41,842.00
2976779,21.46,19.44,18278.01,841.00
2979779,21.46,19.45,14433.07,838.00
2982779,21.45,19.44,16578.82,836.00
2985779,21.46,19.43,13952.13,835.00
2988779,21.45,19.43,11677.95,832.00
2991779,21.45,19.43,14259.54,832.00
2994779,21.46,19.42,15980.92,830.00
2997779,21.45,19.44,11111.10,827.00
3000779,21.45,19.45,13753.63,825.00
3003779,21.45,19.43,32684.39,825.00
3006779,21.45,19.47,47068.73,819.00
3009779,21.46,19.49,31324.54,818.00
3012779,21.46,19.52,35007.19,817.00
3015779,21.46,19.45,32749.51,815.00
3018779,21.46,19.41,33720.93,813.00
3021779,21.46,19.43,34805.70,812.00
3024779,21.46,19.47,18602.21,810.00
3027779,21.46,19.47,21312.32,808.00
3030779,21.46,19.43,36872.89,806.00
3033779,21.46,19.44,37556.09,805.00
3036779,21.45,19.44,48897.29,803.00
3039779,21.45,19.42,25307.94,801.00
3042779,21.46,19.41,34403.34,799.00
3045779,21.45,19.40,32194.10,799.00
3048779,21.45,19.42,36750.08,797.00
3051779,21.45,19.44,27191.33,796.00
3054779,21.45,19.48,39775.29,793.00
3057779,21.45,19.52,43782.68,791.00
3060779,21.44,19.52,32275.65,790.00
3063779,21.44,19.52,22697.32,786.00
3066779,21.45,19.52,24819.02,786.00
3069779,21.45,19.50,25588.55,783.00
3072779,21.45,19.53,23249.81,781.00
3075779,21.45,19.52,26012.28,781.00
3078779,21.45,19.53,22208.92,775.00
3081779,21.45,19.53,12494.43,778.00
3084779,21.45,19.55,19494.10,775.00
3087779,21.45,19.57,10799.47,774.00
3090779,21.45,19.58,21227.60,772.00
3093779,21.44,19.55,13798.30,771.00
3096779,21.44,19.54,14726.86,769.00
3099779,21.44,19.49,20251.84,768.00
3102779,21.44,19.47,17565.54,766.00
3105779,21.44,19.47,19735.50,765.00
3108779,21.44,19.49,26722.83,764.00
3111779,21.44,19.52,16514.78,761.00
3114779,21.44,19.50,24367.27,761.00
3117779,21.43,19.48,22050.86,759.00
3120779,21.43,19.48,13128.28,758.00
3123779,21.43,19.49,25981.00,756.00
3126779,21.42,19.46,24412.83,773.00
3129779,21.42,19.45,20759.49,753.00
3132779,21.42,19.53,14451.23,750.00
3135779,21.42,19.64,11786.49,746.00
3138779,21.43,19.70,11531.80,748.00
3141779,21.43,19.72,16806.75,747.00
3144779,21.43,19.74,17379.78,747.00
3147779,21.43,19.60,12466.36,744.00
3150779,21.42,19.59,19682.73,746.00
3153779,21.43,19.61,12439.26,741.00
3156779,21.43,19.59,13372.45,741.00
3159779,21.43,19.56,13713.55,739.00
3162779,21.43,19.54,10957.47,737.00
3165779,21.43,19.54,13397.43,737.00
3168779,21.42,19.49,11466.47,736.00
3171779,21.43,19.51,10997.51,734.00
3174779,21.42,19.50,12562.80,734.00
3177779,21.42,19.51,14364.08,732.00
3180779,21.42,19.53,14931.00,730.00
3183779,21.42,19.54,12388.64,730.00
3186779,21.41,19.55,15905.24,739.00
3189779,21.42,19.51,13584.42,729.00
3192779,21.41,19.54,11843.71,728.00
3195779,21.40,19.56,48755.60,727.00
3198779,21.40,19.56,11804.06,725.00
3201779,21.40,19.56,11804.06,724.00
3204779,21.40,19.56,11804.06,723.00
3207779,21.40,19.56,11804.06,723.00
3214458,21.38,19.51,0.00,725.00
3217458,21.39,19.54,17965.61,722.00
3220458,21.39,19.55,13805.73,720.00
3223458,21.39,19.56,12249.02,717.00
3226458,21.40,19.58,17298.36,719.00
3229458,21.40,19.56,19575.70,718.00
3232458,21.40,19.56,13814.03,718.00
3235458,21.40,19.59,11303.85,716.00
3238458,21.39,19.59,11557.91,715.00
3241458,21.39,19.61,27214.39,716.00
3244458,21.39,19.64,40107.45,714.00
3247458,21.39,19.62,27862.82,714.00
3250458,21.39,19.60,30208.39,714.00
3253458,21.39,19.61,20115.79,714.00
3256458,21.39,19.62,13680.25,715.00
3259458,21.39,19.65,18176.64,714.00
3262458,21.39,19.64,16056.73,714.00
3265458,21.38,19.64,10852.60,713.00
3268458,21.38,19.64,22864.06,714.00
3271458,21.38,19.64,14132.08,717.00
3274458,21.38,19.62,19379.00,714.00
3277458,21.38,19.66,21316.24,715.00
3280458,21.38,19.65,22127.70,713.00
3283458,21.38,19.64,17629.02,715.00
3286458,21.38,19.65,20380.39,715.00
3289458,21.38,19.64,18942.60,715.00
3292458,21.38,19.65,19019.64,717.00
3295458,21.38,19.66,16349.87,716.00
3298458,21.38,19.70,17240.38,717.00
3301458,21.39,19.67,24003.29,718.00
3304458,21.38,19.70,15595.12,719.00
3307458,21.38,19.69,19305.59,720.00
3310458,21.38,19.65,22407.59,718.00
3313458,21.37,19.62,33486.79,721.00
3316458,21.38,19.65,36598.34,723.00
3319458,21.38,19.65,21712.97,724.00
3322458,21.39,19.69,19772.95,725.00
3325458,21.39,19.72,26014.44,726.00
3328458,21.39,19.74,22783.52,727.00
3331458,21.39,19.75,25969.66,730.00
3334458,21.39,19.76,29657.51,730.00
3337458,21.38,19.76,26182.39,731.00
3340458,21.39,19.81,28714.26,732.00
3343458,21.39,19.82,17715.64,734.00
3346458,21.39,19.82,29295.62,736.00
3349458,21.39,19.78,31907.75,737.00
3352458,21.39,19.77,47827.12,737.00
3355458,21.38,19.74,29346.61,739.00
3358458,21.38,19.70,39643.75,740.00
3361458,21.39,19.70,26447.68,742.00
3364458,21.39,19.69,28127.17,741.00
3367458,21.39,19.69,28104.41,742.00
3370458,21.39,19.72,17785.32,744.00
3373458,21.39,19.78,29476.92,744.00
3376458,21.39,19.82,31849.65,746.00
3379458,21.39,19.86,27234.96,744.00
3382458,21.38,19.87,23794.10,746.00
3385458,21.38,19.92,17764.09,746.00
3388458,21.39,19.93,23038.79,747.00
3391458,21.39,19.93,32499.03,747.00
3394458,21.39,19.92,14195.25,745.00
3397458,21.39,19.90,23688.29,747.00
3400458,21.39,19.92,26135.52,748.00
3403458,21.39,19.96,28709.81,748.00
3406458,21.39,19.98,22649.73,748.00
3409458,21.39,20.01,25182.57,747.00
3412458,21.39,19.99,13753.64,747.00
3415458,21.39,20.00,21848.82,746.00
3418458,21.39,19.99,23354.23,747.00
3421458,21.39,19.93,30160.06,746.00
3424458,21.40,19.95,37024.41,747.00
3427458,21.39,19.93,34964.32,747.00
3430458,21.39,19.92,45169.05,746.00
3433458,21.39,19.91,31573.96,746.00
3436458,21.39,19.92,45010.94,745.00
3439458,21.39,19.90,40594.38,745.00
3442458,21.39,19.86,28806.43,744.00
3445458,21.39,19.87,16976.68,745.00
3448458,21.38,19.88,29271.09,746.00
3451458,21.38,19.88,21553.67,747.00
3454458,21.38,19.92,22834.11,747.00
3457458,21.38,19.94,26473.56,748.00
3460458,21.38,19.96,31567.08,749.00
3463458,21.38,19.98,17494.03,750.00
3466458,21.38,19.98,24448.15,751.00
3469458,21.38,20.03,38182.78,751.00
3472458,21.38,20.07,43525.50,752.00
3475458,21.38,20.09,22314.17,753.00
3478458,21.38,20.12,38259.23,756.00
3481458,21.39,20.14,26593.55,756.00
3484458,21.38,20.19,20622.82,758.00
3487458,21.39,20.27,13778.45,760.00
3490458,21.38,20.27,18967.19,761.00
3493458,21.38,20.30,16598.88,764.00
3496458,21.39,20.32,20693.75,765.00
3499458,21.39,20.30,29732.55,769.00
3502458,21.38,20.32,22276.69,769.00
3505458,21.39,20.30,15774.44,771.00
3508458,21.39,20.30,18961.15,773.00
3511458,21.39,20.35,34035.02,775.00
3514458,21.39,20.41,19597.24,777.00
3517458,21.39,20.43,19960.97,779.00
3520458,21.39,20.45,34043.45,783.00
3523458,21.39,20.46,26692.67,784.00
3526458,21.39,20.46,24136.87,787.00
3529458,21.39,20.44,20995.79,788.00
3532458,21.40,20.39,30222.29,792.00
3535458,21.39,20.39,36673.96,795.00
3538458,21.40,20.40,40455.36,797.00
3541458,21.40,20.42,33265.45,800.00
3544458,21.40,20.44,33372.88,804.00
3547458,21.40,20.43,23293.48,807.00
3550458,21.40,20.46,19465.68,811.00
3553458,21.40,20.46,23459.48,813.00
3556458,21.40,20.48,22705.69,817.00
3559458,21.40,20.48,39819.89,822.00
3562458,21.40,20.46,49703.39,825.00
3565458,21.40,20.44,26612.96,828.00
3568458,21.41,20.43,39493.55,838.00
3571458,21.40,20.40,38865.52,834.00
3574458,21.40,20.45,49521.84,840.00
3577458,21.40,20.50,48478.22,841.00
3580458,21.40,20.55,44414.33,842.00
3583458,21.40,20.54,49851.54,846.00
3586458,21.40,20.48,43145.94,849.00
3589458,21.40,20.44,28283.64,843.00
3592458,21.40,20.46,28455.05,846.00
3595458,21.40,20.51,37769.84,847.00
3598458,21.39,20.54,37247.11,843.00
3601458,21.40,20.54,27099.10,848.00
3604458,21.40,20.49,17820.23,851.00
3607458,21.40,20.46,19983.71,853.00
3610458,21.41,20.46,16625.33,858.00
3613458,21.40,20.50,28104.83,858.00
3616458,21.41,20.53,14236.00,859.00
3619458,21.40,20.56,19369.93,863.00
3622458,21.41,20.61,23346.75,864.00
3625458,21.40,20.64,16075.69,867.00
3628458,21.41,20.64,22116.09,868.00
3631458,21.41,20.65,27540.07,868.00
3634458,21.41,20.65,30895.79,871.00
3637458,21.42,20.62,35816.50,875.00
3640458,21.41,20.58,30397.00,874.00
3643458,21.42,20.55,37057.26,876.00
3646458,21.42,20.61,20143.94,878.00
3649458,21.42,20.67,26508.07,880.00
3652458,21.42,20.74,20454.96,881.00
3655458,21.42,20.77,30573.04,882.00
3658458,21.42,20.81,20494.61,878.00
3661458,21.42,20.76,16009.32,878.00
3664458,21.42,20.71,17422.65,880.00
3667458,21.43,20.72,12240.55,880.00
3670458,21.43,20.74,32761.71,881.00
3673458,21.43,20.76,21080.66,881.00
3676458,21.44,20.77,23203.05,882.00
3679458,21.43,20.84,12659.15,880.00
3682458,21.44,20.89,17495.33,885.00
3685458,21.43,20.85,15555.53,886.00
3688458,21.43,20.84,30122.87,887.00
3691458,21.44,20.82,17084.70,890.00
3694458,21.44,20.80,37921.53,887.00
3697458,21.43,20.80,32390.56,888.00
3700458,21.44,20.80,23404.95,888.00
3703458,21.44,20.81,29319.30,887.00
3706458,21.44,20.81,30885.71,887.00
3709458,21.44,20.82,23574.46,887.00
3712458,21.44,20.85,22899.96,893.00
3715458,21.44,20.84,35231.00,885.00
3718458,21.43,20.82,28528.78,880.00
3721458,21.44,20.82,13316.52,876.00
3724458,21.43,20.74,30411.79,881.00
3727458,21.43,20.71,49263.13,880.00
3730458,21.43,20.82,32116.74,883.00
3733458,21.43,20.86,38514.06,883.00
3736458,21.43,20.86,36585.82,882.00
3739458,21.43,20.86,26230.54,884.00
3742458,21.44,20.84,23613.12,885.00
3745458,21.44,20.82,28834.22,886.00
3748458,21.44,20.79,21128.70,886.00
3751458,21.44,20.71,25871.61,886.00
3754458,21.43,20.61,23929.66,897.00
3757458,21.44,20.55,23351.66,903.00
3760458,21.45,20.52,19837.42,904.00
3763458,21.44,20.45,21290.55,905.00
3766458,21.44,20.44,14752.22,905.00
3769458,21.44,20.42,21266.72,905.00
3772458,21.44,20.34,21382.96,905.00
3775458,21.44,20.16,17653.00,906.00
3778458,21.44,20.13,20690.75,906.00
3781458,21.43,20.17,13729.24,905.00
3784458,21.43,20.18,17518.83,905.00
3787458,21.43,20.16,14016.08,905.00
3790458,21.42,20.06,14401.43,904.00
3793458,21.42,20.01,18951.01,903.00
3796458,21.42,20.00,15259.55,905.00
3799458,21.42,20.02,11861.19,914.00
3802458,21.42,20.04,11643.18,898.00
3805458,21.42,20.03,12833.00,900.00
3808458,21.42,19.98,18128.63,899.00
3811458,21.42,20.00,15045.08,899.00
3814458,21.42,19.95,15675.14,900.00
3817458,21.42,19.92,14587.32,899.00
3820458,21.42,19.82,17964.84,899.00
3823458,21.41,19.77,15804.95,899.00
3826458,21.41,19.69,13394.58,904.00
3829458,21.41,19.65,16377.60,905.00
3832458,21.41,19.59,12768.02,905.00
3835458,21.41,19.58,9716.58,905.00
3838458,21.41,19.60,11930.86,905.00
3841458,21.41,19.61,12635.57,903.00
3844458,21.41,19.61,18946.21,904.00
3847458,21.40,19.59,16012.69,904.00
3850458,21.41,19.62,17292.48,904.00
3853458,21.41,19.59,14627.28,904.00
3856458,21.40,19.58,15370.06,905.00
3859458,21.40,19.58,12464.67,904.00
3862458,21.40,19.60,10941.00,905.00
3865458,21.41,19.58,12543.01,906.00
3868458,21.40,19.60,15294.59,900.00
3871458,21.41,19.61,16766.33,901.00
3874458,21.40,19.55,13585.57,901.00
3877458,21.40,19.48,15784.90,901.00
3880458,21.40,19.46,14889.42,902.00
3883458,21.40,19.45,15879.23,902.00
3886458,21.39,19.43,12662.05,902.00
3889458,21.38,19.39,17939.54,908.00
3892458,21.38,19.34,12593.01,908.00
3895458,21.37,19.34,15626.72,906.00
3898458,21.37,19.30,14472.23,906.00
3901458,21.37,19.33,19213.70,905.00
3904458,21.37,19.33,11069.22,901.00
3907458,21.37,19.34,10352.25,904.00
3910458,21.36,19.31,13877.69,904.00
3913458,21.36,19.30,14473.30,905.00
3916458,21.36,19.28,12165.30,905.00
3919458,21.36,19.31,13529.16,903.00
3922458,21.36,19.28,13515.72,905.00
3925458,21.36,19.20,14751.13,905.00
3928458,21.35,19.26,19069.45,898.00
3931458,21.35,19.25,12947.94,901.00
3934458,21.34,19.24,13972.17,898.00
3937458,21.35,19.25,14997.66,897.00
3940458,21.34,19.26,12910.40,897.00
3943458,21.34,19.25,20889.26,902.00
3946458,21.33,19.28,15010.23,903.00
3949458,21.33,19.29,14329.31,902.00
3952458,21.33,19.25,14780.44,902.00
3955458,21.33,19.21,21582.45,902.00
3958458,21.33,19.24,16410.95,902.00
3961458,21.32,19.24,19893.28,901.00
3964458,21.32,19.19,16020.16,906.00
3967458,21.32,19.19,21502.22,901.00
3970458,21.33,19.18,16967.92,900.00
3973458,21.32,19.16,17084.97,901.00
3976458,21.32,19.16,13925.52,901.00
3979458,21.32,19.12,13633.45,900.00
3982458,21.32,19.15,11435.10,901.00
3985458,21.32,19.15,17812.42,900.00
3988458,21.32,19.14,13597.30,894.00
3991458,21.31,19.18,12905.06,891.00
3994458,21.31,19.14,21191.49,894.00
3997458,21.31,19.13,20096.50,894.00
4000458,21.30,19.08,16546.11,894.00
4003458,21.31,19.04,13832.37,894.00
4006458,21.30,19.04,18365.90,897.00
4009458,21.30,19.06,13859.25,899.00
4012458,21.30,19.08,18570.65,899.00
4015458,21.30,19.06,27053.68,898.00
4018458,21.30,18.99,16583.90,899.00
4021458,21.30,19.00,14187.94,897.00
4024458,21.29,19.05,21704.86,898.00
4027458,21.29,19.03,16520.97,898.00
4030458,21.29,19.03,12834.72,897.00
4033458,21.28,19.05,10653.53,896.00
4036458,21.29,19.05,13255.44,896.00
4039458,21.29,18.97,20374.13,895.00
4042458,21.29,18.98,12507.76,895.00
4045458,21.28,19.00,12949.57,895.00
4048458,21.28,19.00,11973.92,893.00
4051458,21.28,18.96,11934.17,893.00
4054458,21.28,18.92,10963.20,892.00
4057458,21.28,18.90,10954.82,892.00
4060458,21.27,18.93,11768.50,891.00
4063458,21.27,18.89,10846.64,889.00
4066458,21.27,18.90,12014.81,896.00
4069458,21.27,18.92,12533.05,893.00
4072458,21.27,18.92,9789.67,891.00
4075458,21.26,18.93,12266.00,886.00
4078458,21.26,18.92,12267.51,913.00
4081458,21.26,18.93,11563.47,910.00
4084458,21.26,18.90,11722.91,908.00
4087458,21.26,18.92,13227.05,908.00
4090458,21.26,18.92,10547.93,908.00
4093458,21.26,18.92,24344.02,906.00
4096458,21.26,18.90,11036.51,910.00
4099458,21.26,18.87,11032.78,908.00
4102458,21.25,18.88,10156.73,899.00
4105458,21.25,18.88,10906.94,903.00
4108458,21.26,18.87,9617.43,902.00
4111458,21.25,18.85,11010.72,902.00
4114458,21.25,18.85,11136.36,902.00
4117458,21.25,18.85,10552.11,901.00
4120458,21.25,18.88,11330.48,901.00
4123458,21.25,18.89,11478.87,904.00
4126458,21.24,18.89,10165.15,905.00
4129458,21.24,18.88,11258.69,904.00
4132458,21.24,18.86,11316.94,903.00
4135458,21.23,18.89,10980.74,903.00
4138458,21.23,18.89,11868.87,910.00
4141458,21.23,18.90,9959.69,901.00
4144458,21.23,18.94,10904.33,900.00
4147458,21.23,18.95,11058.50,898.00
4150458,21.23,18.94,12154.09,897.00
4153458,21.22,18.91,11182.82,896.00
4156458,21.22,18.91,12260.81,895.00
4159458,21.22,18.93,11639.35,890.00
4162458,21.22,18.94,11624.21,890.00
4165458,21.21,18.96,11748.03,890.00
4168458,21.22,18.97,11932.24,887.00
4171458,21.22,18.95,24033.88,887.00
4174458,21.21,18.99,11629.65,886.00
4177458,21.22,18.99,12159.79,887.00
4180458,21.21,18.99,11333.30,886.00
4183458,21.21,18.97,11397.71,886.00
4186458,21.20,18.94,11883.91,884.00
4189458,21.21,18.94,10849.92,884.00
4192458,21.21,18.96,12825.23,883.00
4195458,21.21,18.99,10472.43,883.00
4198458,21.21,18.96,10384.83,882.00
4201458,21.20,18.92,12461.01,881.00
4204458,21.20,18.91,11118.47,881.00
4207458,21.20,18.90,11808.54,879.00
4210458,21.20,18.91,11316.01,878.00
4213458,21.20,18.95,9966.46,877.00
4216458,21.20,18.91,9904.24,878.00
4219458,21.19,18.90,10506.67,878.00
4222458,21.19,18.90,11462.17,878.00
4225458,21.19,18.89,11155.58,881.00
4228458,21.19,18.94,10251.17,881.00
4231458,21.19,18.90,10365.84,881.00
4234458,21.18,18.85,10617.64,889.00
4237458,21.19,18.83,13905.43,882.00
4240458,21.18,18.84,10174.01,881.00
4243458,21.18,18.83,10315.02,882.00
4246458,21.18,18.86,10119.48,882.00
4249458,21.18,18.87,11611.46,883.00
4252458,21.18,18.89,10781.46,884.00
4255458,21.18,18.86,11090.94,885.00
4258458,21.18,18.85,8934.61,880.00
4261458,21.18,18.86,9959.72,882.00
4264458,21.17,18.84,11576.21,883.00
4267458,21.17,18.85,10226.21,884.00
4270458,21.17,18.86,10257.18,882.00
4273458,21.17,18.89,10482.30,885.00
4276458,21.17,18.89,9487.07,888.00
4279458,21.17,18.89,10588.52,888.00
4282458,21.17,18.86,10444.69,889.00
4285458,21.16,18.89,12048.57,887.00
4288458,21.16,18.85,13984.22,888.00
4291458,21.16,18.87,10585.93,889.00
4294458,21.16,18.87,19365.38,888.00
4297458,21.16,18.90,11357.88,889.00
4300458,21.16,18.91,10558.62,888.00
4303458,21.16,18.90,13203.90,886.00
4306458,21.15,18.89,10905.92,889.00
4309458,21.16,18.91,10962.15,889.00
4312458,21.15,18.91,12266.50,885.00
4315458,21.15,18.93,10455.72,885.00
4318458,21.15,18.95,11257.09,886.00
4321458,21.15,18.91,11572.69,886.00
4324458,21.15,18.86,11515.94,886.00
4327458,21.15,18.85,11602.27,886.00
4330458,21.15,18.84,11326.71,890.00
4333458,21.14,18.82,11145.72,891.00
4336458,21.15,18.81,11069.04,890.00
4339458,21.14,18.86,11671.68,891.00
4342458,21.14,18.86,10512.69,890.00
4345458,21.14,18.81,11968.32,890.00
4348458,21.14,18.85,10629.89,889.00
4351458,21.14,18.87,10367.74,892.00
4354458,21.14,18.87,9255.70,891.00
4357458,21.14,18.87,10663.68,897.00
4360458,21.13,18.88,10913.15,891.00
4363458,21.13,18.87,11756.15,885.00
4366458,21.13,18.83,11102.01,884.00
4369458,21.13,18.90,9165.32,884.00
4372458,21.13,18.88,10808.71,883.00
4375458,21.13,18.92,9359.75,881.00
4378458,21.13,18.93,9717.34,880.00
4381458,21.13,18.90,11078.03,884.00
4384458,21.14,18.91,10331.17,899.00
4387458,21.13,18.88,11671.83,899.00
4390458,21.13,18.86,11959.02,904.00
4393458,21.13,18.83,12545.29,900.00
4396458,21.13,18.91,12063.28,900.00
4399458,21.13,18.88,11266.71,901.00
4402458,21.12,18.87,10347.03,899.00
4405458,21.12,18.88,9509.67,907.00
4408458,21.13,18.91,9891.86,900.00
4411458,21.12,18.88,10071.98,894.00
4414458,21.12,18.85,10116.62,893.00
4417458,21.14,18.88,12241.38,926.00
4420458,21.14,18.85,12017.24,928.00
4423458,21.14,18.84,11155.82,929.00
4426458,21.13,18.85,12420.28,931.00
4429458,21.14,18.86,19199.49,932.00
4432458,21.14,18.87,17200.70,933.00
4435458,21.14,18.86,9570.22,934.00
4438458,21.14,18.86,10385.57,935.00
4441458,21.14,18.88,10276.33,936.00
4444458,21.14,18.90,9805.82,937.00
4447458,21.14,18.91,10162.47,937.00
4450458,21.14,18.86,9719.10,938.00
4453458,21.14,18.84,10267.82,939.00
4456458,21.14,18.85,10512.56,940.00
4459458,21.14,18.86,10509.38,939.00
4462458,21.14,18.88,10238.78,939.00
4465458,21.14,18.88,12616.86,940.00
4468458,21.14,18.86,11342.06,941.00
4471458,21.14,18.87,10378.78,941.00
4474458,21.15,18.87,9680.30,942.00
4477458,21.14,18.84,11043.56,944.00
4480458,21.14,18.84,14892.12,944.00
4483458,21.14,18.81,9628.09,939.00
4486458,21.14,18.77,11012.83,945.00
4489458,21.15,18.75,10692.88,940.00
4492458,21.15,18.76,13331.50,945.00
4495458,21.15,18.75,11718.53,945.00
4498458,21.15,18.77,9379.12,946.00
4501458,21.15,18.76,9958.40,946.00
4504458,21.15,18.80,10908.07,946.00
4507458,21.15,18.81,10909.13,946.00
4510458,21.15,18.81,10546.31,946.00
4513458,21.15,18.80,13284.92,946.00
4516458,21.15,18.80,11444.73,946.00
4519458,21.15,18.79,10402.44,946.00
4522458,21.15,18.79,10109.86,946.00
4525458,21.15,18.77,12027.84,960.00
4528458,21.15,18.80,9275.79,948.00
4531458,21.15,18.81,11248.97,951.00
4534458,21.14,18.81,10254.19,949.00
4537458,21.15,18.80,10498.69,950.00
4540458,21.15,18.81,11768.03,949.00
4543458,21.15,18.77,10431.37,950.00
4546458,21.15,18.77,10452.15,950.00
4549458,21.15,18.76,9824.77,951.00
4552458,21.15,18.72,11504.11,950.00
4555458,21.14,18.74,22060.06,949.00
4558458,21.15,18.71,11380.53,944.00
4561458,21.14,18.75,14546.34,950.00
4564458,21.14,18.76,10018.61,950.00
4567458,21.14,18.77,10326.25,950.00
4570458,21.14,18.76,11451.83,951.00
4573458,21.15,18.74,9657.84,952.00
4576458,21.14,18.75,10768.58,953.00
4579458,21.15,18.75,10356.68,954.00
4582458,21.14,18.77,10205.88,954.00
4585458,21.14,18.75,10224.32,954.00
4588458,21.14,18.74,9857.77,954.00
4591458,21.14,18.76,9518.95,955.00
4594458,21.14,18.75,10003.52,954.00
4597458,21.14,18.74,9827.03,955.00
4600458,21.14,18.72,9220.79,955.00
4603458,21.14,18.72,10791.76,953.00
4606458,21.14,18.72,10048.78,954.00
4609458,21.14,18.71,10880.72,953.00
4612458,21.15,18.71,10219.60,954.00
4615458,21.15,18.71,9217.31,953.00
4618458,21.15,18.72,8378.55,956.00
4621458,21.15,18.74,10753.61,961.00
4624458,21.15,18.72,10365.17,956.00
4627458,21.14,18.76,9572.38,956.00
4630458,21.14,18.77,10771.83,956.00
4633458,21.14,18.75,9887.85,957.00
4636458,21.14,18.76,9029.38,956.00
4639458,21.14,18.75,10248.88,956.00
4642458,21.14,18.75,11088.30,956.00
4645458,21.14,18.75,10469.62,957.00
4648458,21.14,18.80,9160.48,955.00
4651458,21.15,18.81,9791.17,955.00
4654458,21.14,18.82,10182.62,955.00
4657458,21.15,18.82,9602.60,955.00
4660458,21.15,18.80,11815.58,954.00
4663458,21.15,18.81,9364.12,956.00
4666458,21.14,18.85,9629.41,957.00
4669458,21.15,18.82,9881.33,957.00
4672458,21.15,18.82,11062.09,963.00
4675458,21.15,18.81,10204.35,957.00
4678458,21.15,18.82,10111.32,956.00
4681458,21.15,18.82,10421.32,955.00
4684458,21.15,18.80,11112.37,956.00
4687458,21.15,18.79,10009.79,955.00
4690458,21.15,18.82,10312.98,955.00
4693458,21.15,18.77,10883.93,956.00
4696458,21.15,18.80,13756.56,953.00
4699458,21.15,18.79,18716.53,953.00
4702458,21.14,18.79,18776.15,953.00
4705458,21.14,18.80,18776.15,953.00
4708458,21.15,18.75,18776.15,953.00
4714662,21.13,18.76,0.00,957.00
4717662,21.15,18.76,11001.49,954.00
4720662,21.15,18.77,11478.96,956.00
4723662,21.14,18.79,9472.08,956.00
4726662,21.15,18.81,10013.70,956.00
4729662,21.15,18.80,10552.76,954.00
4732662,21.15,18.81,9221.05,953.00
4735662,21.15,18.80,12274.87,954.00
4738662,21.15,18.77,11793.63,953.00
4741662,21.15,18.75,10793.96,954.00
4744662,21.15,18.75,11740.16,956.00
4747662,21.15,18.72,10083.56,955.00
4750662,21.15,18.72,10422.38,955.00
4753662,21.15,18.71,10738.83,955.00
4756662,21.15,18.72,11694.79,955.00
4759662,21.15,18.75,12227.60,957.00
4762662,21.15,18.76,11397.02,955.00
4765662,21.14,18.77,10078.80,955.00
4768662,21.14,18.76,9882.09,954.00
4771662,21.14,18.77,11917.55,954.00
4774662,21.14,18.74,11383.95,954.00
4777662,21.14,18.74,10524.81,953.00
4780662,21.14,18.74,9857.09,952.00
4783662,21.14,18.74,10767.30,952.00
4786662,21.13,18.72,11835.74,953.00
4789662,21.14,18.71,11558.50,952.00
4792662,21.14,18.71,13505.45,954.00
4795662,21.13,18.71,13839.17,954.00
4798662,21.13,18.74,11667.44,954.00
4801662,21.14,18.74,11226.62,954.00
4804662,21.14,18.74,13736.55,954.00
4807662,21.14,18.72,11114.45,954.00
4810662,21.13,18.76,11822.80,954.00
4813662,21.14,18.77,12659.32,954.00
4816662,21.14,18.77,19640.41,953.00
4819662,21.14,18.76,12708.10,953.00
4822662,21.13,18.74,13652.50,954.00
4825662,21.13,18.71,12050.35,953.00
4828662,21.14,18.70,12660.79,953.00
4831662,21.14,18.67,12423.77,959.00
4834662,21.13,18.69,12865.48,952.00
4837662,21.13,18.70,14227.56,952.00
4840662,21.13,18.71,15033.79,954.00
4843662,21.13,18.70,15418.72,955.00
4846662,21.13,18.69,10549.84,955.00
4849662,21.13,18.66,19193.71,954.00
4852662,21.13,18.66,15781.79,954.00
4855662,21.13,18.72,15608.32,947.00
4858662,21.13,18.75,18721.02,955.00
4861662,21.14,18.75,15295.79,954.00
4864662,21.14,18.70,16355.11,969.00
4867662,21.14,18.67,11027.18,955.00
4870662,21.13,18.65,10098.50,960.00
4873662,21.13,18.64,14986.78,953.00
4876662,21.14,18.65,11328.76,954.00
4879662,21.13,18.60,10512.27,954.00
4882662,21.13,18.64,10724.57,953.00
4885662,21.13,18.67,9254.26,954.00
4888662,21.13,18.67,13974.37,956.00
4891662,21.13,18.67,18219.85,956.00
4894662,21.13,18.64,11663.25,956.00
4897662,21.13,18.64,11079.59,955.00
4900662,21.13,18.64,12305.14,957.00
4903662,21.13,18.66,12051.61,957.00
4906662,21.13,18.69,12430.85,957.00
4909662,21.13,18.71,12273.06,957.00
4912662,21.13,18.74,14848.72,963.00
4915662,21.13,18.75,11028.57,956.00
4918662,21.13,18.72,12581.22,954.00
4921662,21.12,18.72,11919.14,954.00
4924662,21.13,18.71,14131.80,955.00
4927662,21.13,18.69,11224.15,954.00
4930662,21.13,18.70,13466.38,954.00
4933662,21.13,18.69,41491.46,954.00
4936662,21.13,18.70,14536.46,956.00
4939662,21.13,18.71,11586.68,957.00
4942662,21.13,18.71,21158.84,957.00
4945662,21.13,18.71,11775.43,956.00
4948662,21.13,18.72,11982.38,957.00
4951662,21.13,18.74,9738.79,957.00
4954662,21.13,18.74,18692.68,958.00
4957662,21.13,18.75,10899.69,956.00
4960662,21.13,18.76,11626.87,957.00
4963662,21.13,18.79,11667.44,955.00
4966662,21.13,18.80,15406.83,954.00
4969662,21.13,18.80,20351.62,955.00
4972662,21.13,18.74,23966.27,955.00
4975662,21.13,18.74,14845.98,955.00
4978662,21.13,18.72,20122.65,958.00
4981662,21.13,18.72,12359.28,957.00
4984662,21.13,18.74,11052.89,957.00
4987662,21.13,18.74,14888.92,957.00
4990662,21.13,18.72,16120.41,965.00
4993662,21.13,18.75,14243.04,958.00
4996662,21.13,18.72,13201.92,957.00
4999662,21.13,18.72,11824.08,957.00
5002662,21.13,18.71,11156.93,957.00
5005662,21.13,18.71,11703.48,955.00
5008662,21.14,18.74,11471.31,956.00
5011662,21.13,18.74,9845.36,955.00
5014662,21.14,18.76,10509.04,955.00
5017662,21.13,18.77,11760.68,954.00
5020662,21.14,18.76,11362.16,958.00
5023662,21.14,18.74,11844.59,956.00
5026662,21.13,18.75,16554.65,957.00
5029662,21.14,18.76,12460.51,957.00
5032662,21.14,18.76,11789.12,957.00
5035662,21.14,18.76,11911.40,957.00
5038662,21.13,18.76,11029.06,957.00
5041662,21.13,18.74,10235.51,957.00
5044662,21.14,18.72,13718.99,953.00
5047662,21.14,18.74,13253.80,955.00
5050662,21.14,18.74,12302.12,956.00
5053662,21.13,18.74,10500.20,955.00
5056662,21.13,18.74,11030.67,954.00
5059662,21.13,18.71,13619.84,954.00
5062662,21.13,18.72,11418.98,953.00
5065662,21.13,18.69,11507.70,954.00
5068662,21.13,18.67,9558.99,956.00
5071662,21.14,18.71,9250.27,956.00
5074662,21.13,18.70,10049.02,956.00
5077662,21.14,18.69,11176.65,957.00
5080662,21.13,18.67,9863.54,956.00
5083662,21.13,18.65,11560.33,956.00
5086662,21.13,18.65,10137.95,957.00
5089662,21.13,18.67,12257.68,956.00
5092662,21.13,18.71,12723.41,955.00
5095662,21.14,18.71,13716.57,956.00
5098662,21.13,18.70,11766.65,953.00
5101662,21.14,18.69,10969.02,954.00
5104662,21.13,18.69,10311.82,954.00
5107662,21.13,18.65,10211.61,954.00
5110662,21.13,18.65,12092.42,953.00
5113662,21.13,18.66,10942.67,953.00
5116662,21.13,18.66,13795.18,955.00
5119662,21.13,18.69,9845.36,956.00
5122662,21.13,18.69,11866.30,955.00
5125662,21.12,18.70,10233.95,955.00
5128662,21.13,18.74,11690.54,955.00
5131662,21.13,18.72,13244.67,955.00
5134662,21.13,18.75,15336.83,955.00
5137662,21.13,18.72,13083.95,955.00
5140662,21.13,18.72,10221.76,955.00
5143662,21.13,18.72,12393.18,954.00
5146662,21.13,18.70,13375.48,955.00
5149662,21.13,18.67,12305.48,953.00
5152662,21.13,18.70,10541.78,952.00
5155662,21.13,18.71,13378.77,952.00
5158662,21.13,18.71,15526.66,952.00
5161662,21.13,18.71,12870.64,952.00
5164662,21.13,18.71,12313.59,953.00
5167662,21.12,18.70,11319.97,954.00
5170662,21.13,18.69,12844.21,954.00
5173662,21.13,18.69,15372.42,955.00
5176662,21.13,18.72,10795.27,954.00
5179662,21.13,18.71,13126.18,955.00
5182662,21.13,18.70,11920.86,954.00
5185662,21.13,18.66,15280.80,954.00
5188662,21.12,18.65,20872.05,953.00
5191662,21.13,18.67,11195.65,953.00
5194662,21.13,18.66,10755.35,953.00
5197662,21.12,18.65,11829.47,953.00
5200662,21.12,18.65,12246.73,951.00
5203662,21.13,18.65,14948.21,951.00
5206662,21.12,18.66,10213.36,950.00
5209662,21.12,18.66,18800.64,950.00
5212662,21.12,18.66,13651.53,951.00
5215662,21.12,18.65,16876.39,953.00
5218662,21.13,18.65,12252.13,953.00
5221662,21.13,18.65,18196.65,953.00
5224662,21.12,18.66,12497.02,945.00
5227662,21.12,18.66,16388.05,953.00
5230662,21.12,18.65,12445.98,953.00
5233662,21.12,18.64,10158.42,952.00
5236662,21.12,18.61,10627.30,952.00
5239662,21.12,18.61,11438.97,952.00
5242662,21.12,18.61,10563.83,952.00
5245662,21.12,18.61,21291.43,952.00
5248662,21.11,18.65,11055.01,949.00
5251662,21.12,18.62,10214.65,948.00
5254662,21.11,18.61,10123.15,948.00
5257662,21.11,18.64,9826.21,949.00
5260662,21.11,18.64,11107.36,948.00
5263662,21.11,18.64,9866.63,948.00
5266662,21.11,18.65,10914.02,951.00
5269662,21.12,18.65,10659.67,951.00
5272662,21.11,18.65,9590.29,951.00
5275662,21.11,18.64,9650.65,951.00
5278662,21.11,18.66,11814.81,950.00
5281662,21.11,18.70,9279.87,950.00
5284662,21.11,18.65,9716.66,951.00
5287662,21.11,18.66,10551.02,950.00
5290662,21.11,18.64,10629.73,951.00
5293662,21.11,18.62,10089.32,950.00
5296662,21.11,18.64,9911.28,950.00
5299662,21.10,18.67,9276.29,947.00
5302662,21.11,18.67,8945.69,947.00
5305662,21.11,18.67,9975.35,946.00
5308662,21.10,18.66,10904.99,946.00
5311662,21.11,18.64,9493.27,946.00
5314662,21.11,18.61,10778.48,949.00
5317662,21.11,18.65,10820.68,948.00
5320662,21.11,18.66,11398.11,948.00
5323662,21.11,18.67,11078.47,949.00
5326662,21.11,18.67,10049.81,948.00
5329662,21.11,18.69,10179.82,947.00
5332662,21.10,18.69,9778.27,948.00
5335662,21.12,18.70,9312.16,947.00
5338662,21.11,18.71,11394.69,947.00
5341662,21.11,18.70,9407.30,946.00
5344662,21.11,18.71,10337.26,942.00
5347662,21.11,18.70,9159.20,940.00
5350662,21.11,18.69,10573.47,941.00
5353662,21.11,18.64,9021.96,941.00
5356662,21.11,18.61,9887.60,939.00
5359662,21.10,18.59,9467.07,939.00
5362662,21.11,18.59,9388.30,942.00
5365662,21.11,18.60,9160.38,942.00
5368662,21.11,18.56,10011.48,941.00
5371662,21.10,18.58,12388.35,940.00
5374662,21.10,18.59,12119.30,938.00
5377662,21.10,18.59,13881.87,953.00
5380662,21.11,18.59,9592.07,954.00
5383662,21.11,18.59,9353.20,953.00
5386662,21.11,18.60,9901.83,953.00
5389662,21.11,18.60,11805.65,953.00
5392662,21.11,18.62,9228.48,951.00
5395662,21.11,18.60,9985.63,951.00
5398662,21.11,18.60,10063.01,951.00
5401662,21.11,18.64,10475.06,950.00
5404662,21.11,18.62,9683.12,950.00
5407662,21.11,18.62,29558.98,951.00
5410662,21.11,18.59,9554.29,953.00
5413662,21.11,18.56,8790.61,953.00
5416662,21.11,18.54,10903.54,953.00
5419662,21.11,18.55,11085.22,947.00
5422662,21.11,18.58,12137.37,953.00
5425662,21.10,18.56,11441.47,953.00
5428662,21.10,18.56,11117.14,953.00
5431662,21.11,18.58,9471.16,953.00
5434662,21.11,18.59,10812.31,954.00
5437662,21.10,18.56,10450.46,953.00
5440662,21.10,18.55,10830.79,967.00
5443662,21.10,18.56,10428.07,951.00
5446662,21.10,18.59,10910.92,950.00
5449662,21.10,18.56,10412.17,951.00
5452662,21.10,18.54,10930.43,951.00
5455662,21.10,18.50,10765.12,950.00
5458662,21.10,18.51,9828.35,953.00
5461662,21.10,18.51,9391.72,952.00
5464662,21.10,18.49,10077.22,953.00
5467662,21.10,18.53,10025.11,952.00
5470662,21.10,18.55,9739.71,953.00
5473662,21.10,18.53,10560.67,955.00
5476662,21.10,18.54,10154.57,953.00
5479662,21.10,18.51,10935.48,953.00
5482662,21.10,18.51,8760.95,952.00
5485662,21.10,18.50,9879.84,947.00
5488662,21.10,18.48,9972.74,953.00
5491662,21.10,18.49,10459.24,950.00
5494662,21.10,18.48,10354.84,950.00
5497662,21.10,18.50,9308.36,950.00
5500662,21.10,18.53,10247.47,950.00
5503662,21.09,18.53,9574.86,949.00
5506662,21.09,18.53,11025.35,952.00
5509662,21.09,18.54,15444.51,952.00
5512662,21.09,18.54,10312.26,953.00
5515662,21.09,18.50,9989.01,952.00
5518662,21.09,18.48,10016.26,947.00
5521662,21.10,18.51,9733.77,954.00
5524662,21.09,18.49,10442.32,953.00
5527662,21.09,18.49,9709.73,952.00
5530662,21.10,18.49,9344.98,951.00
5533662,21.09,18.50,9602.66,952.00
5536662,21.09,18.53,9688.07,952.00
5539662,21.09,18.51,9108.65,948.00
5542662,21.09,18.50,8991.88,949.00
5545662,21.09,18.48,18188.21,948.00
5548662,21.09,18.46,8854.29,944.00
5551662,21.09,18.48,9933.80,961.00
5554662,21.10,18.45,9080.72,951.00
5557662,21.09,18.45,10115.82,951.00
5560662,21.09,18.46,10549.43,951.00
5563662,21.09,18.48,10113.14,951.00
5566662,21.08,18.48,9498.76,951.00
5569662,21.09,18.49,10590.29,950.00
5572662,21.09,18.50,10747.03,946.00
5575662,21.09,18.49,11426.17,951.00
5578662,21.09,18.48,9635.61,951.00
5581662,21.09,18.48,10487.46,948.00
5584662,21.09,18.51,9757.79,948.00
5587662,21.09,18.54,8900.57,948.00
5590662,21.10,18.54,8842.83,948.00
5593662,21.10,18.53,10030.23,947.00
5596662,21.09,18.51,10916.47,951.00
5599662,21.10,18.51,10985.20,950.00
5602662,21.10,18.51,9425.24,950.00
5605662,21.09,18.51,9293.98,950.00
5608662,21.10,18.50,9915.82,950.00
5611662,21.09,18.50,10468.77,950.00
5614662,21.10,18.55,10119.10,950.00
5617662,21.09,18.53,8951.42,950.00
5620662,21.10,18.50,11286.98,950.00
5623662,21.09,18.53,9648.56,949.00
5626662,21.10,18.54,10822.33,949.00
5629662,21.09,18.54,10413.83,946.00
5632662,21.09,18.51,9628.34,946.00
5635662,21.09,18.50,9159.04,946.00
5638662,21.09,18.51,10837.19,954.00
5641662,21.10,18.54,9497.42,945.00
5644662,21.09,18.50,9665.93,950.00
5647662,21.09,18.51,11079.55,948.00
5650662,21.09,18.51,9966.87,949.00
5653662,21.09,18.50,9663.46,948.00
5656662,21.09,18.49,10442.26,949.00
5659662,21.09,18.51,10328.00,948.00
5662662,21.09,18.54,8973.54,948.00
5665662,21.09,18.53,9940.29,948.00
5668662,21.09,18.51,8996.57,947.00
5671662,21.09,18.51,8509.72,947.00
5674662,21.09,18.50,9994.83,943.00
5677662,21.09,18.51,8855.51,943.00
5680662,21.09,18.53,10109.49,943.00
5683662,21.09,18.50,9476.25,942.00
5686662,21.09,18.53,10167.50,942.00
5689662,21.09,18.54,10602.47,946.00
5692662,21.09,18.56,10568.07,946.00
5695662,21.09,18.55,9153.24,945.00
5698662,21.09,18.54,12672.87,946.00
5701662,21.09,18.53,10899.31,945.00
5704662,21.09,18.55,9908.65,944.00
5707662,21.09,18.53,10961.49,944.00
5710662,21.09,18.53,10943.37,942.00
5713662,21.09,18.51,12102.99,941.00
5716662,21.09,18.53,10472.87,940.00
5719662,21.08,18.54,9928.31,933.00
5722662,21.08,18.55,8712.12,929.00
5725662,21.08,18.55,9405.57,914.00
5728662,21.08,18.54,9119.35,920.00
5731662,21.08,18.54,8784.76,906.00
5734662,21.08,18.51,13353.48,923.00
5737662,21.07,18.49,10103.58,904.00
5740662,21.08,18.49,11892.68,916.00
5743662,21.07,18.46,9452.93,910.00
5746662,21.08,18.49,8599.53,922.00
5749662,21.08,18.49,9408.89,927.00
5752662,21.08,18.50,10328.53,930.00
5755662,21.07,18.52,9202.44,926.00
5758662,21.07,18.54,9820.80,917.00
5761662,21.07,18.54,10440.86,917.00
5764662,21.07,18.55,9683.65,916.00
5767662,21.07,18.54,7921.60,918.00
5770662,21.07,18.50,8474.27,888.00
5773662,21.08,18.51,10065.98,918.00
5776662,21.07,18.51,8920.79,921.00
5779662,21.08,18.52,8893.64,926.00
5782662,21.08,18.50,11365.84,927.00
5785662,21.07,18.51,10091.44,926.00
5788662,21.07,18.52,11128.09,923.00
5791662,21.07,18.50,11228.74,928.00
5794662,21.07,18.52,10987.75,926.00
5797662,21.07,18.50,9626.48,922.00
5800662,21.07,18.54,14222.00,917.00
5803662,21.07,18.54,9959.18,924.00
5806662,21.06,18.52,9743.10,915.00
5809662,21.07,18.51,9928.22,910.00
5812662,21.06,18.49,8075.97,907.00
5815662,21.07,18.51,8960.27,908.00
5818662,21.07,18.47,10446.23,933.00
5821662,21.07,18.46,8999.00,925.00
5824662,21.07,18.45,10909.20,932.00
5827662,21.07,18.44,11221.46,930.00
5830662,21.07,18.44,9888.45,928.00
5833662,21.07,18.45,9214.81,927.00
5836662,21.07,18.42,9767.32,928.00
5839662,21.07,18.41,9109.67,934.00
5842662,21.07,18.42,8758.73,933.00
5845662,21.07,18.42,9750.59,934.00
5848662,21.07,18.45,9835.21,934.00
5851662,21.07,18.44,9990.52,933.00
5854662,21.06,18.44,9326.01,927.00
5857662,21.06,18.44,8085.20,926.00
5860662,21.07,18.44,10056.50,925.00
5863662,21.07,18.40,9427.75,925.00
5866662,21.06,18.44,9269.26,925.00
5869662,21.06,18.45,9583.55,932.00
5872662,21.05,18.45,9048.04,932.00
5875662,21.06,18.45,9458.75,931.00
5878662,21.06,18.44,9153.25,931.00
5881662,21.06,18.46,8355.56,928.00
5884662,21.06,18.44,9151.66,928.00
5887662,21.06,18.45,11719.47,931.00
5890662,21.06,18.49,9844.59,929.00
5893662,21.06,18.49,9203.52,926.00
5896662,21.06,18.47,9311.31,921.00
5899662,21.06,18.46,11742.94,917.00
5902662,21.07,18.44,10840.30,917.00
5905662,21.06,18.45,11863.54,924.00
5908662,21.06,18.49,9806.60,920.00
5911662,21.06,18.49,9356.71,920.00
5914662,21.06,18.47,9458.80,923.00
5917662,21.06,18.46,10773.99,931.00
5920662,21.06,18.47,9372.58,931.00
5923662,21.06,18.46,11074.68,931.00
5926662,21.07,18.42,9923.42,930.00
5929662,21.07,18.41,10350.35,930.00
5932662,21.07,18.41,9875.16,929.00
5935662,21.07,18.41,11083.98,924.00
5938662,21.06,18.42,9607.51,922.00
5941662,21.06,18.42,9862.70,913.00
5944662,21.07,18.41,9006.93,927.00
5947662,21.07,18.41,10178.50,929.00
5950662,21.07,18.40,10644.30,930.00
5953662,21.07,18.40,9900.86,930.00
5956662,21.07,18.44,8485.08,930.00
5959662,21.06,18.45,10858.65,930.00
5962662,21.06,18.46,10924.61,935.00
5965662,21.06,18.46,9627.85,935.00
5968662,21.07,18.44,11145.43,936.00
5971662,21.06,18.45,9522.13,936.00
5974662,21.07,18.46,9634.36,936.00
5977662,21.07,18.45,9746.62,936.00
5980662,21.06,18.46,9455.25,936.00
5983662,21.06,18.47,10076.81,936.00
5986662,21.06,18.46,9658.12,946.00
5989662,21.06,18.44,10055.63,936.00
5992662,21.06,18.41,9952.45,937.00
5995662,21.06,18.41,9458.95,930.00
5998662,21.06,18.42,9143.17,930.00
6001662,21.06,18.44,9193.17,930.00
6004662,21.06,18.44,9224.46,930.00
6007662,21.06,18.44,10891.15,929.00
6010662,21.06,18.44,10418.77,930.00
6013662,21.06,18.44,9389.94,934.00
6016662,21.06,18.41,10651.17,934.00
6019662,21.07,18.42,9726.15,934.00
6022662,21.06,18.42,10881.97,934.00
6025662,21.06,18.41,10254.17,934.00
6028662,21.06,18.42,11316.37,936.00
6031662,21.07,18.46,12646.36,926.00
6034662,21.06,18.46,10435.86,930.00
6037662,21.07,18.44,9741.05,925.00
6040662,21.06,18.42,10555.20,925.00
6043662,21.07,18.42,13013.38,929.00
6046662,21.06,18.40,10713.04,930.00
6049662,21.06,18.41,9758.46,924.00
6052662,21.07,18.42,9764.02,925.00
6055662,21.07,18.42,10231.60,930.00
6058662,21.06,18.44,8904.85,925.00
6061662,21.06,18.41,10111.60,923.00
6064662,21.06,18.42,9750.64,913.00
6067662,21.05,18.42,9874.50,910.00
6070662,21.06,18.42,9632.96,939.00
6073662,21.07,18.44,10996.87,939.00
6076662,21.07,18.44,9589.74,939.00
6079662,21.06,18.45,13673.26,937.00
6082662,21.07,18.47,10724.78,939.00
6085662,21.07,18.50,12672.69,934.00
6088662,21.07,18.47,10579.10,916.00
6091662,21.07,18.44,10355.14,922.00
6094662,21.07,18.44,10235.13,920.00
6097662,21.06,18.42,9590.75,919.00
6100662,21.05,18.42,10578.57,910.00
6103662,21.06,18.44,10508.47,919.00
6106662,21.06,18.41,10142.02,922.00
6109662,21.06,18.42,10823.71,919.00
6112662,21.06,18.44,10234.10,906.00
6115662,21.06,18.42,10214.80,918.00
6118662,21.05,18.42,10147.81,920.00
6121662,21.05,18.41,9802.41,913.00
6124662,21.05,18.41,11338.12,917.00
6127662,21.04,18.44,11700.57,914.00
6130662,21.05,18.45,9535.25,921.00
6133662,21.05,18.45,10525.13,918.00
6136662,21.05,18.45,10151.84,923.00
6139662,21.05,18.44,9569.33,929.00
6142662,21.05,18.45,9803.35,928.00
6145662,21.05,18.44,9559.23,928.00
6148662,21.05,18.45,9502.93,920.00
6151662,21.05,18.45,9681.12,919.00
6154662,21.06,18.45,8263.25,910.00
6157662,21.05,18.47,10201.53,919.00
6160662,21.06,18.47,10929.04,921.00
6163662,21.06,18.47,8982.49,929.00
6166662,21.06,18.47,11419.04,928.00
6169662,21.05,18.47,10257.98,930.00
6172662,21.06,18.49,11987.58,928.00
6175662,21.07,18.50,11333.41,929.00
6178662,21.06,18.51,9961.34,932.00
6181662,21.06,18.52,10079.78,928.00
6184662,21.06,18.50,10771.05,925.00
6187662,21.06,18.51,10254.46,925.00
6190662,21.06,18.51,10666.90,922.00
6193662,21.05,18.50,10868.22,915.00
6196662,21.05,18.50,10388.17,908.00
6199662,21.05,18.51,8959.96,919.00
6202662,21.05,18.49,9959.92,917.00
6205662,21.05,18.49,11161.94,916.00
6208662,21.06,18.47,10377.26,913.00
6211662,21.06,18.46,11293.59,924.00
6214662,21.05,18.49,11525.01,915.00
6217662,21.05,18.49,10776.19,918.00
6220662,21.04,18.52,9589.24,914.00
6223662,21.04,18.52,10397.32,903.00
6226662,21.04,18.52,11563.26,913.00
6229662,21.05,18.51,11343.47,924.00
6232662,21.05,18.49,9589.38,924.00
6235662,21.05,18.51,11231.13,925.00
6238662,21.05,18.50,10963.09,934.00
6241662,21.05,18.51,9337.42,925.00
6244662,21.05,18.52,9222.71,925.00
6247662,21.05,18.55,8797.38,916.00
6250662,21.05,18.55,9843.99,916.00
6253662,21.05,18.52,10645.72,913.00
6256662,21.05,18.52,10292.81,914.00
6259662,21.05,18.52,9739.64,913.00
6262662,21.05,18.54,10275.90,912.00
6265662,21.05,18.54,9519.12,915.00
6268662,21.05,18.52,11009.72,917.00
6271662,21.04,18.50,10671.73,930.00
6274662,21.05,18.47,9360.44,924.00
6277662,21.05,18.49,9712.61,923.00
6280662,21.05,18.51,9568.81,922.00
6283662,21.05,18.50,10939.22,928.00
6286662,21.05,18.47,10121.65,934.00
6289662,21.05,18.47,12185.76,934.00
6292662,21.05,18.47,10564.72,933.00
6295662,21.05,18.47,12991.09,935.00
6298662,21.05,18.52,12150.87,933.00
6301662,21.05,18.52,10928.20,928.00
6304662,21.05,18.52,9944.75,927.00
6307662,21.05,18.51,8976.25,927.00
6310662,21.05,18.49,9058.71,926.00
6313662,21.05,18.46,10976.77,926.00
6316662,21.05,18.46,12463.05,926.00
6319662,21.05,18.46,10677.50,933.00
6322662,21.05,18.46,12117.63,932.00
6325662,21.05,18.46,9937.39,927.00
6328662,21.05,18.47,11052.28,931.00
6331662,21.04,18.52,14353.51,931.00
6334662,21.05,18.55,10906.71,931.00
6337662,21.04,18.51,10219.88,930.00
6340662,21.05,18.52,10928.28,931.00
6343662,21.05,18.51,12718.42,931.00
6346662,21.04,18.50,10312.77,930.00
6349662,21.04,18.50,11459.79,934.00
6352662,21.04,18.50,11276.53,932.00
6355662,21.04,18.49,12562.21,931.00
6358662,21.04,18.47,9934.33,931.00
6361662,21.05,18.49,10750.26,930.00
6364662,21.04,18.50,11835.06,930.00
6367662,21.05,18.51,10689.51,930.00
6370662,21.04,18.51,12663.83,936.00
6373662,21.04,18.52,10039.57,937.00
6376662,21.04,18.56,9797.71,936.00
6379662,21.05,18.56,9160.80,936.00
6382662,21.05,18.56,10357.58,936.00
6385662,21.05,18.55,8573.70,935.00
6388662,21.05,18.55,8762.46,935.00
6391662,21.05,18.55,9311.06,935.00
6394662,21.05,18.55,9798.23,935.00
6397662,21.04,18.55,9913.92,935.00
6400662,21.05,18.55,9549.86,934.00
6403662,21.04,18.54,10301.19,929.00
6406662,21.04,18.54,13629.65,930.00
6409662,21.04,18.56,11235.04,928.00
6412662,21.05,18.55,9917.07,929.00
6415662,21.05,18.52,10772.33,928.00
6418662,21.05,18.54,9549.39,927.00
6421662,21.05,18.56,9817.75,934.00
6424662,21.05,18.56,9392.00,934.00
6427662,21.05,18.55,9409.79,934.00
6430662,21.05,18.47,10442.98,934.00
6433662,21.05,18.47,13226.66,933.00
6436662,21.05,18.49,10354.74,933.00
6439662,21.04,18.49,11752.02,933.00
6442662,21.04,18.47,11131.99,933.00
6445662,21.04,18.49,11745.62,936.00
6448662,21.04,18.51,10564.61,933.00
6451662,21.04,18.51,11361.05,925.00
6454662,21.04,18.49,12379.61,925.00
6457662,21.04,18.47,10788.53,926.00
6460662,21.03,18.49,9385.27,927.00
6463662,21.04,18.47,11832.80,927.00
6466662,21.04,18.47,11220.32,932.00
6469662,21.04,18.47,11204.58,932.00
6472662,21.04,18.50,11131.79,933.00
6475662,21.03,18.52,10703.48,931.00
6478662,21.04,18.52,10542.53,932.00
6481662,21.03,18.50,9948.70,932.00
6484662,21.04,18.49,10724.29,934.00
6487662,21.03,18.49,11775.01,932.00
6490662,21.03,18.52,14109.90,930.00
6493662,21.03,18.52,21201.83,933.00
6496662,21.03,18.50,12235.71,924.00
6499662,21.03,18.49,10102.66,924.00
6502662,21.03,18.47,10595.21,924.00
6505662,21.03,18.49,9019.17,923.00
6508662,21.03,18.45,11602.75,931.00
6511662,21.03,18.46,11883.00,922.00
6514662,21.03,18.46,10357.09,929.00
6517662,21.02,18.45,23610.44,927.00
6520662,21.03,18.47,10478.44,928.00
6523662,21.03,18.46,12177.32,927.00
6526662,21.02,18.47,10177.46,926.00
6529662,21.03,18.47,13790.77,928.00
6532662,21.03,18.47,11508.37,927.00
6535662,21.02,18.48,10108.90,927.00
6538662,21.02,18.46,33267.90,928.00
6541662,21.02,18.46,13889.49,928.00
6544662,21.02,18.47,11727.20,927.00
6547662,21.03,18.49,13450.86,919.00
6550662,21.02,18.49,10492.44,919.00
6553662,21.02,18.51,10392.80,918.00
6556662,21.03,18.52,12463.42,918.00
6559662,21.02,18.55,14621.61,923.00
6562662,21.03,18.52,18606.62,910.00
6565662,21.03,18.54,13797.83,943.00
6568662,21.03,18.55,15266.56,923.00
6571662,21.03,18.56,12323.05,932.00
6574662,21.03,18.55,13784.63,913.00
6577662,21.03,18.54,49978.37,929.00
6580662,21.03,18.52,12290.88,919.00
6583662,21.03,18.52,10816.99,917.00
6586662,21.02,18.50,19833.88,915.00
6589662,21.03,18.49,15870.14,933.00
6592662,21.03,18.46,12906.71,934.00
6595662,21.03,18.46,17953.95,932.00
6598662,21.03,18.49,14093.50,931.00
6601662,21.03,18.47,20024.41,930.00
6604662,21.03,18.47,18443.67,931.00
6607662,21.03,18.50,14240.86,934.00
6610662,21.03,18.50,15689.03,926.00
6613662,21.03,18.50,12024.78,933.00
6616662,21.03,18.51,11239.59,929.00
6619662,21.03,18.52,11379.94,932.00
6622662,21.03,18.50,15972.99,929.00
6625662,21.03,18.51,11210.73,921.00
6628662,21.02,18.52,15075.25,927.00
6631662,21.03,18.54,16574.14,930.00
6634662,21.03,18.54,14798.43,931.00
6637662,21.03,18.52,14692.03,934.00
6640662,21.03,18.54,9525.22,933.00
6643662,21.03,18.56,13131.86,933.00
6646662,21.03,18.57,11814.38,932.00
6649662,21.02,18.56,11809.11,922.00
6652662,21.02,18.57,15460.71,911.00
6655662,21.02,18.60,12564.42,921.00
6658662,21.03,18.57,15613.28,929.00
6661662,21.03,18.57,20859.21,937.00
6664662,21.03,18.57,15996.84,943.00
6667662,21.03,18.55,14789.29,948.00
6670662,21.03,18.55,12201.76,943.00
6673662,21.03,18.55,14952.45,944.00
6676662,21.03,18.51,12367.00,945.00
6679662,21.04,18.52,13223.52,949.00
6682662,21.04,18.56,15362.98,944.00
6685662,21.04,18.56,13439.37,945.00
6688662,21.04,18.56,11620.50,945.00
6691662,21.04,18.54,11747.14,944.00
6694662,21.04,18.54,12237.66,945.00
6697662,21.03,18.55,14639.73,940.00
6700662,21.04,18.54,20361.86,941.00
6703662,21.04,18.52,9926.52,934.00
6706662,21.04,18.54,17737.20,941.00
6709662,21.04,18.51,14693.93,942.00
6712662,21.04,18.51,22203.08,946.00
6715662,21.04,18.54,18389.65,946.00
6718662,21.04,18.52,22773.88,946.00
6721662,21.04,18.51,18092.55,946.00
6724662,21.04,18.50,13325.01,945.00
6727662,21.05,18.50,12538.58,946.00
6730662,21.04,18.49,16241.01,945.00
6733662,21.04,18.49,18140.90,945.00
6736662,21.04,18.52,21502.42,946.00
6739662,21.04,18.54,17757.15,946.00
6742662,21.04,18.54,17357.51,946.00
6745662,21.04,18.52,17188.82,941.00
6748662,21.04,18.52,16510.77,941.00
6751662,21.05,18.54,13033.56,941.00
6754662,21.05,18.57,16791.72,941.00
6757662,21.04,18.57,16195.78,941.00
6760662,21.05,18.58,15887.56,940.00
6763662,21.05,18.57,21800.47,945.00
6766662,21.05,18.56,17602.55,945.00
6769662,21.04,18.56,17673.86,944.00
6772662,21.05,18.55,18212.75,945.00
6775662,21.04,18.54,17655.36,944.00
6778662,21.05,18.52,13024.00,944.00
6781662,21.05,18.50,12416.17,944.00
6784662,21.05,18.51,16699.40,945.00
6787662,21.05,18.54,12612.57,944.00
6790662,21.05,18.51,16017.55,944.00
6793662,21.05,18.49,15562.27,943.00
6796662,21.04,18.49,40093.73,939.00
6799662,21.04,18.50,19374.18,939.00
6802662,21.05,18.50,19026.43,939.00
6805662,21.05,18.51,47959.23,939.00
6808662,21.05,18.51,24147.35,937.00
6811662,21.05,18.50,24323.95,944.00
6814662,21.05,18.49,16386.08,943.00
6817662,21.05,18.50,16674.40,944.00
6820662,21.05,18.50,16753.86,943.00
6823662,21.04,18.51,12527.32,943.00
6826662,21.04,18.52,22640.67,943.00
6829662,21.05,18.50,19716.91,943.00
6832662,21.05,18.49,19530.14,943.00
6835662,21.04,18.47,29745.16,943.00
6838662,21.04,18.47,22231.06,942.00
6841662,21.04,18.46,16848.22,942.00
6844662,21.04,18.45,16566.72,936.00
6847662,21.04,18.49,16342.74,935.00
6850662,21.04,18.51,16824.69,935.00
6853662,21.04,18.51,17951.09,934.00
6856662,21.04,18.51,13547.56,931.00
6859662,21.03,18.50,17670.43,924.00
6862662,21.03,18.51,16407.30,916.00
6865662,21.04,18.54,24564.17,935.00
6868662,21.04,18.52,24663.98,923.00
6871662,21.04,18.52,17269.49,936.00
6874662,21.04,18.49,17735.08,934.00
6877662,21.04,18.49,17349.73,935.00
6880662,21.05,18.47,25322.22,937.00
6883662,21.04,18.46,19088.67,937.00
6886662,21.04,18.47,23344.46,932.00
6889662,21.04,18.49,22861.86,932.00
6892662,21.04,18.49,27192.31,932.00
6895662,21.04,18.52,23761.95,929.00
6898662,21.03,18.55,24161.71,924.00
6901662,21.04,18.55,47035.49,922.00
6904662,21.03,18.55,25798.45,922.00
6907662,21.04,18.55,29703.69,935.00
6910662,21.04,18.55,25809.96,938.00
6913662,21.04,18.55,24251.81,941.00
6916662,21.04,18.54,25282.65,941.00
6919662,21.04,18.50,20323.92,941.00
6922662,21.04,18.47,20085.32,940.00
6925662,21.04,18.49,31088.71,941.00
6928662,21.04,18.49,21460.84,940.00
6931662,21.03,18.50,23698.56,940.00
6934662,21.04,18.52,26848.89,939.00
6937662,21.04,18.56,33516.28,940.00
6940662,21.04,18.58,16274.69,940.00
6943662,21.04,18.60,19207.51,939.00
6946662,21.04,18.60,21382.70,933.00
6949662,21.04,18.61,27483.58,933.00
6952662,21.04,18.62,28267.56,932.00
6955662,21.04,18.62,31220.28,932.00
6958662,21.04,18.63,43225.96,931.00
6961662,21.04,18.66,29495.42,937.00
6964662,21.04,18.67,36021.96,936.00
6967662,21.04,18.70,17465.52,934.00
6970662,21.04,18.72,19693.64,933.00
6973662,21.04,18.72,32829.39,932.00
6976662,21.04,18.72,39486.75,928.00
6979662,21.04,18.75,30224.16,933.00
6982662,21.04,18.75,22381.76,925.00
6985662,21.04,18.77,28317.56,923.00
6988662,21.04,18.77,21781.22,926.00
6991662,21.05,18.78,36479.25,928.00
6994662,21.05,18.77,29512.89,929.00
6997662,21.04,18.73,17772.01,927.00
7000662,21.05,18.75,19684.74,921.00
7003662,21.05,18.77,19896.99,919.00
7006662,21.05,18.76,18619.85,922.00
7009662,21.05,18.76,21678.33,922.00
7012662,21.05,18.71,15895.01,921.00
7015662,21.05,18.72,29796.76,931.00
7018662,21.05,18.72,18672.77,923.00
7021662,21.04,18.73,23149.73,929.00
7024662,21.05,18.76,18903.04,927.00
7027662,21.05,18.76,18877.41,925.00
7030662,21.04,18.73,20292.66,920.00
7033662,21.05,18.73,35834.00,930.00
7036662,21.05,18.76,42634.37,930.00
7039662,21.04,18.75,47192.16,929.00
7042662,21.04,18.76,43357.86,931.00
7045662,21.04,18.79,44695.52,928.00
7048662,21.05,18.77,42305.36,931.00
7051662,21.05,18.78,37987.67,934.00
7054662,21.04,18.81,48961.44,924.00
7057662,21.05,18.82,32306.89,922.00
7060662,21.04,18.82,40615.08,920.00
7063662,21.04,18.81,35396.29,917.00
7066662,21.04,18.78,21533.80,920.00
7069662,21.04,18.77,28365.29,932.00
7072662,21.04,18.79,24431.87,933.00
7075662,21.04,18.83,25400.07,933.00
7078662,21.04,18.84,32583.24,934.00
7081662,21.04,18.88,36451.52,934.00
7084662,21.05,18.91,17946.95,938.00
7087662,21.05,18.96,19545.58,933.00
7090662,21.05,18.98,22948.17,932.00
7093662,21.04,18.99,28142.64,931.00
7096662,21.05,19.00,24082.54,930.00
7099662,21.05,19.02,22651.85,931.00
7102662,21.04,19.00,27499.74,927.00
7105662,21.05,19.03,44752.97,922.00
7108662,21.05,19.04,25787.62,919.00
7111662,21.05,19.07,20489.77,916.00
7114662,21.05,19.07,16323.57,916.00
7117662,21.05,19.05,16246.65,916.00
7120662,21.05,19.03,17252.85,922.00
7123662,21.05,19.07,17664.59,926.00
7126662,21.06,19.12,15785.79,922.00
7129662,21.05,19.18,16893.24,916.00
7132662,21.06,19.20,22515.81,922.00
7135662,21.06,19.21,17482.41,926.00
7138662,21.06,19.23,14417.44,926.00
7141662,21.06,19.33,21941.60,927.00
7144662,21.06,19.51,42390.54,921.00
7147662,21.07,19.65,18397.95,909.00
7150662,21.06,19.75,15208.16,917.00
7153662,21.07,19.78,13839.13,917.00
7156662,21.06,19.88,17934.88,922.00
7159662,21.07,19.91,16693.99,921.00
7162662,21.07,19.94,21694.99,907.00
7165662,21.07,19.98,15603.52,910.00
7168662,21.07,20.08,14320.24,921.00
7171662,21.08,20.19,21138.21,927.00
7174662,21.08,20.20,13878.50,926.00
7177662,21.08,20.15,20867.56,926.00
7180662,21.08,20.14,16246.97,932.00
7183662,21.08,20.17,27872.68,932.00
7186662,21.09,20.22,29401.85,931.00
7189662,21.09,20.26,29703.59,931.00
7192662,21.10,20.28,17277.99,931.00
7195662,21.10,20.38,24536.85,931.00
7198662,21.10,20.52,16718.05,930.00
7201662,21.10,20.65,30216.84,930.00
7204662,21.11,20.68,24830.07,930.00
7207662,21.11,20.71,18378.63,927.00
7210662,21.11,20.78,15660.73,929.00
7213662,21.11,20.76,17502.00,929.00
7216662,21.12,20.83,17731.79,928.00
7219662,21.12,20.86,15472.39,923.00
7222662,21.12,20.87,16234.24,920.00
7225662,21.13,20.87,23793.22,921.00
7228662,21.13,20.82,19880.68,920.00
7231662,21.13,20.82,20941.21,919.00
7234662,21.13,20.88,15023.75,919.00
7237662,21.13,20.93,14315.99,924.00
7240662,21.14,21.00,14957.47,924.00
7243662,21.14,21.06,13894.70,923.00
7246662,21.14,21.06,14191.31,921.00
7249662,21.14,21.08,14915.69,916.00
7252662,21.15,21.11,19457.44,923.00
7255662,21.15,21.17,23511.89,922.00
7258662,21.15,21.16,22541.04,921.00
7261662,21.15,21.17,26660.57,921.00
7264662,21.16,21.21,30994.21,919.00
7267662,21.16,21.14,17436.50,918.00
7270662,21.16,21.21,12202.29,915.00
7273662,21.16,21.23,18721.73,913.00
7276662,21.16,21.21,17117.60,907.00
7279662,21.16,21.21,22253.51,912.00
7282662,21.16,21.19,20795.31,911.00
7285662,21.16,21.21,22140.55,910.00
7288662,21.16,21.29,17581.94,908.00
7291662,21.16,21.39,20683.78,914.00
7294662,21.17,21.46,23147.88,920.00
7297662,21.17,21.56,17926.71,916.00
7300662,21.17,21.54,22583.08,913.00
7303662,21.17,21.50,27504.95,919.00
7306662,21.18,21.53,18378.55,920.00
7309662,21.17,21.55,19646.93,923.00
7312662,21.17,21.61,31026.68,926.00
7315662,21.18,21.70,20613.42,919.00
7318662,21.18,21.83,21078.24,921.00
7321662,21.19,21.87,24370.98,919.00
7324662,21.19,21.96,20308.47,919.00
7327662,21.19,21.98,15546.48,915.00
7330662,21.19,22.02,16421.38,917.00
7333662,21.19,22.07,19204.38,908.00
7336662,21.19,21.95,21325.47,909.00
7339662,21.20,21.92,25947.19,908.00
7342662,21.20,21.95,14310.71,909.00
7345662,21.20,22.06,14784.51,911.00
7348662,21.20,22.13,13040.00,913.00
7351662,21.21,22.11,12936.74,918.00
7354662,21.21,22.08,17035.70,917.00
7357662,21.21,22.08,13525.77,916.00
7360662,21.22,22.12,12274.05,916.00
7363662,21.21,22.28,16173.04,918.00
7366662,21.22,22.28,11164.12,918.00
7369662,21.23,22.34,16200.23,918.00
7372662,21.23,22.37,21491.27,921.00
7375662,21.23,22.32,11187.70,919.00
7378662,21.23,22.31,21127.35,918.00
7381662,21.23,22.28,26024.15,918.00
7384662,21.23,22.27,17001.68,918.00
7387662,21.23,22.27,14244.75,916.00
7390662,21.24,22.27,12687.52,915.00
7393662,21.24,22.34,15622.53,913.00
7396662,21.24,22.36,17777.80,907.00
7399662,21.24,22.34,15220.30,906.00
7402662,21.24,22.33,16498.53,909.00
7405662,21.25,22.41,9372.27,908.00
7408662,21.25,22.47,18068.36,907.00
7411662,21.25,22.53,13294.73,907.00
7414662,21.25,22.49,14374.14,913.00
7417662,21.25,22.41,19487.62,912.00
7420662,21.26,22.37,14200.00,911.00
7423662,21.26,22.41,20537.49,909.00
7426662,21.25,22.39,11155.74,908.00
7429662,21.26,22.37,12416.14,905.00
7432662,21.25,22.33,10159.63,907.00
7435662,21.25,22.32,11826.92,904.00
7438662,21.25,22.28,12715.41,900.00
7441662,21.25,22.22,20953.84,902.00
7444662,21.26,22.17,17655.31,906.00
7447662,21.26,22.20,15037.92,906.00
7450662,21.27,22.22,12460.47,901.00
7453662,21.26,22.22,11885.65,901.00
7456662,21.26,22.18,21781.80,900.00
7459662,21.26,22.17,13321.10,900.00
7462662,21.26,22.22,10337.33,899.00
7465662,21.26,22.27,15784.47,901.00
7468662,21.26,22.32,12246.20,900.00
7471662,21.26,22.30,10804.03,901.00
7474662,21.26,22.26,13096.63,899.00
7477662,21.26,22.21,14958.26,897.00
7480662,21.26,22.20,15609.55,898.00
7483662,21.27,22.25,19110.47,899.00
7486662,21.27,22.30,17675.28,898.00
7489662,21.27,22.38,14690.07,899.00
7492662,21.27,22.43,18758.99,895.00
7495662,21.27,22.49,17267.93,896.00
7498662,21.27,22.49,28179.84,895.00
7501662,21.27,22.46,23867.66,889.00
7504662,21.28,22.43,13426.60,907.00
7507662,21.29,22.43,22083.90,905.00
7510662,21.29,22.37,17897.19,901.00
7513662,21.29,22.32,19837.62,900.00
7516662,21.29,22.32,39347.05,899.00
7519662,21.30,22.33,15886.00,897.00
7522662,21.29,22.32,23334.33,899.00
7525662,21.29,22.40,16544.00,897.00
7528662,21.29,22.48,17431.52,897.00
7531662,21.30,22.43,18072.02,901.00
7534662,21.30,22.42,24918.06,894.00
7537662,21.30,22.40,16974.57,894.00
7540662,21.30,22.41,13102.90,893.00
7543662,21.31,22.42,9539.81,892.00
7546662,21.31,22.41,13272.41,891.00
7549662,21.31,22.45,13481.01,886.00
7552662,21.31,22.46,20978.05,887.00
7555662,21.31,22.43,24378.09,887.00
7558662,21.31,22.41,16558.13,885.00
7561662,21.31,22.45,10627.48,884.00
7564662,21.32,22.48,20246.07,882.00
7567662,21.32,22.42,19934.72,881.00
7570662,21.32,22.38,22252.46,881.00
7573662,21.32,22.40,30828.29,880.00
7576662,21.32,22.42,20033.62,879.00
7579662,21.32,22.43,16541.88,879.00
7582662,21.32,22.43,14818.98,878.00
7585662,21.31,22.43,16980.49,879.00
7588662,21.31,22.40,14525.10,878.00
7591662,21.32,22.41,26961.12,877.00
7594662,21.32,22.36,13393.15,876.00
7597662,21.31,22.36,9508.25,875.00
7600662,21.32,22.38,22376.51,874.00
7603662,21.31,22.38,16646.22,874.00
7606662,21.31,22.25,14570.76,873.00
7609662,21.31,22.13,11925.00,873.00
7612662,21.31,22.22,11716.43,872.00
7615662,21.31,22.17,11224.60,871.00
7618662,21.31,22.26,11068.03,870.00
7621662,21.31,22.32,17105.19,871.00
7624662,21.31,22.38,23088.98,877.00
7627662,21.31,22.42,19877.27,869.00
7630662,21.30,22.43,16995.22,874.00
7633662,21.31,22.41,13246.75,872.00
7636662,21.31,22.43,14623.60,872.00
7639662,21.31,22.45,16017.80,873.00
7642662,21.31,22.48,14259.31,873.00
7645662,21.31,22.50,40961.95,874.00
7648662,21.31,22.37,17408.43,876.00
7651662,21.31,22.35,14868.38,875.00
7654662,21.30,22.24,15363.10,876.00
7657662,21.31,22.30,15283.37,877.00
7660662,21.31,22.33,13642.05,879.00
7663662,21.30,22.27,13859.84,882.00
7666662,21.30,22.36,13207.93,884.00
7669662,21.30,22.35,17056.17,883.00
7672662,21.30,22.36,13027.83,884.00
7675662,21.30,22.31,12790.30,885.00
7678662,21.30,22.24,30245.82,885.00
7681662,21.30,22.22,28778.84,889.00
7684662,21.30,22.20,14188.18,888.00
7687662,21.30,22.15,15092.36,885.00
7690662,21.31,22.15,14948.82,886.00
7693662,21.30,22.24,12827.52,886.00
7696662,21.30,22.26,13969.89,887.00
7699662,21.30,22.29,14700.10,882.00
7702662,21.31,22.37,13135.71,898.00
7705662,21.31,22.43,16602.78,889.00
7708662,21.31,22.46,16106.88,887.00
7711662,21.31,22.42,15180.73,888.00
7714662,21.31,22.38,13100.19,888.00
7717662,21.31,22.40,16524.68,889.00
7720662,21.32,22.55,23757.58,890.00
7723662,21.32,22.53,14698.73,890.00
7726662,21.33,22.50,18506.95,889.00
7729662,21.33,22.51,17622.21,887.00
7732662,21.33,22.47,12504.23,879.00
7735662,21.33,22.50,18295.57,883.00
7738662,21.34,22.50,18598.71,882.00
7741662,21.33,22.50,32792.62,883.00
7744662,21.33,22.42,17187.32,882.00
7747662,21.33,22.43,16463.67,883.00
7750662,21.33,22.51,13788.39,885.00
7753662,21.33,22.57,24687.04,883.00
7756662,21.33,22.52,19691.88,884.00
7759662,21.33,22.48,16331.11,883.00
7762662,21.33,22.43,18849.74,883.00
7765662,21.33,22.40,12300.27,890.00
7768662,21.34,22.40,19076.04,884.00
7771662,21.34,22.41,17129.87,884.00
7774662,21.34,22.41,15831.67,886.00
7777662,21.34,22.37,21282.74,887.00
7780662,21.34,22.34,25124.11,884.00
7783662,21.34,22.30,29033.51,883.00
7786662,21.34,22.24,24905.22,878.00
7789662,21.35,22.24,22151.09,882.00
7792662,21.35,22.25,25941.27,881.00
7795662,21.35,22.24,28418.68,882.00
7798662,21.35,22.19,34515.57,882.00
7801662,21.35,22.21,36369.31,882.00
7804662,21.35,22.23,28094.66,881.00
7807662,21.36,22.20,24892.16,880.00
7810662,21.36,22.17,29062.74,880.00
7813662,21.36,22.17,38018.84,880.00
7816662,21.36,22.17,27505.06,878.00
7819662,21.36,22.15,40342.81,875.00
7822662,21.36,22.17,41007.05,876.00
7825662,21.36,22.15,26592.03,876.00
7828662,21.36,22.14,45934.11,877.00
7831662,21.37,22.17,35506.01,876.00
7834662,21.37,22.23,26572.80,876.00
7837662,21.37,22.29,42471.81,877.00
7840662,21.37,22.29,30972.72,876.00
7843662,21.37,22.30,29793.81,872.00
7846662,21.37,22.33,49575.52,876.00
7849662,21.38,22.39,38101.37,875.00
7852662,21.38,22.46,32914.61,875.00
7855662,21.38,22.44,32109.88,875.00
7858662,21.38,22.44,28304.42,874.00
7861662,21.38,22.43,29094.42,874.00
7864662,21.38,22.39,38706.55,873.00
7867662,21.39,22.33,39992.29,872.00
7870662,21.39,22.33,25530.37,871.00
7873662,21.40,22.30,45691.62,870.00
7876662,21.40,22.32,18057.02,869.00
7879662,21.39,22.34,16860.06,874.00
7882662,21.40,22.32,49990.09,869.00
7885662,21.40,22.33,31091.83,872.00
7888662,21.41,22.34,18420.70,870.00
7891662,21.40,22.33,16835.42,872.00
7894662,21.40,22.33,16267.12,879.00
7897662,21.41,22.33,22490.34,873.00
7900662,21.41,22.35,11554.55,874.00
7903662,21.41,22.34,16201.53,874.00
7906662,21.41,22.32,17913.71,876.00
7909662,21.40,22.33,18371.87,877.00
7912662,21.40,22.34,17309.40,873.00
7915662,21.40,22.35,11854.53,877.00
7918662,21.40,22.35,23014.76,878.00
7921662,21.40,22.33,10963.54,879.00
7924662,21.40,22.30,16366.46,881.00
7927662,21.40,22.30,11473.44,882.00
7930662,21.40,22.30,11093.50,883.00
7933662,21.40,22.30,18793.21,885.00
7936662,21.40,22.29,20302.56,886.00
7939662,21.40,22.28,20925.79,887.00
7942662,21.40,22.24,23261.15,889.00
7945662,21.40,22.24,24777.66,889.00
7948662,21.40,22.27,35579.81,891.00
7951662,21.41,22.25,16885.05,891.00
7954662,21.41,22.27,16913.88,892.00
7957662,21.41,22.24,26242.35,894.00
7960662,21.41,22.29,14100.43,896.00
7963662,21.41,22.34,20358.25,897.00
7966662,21.41,22.34,22382.28,897.00
7969662,21.41,22.34,20114.63,899.00
7972662,21.41,22.34,18898.05,900.00
7975662,21.42,22.37,17177.21,905.00
7978662,21.41,22.35,25663.91,902.00
7981662,21.41,22.38,20516.96,903.00
7984662,21.42,22.43,28498.56,904.00
7987662,21.42,22.43,19141.51,906.00
7990662,21.43,22.38,21149.29,907.00
7993662,21.43,22.30,26004.18,909.00
7996662,21.43,22.30,27044.01,910.00
7999662,21.43,22.34,34921.67,912.00
8002662,21.42,22.32,27681.88,907.00
8005662,21.42,22.27,29313.41,913.00
8008662,21.43,22.27,31285.23,915.00
8011662,21.43,22.30,49702.35,918.00
8014662,21.42,22.39,31779.62,918.00
8017662,21.43,22.43,26304.82,920.00
8020662,21.42,22.44,49113.44,921.00
8023662,21.43,22.39,27961.97,921.00
8026662,21.43,22.35,18682.58,926.00
8029662,21.43,22.32,25673.74,926.00
8032662,21.42,22.28,17017.21,928.00
8035662,21.43,22.28,17605.87,929.00
8038662,21.43,22.25,22936.45,929.00
8041662,21.43,22.23,28576.93,930.00
8044662,21.43,22.21,18169.85,932.00
8047662,21.43,22.19,27346.87,932.00
8050662,21.43,22.14,24611.73,933.00
8053662,21.43,22.12,23565.33,934.00
8056662,21.43,22.14,27272.98,934.00
8059662,21.43,22.19,30891.58,934.00
8062662,21.43,22.25,13145.46,936.00
8065662,21.43,22.30,31583.10,935.00
8068662,21.44,22.29,20582.77,933.00
8071662,21.44,22.26,20364.58,934.00
8074662,21.43,22.23,21171.44,935.00
8077662,21.44,22.22,21162.45,935.00
8080662,21.44,22.24,47671.93,935.00
8083662,21.44,22.24,23696.21,936.00
8086662,21.44,22.27,15209.97,936.00
8089662,21.44,22.31,15674.67,936.00
8092662,21.44,22.32,20599.63,941.00
8095662,21.44,22.32,29495.34,940.00
8098662,21.44,22.27,28298.38,941.00
8101662,21.46,22.27,30289.65,941.00
8104662,21.45,22.27,29724.16,941.00
8107662,21.45,22.29,42776.62,941.00
8110662,21.44,22.29,49998.68,941.00
8113662,21.44,22.29,31105.99,942.00
8116662,21.44,22.39,33586.34,942.00
8119662,21.44,22.40,10562.36,942.00
8122662,21.44,22.39,20192.30,941.00
8125662,21.44,22.40,33811.86,942.00
8128662,21.44,22.39,30945.74,942.00
8131662,21.44,22.43,20915.08,942.00
8134662,21.45,22.49,32286.04,942.00
8137662,21.44,22.47,18127.01,942.00
8140662,21.45,22.45,13023.24,939.00
8143662,21.46,22.45,27163.94,939.00
8146662,21.46,22.48,18734.77,944.00
8149662,21.46,22.50,29415.23,939.00
8152662,21.46,22.52,19205.66,938.00
8155662,21.47,22.52,15762.07,939.00
8158662,21.47,22.55,17754.72,939.00
8161662,21.48,22.54,24527.22,939.00
8164662,21.47,22.57,26410.12,942.00
8167662,21.47,22.59,27510.07,942.00
8170662,21.47,22.57,12895.33,942.00
8173662,21.48,22.58,25510.18,941.00
8176662,21.48,22.59,16083.02,942.00
8179662,21.48,22.64,19009.22,942.00
8182662,21.48,22.64,23435.12,942.00
8185662,21.48,22.59,28809.16,942.00
8188662,21.48,22.59,42041.95,942.00
8191662,21.48,22.50,48723.28,943.00
8194662,21.48,22.47,36869.19,941.00
8197662,21.49,22.42,27709.89,943.00
8200662,21.49,22.38,21954.71,943.00
8203662,21.48,22.41,34871.35,942.00
8206662,21.50,22.41,43566.99,948.00
8209662,21.49,22.54,44572.11,943.00
8212662,21.50,22.64,28826.31,942.00
8215662,21.50,22.73,29869.15,942.00
8218662,21.50,22.74,34596.76,940.00
8221662,21.50,22.72,25172.41,940.00
8224662,21.51,22.73,32836.91,936.00
8227662,21.51,22.67,24190.58,940.00
8230662,21.51,22.64,13957.97,940.00
8233662,21.51,22.65,19065.35,941.00
8236662,21.51,22.74,37572.41,941.00
8239662,21.52,22.75,22052.24,941.00
8242662,21.51,22.80,22324.42,944.00
8245662,21.52,22.80,28818.88,943.00
8248662,21.52,22.88,26520.04,944.00
8251662,21.52,22.93,31241.05,944.00
8254662,21.53,22.99,29850.69,946.00
8257662,21.53,22.93,41922.53,944.00
8260662,21.54,22.93,27722.21,946.00
8263662,21.54,22.95,29462.77,944.00
8266662,21.54,22.95,25006.06,945.00
8269662,21.55,22.93,30001.16,945.00
8272662,21.55,22.92,23156.55,945.00
8275662,21.55,22.89,44268.45,947.00
8278662,21.55,22.88,46223.55,945.00
8281662,21.55,22.84,35315.22,957.00
8284662,21.54,22.80,40403.16,944.00
8287662,21.55,22.74,49772.21,945.00
8290662,21.55,22.69,47607.48,945.00
8293662,21.55,22.72,36848.28,951.00
8296662,21.55,22.80,41319.73,941.00
8299662,21.56,22.90,41844.02,941.00
8302662,21.56,23.05,45905.80,942.00
8305662,21.57,23.01,44974.18,941.00
8308662,21.56,22.92,31821.22,941.00
8311662,21.56,22.85,35387.46,941.00
8314662,21.57,22.80,27115.15,940.00
8317662,21.58,22.83,22897.32,944.00
8320662,21.57,22.80,28712.84,936.00
8323662,21.58,22.84,24014.96,944.00
8326662,21.58,22.95,13481.48,944.00
8329662,21.59,22.98,14101.24,943.00
8332662,21.58,22.99,34857.50,944.00
8335662,21.59,22.99,28365.34,944.00
8338662,21.59,23.03,27817.69,944.00
8341662,21.60,23.00,30377.56,943.00
8344662,21.60,23.00,26378.80,943.00
8347662,21.61,22.97,34284.15,943.00
8350662,21.60,22.93,27031.54,943.00
8353662,21.61,22.91,24990.75,942.00
8356662,21.61,22.88,34211.03,942.00
8359662,21.61,22.87,25398.70,942.00
8362662,21.61,22.86,48066.81,942.00
8365662,21.60,22.86,49046.42,944.00
8368662,21.61,22.88,24748.30,941.00
8371662,21.61,22.97,41689.55,934.00
8374662,21.61,23.03,25216.76,939.00
8377662,21.61,23.05,33859.75,939.00
8380662,21.61,22.96,31188.05,938.00
8383662,21.61,22.89,27610.58,938.00
8386662,21.61,22.88,30003.77,938.00
8389662,21.60,22.88,37711.88,937.00
8392662,21.61,22.86,30082.36,938.00
8395662,21.62,22.84,22698.90,937.00
8398662,21.61,22.82,47649.68,939.00
8401662,21.61,22.82,36645.68,932.00
8404662,21.61,22.78,29897.14,952.00
8407662,21.61,22.77,33989.39,932.00
8410662,21.62,22.83,44438.18,951.00
8413662,21.62,22.89,27628.05,938.00
8416662,21.62,22.89,30785.83,938.00
8419662,21.62,22.91,39339.47,938.00
8422662,21.62,22.91,35703.17,936.00
8425662,21.62,22.89,36459.61,938.00
8428662,21.62,22.91,25042.31,949.00
8431662,21.62,22.91,29608.17,936.00
8434662,21.62,22.89,33626.42,937.00
8437662,21.62,22.91,38156.87,937.00
8440662,21.62,22.94,25984.30,935.00
8443662,21.62,22.96,30147.37,934.00
8446662,21.62,22.93,13503.30,935.00
8449662,21.62,22.93,17294.81,934.00
8452662,21.62,22.89,34040.45,933.00
8455662,21.62,22.92,47909.84,935.00
8458662,21.62,22.86,30297.10,930.00
8461662,21.62,22.77,45177.02,931.00
8464662,21.62,22.71,35346.28,929.00
8467662,21.61,22.68,39156.66,928.00
8470662,21.61,22.68,28482.05,928.00
8473662,21.62,22.68,40212.25,927.00
8476662,21.61,22.70,18524.64,926.00
8479662,21.62,22.71,19653.04,925.00
8482662,21.62,22.71,17130.27,927.00
8485662,21.61,22.71,32988.41,926.00
8488662,21.61,22.71,26048.43,925.00
8491662,21.61,22.70,28805.63,924.00
8494662,21.61,22.66,17032.81,924.00
8497662,21.60,22.65,30058.72,922.00
8500662,21.60,22.66,25210.59,921.00
8503662,21.61,22.72,30972.98,921.00
8506662,21.60,22.73,18348.29,919.00
8509662,21.60,22.76,15854.15,918.00
8512662,21.60,22.75,24836.05,918.00
8515662,21.60,22.73,23542.69,916.00
8518662,21.61,22.75,14835.16,914.00
8521662,21.61,22.76,15881.92,913.00
8524662,21.59,22.73,23535.94,911.00
8527662,21.60,22.72,33167.06,909.00
8530662,21.59,22.70,40091.85,907.00
8533662,21.59,22.70,24485.06,905.00
8536662,21.58,22.69,20876.26,904.00
8539662,21.58,22.69,17526.27,902.00
8542662,21.58,22.66,13824.23,900.00
8545662,21.57,22.64,18585.88,898.00
8548662,21.58,22.65,14743.11,897.00
8551662,21.58,22.62,12640.10,895.00
8554662,21.58,22.62,17997.01,894.00
8557662,21.58,22.62,18633.91,893.00
8560662,21.58,22.62,12746.22,890.00
8563662,21.58,22.57,15606.20,890.00
8566662,21.58,22.56,20274.74,888.00
8569662,21.58,22.57,14393.28,898.00
8572662,21.58,22.58,14000.08,887.00
8575662,21.58,22.62,22683.08,885.00
8578662,21.58,22.62,11783.41,884.00
8581662,21.58,22.58,30698.90,884.00
8584662,21.58,22.55,19495.63,883.00
8587662,21.58,22.53,13198.69,881.00
8590662,21.57,22.51,14491.82,880.00
8593662,21.57,22.50,9224.92,880.00
8596662,21.57,22.46,16566.63,879.00
8599662,21.57,22.41,14260.47,877.00
8602662,21.57,22.36,11201.16,877.00
8605662,21.57,22.36,13267.70,875.00
8608662,21.57,22.36,17549.53,875.00
8611662,21.57,22.37,18169.74,873.00
8614662,21.57,22.41,13039.75,872.00
8617662,21.57,22.42,20917.11,870.00
8620662,21.58,22.45,22773.19,870.00
8623662,21.57,22.43,15153.93,869.00
8626662,21.57,22.42,17616.27,867.00
8629662,21.57,22.39,20944.99,865.00
8632662,21.57,22.36,28125.07,864.00
8635662,21.57,22.31,26264.46,862.00
8638662,21.57,22.34,13951.72,861.00
8641662,21.57,22.30,20884.35,859.00
8644662,21.57,22.34,20138.79,857.00
8647662,21.56,22.34,19608.60,856.00
8650662,21.56,22.31,18389.39,855.00
8653662,21.56,22.30,15877.29,859.00
8656662,21.56,22.32,24860.10,854.00
8659662,21.56,22.32,35241.66,853.00
8662662,21.56,22.32,25631.08,852.00
8665662,21.56,22.32,26694.75,852.00
8668662,21.56,22.32,25813.17,852.00
8671662,21.56,22.33,19461.02,851.00
8674662,21.56,22.31,18637.87,850.00
8677662,21.56,22.30,18842.40,851.00
8680662,21.56,22.30,38211.87,853.00
8683662,21.56,22.31,23276.92,856.00
8686662,21.56,22.32,18300.23,856.00
8689662,21.57,22.32,14677.50,858.00
8692662,21.56,22.32,31366.77,856.00
8695662,21.57,22.31,28235.38,848.00
8698662,21.57,22.34,14383.08,845.00
8701662,21.57,22.36,27690.26,845.00
8704662,21.57,22.36,27608.54,844.00
8707662,21.57,22.34,24121.31,844.00
8710662,21.57,22.27,22082.04,843.00
8713662,21.57,22.24,26197.98,842.00
8716662,21.58,22.21,17052.93,842.00
8719662,21.57,22.23,27417.01,842.00
8722662,21.58,22.24,17392.94,842.00
8725662,21.58,22.26,26610.23,841.00
8728662,21.58,22.27,20930.90,840.00
8731662,21.58,22.29,31919.17,840.00
8734662,21.58,22.29,19491.88,840.00
8737662,21.58,22.25,29570.37,836.00
8740662,21.58,22.21,35924.60,838.00
8743662,21.58,22.15,20183.32,842.00
8746662,21.59,22.14,15930.54,839.00
8749662,21.58,22.16,32547.64,839.00
8752662,21.60,22.19,39239.30,840.00
8755662,21.59,22.23,23413.81,839.00
8758662,21.59,22.24,47118.83,839.00
8761662,21.60,22.21,49971.52,838.00
8764662,21.60,22.19,48429.99,856.00
8767662,21.60,22.18,37021.46,840.00
8770662,21.60,22.20,35856.12,838.00
8773662,21.60,22.25,22228.59,838.00
8776662,21.61,22.28,26302.84,837.00
8779662,21.61,22.30,28701.49,837.00
8782662,21.61,22.35,27969.20,837.00
8785662,21.61,22.36,27916.20,831.00
8788662,21.61,22.39,48509.59,834.00
8791662,21.61,22.39,33887.25,832.00
8794662,21.61,22.39,24840.88,830.00
8797662,21.62,22.40,41672.55,824.00
8800662,21.62,22.41,20140.19,826.00
8803662,21.62,22.39,38774.93,824.00
8806662,21.61,22.40,46877.87,822.00
8809662,21.61,22.40,30772.59,819.00
8812662,21.61,22.42,25510.97,816.00
8815662,21.61,22.44,16784.60,814.00
8818662,21.61,22.35,25559.90,810.00
8821662,21.61,22.31,26048.56,809.00
8824662,21.61,22.23,28811.77,806.00
8827662,21.61,22.20,16090.91,803.00
8830662,21.61,22.20,14327.39,800.00
8833662,21.61,22.20,21428.95,798.00
8836662,21.61,22.21,27182.51,795.00
8839662,21.61,22.21,12608.70,793.00
8842662,21.61,22.25,13227.83,791.00
8845662,21.61,22.28,10975.26,789.00
8848662,21.60,22.29,17224.51,788.00
8851662,21.60,22.28,16347.98,787.00
8854662,21.60,22.24,18142.11,785.00
8857662,21.61,22.25,16942.39,785.00
8860662,21.60,22.20,20322.76,784.00
8863662,21.60,22.19,15188.03,783.00
8866662,21.60,22.19,13964.83,782.00
8869662,21.60,22.19,12180.14,782.00
8872662,21.60,22.19,11771.86,777.00
8875662,21.59,22.20,11911.90,781.00
8878662,21.59,22.25,14281.66,779.00
8881662,21.58,22.29,14280.82,787.00
8884662,21.59,22.26,19899.27,776.00
8887662,21.59,22.26,29272.22,775.00
8890662,21.60,22.24,18972.19,774.00
8893662,21.59,22.20,24577.24,773.00
8896662,21.60,22.19,19821.00,771.00
8899662,21.60,22.20,27386.27,770.00
8902662,21.60,22.20,24676.63,769.00
8905662,21.60,22.19,20616.09,767.00
8908662,21.60,22.17,21956.71,765.00
8911662,21.60,22.17,20465.04,764.00
8914662,21.59,22.20,15733.72,762.00
8917662,21.59,22.24,19923.42,762.00
8920662,21.60,22.29,28776.44,761.00
8923662,21.60,22.29,21398.60,754.00
8926662,21.60,22.26,27007.93,768.00
8929662,21.60,22.26,24418.46,761.00
8932662,21.59,22.25,32990.61,760.00
8935662,21.60,22.24,21455.25,767.00
8938662,21.61,22.23,29500.30,760.00
8941662,21.60,22.13,12729.16,759.00
8944662,21.60,22.13,12920.67,760.00
8947662,21.61,22.12,26401.49,760.00
8950662,21.61,22.15,17316.34,762.00
8953662,21.60,22.20,19230.48,764.00
8956662,21.60,22.25,19375.82,769.00
8959662,21.61,22.33,21562.19,768.00
8962662,21.61,22.34,17308.07,772.00
8965662,21.61,22.35,14856.39,775.00
8968662,21.61,22.35,20356.44,779.00
8971662,21.61,22.28,16464.99,782.00
8974662,21.62,22.29,26176.29,785.00
8977662,21.61,22.31,30651.25,789.00
8980662,21.61,22.34,39547.89,790.00
8983662,21.62,22.34,21817.41,793.00
8986662,21.61,22.33,20593.78,790.00
8989662,21.61,22.34,38036.56,797.00
8992662,21.62,22.28,24403.71,799.00
8995662,21.62,22.26,23409.12,795.00
8998662,21.62,22.24,33192.59,805.00
9001662,21.63,22.22,30567.27,808.00
9004662,21.62,22.19,16930.52,810.00
9007662,21.62,22.15,30924.64,813.00
9010662,21.62,22.12,23848.09,816.00
9013662,21.62,22.10,32030.87,819.00
9016662,21.62,22.10,44528.21,820.00
9019662,21.62,22.09,31833.65,822.00
9022662,21.62,22.03,28173.17,825.00
9025662,21.62,22.01,28790.17,827.00
9028662,21.62,21.97,28150.78,829.00
9031662,21.62,21.96,29081.52,829.00
9034662,21.62,21.97,23911.84,830.00
9037662,21.62,21.97,32136.46,832.00
9040662,21.62,21.98,22661.22,833.00
9043662,21.62,21.96,35290.26,832.00
9046662,21.61,21.93,21653.05,834.00
9049662,21.61,21.94,19032.33,840.00
9052662,21.61,21.94,18806.43,834.00
9055662,21.61,21.94,22942.97,833.00
9058662,21.61,21.97,32456.38,839.00
9061662,21.62,21.97,26063.78,833.00
9064662,21.61,21.97,29916.13,838.00
9067662,21.61,21.96,19400.55,831.00
9070662,21.62,21.97,12579.44,831.00
9073662,21.61,21.97,18602.68,831.00
9076662,21.62,21.98,17488.20,835.00
9079662,21.62,21.98,20309.29,828.00
9082662,21.61,21.93,39781.02,828.00
9085662,21.61,21.89,27427.00,828.00
9088662,21.62,21.88,29121.37,828.00
9091662,21.61,21.89,34911.67,827.00
9094662,21.61,21.89,28134.96,827.00
9097662,21.61,21.91,31399.12,825.00
9100662,21.61,21.92,20870.81,825.00
9103662,21.61,21.93,23637.21,825.00
9106662,21.61,21.92,23410.70,823.00
9109662,21.60,21.92,24193.87,823.00
9112662,21.60,21.93,22941.07,823.00
9115662,21.60,21.96,25113.37,822.00
9118662,21.60,21.97,47138.52,823.00
9121662,21.61,21.96,25422.00,823.00
9124662,21.61,21.97,29704.07,824.00
9127662,21.60,21.97,23808.66,823.00
9130662,21.59,21.98,36750.01,822.00
9133662,21.60,21.99,27772.24,823.00
9136662,21.61,21.98,33326.93,823.00
9139662,21.60,21.96,28780.05,823.00
9142662,21.61,21.96,48750.89,823.00
9145662,21.60,21.97,28600.90,823.00
9148662,21.60,21.98,29429.49,824.00
9151662,21.61,21.98,22745.22,823.00
9154662,21.61,21.99,26790.45,822.00
9157662,21.61,21.94,26137.43,822.00
9160662,21.61,21.91,20906.91,822.00
9163662,21.61,21.88,25225.98,821.00
9166662,21.60,21.88,35208.51,819.00
9169662,21.60,21.88,26567.90,817.00
9172662,21.60,21.87,20227.77,814.00
9175662,21.60,21.87,25128.83,813.00
9178662,21.60,21.89,22203.44,811.00
9181662,21.60,21.91,45880.28,810.00
9184662,21.59,21.92,24292.11,809.00
9187662,21.58,21.90,22013.79,816.00
9190662,21.59,21.91,25163.90,805.00
9193662,21.59,21.86,19767.12,802.00
9196662,21.59,21.84,20486.40,800.00
9199662,21.59,21.84,28361.25,796.00
9202662,21.60,21.83,24412.78,796.00
9205662,21.59,21.84,17559.29,794.00
9208662,21.60,21.88,13932.73,795.00
9211662,21.59,21.92,37390.03,788.00
9214662,21.60,21.92,40102.57,785.00
9217662,21.59,21.92,40774.14,787.00
9220662,21.59,21.97,32617.61,786.00
9223662,21.60,21.93,26850.26,785.00
9226662,21.59,21.86,33264.37,784.00
9229662,21.60,21.79,28663.04,783.00
9232662,21.60,21.79,37114.09,783.00
9235662,21.60,21.82,36479.49,783.00
9238662,21.59,21.81,43531.97,784.00
9241662,21.59,21.79,38251.05,784.00
9244662,21.60,21.79,37168.02,784.00
9247662,21.60,21.82,34999.45,783.00
9250662,21.61,21.83,30454.98,784.00
9253662,21.60,21.83,30267.93,784.00
9256662,21.61,21.82,33782.11,784.00
9259662,21.60,21.81,28438.99,784.00
9262662,21.61,21.81,29961.26,786.00
9265662,21.61,21.82,29502.47,784.00
9268662,21.60,21.82,29983.30,785.00
9271662,21.61,21.81,41022.12,785.00
9274662,21.61,21.75,21696.55,785.00
9277662,21.61,21.71,32787.36,785.00
9280662,21.60,21.72,41199.18,786.00
9283662,21.61,21.77,37320.08,787.00
9286662,21.62,21.77,36066.06,787.00
9289662,21.61,21.77,27500.75,786.00
9292662,21.61,21.75,33695.54,786.00
9295662,21.61,21.76,26696.12,787.00
9298662,21.61,21.77,25748.53,785.00
9301662,21.61,21.76,30623.72,785.00
9304662,21.61,21.68,27555.20,784.00
9307662,21.60,21.66,27334.59,784.00
9310662,21.59,21.62,17049.28,784.00
9313662,21.59,21.61,22519.70,784.00
9316662,21.60,21.52,35436.86,784.00
9319662,21.60,21.47,25335.67,784.00
9322662,21.60,21.47,30411.00,785.00
9325662,21.59,21.47,29003.51,782.00
9328662,21.60,21.51,26193.86,785.00
9331662,21.60,21.52,22725.90,786.00
9334662,21.60,21.57,23385.57,786.00
9337662,21.60,21.62,37260.77,787.00
9340662,21.60,21.63,31441.34,788.00
9343662,21.60,21.65,30956.81,788.00
9346662,21.61,21.65,25867.36,789.00
9349662,21.60,21.63,31358.86,790.00
9352662,21.60,21.62,28982.86,796.00
9355662,21.60,21.63,19006.51,790.00
9358662,21.60,21.66,21534.24,791.00
9361662,21.60,21.63,21971.22,791.00
9364662,21.60,21.61,41129.43,791.00
9367662,21.60,21.60,27774.37,791.00
9370662,21.60,21.57,25660.14,802.00
9373662,21.60,21.57,28365.73,791.00
9376662,21.59,21.56,33207.38,792.00
9379662,21.60,21.55,18203.90,795.00
9382662,21.60,21.49,24545.63,792.00
9385662,21.61,21.41,32522.05,794.00
9388662,21.60,21.41,34403.17,795.00
9391662,21.60,21.44,29630.99,797.00
9394662,21.59,21.46,27125.58,798.00
9397662,21.60,21.46,34767.03,800.00
9400662,21.59,21.49,19192.89,802.00
9403662,21.60,21.56,23535.47,804.00
9406662,21.59,21.57,26378.25,805.00
9409662,21.58,21.55,23664.07,807.00
9412662,21.58,21.56,24885.10,810.00
9415662,21.58,21.57,24777.48,812.00
9418662,21.58,21.52,29078.91,814.00
9421662,21.58,21.53,20148.24,816.00
9424662,21.58,21.50,29924.25,819.00
9427662,21.57,21.46,22349.70,822.00
9430662,21.58,21.47,27255.45,823.00
9433662,21.57,21.43,20940.25,824.00
9436662,21.57,21.43,23378.01,827.00
9439662,21.57,21.46,24943.04,829.00
9442662,21.57,21.46,27558.75,831.00
9445662,21.56,21.46,34260.39,834.00
9448662,21.57,21.48,28257.96,835.00
9451662,21.56,21.47,37047.93,836.00
9454662,21.56,21.47,30412.85,851.00
9457662,21.56,21.46,28417.31,841.00
9460662,21.56,21.40,34942.43,852.00
9463662,21.56,21.42,38359.66,847.00
9466662,21.56,21.42,44237.96,851.00
9469662,21.56,21.45,35873.19,850.00
9472662,21.56,21.47,31226.42,852.00
9475662,21.56,21.50,32947.62,850.00
9478662,21.56,21.56,26467.82,857.00
9481662,21.56,21.62,42595.95,858.00
9484662,21.56,21.63,34242.03,862.00
9487662,21.56,21.64,26377.94,864.00
9490662,21.57,21.64,18575.01,867.00
9493662,21.57,21.61,15901.42,866.00
9496662,21.57,21.61,20867.63,872.00
9499662,21.58,21.61,18093.63,875.00
9502662,21.57,21.61,18467.67,878.00
9505662,21.57,21.57,17708.63,880.00
9508662,21.58,21.58,29199.28,883.00
9511662,21.58,21.57,23534.43,885.00
9514662,21.58,21.55,30390.62,887.00
9517662,21.57,21.53,19656.27,891.00
9520662,21.57,21.53,33642.69,892.00
9523662,21.57,21.48,36103.68,894.00
9526662,21.57,21.52,34351.82,896.00
9529662,21.58,21.56,31930.40,900.00
9532662,21.58,21.58,17327.54,900.00
9535662,21.57,21.58,24184.50,902.00
9538662,21.58,21.58,25998.91,905.00
9541662,21.58,21.58,28927.49,907.00
9544662,21.57,21.56,25739.29,910.00
9547662,21.58,21.57,24109.64,910.00
9550662,21.58,21.57,21809.10,912.00
9553662,21.57,21.58,34410.02,915.00
9556662,21.57,21.60,23943.33,916.00
9559662,21.57,21.60,21163.69,919.00
9562662,21.57,21.58,16284.15,920.00
9565662,21.58,21.60,21190.77,919.00
9568662,21.58,21.63,22031.76,919.00
9571662,21.58,21.63,26896.61,920.00
9574662,21.58,21.66,28988.70,920.00
9577662,21.59,21.67,31513.59,921.00
9580662,21.58,21.70,47665.89,922.00
9583662,21.58,21.68,27845.83,923.00
9586662,21.59,21.67,37800.92,924.00
9589662,21.59,21.66,39067.95,924.00
9592662,21.59,21.65,31610.10,927.00
9595662,21.59,21.61,27795.47,927.00
9598662,21.58,21.62,29924.34,929.00
9601662,21.58,21.60,32562.01,929.00
9604662,21.58,21.58,25044.54,930.00
9607662,21.57,21.57,43066.61,931.00
9610662,21.57,21.66,23938.24,932.00
9613662,21.58,21.65,30920.61,933.00
9616662,21.57,21.60,19930.75,932.00
9619662,21.58,21.62,22696.87,933.00
9622662,21.58,21.67,30942.11,933.00
9625662,21.59,21.68,39099.07,938.00
9628662,21.59,21.73,31920.57,934.00
9631662,21.60,21.79,33456.03,935.00
9634662,21.59,21.81,32896.73,935.00
9637662,21.60,21.79,24150.22,935.00
9640662,21.60,21.77,21187.63,936.00
9643662,21.60,21.77,33944.76,932.00
9646662,21.61,21.76,27969.28,932.00
9649662,21.61,21.77,26321.19,934.00
9652662,21.61,21.79,32539.83,933.00
9655662,21.61,21.79,35614.05,926.00
9658662,21.61,21.81,26480.61,934.00
9661662,21.61,21.82,37213.86,933.00
9664662,21.61,21.79,33102.18,933.00
9667662,21.61,21.77,24894.81,934.00
9670662,21.61,21.76,26646.38,937.00
9673662,21.61,21.73,15628.99,936.00
9676662,21.62,21.72,30975.74,937.00
9679662,21.62,21.73,31865.95,937.00
9682662,21.62,21.73,20196.87,937.00
9685662,21.62,21.76,29264.01,937.00
9688662,21.62,21.81,33336.58,937.00
9691662,21.62,21.83,30051.63,937.00
9694662,21.62,21.83,22397.55,937.00
9697662,21.62,21.76,29220.26,937.00
9700662,21.62,21.73,29574.10,937.00
9703662,21.63,21.71,31480.92,937.00
9706662,21.62,21.68,39775.10,937.00
9709662,21.62,21.68,20501.25,937.00
9712662,21.62,21.71,20296.36,936.00
9715662,21.62,21.72,24578.92,935.00
9718662,21.62,21.73,13990.85,937.00
9721662,21.62,21.77,17354.66,932.00
9724662,21.62,21.78,22566.54,932.00
9727662,21.62,21.77,26340.84,932.00
9730662,21.62,21.77,30106.33,932.00
9733662,21.62,21.77,19282.40,932.00
9736662,21.62,21.78,25144.46,932.00
9739662,21.62,21.79,25313.77,932.00
9742662,21.62,21.82,27997.10,932.00
9745662,21.62,21.82,36571.47,934.00
9748662,21.62,21.84,37601.51,935.00
9751662,21.62,21.88,27024.75,935.00
9754662,21.62,21.88,27238.89,935.00
9757662,21.63,21.88,18792.19,935.00
9760662,21.63,21.84,19767.38,936.00
9763662,21.63,21.86,39682.15,934.00
9766662,21.63,21.83,41008.53,936.00
9769662,21.63,21.80,23033.13,934.00
9772662,21.63,21.78,27346.04,935.00
9775662,21.64,21.75,32662.73,935.00
9778662,21.63,21.70,30337.41,935.00
9781662,21.63,21.68,36966.02,935.00
9784662,21.63,21.71,36785.96,935.00
9787662,21.63,21.68,36200.95,935.00
9790662,21.63,21.70,30874.11,932.00
9793662,21.63,21.68,32135.29,931.00
9796662,21.63,21.70,25597.40,932.00
9799662,21.63,21.71,21406.83,930.00
9802662,21.63,21.73,25054.71,932.00
9805662,21.63,21.75,24905.11,932.00
9808662,21.63,21.75,26964.25,933.00
9811662,21.64,21.73,29924.37,932.00
9814662,21.64,21.73,26705.91,935.00
9817662,21.65,21.72,38196.16,936.00
9820662,21.65,21.75,43101.87,935.00
9823662,21.65,21.76,39246.84,936.00
9826662,21.65,21.76,36648.28,935.00
9829662,21.65,21.78,28481.96,935.00
9832662,21.65,21.81,26081.74,935.00
9835662,21.65,21.81,31400.01,935.00
9838662,21.65,21.81,32943.44,937.00
9841662,21.65,21.78,48015.37,936.00
9844662,21.65,21.80,30517.77,937.00
9847662,21.65,21.81,33755.77,936.00
9850662,21.66,21.82,24937.85,938.00
9853662,21.66,21.82,30535.10,938.00
9856662,21.65,21.82,33729.79,937.00
9859662,21.65,21.81,30679.72,935.00
9862662,21.66,21.79,24498.27,935.00
9865662,21.66,21.79,44343.07,935.00
9868662,21.66,21.77,28307.93,935.00
9871662,21.66,21.75,34202.26,936.00
9874662,21.66,21.75,24544.02,935.00
9877662,21.65,21.71,19589.12,936.00
9880662,21.66,21.67,27839.94,939.00
9883662,21.66,21.70,30305.04,939.00
9886662,21.66,21.71,25632.87,940.00
9889662,21.66,21.75,25478.01,940.00
9892662,21.66,21.79,20652.04,939.00
9895662,21.66,21.81,16501.43,940.00
9898662,21.66,21.79,20573.03,939.00
9901662,21.67,21.77,20673.57,940.00
9904662,21.67,21.77,15517.89,939.00
9907662,21.66,21.77,37696.73,940.00
9910662,21.67,21.77,24933.13,940.00
9913662,21.67,21.76,20874.62,951.00
9916662,21.67,21.76,18321.58,940.00
9919662,21.67,21.75,41753.05,939.00
9922662,21.67,21.75,34978.31,940.00
9925662,21.67,21.75,27953.37,936.00
9928662,21.68,21.76,30769.71,936.00
9931662,21.67,21.76,19762.24,936.00
9934662,21.66,21.76,28604.76,935.00
9937662,21.67,21.75,16547.19,936.00
9940662,21.66,21.72,20536.45,936.00
9943662,21.67,21.71,19426.08,935.00
9946662,21.67,21.67,16801.05,936.00
9949662,21.67,21.62,17530.00,938.00
9952662,21.66,21.65,33366.64,937.00
9955662,21.66,21.65,22675.59,939.00
9958662,21.66,21.66,19282.15,939.00
9961662,21.67,21.67,34223.72,939.00
9964662,21.67,21.74,22972.77,938.00
9967662,21.67,21.79,20498.37,940.00
9970662,21.67,21.80,28099.79,940.00
9973662,21.67,21.79,28293.49,940.00
9976662,21.67,21.80,21099.90,939.00
9979662,21.67,21.77,24387.26,939.00
9982662,21.68,21.75,21011.55,951.00
9985662,21.67,21.74,21336.84,936.00
9988662,21.67,21.75,29613.45,941.00
9991662,21.67,21.76,22303.41,940.00
9994662,21.67,21.80,43256.78,940.00
9997662,21.67,21.79,43328.48,941.00
10000662,21.68,21.79,31422.91,940.00
10003662,21.67,21.77,34057.63,938.00
10006662,21.66,21.75,19564.87,936.00
10009662,21.67,21.72,16151.55,938.00
10012662,21.67,21.72,19911.84,947.00
10015662,21.67,21.75,17006.37,943.00
10018662,21.66,21.77,17601.51,937.00
10021662,21.66,21.81,23801.19,937.00
10024662,21.67,21.86,23049.33,934.00
10027662,21.67,21.90,18782.08,941.00
10030662,21.67,21.88,18206.37,941.00
10033662,21.68,21.86,19928.09,939.00
10036662,21.68,21.83,25200.82,942.00
10039662,21.68,21.85,26892.40,954.00
10042662,21.68,21.84,28804.58,943.00
10045662,21.69,21.81,34479.12,943.00
10048662,21.68,21.80,16162.50,943.00
10051662,21.68,21.81,27060.23,943.00
10054662,21.68,21.82,23792.50,944.00
10057662,21.68,21.88,19611.25,944.00
10060662,21.67,21.97,20291.78,937.00
10063662,21.68,21.93,30354.70,944.00
10066662,21.68,21.92,17819.24,942.00
10069662,21.68,21.91,18341.31,944.00
10072662,21.67,21.83,23505.06,944.00
10075662,21.67,21.85,35550.89,944.00
10078662,21.68,21.83,25614.68,941.00
10081662,21.67,21.88,32148.53,942.00
10084662,21.67,21.87,34184.62,941.00
10087662,21.67,21.90,24346.09,941.00
10090662,21.68,21.83,36389.53,940.00
10093662,21.68,21.80,28092.30,940.00
10096662,21.68,21.82,29897.24,940.00
10099662,21.68,21.82,37105.19,940.00
10102662,21.68,21.82,25689.13,939.00
10105662,21.68,21.82,43663.29,944.00
10108662,21.68,21.80,29774.25,945.00
10111662,21.68,21.79,33976.71,944.00
10114662,21.69,21.79,27375.37,944.00
10117662,21.69,21.82,37144.75,943.00
10120662,21.69,21.85,42421.73,944.00
10123662,21.69,21.87,44636.39,944.00
10126662,21.70,21.89,25990.39,944.00
10129662,21.70,21.89,44427.87,944.00
10132662,21.70,21.90,37711.53,951.00
10135662,21.70,21.90,35841.88,943.00
10138662,21.70,21.92,20388.27,943.00
10141662,21.70,21.95,21945.68,942.00
10144662,21.70,21.87,25416.35,943.00
10147662,21.70,21.82,35418.45,941.00
10150662,21.70,21.84,23910.97,943.00
10153662,21.70,21.81,25013.64,943.00
10156662,21.70,21.87,16115.31,942.00
10159662,21.70,21.89,21561.45,938.00
10162662,21.70,21.85,17366.55,933.00
10165662,21.70,21.90,16343.32,939.00
10168662,21.69,21.90,21875.57,938.00
10171662,21.69,21.87,29588.52,938.00
10174662,21.69,21.84,29530.09,938.00
10177662,21.69,21.81,17040.05,938.00
10180662,21.68,21.86,17282.54,939.00
10183662,21.69,21.90,27687.46,938.00
10186662,21.69,21.91,29549.27,942.00
10189662,21.69,21.93,34420.86,946.00
10192662,21.69,21.97,29963.37,942.00
10195662,21.70,21.98,31787.08,942.00
10198662,21.70,21.98,45761.54,942.00
10201662,21.70,22.00,29009.20,941.00
10204662,21.71,22.00,23170.31,942.00
10207662,21.71,21.95,16461.20,942.00
10210662,21.71,21.91,20274.44,941.00
10213662,21.72,21.90,18826.09,942.00
10216662,21.71,21.92,22495.76,943.00
10219662,21.72,22.00,16332.21,943.00
10222662,21.72,22.02,28771.50,943.00
10225662,21.73,22.04,28943.65,943.00
10228662,21.72,22.06,22257.26,944.00
10231662,21.73,22.10,21697.19,941.00
10234662,21.74,22.18,21697.19,945.00
10237662,21.74,22.18,21697.19,944.00
10240662,21.74,22.15,21697.19,944.00
10246953,21.75,22.09,0.00,966.00
10249953,21.75,22.07,25848.41,967.00
10252953,21.75,22.11,15250.89,966.00
10255953,21.75,22.12,24130.73,966.00
10258953,21.75,22.12,19440.00,966.00
10261953,21.75,22.09,17009.52,967.00
10264953,21.76,22.09,22755.82,967.00
10267953,21.76,22.07,12044.98,967.00
10270953,21.76,22.06,13054.39,967.00
10273953,21.76,22.06,13663.41,961.00
10276953,21.76,22.04,18688.34,966.00
10279953,21.76,22.01,18496.47,966.00
10282953,21.77,22.03,16359.81,959.00
10285953,21.77,22.24,16015.39,966.00
10288953,21.78,22.20,14402.02,966.00
10291953,21.78,22.17,17581.82,966.00
10294953,21.78,22.16,12640.31,965.00
10297953,21.78,22.17,9755.24,966.00
10300953,21.79,22.17,41161.95,968.00
10303953,21.79,22.22,9536.19,967.00
10306953,21.80,22.24,18415.24,966.00
10309953,21.79,22.26,16038.02,965.00
10312953,21.79,22.30,12948.38,965.00
10315953,21.80,22.31,14325.83,965.00
10318953,21.80,22.32,17108.16,965.00
10321953,21.80,22.40,25281.29,965.00
10324953,21.80,22.37,17356.13,964.00
10327953,21.81,22.40,15346.25,965.00
10330953,21.80,22.41,19481.72,965.00
10333953,21.80,22.34,45917.39,965.00
10336953,21.80,22.31,23161.00,964.00
10339953,21.80,22.32,20570.49,963.00
10342953,21.80,22.35,25068.53,964.00
10345953,21.80,22.35,22318.99,965.00
10348953,21.80,22.34,16096.61,964.00
10351953,21.80,22.32,9534.79,965.00
10354953,21.80,22.27,10514.04,964.00
10357953,21.80,22.26,11317.48,965.00
10360953,21.80,22.26,14128.90,964.00
10363953,21.79,22.30,11872.76,964.00
10366953,21.79,22.32,12810.80,964.00
10369953,21.79,22.26,9755.29,964.00
10372953,21.80,22.25,10616.37,964.00
10375953,21.79,22.21,9305.67,963.00
10378953,21.79,22.20,9380.41,963.00
10381953,21.79,22.20,9252.25,963.00
10384953,21.79,22.17,13130.71,963.00
10387953,21.79,22.19,8341.68,964.00
10390953,21.79,22.14,21440.26,963.00
10393953,21.79,22.05,13553.06,963.00
10396953,21.79,22.06,8904.42,962.00
10399953,21.80,22.06,14448.84,965.00
10402953,21.80,22.05,17968.47,964.00
10405953,21.80,22.01,12418.46,965.00
10408953,21.79,22.04,17878.63,965.00
10411953,21.79,22.06,13757.02,964.00
10414953,21.79,22.10,17785.60,965.00
10417953,21.79,22.09,10868.30,965.00
10420953,21.79,22.01,10091.07,965.00
10423953,21.79,21.98,11584.12,964.00
10426953,21.79,21.96,9488.63,965.00
10429953,21.79,21.88,10520.57,965.00
10432953,21.78,21.84,11511.28,965.00
10435953,21.79,21.85,14849.98,965.00
10438953,21.79,21.85,15747.40,964.00
10441953,21.79,21.85,10607.71,965.00
10444953,21.79,21.87,10868.71,966.00
10447953,21.79,21.82,10935.99,965.00
10450953,21.79,21.80,9492.02,965.00
10453953,21.79,21.80,11093.59,965.00
10456953,21.80,21.78,10888.92,965.00
10459953,21.79,21.82,12294.08,965.00
10462953,21.80,21.83,18885.08,965.00
10465953,21.80,21.84,15139.45,964.00
10468953,21.80,21.88,20256.72,964.00
10471953,21.80,21.96,19501.42,964.00
10474953,21.80,22.05,16653.86,964.00
10477953,21.81,22.00,19459.95,964.00
10480953,21.81,21.94,31409.64,963.00
10483953,21.81,22.05,36232.69,964.00
10486953,21.81,22.06,35719.20,965.00
10489953,21.82,21.99,39260.64,966.00
10492953,21.82,22.03,23922.73,967.00
10495953,21.82,22.09,29283.16,967.00
10498953,21.83,22.13,30846.54,969.00
10501953,21.83,22.07,30859.71,967.00
10504953,21.83,22.11,49842.86,970.00
10507953,21.83,22.18,49999.46,967.00
10510953,21.83,22.19,41638.43,967.00
10513953,21.84,22.16,44255.17,967.00
10516953,21.83,22.05,49725.23,967.00
10519953,21.83,22.00,49549.08,964.00
10522953,21.84,22.03,47882.27,968.00
10525953,21.83,22.07,49876.93,968.00
10528953,21.83,22.10,49173.54,967.00
10531953,21.83,22.13,43823.01,967.00
10534953,21.83,22.14,47603.34,968.00
10537953,21.83,22.14,33893.06,968.00
10540953,21.83,22.07,39219.76,967.00
10543953,21.82,22.04,47988.05,967.00
10546953,21.83,22.02,49802.98,983.00
10549953,21.82,21.97,49764.06,967.00
10552953,21.82,21.92,45446.31,967.00
10555953,21.82,21.89,32950.60,966.00
10558953,21.82,21.89,40446.33,967.00
10561953,21.81,21.93,31382.21,968.00
10564953,21.81,21.90,29749.07,966.00
10567953,21.82,21.87,47467.67,967.00
10570953,21.82,21.85,46396.84,967.00
10573953,21.82,21.85,24413.60,968.00
10576953,21.82,21.85,31682.74,967.00
10579953,21.82,21.78,45789.19,967.00
10582953,21.82,21.76,40108.56,968.00
10585953,21.83,21.77,26000.32,968.00
10588953,21.83,21.73,28471.13,968.00
10591953,21.83,21.73,29422.26,968.00
10594953,21.82,21.73,36346.70,968.00
10597953,21.83,21.73,30823.94,968.00
10600953,21.83,21.67,29867.62,969.00
10603953,21.83,21.65,44733.08,969.00
10606953,21.83,21.66,36630.42,969.00
10609953,21.84,21.66,25051.56,944.00
10612953,21.83,21.65,21463.99,941.00
