Timestamp,Temperature (C),Humidity (%),Sound,Light
3867,22.53,30.71,0.00,976.00
6867,22.55,30.64,19932.08,976.00
9867,22.54,30.36,22250.83,975.00
12867,22.53,30.22,23441.44,975.00
15867,22.52,30.31,17444.71,975.00
18867,22.52,30.40,19432.34,972.00
21867,22.50,30.44,20747.85,972.00
24867,22.50,30.38,18618.87,969.00
27867,22.49,30.39,19814.12,971.00
30867,22.48,30.28,36665.04,972.00
33867,22.46,30.14,14395.38,973.00
36867,22.46,30.08,17085.66,972.00
39867,22.45,30.02,30845.65,972.00
42867,22.44,29.97,20045.26,971.00
45867,22.43,29.93,16212.60,971.00
48867,22.42,29.97,15902.96,971.00
51867,22.41,29.93,18495.08,971.00
54867,22.40,29.94,14166.96,997.00
57867,22.39,29.86,16174.63,969.00
60867,22.37,29.75,17169.65,969.00
63867,22.37,29.88,17153.33,964.00
66867,22.35,29.82,22737.92,966.00
69867,22.34,29.92,13759.03,969.00
72867,22.33,29.95,12241.50,965.00
75867,22.32,29.83,13559.91,964.00
78867,22.31,29.85,11499.46,963.00
81867,22.30,29.87,11384.89,965.00
84867,22.29,29.85,15506.50,964.00
87867,22.28,29.73,9634.47,963.00
90867,22.26,29.65,11316.40,981.00
93867,22.25,29.68,13842.87,960.00
96867,22.24,29.71,20848.31,960.00
99867,22.23,29.76,15470.47,958.00
102867,22.22,29.80,21982.93,957.00
105867,22.20,29.82,16690.23,956.00
108867,22.19,29.80,16834.65,954.00
111867,22.18,29.84,12497.83,952.00
114867,22.17,29.89,19785.63,950.00
117867,22.15,29.95,13742.62,948.00
120867,22.14,29.94,15151.83,945.00
123867,22.13,29.96,27621.19,944.00
126867,22.11,29.97,31252.71,941.00
129867,22.10,30.01,30106.21,938.00
132867,22.09,30.00,23477.41,933.00
135867,22.08,30.01,32228.92,927.00
138867,22.07,30.02,19476.68,922.00
141867,22.06,30.02,25973.96,918.00
144867,22.05,30.03,28467.32,913.00
147867,22.04,30.04,17120.26,909.00
150867,22.03,30.04,17777.56,908.00
153867,22.02,30.10,21878.49,901.00
156867,22.01,30.10,25245.83,897.00
159867,22.01,30.12,22373.46,893.00
162867,21.99,30.14,32127.71,889.00
165867,21.98,30.12,19159.71,886.00
168867,21.97,30.16,23043.62,881.00
171867,21.97,30.17,35083.83,878.00
174867,21.96,30.18,16305.80,875.00
177867,21.95,30.18,22558.80,863.00
180867,21.94,30.21,20115.42,870.00
183867,21.93,30.21,21231.38,867.00
186867,21.92,30.25,17852.91,865.00
189867,21.91,30.27,21860.30,864.00
192867,21.90,30.26,20924.09,863.00
195867,21.89,30.33,33461.59,860.00
198867,21.89,30.25,26408.33,860.00
201867,21.87,30.31,19860.11,869.00
204867,21.86,30.27,35008.43,842.00
207867,21.86,30.38,20097.75,842.00
210867,21.86,30.47,31861.39,841.00
213867,21.85,30.40,26958.23,842.00
216867,21.84,30.43,30508.33,843.00
219867,21.83,30.37,23307.04,843.00
222867,21.83,30.37,33104.43,841.00
225867,21.82,30.34,37885.16,839.00
228867,21.82,30.32,44456.41,845.00
231867,21.81,30.33,40959.16,728.00
234867,21.80,30.43,39903.51,517.00
237867,21.80,30.66,44669.77,574.00
240867,21.79,30.71,49951.42,571.00
243867,21.80,30.75,19412.02,570.00
246867,21.79,30.75,16485.18,581.00
249867,21.79,30.72,19916.04,569.00
252867,21.78,30.75,26376.37,576.00
255867,21.78,30.78,24705.86,571.00
258867,21.78,30.83,41565.74,572.00
261867,21.78,30.87,37253.21,574.00
264867,21.78,30.79,33683.14,577.00
267867,21.77,30.87,33632.16,577.00
270867,21.77,30.90,18933.08,579.00
273867,21.77,30.93,23062.19,582.00
276867,21.77,30.96,25301.49,585.00
279867,21.76,30.99,38438.59,585.00
282867,21.77,31.05,10564.65,598.00
285867,21.76,31.08,19436.44,590.00
288867,21.76,31.12,16504.78,593.00
291867,21.76,31.10,20717.29,598.00
294867,21.75,31.08,24517.94,613.00
297867,21.75,31.08,28811.02,605.00
300867,21.75,31.11,26266.65,608.00
303867,21.74,31.12,23187.11,610.00
306867,21.74,31.12,27065.57,614.00
309867,21.73,31.12,35868.43,617.00
312867,21.74,31.12,47278.89,631.00
315867,21.73,31.11,31720.83,625.00
318867,21.73,31.12,33939.12,629.00
321867,21.72,31.14,35411.23,587.00
324867,21.71,31.13,28870.06,590.00
327867,21.71,31.12,21178.01,593.00
330867,21.71,31.18,19516.44,595.00
333867,21.71,31.19,23264.38,600.00
336867,21.71,31.21,28526.47,605.00
339867,21.71,31.24,32248.82,609.00
342867,21.70,31.25,40283.05,613.00
345867,21.70,31.26,36404.80,617.00
348867,21.71,31.29,40028.75,621.00
351867,21.70,31.30,29877.43,625.00
354867,21.70,31.31,43417.42,629.00
357867,21.71,31.31,34899.08,633.00
360867,21.71,31.33,49910.01,638.00
363867,21.71,31.36,42863.06,642.00
366867,21.71,31.39,34200.67,646.00
369867,21.71,31.39,31139.87,652.00
372867,21.71,31.39,28382.30,655.00
375867,21.71,31.39,38879.62,658.00
378867,21.71,31.40,49823.73,663.00
381867,21.70,31.40,49963.14,667.00
384867,21.71,31.42,44168.19,672.00
387867,21.71,31.42,35142.15,675.00
390867,21.70,31.43,38484.88,676.00
393867,21.70,31.56,45952.93,681.00
396867,21.70,31.59,26189.70,685.00
399867,21.70,31.60,31308.28,685.00
402867,21.69,31.60,25208.35,689.00
405867,21.70,31.60,36251.95,694.00
408867,21.69,31.63,32476.11,695.00
411867,21.69,31.67,37862.99,698.00
414867,21.69,31.68,24440.05,702.00
417867,21.69,31.95,21194.07,706.00
420867,21.69,32.02,30035.10,710.00
423867,21.69,31.92,12846.54,714.00
426867,21.69,31.86,21660.81,714.00
429867,21.69,31.85,23395.01,723.00
432867,21.68,31.83,23909.88,724.00
435867,21.68,31.85,22745.04,733.00
438867,21.68,31.83,41145.95,738.00
441867,21.68,31.90,20411.50,739.00
444867,21.68,31.92,30981.88,743.00
447867,21.68,31.90,19847.49,748.00
450867,21.68,31.90,13811.75,753.00
453867,21.69,31.91,15367.00,759.00
456867,21.68,31.90,19047.85,761.00
459867,21.69,31.91,16212.67,764.00
462867,21.69,31.96,21504.44,768.00
465867,21.69,32.03,18888.25,770.00
468867,21.70,32.04,11595.09,775.00
471867,21.70,32.04,17579.18,775.00
474867,21.69,32.07,13346.22,779.00
477867,21.69,32.08,17077.16,781.00
480867,21.69,32.08,14412.36,785.00
483867,21.69,32.04,14401.12,787.00
486867,21.70,32.03,19808.51,789.00
489867,21.70,32.01,14436.16,792.00
492867,21.71,32.02,22895.17,794.00
495867,21.70,32.03,36923.32,799.00
498867,21.71,32.06,24036.10,801.00
501867,21.71,32.04,18124.88,804.00
504867,21.71,32.03,12523.29,804.00
507867,21.71,32.02,11238.19,805.00
510867,21.71,32.01,17883.11,819.00
513867,21.70,32.02,29729.83,806.00
516867,21.70,32.04,11067.10,806.00
519867,21.69,32.03,15459.78,808.00
522867,21.69,32.05,13044.36,801.00
525867,21.68,32.07,10855.84,805.00
528867,21.68,32.09,12227.44,802.00
531867,21.67,32.07,12885.69,801.00
534867,21.66,31.92,12786.23,803.00
537867,21.65,31.94,12259.01,802.00
540867,21.64,31.98,16480.23,803.00
543867,21.64,32.04,13530.71,803.00
546867,21.64,32.08,14200.31,803.00
549867,21.64,32.06,12904.82,803.00
552867,21.63,32.06,15604.62,803.00
555867,21.64,32.06,16995.23,804.00
558867,21.64,32.06,11819.31,804.00
561867,21.64,32.08,10979.51,805.00
564867,21.64,32.09,21294.85,805.00
567867,21.63,32.10,15967.02,804.00
570867,21.64,32.17,15582.88,805.00
573867,21.63,32.22,12651.70,806.00
576867,21.63,32.20,24214.61,807.00
579867,21.63,32.16,10424.41,806.00
582867,21.63,32.14,16662.88,807.00
585867,21.63,32.14,13411.97,808.00
588867,21.63,32.15,9168.68,810.00
591867,21.63,32.16,9288.74,811.00
594867,21.63,32.16,17096.29,813.00
597867,21.63,32.16,8648.30,815.00
600867,21.63,32.16,8772.62,816.00
603867,21.63,32.16,10793.48,819.00
606867,21.63,32.16,14492.71,822.00
609867,21.63,32.23,10652.50,826.00
612867,21.63,32.31,12058.52,830.00
615867,21.63,32.20,18599.38,833.00
618867,21.62,32.10,14913.92,836.00
621867,21.62,31.93,13215.99,838.00
624867,21.62,31.89,8917.22,843.00
627867,21.61,31.88,13889.02,847.00
630867,21.62,31.89,9201.68,851.00
633867,21.62,32.01,15620.28,852.00
636867,21.62,32.05,10058.36,857.00
639867,21.62,32.11,9726.67,861.00
642867,21.62,32.17,13204.35,863.00
645867,21.62,32.17,23972.76,866.00
648867,21.62,32.20,11142.13,869.00
651867,21.62,32.23,10008.43,871.00
654867,21.62,32.20,10083.97,875.00
657867,21.62,32.20,10492.05,879.00
660867,21.62,32.18,9358.41,882.00
663867,21.62,32.20,10603.97,886.00
666867,21.62,32.20,9790.05,890.00
669867,21.62,32.21,10093.07,893.00
672867,21.62,32.26,11416.79,898.00
675867,21.62,32.27,10277.96,901.00
678867,21.62,32.27,9074.51,905.00
681867,21.62,32.26,11924.32,909.00
684867,21.61,32.27,13732.45,912.00
687867,21.61,32.31,11640.29,917.00
690867,21.61,32.29,13683.71,920.00
693867,21.61,32.27,10799.12,923.00
696867,21.61,32.18,8686.06,927.00
699867,21.61,32.11,10149.81,929.00
702867,21.60,32.07,9703.45,931.00
705867,21.60,32.06,11500.94,931.00
708867,21.59,32.02,8922.35,929.00
711867,21.58,32.00,8861.79,928.00
714867,21.57,31.91,14037.20,928.00
717867,21.56,32.02,9851.60,926.00
720867,21.57,32.08,11152.13,925.00
723867,21.57,32.11,10101.52,923.00
726867,21.57,32.11,10431.42,922.00
729867,21.57,32.11,11397.57,920.00
732867,21.56,32.08,13033.66,919.00
735867,21.57,32.08,14221.02,920.00
738867,21.57,32.06,13597.88,919.00
741867,21.56,32.03,16603.57,919.00
744867,21.57,32.00,12485.22,918.00
747867,21.56,31.97,18716.76,919.00
750867,21.57,31.90,11054.36,918.00
753867,21.56,31.90,9765.78,920.00
756867,21.56,31.89,12942.83,910.00
759867,21.56,31.92,14203.42,922.00
762867,21.56,31.97,10433.68,923.00
765867,21.57,32.01,15617.59,935.00
768867,21.56,32.03,17863.93,927.00
771867,21.56,32.06,19121.62,928.00
774867,21.56,32.08,12928.51,930.00
777867,21.56,32.08,13157.43,931.00
780867,21.56,32.08,22501.53,935.00
783867,21.56,32.07,18223.87,936.00
786867,21.55,32.06,19816.00,940.00
789867,21.55,32.03,24623.84,945.00
792867,21.54,32.04,19731.06,948.00
795867,21.54,32.07,11942.77,952.00
798867,21.54,32.06,12346.92,953.00
801867,21.54,32.06,11135.96,955.00
804867,21.54,32.02,25454.62,958.00
807867,21.54,31.97,20033.13,958.00
810867,21.53,31.96,19880.65,958.00
813867,21.54,31.95,23220.24,960.00
816867,21.54,31.97,10398.84,960.00
819867,21.54,31.98,20530.90,960.00
822867,21.54,31.96,14230.82,961.00
825867,21.54,31.96,17643.08,962.00
828867,21.54,31.97,20166.90,963.00
831867,21.54,31.97,16675.38,964.00
834867,21.55,31.95,18775.21,965.00
837867,21.54,31.90,19835.37,964.00
840867,21.55,31.87,18980.40,966.00
843867,21.55,31.87,17376.89,964.00
846867,21.55,31.85,14739.91,965.00
849867,21.55,31.81,9880.93,965.00
852867,21.55,31.78,19133.38,965.00
855867,21.56,31.80,18822.64,966.00
858867,21.56,31.81,23160.38,966.00
861867,21.56,31.79,18069.39,968.00
864867,21.56,31.73,10006.83,969.00
867867,21.57,31.72,11742.77,968.00
870867,21.57,31.72,12300.26,969.00
873867,21.57,31.71,12627.70,969.00
876867,21.56,31.69,13616.68,970.00
879867,21.56,31.69,18610.08,969.00
882867,21.56,31.72,23529.78,969.00
885867,21.56,31.74,18755.01,968.00
888867,21.57,31.73,15742.47,972.00
891867,21.56,31.73,12813.77,969.00
894867,21.57,31.69,16267.40,970.00
897867,21.58,31.69,15586.66,970.00
900867,21.58,31.71,17550.35,988.00
903867,21.59,31.71,13816.33,971.00
906867,21.59,31.68,16669.34,972.00
909867,21.59,31.68,13282.27,971.00
912867,21.58,31.71,14209.57,971.00
915867,21.59,31.74,14716.97,972.00
918867,21.59,31.73,12994.65,971.00
921867,21.58,31.71,23172.05,970.00
924867,21.58,31.72,12998.01,970.00
927867,21.58,31.71,12986.79,971.00
930867,21.57,31.69,10321.15,972.00
933867,21.57,31.69,19403.15,973.00
936867,21.57,31.71,16696.60,972.00
939867,21.57,31.69,18149.72,972.00
942867,21.58,31.72,16355.36,987.00
945867,21.57,31.75,17151.43,972.00
948867,21.57,31.75,13156.76,972.00
951867,21.58,31.75,20991.04,972.00
954867,21.58,31.69,28190.27,971.00
957867,21.58,31.71,14740.88,970.00
960867,21.58,31.69,17548.83,970.00
963867,21.58,31.67,18177.50,971.00
966867,21.58,31.66,15134.06,971.00
969867,21.58,31.66,16847.03,970.00
972867,21.59,31.69,13211.27,971.00
975867,21.59,31.69,11723.92,986.00
978867,21.59,31.69,19172.43,970.00
981867,21.59,31.71,12908.23,970.00
984867,21.59,31.70,18407.13,970.00
987867,21.59,31.71,15014.70,967.00
990867,21.60,31.71,17095.43,968.00
993867,21.60,31.71,14884.44,967.00
996867,21.61,31.73,14001.45,968.00
999867,21.61,31.74,12908.73,968.00
1002867,21.61,31.74,15404.92,967.00
1005867,21.61,31.73,13040.20,968.00
1008867,21.62,31.76,11052.79,957.00
1011867,21.62,31.76,13102.15,966.00
1014867,21.62,31.78,13132.13,966.00
1017867,21.62,31.79,12000.35,965.00
1020867,21.63,31.79,14161.83,965.00
1023867,21.63,31.81,12825.62,965.00
1026867,21.63,31.83,13692.28,964.00
1029867,21.62,31.83,12700.19,965.00
1032867,21.62,31.84,12983.15,966.00
1035867,21.63,31.84,11503.57,965.00
1038867,21.63,31.83,14298.30,965.00
1041867,21.64,31.84,12472.25,966.00
1044867,21.63,31.83,14015.04,965.00
1047867,21.64,31.83,15000.91,966.00
1050867,21.64,31.82,15938.00,965.00
1053867,21.63,31.81,13455.14,964.00
1056867,21.64,31.82,12468.03,965.00
1059867,21.64,31.84,9841.65,966.00
1062867,21.64,31.86,10801.75,967.00
1065867,21.64,31.88,14188.94,967.00
1068867,21.64,31.88,14327.45,966.00
1071867,21.64,31.88,12691.96,966.00
1074867,21.65,31.87,19179.33,965.00
1077867,21.65,31.84,18037.03,966.00
1080867,21.65,31.82,18629.39,965.00
1083867,21.65,31.83,19526.59,964.00
1086867,21.65,31.86,20004.83,965.00
1089867,21.66,31.88,14118.71,965.00
1092867,21.66,31.91,14016.48,967.00
1095867,21.67,31.92,14238.82,968.00
1098867,21.67,31.92,13250.29,968.00
1101867,21.67,31.92,14479.50,968.00
1104867,21.68,31.94,12803.83,967.00
1107867,21.68,31.96,13065.46,968.00
1110867,21.68,31.96,12521.39,968.00
1113867,21.68,31.97,11820.71,968.00
1116867,21.69,31.98,12238.84,967.00
1119867,21.69,31.98,16675.23,968.00
1122867,21.69,32.02,12546.95,968.00
1125867,21.69,32.01,13105.04,962.00
1128867,21.69,32.01,30113.88,970.00
1131867,21.70,32.02,18948.98,971.00
1134867,21.71,32.01,13699.48,970.00
1137867,21.70,31.98,24307.72,970.00
1140867,21.71,31.95,20782.45,971.00
1143867,21.71,31.95,20773.40,970.00
1146867,21.71,31.92,17974.27,971.00
1149867,21.71,31.95,17190.95,969.00
1152867,21.71,31.93,29285.04,969.00
1155867,21.71,31.95,17257.77,969.00
1158867,21.72,31.97,13848.49,970.00
1161867,21.72,32.01,11578.23,971.00
1164867,21.72,32.06,12484.62,971.00
1167867,21.72,32.08,13632.41,971.00
1170867,21.72,32.06,13152.84,971.00
1173867,21.72,31.98,17612.06,970.00
1176867,21.73,31.96,20634.07,971.00
1179867,21.73,31.95,14906.44,970.00
1182867,21.73,31.92,13829.14,968.00
1185867,21.73,31.92,16740.07,983.00
1188867,21.73,31.95,20842.50,968.00
1191867,21.72,31.96,31482.67,969.00
1194867,21.73,31.96,18467.60,971.00
1197867,21.73,31.98,14045.96,970.00
1200867,21.73,32.02,24096.59,985.00
1203867,21.73,32.06,20414.07,970.00
1206867,21.73,32.05,13250.25,970.00
1209867,21.73,32.05,18554.88,971.00
1212867,21.73,32.06,13058.30,970.00
1215867,21.74,32.05,17161.45,970.00
1218867,21.74,32.03,14925.10,968.00
1221867,21.74,32.03,11543.83,969.00
1224867,21.75,32.02,17044.96,970.00
1227867,21.75,32.00,14627.71,968.00
1230867,21.75,32.00,13863.30,969.00
1233867,21.76,31.99,12058.67,968.00
1236867,21.76,32.02,13092.42,968.00
1239867,21.76,32.05,15617.47,968.00
1242867,21.76,32.07,11953.85,967.00
1245867,21.76,32.07,11766.54,967.00
1248867,21.76,32.07,11294.10,967.00
1251867,21.76,32.07,13926.92,966.00
1254867,21.77,32.08,10956.46,964.00
1257867,21.77,32.04,13276.94,963.00
1260867,21.77,32.00,12936.20,963.00
1263867,21.77,31.93,12421.28,962.00
1266867,21.77,31.89,12928.32,962.00
1269867,21.77,31.93,15838.67,950.00
1272867,21.77,31.87,14231.21,961.00
1275867,21.77,31.89,14390.01,959.00
1278867,21.77,31.90,16350.94,958.00
1281867,21.77,31.89,15768.07,953.00
1284867,21.77,31.89,16124.89,954.00
1287867,21.78,31.89,25625.32,951.00
1290867,21.77,31.94,31526.86,946.00
1293867,21.77,31.96,23923.41,941.00
1296867,21.77,31.98,18415.43,937.00
1299867,21.77,31.98,12394.22,927.00
1302867,21.77,31.95,20644.59,913.00
1305867,21.78,31.95,30041.89,911.00
1308867,21.78,31.94,23452.59,903.00
1311867,21.77,31.94,21683.13,899.00
1314867,21.78,31.94,48595.90,894.00
1317867,21.78,31.94,27586.18,889.00
1320867,21.78,31.95,24609.29,885.00
1323867,21.78,32.00,29097.80,879.00
1326867,21.78,31.99,12093.79,875.00
1329867,21.78,31.96,12415.71,871.00
1332867,21.78,31.90,14108.33,866.00
1335867,21.78,31.93,28596.72,862.00
1338867,21.78,31.95,32288.28,859.00
1341867,21.77,31.96,46597.30,855.00
1344867,21.77,31.99,45126.29,850.00
1347867,21.77,31.98,17682.70,847.00
1350867,21.77,32.00,23541.77,842.00
1353867,21.77,32.08,18390.47,835.00
1356867,21.76,32.11,19542.65,830.00
1359867,21.75,32.14,11308.73,825.00
1362867,21.75,32.21,14921.24,831.00
1365867,21.75,32.23,19926.79,808.00
1368867,21.76,32.22,23622.31,799.00
1371867,21.75,32.19,20232.97,792.00
1374867,21.75,32.13,17967.34,783.00
1377867,21.75,32.11,21340.63,774.00
1380867,21.75,32.11,29654.17,764.00
1383867,21.74,32.08,23740.29,747.00
1386867,21.74,32.08,22888.83,747.00
1389867,21.74,32.09,15864.52,739.00
1392867,21.74,32.12,17414.37,731.00
1395867,21.74,32.16,20229.05,723.00
1398867,21.74,32.14,22009.63,716.00
1401867,21.74,32.13,26642.18,707.00
1404867,21.74,32.12,29135.46,702.00
1407867,21.74,32.12,21248.44,696.00
1410867,21.73,32.13,15796.65,700.00
1413867,21.73,32.14,14028.40,682.00
1416867,21.73,32.17,19116.40,670.00
1419867,21.73,32.20,17861.46,670.00
1422867,21.72,32.22,14426.27,664.00
1425867,21.72,32.23,13584.80,658.00
1428867,21.72,32.23,12619.87,652.00
1431867,21.72,32.26,9791.93,644.00
1434867,21.72,32.28,14410.15,641.00
1437867,21.71,32.30,13563.52,633.00
1440867,21.71,32.31,13707.96,629.00
1443867,21.71,32.31,14364.63,623.00
1446867,21.71,32.32,18952.04,619.00
1449867,21.71,32.35,12912.13,615.00
1452867,21.72,32.36,21508.33,611.00
1455867,21.71,32.37,15804.03,606.00
1458867,21.71,32.40,14420.07,601.00
1461867,21.71,32.46,10317.99,597.00
1464867,21.71,32.47,11814.51,594.00
1467867,21.71,32.47,22692.54,590.00
1470867,21.71,32.46,20888.52,595.00
1473867,21.71,32.51,25389.49,581.00
1476867,21.71,32.51,18217.30,575.00
1479867,21.71,32.50,11626.64,570.00
1482867,21.71,32.50,17330.60,565.00
1485867,21.71,32.50,22748.12,561.00
1488867,21.71,32.47,13220.11,554.00
1491867,21.71,32.45,15684.50,550.00
1494867,21.71,32.43,16022.40,545.00
1497867,21.71,32.38,21881.67,540.00
1500867,21.71,32.37,15863.75,535.00
1503867,21.70,32.37,23176.34,532.00
1506867,21.70,32.43,9398.35,528.00
1509867,21.70,32.46,18939.25,525.00
1512867,21.70,32.46,12466.23,522.00
1515867,21.69,32.46,14808.56,520.00
1518867,21.69,32.46,21162.62,517.00
1521867,21.69,32.45,16223.88,514.00
1524867,21.69,32.45,14411.97,511.00
1527867,21.69,32.46,14939.25,509.00
1530867,21.69,32.47,11624.46,506.00
1533867,21.68,32.49,13461.76,505.00
1536867,21.68,32.44,13691.53,502.00
1539867,21.67,32.46,11860.81,501.00
1542867,21.67,32.48,15201.57,499.00
1545867,21.67,32.57,10885.51,497.00
1548867,21.67,32.55,19544.84,496.00
1551867,21.67,32.54,17965.52,494.00
1554867,21.67,32.53,15229.37,492.00
1557867,21.66,32.52,18902.69,490.00
1560867,21.67,32.52,16672.18,488.00
1563867,21.67,32.49,14918.89,487.00
1566867,21.66,32.47,18292.71,486.00
1569867,21.66,32.47,22651.66,494.00
1572867,21.66,32.48,20559.49,483.00
1575867,21.66,32.48,20048.55,481.00
1578867,21.66,32.50,15272.92,481.00
1581867,21.65,32.55,27095.52,481.00
1584867,21.65,32.58,20500.98,481.00
1587867,21.65,32.61,33145.27,480.00
1590867,21.65,32.67,20374.88,480.00
1593867,21.64,32.72,16822.38,480.00
1596867,21.64,32.72,11912.76,479.00
1599867,21.64,32.71,21238.43,479.00
1602867,21.63,32.68,27186.62,478.00
1605867,21.63,32.68,28644.38,478.00
1608867,21.62,32.68,27891.72,477.00
1611867,21.62,32.70,29626.90,475.00
1614867,21.62,32.72,22875.62,475.00
1617867,21.62,32.73,19568.39,476.00
1620867,21.61,32.73,20417.32,475.00
1623867,21.61,32.77,13949.85,475.00
1626867,21.60,32.78,25728.10,475.00
1629867,21.60,32.78,19840.35,476.00
1632867,21.60,32.77,20771.92,476.00
1635867,21.60,32.77,19792.30,477.00
1638867,21.60,32.78,28131.01,478.00
1641867,21.60,32.79,27313.02,478.00
1644867,21.59,32.79,13196.42,479.00
1647867,21.59,32.80,17923.23,481.00
1650867,21.58,32.84,12591.43,482.00
1653867,21.58,32.86,11485.61,481.00
1656867,21.57,32.90,11425.88,483.00
1659867,21.58,32.90,13989.92,482.00
1662867,21.58,32.89,16037.77,483.00
1665867,21.57,32.86,38767.59,482.00
1668867,21.57,32.85,12991.76,482.00
1671867,21.57,32.84,15025.37,483.00
1674867,21.56,32.84,15713.48,482.00
1677867,21.57,32.83,13928.07,482.00
1680867,21.56,32.84,13831.52,480.00
1683867,21.56,32.84,14225.76,479.00
1686867,21.56,32.86,23110.66,480.00
1689867,21.56,32.87,16109.11,481.00
1692867,21.56,32.92,12875.07,480.00
1695867,21.56,32.97,16162.46,480.00
1698867,21.56,32.98,12759.46,481.00
1701867,21.56,32.94,10336.36,481.00
1704867,21.56,32.81,9487.34,482.00
1707867,21.56,32.76,14665.37,482.00
1710867,21.56,32.74,11161.78,483.00
1713867,21.56,32.68,10159.00,480.00
1716867,21.56,32.65,13998.56,479.00
1719867,21.56,32.59,12231.77,479.00
1722867,21.56,32.58,16483.03,479.00
1725867,21.56,32.61,11657.04,479.00
1728867,21.55,32.62,14800.74,478.00
1731867,21.55,32.64,13476.68,479.00
1734867,21.55,32.70,16243.95,484.00
1737867,21.54,32.78,16201.72,479.00
1740867,21.54,32.81,16210.54,483.00
1743867,21.54,32.85,14639.19,484.00
1746867,21.54,32.91,15461.42,486.00
1749867,21.54,32.92,15096.26,488.00
1752867,21.54,32.92,12401.69,491.00
1755867,21.55,32.92,17977.44,493.00
1758867,21.54,32.92,10723.52,494.00
1761867,21.55,32.90,11614.86,497.00
1764867,21.55,32.90,14229.97,499.00
1767867,21.54,32.92,11627.43,501.00
1770867,21.55,32.93,16834.88,502.00
1773867,21.54,32.92,10166.58,503.00
1776867,21.54,32.90,12436.75,505.00
1779867,21.54,32.90,12241.75,503.00
1782867,21.54,32.87,11313.07,506.00
1785867,21.54,32.88,11680.76,507.00
1788867,21.54,32.88,9358.46,508.00
1791867,21.54,32.86,11462.00,509.00
1794867,21.54,32.79,13993.97,510.00
1797867,21.55,32.73,12754.63,509.00
1800867,21.54,32.74,12190.96,512.00
1803867,21.55,32.73,14112.58,513.00
1806867,21.55,32.74,12366.45,513.00
1809867,21.55,32.74,13828.04,514.00
1812867,21.56,32.74,13235.48,515.00
1815867,21.56,32.74,11110.31,515.00
1818867,21.56,32.71,13802.54,519.00
1821867,21.56,32.70,11688.11,520.00
1824867,21.57,32.69,12753.45,521.00
1827867,21.57,32.66,15591.37,524.00
1830867,21.58,32.64,21871.99,533.00
1833867,21.57,32.61,24632.74,527.00
1836867,21.58,32.55,17999.55,530.00
1839867,21.58,32.52,12855.48,533.00
1842867,21.59,32.52,13503.01,534.00
1845867,21.58,32.53,16978.79,539.00
1848867,21.58,32.55,13119.51,541.00
1851867,21.58,32.55,10222.88,544.00
1854867,21.58,32.56,10732.94,548.00
1857867,21.57,32.55,21530.38,552.00
1860867,21.57,32.52,12139.37,554.00
1863867,21.57,32.52,17054.21,557.00
1866867,21.57,32.51,15717.04,558.00
1869867,21.56,32.51,13159.70,562.00
1872867,21.57,32.45,11564.32,563.00
1875867,21.57,32.39,14043.81,564.00
1878867,21.57,32.39,17167.89,564.00
1881867,21.57,32.39,16995.13,565.00
1884867,21.57,32.39,14823.19,565.00
1887867,21.58,32.39,14253.16,567.00
1890867,21.58,32.40,15754.23,569.00
1893867,21.57,32.39,13246.18,569.00
1896867,21.58,32.41,12632.39,570.00
1899867,21.58,32.41,13038.25,569.00
1902867,21.59,32.39,15953.01,570.00
1905867,21.59,32.39,18553.18,569.00
1908867,21.59,32.40,14978.74,570.00
1911867,21.59,32.39,11824.25,570.00
1914867,21.60,32.39,12310.80,569.00
1917867,21.59,32.40,18130.54,570.00
1920867,21.60,32.41,15655.82,569.00
1923867,21.60,32.40,10191.67,569.00
1926867,21.60,32.37,10164.58,568.00
1929867,21.60,32.35,11637.36,565.00
1932867,21.60,32.33,9963.46,564.00
1935867,21.60,32.30,15016.65,562.00
1938867,21.60,32.30,14188.10,560.00
1941867,21.61,32.30,13734.94,569.00
1944867,21.61,32.30,12653.81,554.00
1947867,21.60,32.30,13549.88,552.00
1950867,21.61,32.31,12745.49,549.00
1953867,21.60,32.29,10268.69,547.00
1956867,21.61,32.32,11423.69,544.00
1959867,21.61,32.33,9013.76,544.00
1962867,21.61,32.31,10958.80,542.00
1965867,21.61,32.32,9646.01,541.00
1968867,21.61,32.33,11990.20,539.00
1971867,21.61,32.33,15989.10,539.00
1974867,21.61,32.32,10198.26,538.00
1977867,21.61,32.32,15740.87,537.00
1980867,21.62,32.34,22565.36,547.00
1983867,21.61,32.34,14760.37,535.00
1986867,21.62,32.35,17601.92,538.00
1989867,21.61,32.35,15620.57,537.00
1992867,21.60,32.35,16045.67,537.00
1995867,21.60,32.35,25845.63,537.00
1998867,21.60,32.35,21000.11,537.00
2001867,21.60,32.35,14113.85,538.00
2004867,21.60,32.35,9920.43,540.00
2007867,21.60,32.37,10550.18,542.00
2010867,21.59,32.37,15175.23,543.00
2013867,21.60,32.37,21318.83,545.00
2016867,21.59,32.34,14847.83,548.00
2019867,21.59,32.35,20068.78,555.00
2022867,21.59,32.36,21749.04,554.00
2025867,21.59,32.41,13758.14,558.00
2028867,21.59,32.46,23850.56,560.00
2031867,21.59,32.46,18334.23,562.00
2034867,21.59,32.49,15293.64,565.00
2037867,21.59,32.49,10918.96,568.00
2040867,21.59,32.49,13108.21,571.00
2043867,21.59,32.50,17285.44,575.00
2046867,21.59,32.50,20584.20,577.00
2049867,21.59,32.50,19753.28,582.00
2052867,21.60,32.49,14214.37,585.00
2055867,21.60,32.47,10893.48,591.00
2058867,21.60,32.46,18010.42,594.00
2061867,21.60,32.43,10344.43,601.00
2064867,21.61,32.40,16607.93,606.00
2067867,21.61,32.43,18626.96,612.00
2070867,21.61,32.43,14881.32,618.00
2073867,21.61,32.44,11352.05,625.00
2076867,21.61,32.45,17775.09,631.00
2079867,21.62,32.44,16119.85,638.00
2082867,21.61,32.43,16990.94,643.00
2085867,21.61,32.44,14659.72,649.00
2088867,21.61,32.48,13511.57,657.00
2091867,21.61,32.49,16716.79,664.00
2094867,21.61,32.51,11435.93,671.00
2097867,21.61,32.51,16530.83,678.00
2100867,21.61,32.52,12482.48,685.00
2103867,21.60,32.52,14733.49,693.00
2106867,21.60,32.52,15929.07,702.00
2109867,21.60,32.54,16093.75,712.00
2112867,21.60,32.58,12593.10,719.00
2115867,21.61,32.60,14682.57,728.00
2118867,21.60,32.60,10508.85,736.00
2121867,21.61,32.58,14497.78,744.00
2124867,21.61,32.58,13826.48,753.00
2127867,21.61,32.57,13873.47,762.00
2130867,21.61,32.55,13776.23,771.00
2133867,21.61,32.52,14047.52,781.00
2136867,21.62,32.51,17210.66,790.00
2139867,21.61,32.52,16589.97,800.00
2142867,21.62,32.54,12557.07,811.00
2145867,21.62,32.57,12780.16,821.00
2148867,21.62,32.59,24576.88,830.00
2151867,21.62,32.62,15000.06,841.00
2154867,21.62,32.62,15109.08,850.00
2157867,21.63,32.62,12613.44,860.00
2160867,21.62,32.62,20718.35,869.00
2163867,21.62,32.62,14915.11,877.00
2166867,21.62,32.63,12314.54,886.00
2169867,21.62,32.61,22034.42,895.00
2172867,21.62,32.54,20469.28,902.00
2175867,21.62,32.53,23010.47,911.00
2178867,21.62,32.54,15355.72,917.00
2181867,21.63,32.54,13588.34,924.00
2184867,21.63,32.50,14910.82,931.00
2187867,21.64,32.50,10459.12,936.00
2190867,21.65,32.50,11562.04,941.00
2193867,21.65,32.54,16869.47,946.00
2196867,21.65,32.55,19316.10,949.00
2199867,21.66,32.55,20593.92,954.00
2202867,21.66,32.56,20555.33,957.00
2205867,21.65,32.60,16278.09,970.00
2208867,21.66,32.60,15004.53,961.00
2211867,21.66,32.61,11630.00,962.00
2214867,21.66,32.61,17187.42,964.00
2217867,21.66,32.63,17887.07,963.00
2220867,21.66,32.64,20373.16,964.00
2223867,21.67,32.64,23730.65,965.00
2226867,21.67,32.65,15295.35,967.00
2229867,21.68,32.65,18541.91,967.00
2232867,21.68,32.64,8783.86,969.00
2235867,21.68,32.62,10939.38,969.00
2238867,21.69,32.60,18927.03,969.00
2241867,21.69,32.59,12923.99,963.00
2244867,21.69,32.60,18854.41,968.00
2247867,21.70,32.60,19084.46,969.00
2250867,21.70,32.65,15214.04,969.00
2253867,21.71,32.74,16476.11,970.00
2256867,21.71,32.80,13270.15,969.00
2259867,21.71,32.84,10730.52,972.00
2262867,21.72,32.84,9789.29,964.00
2265867,21.72,32.81,9158.63,971.00
2268867,21.72,32.78,10773.86,971.00
2271867,21.72,32.71,11971.54,971.00
2274867,21.72,32.66,15450.75,972.00
2277867,21.73,32.62,10717.66,980.00
2280867,21.74,32.61,10806.66,963.00
2283867,21.73,32.62,14060.76,971.00
2286867,21.74,32.63,14701.00,971.00
2289867,21.75,32.64,13073.76,971.00
2292867,21.75,32.67,10939.14,973.00
2295867,21.75,32.68,10479.16,973.00
2298867,21.76,32.69,22167.03,973.00
2301867,21.75,32.72,23106.54,974.00
2304867,21.76,32.74,12012.35,975.00
2307867,21.76,32.77,14281.41,973.00
2310867,21.76,32.75,11745.33,975.00
2313867,21.76,32.74,13065.49,972.00
2316867,21.76,32.75,11067.72,973.00
2319867,21.76,32.77,9106.11,973.00
2322867,21.76,32.69,9225.91,973.00
2325867,21.77,32.65,10296.27,984.00
2328867,21.77,32.61,10144.10,974.00
2331867,21.78,32.60,14051.18,974.00
2334867,21.78,32.60,10381.94,974.00
2337867,21.79,32.57,9326.27,975.00
2340867,21.79,32.59,12100.66,974.00
2343867,21.80,32.59,10273.02,974.00
2346867,21.80,32.58,10057.19,975.00
2349867,21.81,32.56,10208.26,972.00
2352867,21.81,32.56,9989.57,972.00
2355867,21.82,32.55,16312.87,972.00
2358867,21.82,32.50,9872.26,973.00
2361867,21.82,32.50,11844.56,973.00
2364867,21.83,32.43,9616.37,973.00
2367867,21.83,32.39,10745.55,973.00
2370867,21.84,32.38,9079.95,975.00
2373867,21.84,32.38,9337.17,973.00
2376867,21.84,32.33,9558.32,974.00
2379867,21.85,32.29,10238.43,974.00
2382867,21.85,32.29,9962.90,972.00
2385867,21.85,32.25,8753.37,972.00
2388867,21.86,32.25,12302.76,972.00
2391867,21.86,32.25,13004.56,972.00
2394867,21.87,32.23,11184.83,973.00
2397867,21.87,32.21,12320.67,973.00
2400867,21.87,32.20,9751.73,973.00
2403867,21.87,32.20,11486.39,982.00
2406867,21.87,32.19,9954.35,972.00
2409867,21.88,32.19,11488.83,972.00
2412867,21.88,32.18,17196.67,972.00
2415867,21.88,32.15,10001.51,972.00
2418867,21.88,32.17,12058.33,971.00
2421867,21.89,32.18,11596.50,970.00
2424867,21.89,32.17,12022.64,969.00
2427867,21.89,32.17,11270.66,970.00
2430867,21.89,32.14,10342.48,969.00
2433867,21.89,32.12,13617.19,970.00
2436867,21.89,32.13,11106.77,969.00
2439867,21.89,32.11,14716.24,971.00
2442867,21.89,32.12,10804.02,985.00
2445867,21.90,32.13,10533.50,970.00
2448867,21.90,32.14,10581.99,970.00
2451867,21.89,32.12,10709.19,969.00
2454867,21.90,32.12,10747.55,969.00
2457867,21.90,32.12,11655.75,968.00
2460867,21.90,32.12,16406.52,966.00
2463867,21.91,32.11,9739.26,967.00
2466867,21.90,32.11,8284.14,966.00
2469867,21.90,32.08,9583.79,966.00
2472867,21.91,32.06,9143.96,983.00
2475867,21.91,32.07,9135.74,966.00
2478867,21.91,32.02,8898.98,982.00
2481867,21.91,32.01,9892.54,965.00
2484867,21.91,32.00,10030.98,964.00
2487867,21.92,31.99,9582.02,977.00
2490867,21.92,31.97,10263.53,964.00
2493867,21.92,31.97,12537.73,962.00
2496867,21.92,31.97,13215.22,951.00
2499867,21.92,31.99,12902.36,961.00
2502867,21.92,31.97,10399.96,959.00
2505867,21.92,32.00,9416.37,974.00
2508867,21.91,32.00,8746.44,956.00
2511867,21.91,32.02,9855.50,955.00
2514867,21.91,32.11,13243.91,954.00
2517867,21.91,32.09,10356.02,954.00
2520867,21.91,32.08,8926.19,953.00
2523867,21.90,32.07,8341.56,951.00
2526867,21.90,32.07,9452.67,949.00
2529867,21.91,32.07,10225.74,946.00
2532867,21.91,32.08,11515.50,945.00
2535867,21.91,32.09,13965.41,933.00
2538867,21.91,32.09,11125.18,940.00
2541867,21.91,32.09,9100.72,936.00
2544867,21.91,32.07,9912.65,933.00
2547867,21.91,32.09,12070.86,930.00
2550867,21.91,32.11,9448.01,927.00
2553867,21.91,32.13,8911.07,925.00
2556867,21.91,32.16,9925.15,922.00
2559867,21.91,32.18,8419.98,920.00
2562867,21.90,32.18,10197.64,917.00
2565867,21.90,32.17,8690.11,930.00
2568867,21.90,32.18,12824.61,916.00
2571867,21.90,32.19,11238.80,912.00
2574867,21.90,32.19,11468.38,909.00
2577867,21.89,32.20,10953.51,901.00
2580867,21.89,32.23,11132.08,907.00
2583867,21.89,32.24,10619.42,906.00
2586867,21.89,32.26,11338.24,904.00
2589867,21.89,32.28,11551.82,902.00
2592867,21.89,32.28,9981.46,914.00
2595867,21.89,32.29,10355.55,900.00
2598867,21.89,32.28,9385.77,901.00
2601867,21.89,32.26,12838.21,893.00
2604867,21.89,32.26,9917.34,901.00
2607867,21.89,32.26,10446.99,898.00
2610867,21.90,32.25,10564.02,897.00
2613867,21.89,32.25,11116.86,896.00
2616867,21.90,32.26,12345.11,896.00
2619867,21.90,32.25,11394.64,896.00
2622867,21.90,32.24,9673.59,895.00
2625867,21.90,32.24,10879.78,895.00
2628867,21.90,32.23,8717.79,896.00
2631867,21.90,32.23,9646.82,896.00
2634867,21.90,32.23,11694.54,897.00
2637867,21.90,32.24,9434.31,899.00
2640867,21.90,32.25,11544.29,900.00
2643867,21.91,32.29,8588.24,901.00
2646867,21.91,32.31,9479.97,902.00
2649867,21.91,32.31,10828.77,918.00
2652867,21.91,32.30,8760.99,905.00
2655867,21.91,32.28,9545.75,906.00
2658867,21.91,32.28,8357.47,907.00
2661867,21.91,32.27,8828.38,909.00
2664867,21.91,32.31,8223.06,910.00
2667867,21.91,32.34,8672.50,912.00
2670867,21.91,32.38,9730.57,914.00
2673867,21.91,32.39,10466.17,916.00
2676867,21.91,32.39,10623.75,919.00
2679867,21.91,32.39,10133.09,921.00
2682867,21.92,32.38,9544.45,924.00
2685867,21.92,32.36,8802.51,927.00
2688867,21.92,32.36,8840.73,930.00
2691867,21.92,32.36,8104.27,932.00
2694867,21.91,32.36,9619.29,935.00
2697867,21.91,32.36,8954.03,938.00
2700867,21.91,32.36,11180.87,941.00
2703867,21.91,32.39,9812.66,944.00
2706867,21.91,32.38,10567.56,946.00
2709867,21.91,32.38,9098.71,948.00
2712867,21.91,32.36,9432.98,950.00
2715867,21.91,32.34,14184.02,951.00
2718867,21.91,32.34,9167.03,952.00
2721867,21.92,32.34,9012.88,952.00
2724867,21.92,32.35,9306.99,953.00
2727867,21.92,32.35,10610.98,954.00
2730867,21.93,32.35,8950.76,953.00
2733867,21.92,32.33,9651.06,943.00
2736867,21.93,32.34,9888.24,954.00
2739867,21.93,32.33,12452.11,956.00
2742867,21.94,32.34,10764.68,957.00
2745867,21.93,32.34,11138.14,958.00
2748867,21.94,32.34,10398.79,959.00
2751867,21.94,32.37,11716.79,959.00
2754867,21.95,32.38,9136.29,959.00
2757867,21.94,32.39,10524.08,978.00
2760867,21.94,32.39,15943.08,961.00
2763867,21.94,32.40,17067.76,960.00
2766867,21.94,32.41,11372.06,961.00
2769867,21.94,32.43,10907.62,960.00
2772867,21.94,32.44,12030.09,960.00
2775867,21.94,32.46,13829.34,959.00
2778867,21.94,32.48,12901.71,960.00
2781867,21.95,32.49,11320.47,963.00
2784867,21.95,32.48,12948.99,963.00
2787867,21.96,32.45,12187.70,963.00
2790867,21.96,32.46,11609.65,963.00
2793867,21.97,32.48,12139.90,957.00
2796867,21.97,32.45,10182.77,964.00
2799867,21.97,32.44,10338.96,964.00
2802867,21.97,32.42,15154.92,964.00
2805867,21.98,32.42,11647.47,966.00
2808867,21.97,32.42,13265.57,964.00
2811867,21.98,32.43,10722.91,964.00
2814867,21.98,32.45,11568.77,965.00
2817867,21.99,32.47,10512.54,966.00
2820867,21.99,32.54,10405.99,968.00
2823867,21.99,32.55,11231.81,967.00
2826867,21.99,32.52,13689.46,966.00
2829867,22.00,32.47,13307.45,967.00
2832867,22.00,32.42,14576.65,967.00
2835867,22.00,32.38,14481.24,967.00
2838867,22.00,32.37,10376.04,967.00
2841867,22.01,32.33,13307.29,967.00
2844867,22.01,32.32,14322.23,967.00
2847867,22.01,32.32,12139.34,967.00
2850867,22.02,32.35,10470.90,967.00
2853867,22.02,32.37,14696.34,966.00
2856867,22.02,32.40,10931.47,965.00
2859867,22.03,32.41,14627.07,966.00
2862867,22.03,32.41,14578.64,967.00
2865867,22.03,32.42,12822.31,967.00
2868867,22.04,32.42,13726.45,968.00
2871867,22.03,32.41,13453.27,967.00
2874867,22.04,32.42,14216.68,968.00
2877867,22.05,32.40,12370.50,968.00
2880867,22.04,32.39,12714.14,983.00
2883867,22.05,32.40,14014.22,967.00
2886867,22.05,32.39,13579.69,966.00
2889867,22.06,32.34,11971.44,966.00
2892867,22.06,32.33,12781.04,967.00
2895867,22.06,32.33,12096.21,967.00
2898867,22.07,32.30,11436.29,967.00
2901867,22.06,32.29,18702.31,967.00
2904867,22.07,32.28,16872.85,968.00
2907867,22.07,32.28,17878.61,967.00
2910867,22.07,32.29,12146.11,967.00
2913867,22.07,32.30,18998.27,968.00
2916867,22.07,32.31,31213.88,968.00
2919867,22.07,32.34,30869.54,967.00
2922867,22.08,32.35,16409.93,967.00
2925867,22.08,32.36,23380.49,966.00
2928867,22.08,32.36,22598.99,966.00
2931867,22.08,32.35,21282.87,966.00
2934867,22.08,32.34,21325.81,966.00
2937867,22.09,32.35,31753.98,967.00
2940867,22.09,32.41,22098.00,967.00
2943867,22.09,32.45,41735.61,967.00
2946867,22.09,32.44,14986.29,968.00
2949867,22.09,32.38,19644.44,968.00
2952867,22.09,32.34,18967.05,967.00
2955867,22.09,32.33,25990.44,968.00
2958867,22.09,32.32,23487.83,965.00
2961867,22.10,32.32,18852.20,966.00
2964867,22.09,32.34,27051.29,965.00
2967867,22.09,32.36,20218.20,966.00
2970867,22.10,32.39,20815.94,967.00
2973867,22.09,32.40,16910.73,968.00
2976867,22.10,32.33,17355.51,968.00
2979867,22.10,32.30,21721.10,969.00
2982867,22.10,32.30,22613.97,968.00
2985867,22.10,32.28,13738.81,967.00
2988867,22.11,32.28,14467.49,967.00
2991867,22.10,32.28,18042.35,967.00
2994867,22.11,32.26,14503.98,967.00
2997867,22.11,32.26,13408.15,967.00
3000867,22.11,32.23,16748.94,966.00
3003867,22.11,32.22,17380.19,965.00
3006867,22.11,32.20,15093.17,966.00
3009867,22.11,32.18,16008.42,965.00
3012867,22.10,32.19,10857.51,967.00
3015867,22.11,32.21,8832.19,967.00
3018867,22.11,32.22,12382.40,967.00
3021867,22.11,32.20,13858.06,967.00
3024867,22.11,32.22,10303.98,967.00
3027867,22.11,32.21,12801.04,967.00
3030867,22.11,32.16,11474.67,968.00
3033867,22.11,32.12,13135.12,984.00
3036867,22.11,32.12,19717.88,968.00
3039867,22.11,32.12,22034.79,966.00
3042867,22.11,32.13,22261.93,959.00
3045867,22.12,32.16,19421.42,966.00
3048867,22.12,32.15,33771.30,967.00
3051867,22.12,32.11,16836.07,969.00
3054867,22.12,32.12,17739.03,967.00
3057867,22.12,32.11,21796.85,968.00
3060867,22.12,32.11,12492.97,968.00
3063867,22.13,32.10,13544.95,968.00
3066867,22.12,32.10,15051.75,966.00
3069867,22.12,32.10,15194.36,967.00
3072867,22.12,32.10,21207.24,967.00
3075867,22.12,32.10,21530.70,966.00
3078867,22.12,32.11,19038.88,964.00
3081867,22.12,32.11,20472.30,965.00
3084867,22.12,32.12,20355.15,964.00
3087867,22.12,32.15,18271.44,964.00
3090867,22.12,32.16,23904.28,964.00
3093867,22.12,32.15,20776.90,965.00
3096867,22.11,32.15,24726.71,964.00
3099867,22.11,32.13,22406.96,964.00
3102867,22.10,32.11,20962.81,964.00
3105867,22.10,32.11,20863.47,964.00
3108867,22.10,32.08,21237.92,964.00
3111867,22.09,32.07,23853.44,964.00
3114867,22.09,32.06,21849.53,964.00
3117867,22.09,32.07,21596.82,962.00
3120867,22.09,32.07,22565.33,962.00
3123867,22.09,32.07,20747.31,962.00
3126867,22.09,32.02,23617.23,962.00
3129867,22.09,31.99,18024.56,962.00
3132867,22.09,31.99,18056.14,963.00
3135867,22.09,31.99,21874.05,962.00
3138867,22.09,32.00,17770.97,962.00
3141867,22.09,32.02,14631.13,962.00
3144867,22.08,32.02,17673.40,961.00
3147867,22.08,31.97,34381.97,960.00
3150867,22.08,31.92,23050.01,960.00
3153867,22.08,31.90,19865.21,959.00
3156867,22.08,31.91,30611.70,958.00
3159867,22.08,31.92,18830.10,955.00
3162867,22.08,31.99,15130.07,954.00
3165867,22.08,32.02,14033.87,953.00
3168867,22.08,32.05,19096.62,950.00
3171867,22.08,32.08,17542.11,949.00
3174867,22.08,32.08,11378.92,946.00
3177867,22.07,32.08,15524.32,943.00
3180867,22.07,32.09,19597.33,940.00
3183867,22.08,32.08,13874.88,934.00
3186867,22.08,32.08,10858.83,930.00
3189867,22.08,32.07,14553.50,915.00
3192867,22.08,32.07,15041.26,919.00
3195867,22.08,32.07,12520.05,904.00
3198867,22.08,32.05,12349.67,907.00
3201867,22.07,32.03,13626.37,900.00
3204867,22.08,32.05,19274.46,894.00
3207867,22.08,32.02,16054.89,891.00
3210867,22.07,32.02,15659.43,882.00
3213867,22.07,32.01,19467.38,877.00
3216867,22.07,32.00,15486.42,870.00
3219867,22.07,31.96,19702.27,864.00
3222867,22.07,31.97,20087.94,859.00
3225867,22.07,32.00,16392.42,854.00
3228867,22.07,31.98,26914.36,849.00
3231867,22.07,31.98,19646.06,843.00
3234867,22.07,31.98,14341.23,839.00
3237867,22.07,31.98,19432.49,837.00
3240867,22.07,31.98,11545.88,830.00
3243867,22.07,31.96,16022.49,826.00
3246867,22.06,31.98,15174.02,837.00
3249867,22.06,32.02,21933.44,818.00
3252867,22.06,32.01,25794.04,813.00
3255867,22.06,32.01,17068.82,810.00
3258867,22.06,32.01,19931.56,804.00
3261867,22.06,32.01,16172.47,800.00
3264867,22.06,32.03,15241.08,795.00
3267867,22.05,32.03,18522.56,792.00
3270867,22.06,32.04,17588.98,789.00
3273867,22.06,32.01,15511.42,785.00
3276867,22.05,32.01,16338.74,780.00
3279867,22.06,32.02,15407.35,777.00
3282867,22.05,32.02,18807.66,774.00
3285867,22.04,32.02,13635.87,771.00
3288867,22.04,32.04,15782.39,767.00
3291867,22.04,32.07,17574.72,763.00
3294867,22.03,32.12,13238.15,761.00
3297867,22.03,32.19,17676.45,758.00
3300867,22.03,32.23,22938.49,751.00
3303867,22.03,32.25,16616.93,749.00
3306867,22.03,32.27,15433.95,746.00
3309867,22.03,32.29,14339.42,743.00
3312867,22.02,32.27,22414.97,741.00
3315867,22.02,32.22,19132.78,738.00
3318867,22.03,32.23,18482.71,736.00
3321867,22.02,32.22,17771.22,733.00
3324867,22.02,32.25,14051.12,731.00
3327867,22.02,32.27,13196.31,728.00
3330867,22.02,32.31,19938.82,722.00
3333867,22.02,32.32,16694.28,715.00
3336867,22.02,32.32,11185.35,720.00
3339867,22.03,32.32,11453.97,719.00
3342867,22.02,32.32,16664.97,717.00
3345867,22.01,32.27,11909.29,715.00
3348867,22.02,32.21,16761.17,713.00
3351867,22.02,32.20,14857.26,712.00
3354867,22.02,32.20,13420.00,709.00
3357867,22.02,32.20,12164.08,706.00
3360867,22.01,32.21,10487.91,704.00
3363867,22.01,32.22,16452.99,703.00
3366867,22.01,32.25,25598.03,701.00
3369867,22.01,32.25,11072.72,701.00
3372867,22.01,32.21,15314.51,700.00
3375867,22.01,32.20,20814.67,697.00
3378867,22.02,32.22,17802.37,700.00
3381867,22.02,32.21,13881.90,701.00
3384867,22.01,32.22,19682.67,703.00
3387867,22.01,32.22,18402.51,705.00
3390867,22.02,32.24,18367.27,705.00
3393867,22.02,32.25,18977.24,709.00
3396867,22.01,32.25,18974.38,709.00
3399867,22.01,32.25,16343.62,710.00
3402867,22.01,32.25,15529.08,725.00
3405867,22.01,32.26,16900.77,714.00
3408867,22.00,32.27,17088.61,717.00
3411867,22.01,32.31,17923.80,718.00
3414867,22.00,32.29,19744.22,722.00
3417867,22.00,32.26,13820.51,724.00
3420867,22.00,32.27,15467.75,726.00
3423867,22.01,32.29,18992.50,728.00
3426867,22.00,32.27,17455.92,722.00
3429867,22.01,32.26,16928.60,734.00
3432867,22.00,32.27,14574.68,738.00
3435867,22.00,32.27,12909.15,741.00
3438867,22.00,32.25,21116.43,744.00
3441867,22.00,32.25,20147.38,747.00
3444867,22.00,32.25,15707.63,751.00
3447867,22.00,32.24,16112.85,754.00
3450867,22.00,32.21,13856.58,758.00
3453867,22.00,32.20,10897.07,760.00
3456867,22.00,32.20,14506.03,764.00
3459867,22.00,32.19,13659.75,767.00
3462867,22.00,32.22,15739.91,770.00
3465867,22.00,32.24,17344.22,773.00
3468867,22.00,32.24,21265.51,777.00
3471867,22.00,32.24,14539.68,782.00
3474867,21.99,32.26,17874.05,780.00
3477867,22.00,32.27,16828.60,790.00
3480867,21.99,32.26,22578.05,794.00
3483867,22.00,32.27,14701.30,798.00
3486867,21.99,32.25,23769.07,803.00
3489867,22.00,32.24,14569.50,807.00
3492867,21.99,32.24,13211.19,811.00
3495867,21.99,32.24,15314.88,816.00
3498867,21.99,32.22,11355.15,818.00
3501867,22.00,32.20,11088.05,825.00
3504867,21.99,32.20,10638.05,832.00
3507867,21.99,32.19,12022.52,839.00
3510867,21.99,32.19,12738.74,861.00
3513867,21.99,32.19,12739.97,853.00
3516867,22.00,32.17,13713.49,852.00
3519867,21.99,32.13,11861.59,868.00
3522867,21.99,32.10,12273.25,874.00
3525867,21.99,32.10,12143.57,875.00
3528867,21.99,32.13,10373.40,887.00
3531867,22.00,32.15,14019.13,892.00
3534867,21.99,32.16,15193.42,897.00
3537867,22.00,32.17,18759.21,904.00
3540867,22.00,32.11,14878.22,910.00
3543867,22.00,32.13,12935.64,914.00
3546867,22.00,32.15,19262.40,922.00
3549867,21.99,32.20,21357.74,928.00
3552867,22.00,32.24,13882.87,934.00
3555867,22.00,32.24,17541.13,939.00
3558867,22.00,32.20,12327.36,944.00
3561867,22.00,32.20,13979.87,936.00
3564867,22.00,32.19,21982.71,948.00
3567867,22.00,32.16,17552.09,950.00
3570867,22.01,32.16,16849.52,951.00
3573867,22.01,32.18,16692.89,951.00
3576867,22.01,32.18,25915.96,957.00
3579867,22.01,32.19,18508.48,952.00
3582867,22.01,32.17,18932.64,953.00
3585867,22.01,32.17,16775.41,953.00
3588867,22.01,32.16,14738.04,955.00
3591867,22.01,32.16,12616.47,954.00
3594867,22.01,32.16,11990.98,958.00
3597867,22.02,32.18,9733.64,959.00
3600867,22.02,32.18,10597.32,960.00
3603867,22.02,32.18,12205.92,961.00
3606867,22.02,32.16,20331.86,963.00
3609867,22.02,32.15,11347.52,962.00
3612867,22.03,32.15,13376.03,963.00
3615867,22.02,32.08,9813.32,961.00
3618867,22.02,32.07,9112.01,962.00
3621867,22.04,32.03,12053.18,963.00
3624867,22.03,31.98,11069.29,964.00
3627867,22.04,31.95,9940.29,966.00
3630867,22.04,31.97,10246.54,966.00
3633867,22.04,31.89,10599.28,966.00
3636867,22.05,31.86,10919.71,967.00
3639867,22.05,31.87,13710.78,967.00
3642867,22.05,31.89,9470.96,968.00
3645867,22.05,31.86,11239.32,969.00
3648867,22.05,31.84,10291.73,966.00
3651867,22.06,31.81,19383.46,966.00
3654867,22.06,31.83,11979.84,966.00
3657867,22.06,31.81,10726.96,967.00
3660867,22.06,31.81,10376.04,968.00
3663867,22.06,31.75,10656.66,967.00
3666867,22.06,31.79,10656.75,968.00
3669867,22.07,31.80,11855.77,968.00
3672867,22.07,31.74,9453.16,968.00
3675867,22.07,31.73,9149.96,968.00
3678867,22.07,31.70,9376.49,969.00
3681867,22.07,31.71,10350.74,969.00
3684867,22.08,31.69,11836.78,968.00
3687867,22.08,31.68,9857.23,968.00
3690867,22.08,31.71,10644.37,969.00
3693867,22.08,31.71,11807.68,967.00
3696867,22.09,31.69,11581.59,970.00
3699867,22.09,31.71,10740.76,970.00
3702867,22.09,31.72,10833.11,970.00
3705867,22.09,31.74,10041.01,970.00
3708867,22.09,31.75,9408.42,970.00
3711867,22.09,31.72,12437.19,970.00
3714867,22.09,31.71,10183.62,970.00
3717867,22.09,31.68,12630.14,970.00
3720867,22.09,31.69,10435.50,969.00
3723867,22.10,31.72,10494.57,968.00
3726867,22.10,31.73,12799.49,968.00
3729867,22.11,31.68,11171.58,971.00
3732867,22.10,31.68,10756.19,969.00
3735867,22.11,31.67,9890.10,968.00
3738867,22.10,31.61,9634.87,969.00
3741867,22.11,31.61,12576.30,968.00
3744867,22.11,31.60,10790.29,968.00
3747867,22.12,31.58,11865.94,969.00
3750867,22.11,31.55,13297.84,969.00
3753867,22.12,31.58,18211.01,967.00
3756867,22.12,31.60,19099.10,967.00
3759867,22.11,31.58,13482.46,968.00
3762867,22.12,31.57,24048.36,968.00
3765867,22.12,31.52,17299.66,963.00
3768867,22.12,31.51,18167.12,970.00
3771867,22.12,31.45,21448.88,971.00
3774867,22.12,31.45,15655.83,972.00
3777867,22.12,31.45,18093.17,972.00
3780867,22.12,31.46,24507.68,971.00
3783867,22.12,31.45,21680.43,970.00
3786867,22.13,31.45,16580.65,971.00
3789867,22.13,31.46,14695.58,973.00
3792867,22.13,31.46,17243.02,973.00
3795867,22.13,31.44,16067.33,973.00
3798867,22.13,31.45,17314.56,975.00
3801867,22.13,31.45,13635.32,975.00
3804867,22.13,31.42,11662.56,975.00
3807867,22.13,31.42,18546.92,975.00
3810867,22.13,31.43,24439.96,968.00
3813867,22.13,31.44,15611.48,976.00
3816867,22.13,31.43,18399.72,964.00
3819867,22.14,31.44,19884.49,975.00
3822867,22.14,31.43,20334.20,974.00
3825867,22.13,31.44,18615.16,975.00
3828867,22.14,31.44,29771.12,973.00
3831867,22.14,31.36,22848.56,967.00
3834867,22.14,31.34,21986.91,975.00
3837867,22.14,31.36,21983.96,976.00
3840867,22.15,31.37,22985.21,975.00
3843867,22.14,31.36,15332.97,996.00
3846867,22.15,31.38,37958.20,975.00
3849867,22.15,31.39,21421.80,975.00
3852867,22.15,31.38,21149.23,975.00
3855867,22.15,31.34,24394.57,974.00
3858867,22.14,31.28,21628.71,972.00
3861867,22.14,31.28,22855.85,972.00
3864867,22.15,31.26,22820.39,972.00
3867867,22.15,31.22,19472.39,972.00
3870867,22.15,31.25,21062.83,973.00
3873867,22.14,31.23,17558.19,973.00
3876867,22.14,31.20,21137.85,973.00
3879867,22.15,31.22,15559.52,973.00
3882867,22.14,31.25,21774.73,973.00
3885867,22.15,31.25,22211.45,972.00
3888867,22.15,31.22,24805.22,972.00
3891867,22.15,31.22,27080.69,973.00
3894867,22.15,31.21,24749.56,972.00
3897867,22.15,31.12,30399.27,971.00
3900867,22.15,31.15,26412.47,971.00
3903867,22.16,31.10,22411.97,988.00
3906867,22.15,31.11,20069.55,971.00
3909867,22.16,31.11,23122.56,972.00
3912867,22.15,31.08,13993.45,972.00
3915867,22.15,31.04,12459.34,972.00
3918867,22.15,31.00,24729.66,973.00
3921867,22.15,31.01,17094.00,972.00
3924867,22.16,31.04,15644.47,971.00
3927867,22.15,31.08,16101.03,972.00
3930867,22.15,31.06,15214.91,972.00
3933867,22.15,31.06,16796.60,972.00
3936867,22.15,31.03,16251.28,971.00
3939867,22.15,31.01,20763.89,969.00
3942867,22.15,31.01,14229.72,970.00
3945867,22.15,31.00,17899.65,970.00
3948867,22.15,30.93,15147.82,972.00
3951867,22.14,30.89,10714.45,972.00
3954867,22.14,30.90,15296.48,960.00
3957867,22.14,30.87,14656.33,971.00
3960867,22.14,30.85,10656.86,971.00
3963867,22.14,30.88,11056.99,970.00
3966867,22.14,30.87,11405.10,970.00
3969867,22.13,30.78,13827.65,970.00
3972867,22.13,30.79,14290.39,969.00
3975867,22.13,30.82,12825.47,968.00
3978867,22.13,30.82,10727.61,967.00
3981867,22.13,30.76,11446.50,968.00
3984867,22.13,30.72,11474.63,967.00
3987867,22.13,30.72,10758.74,966.00
3990867,22.13,30.76,12504.33,967.00
3993867,22.13,30.71,12356.80,966.00
3996867,22.12,30.65,11074.91,966.00
3999867,22.12,30.68,13944.60,966.00
4002867,22.12,30.72,10430.92,955.00
4005867,22.11,30.73,10814.41,963.00
4008867,22.10,30.67,11317.77,965.00
4011867,22.10,30.65,10944.76,965.00
4014867,22.09,30.57,11457.99,963.00
4017867,22.09,30.62,11779.29,963.00
4020867,22.09,30.64,16986.07,962.00
4023867,22.09,30.64,11354.74,975.00
4026867,22.09,30.66,15819.55,960.00
4029867,22.09,30.58,12423.32,961.00
4032867,22.09,30.61,13103.16,959.00
4035867,22.08,30.64,25723.02,952.00
4038867,22.08,30.58,11547.92,958.00
4041867,22.09,30.61,13068.58,956.00
4044867,22.08,30.64,13753.54,955.00
4047867,22.09,30.67,11548.42,954.00
4050867,22.09,30.66,9580.02,946.00
4053867,22.09,30.58,11003.60,950.00
4056867,22.08,30.56,14436.27,949.00
4059867,22.09,30.59,9618.29,947.00
4062867,22.09,30.52,12966.99,947.00
4065867,22.08,30.51,9317.08,946.00
4068867,22.08,30.48,13780.71,947.00
4071867,22.07,30.47,18872.42,946.00
4074867,22.07,30.48,9348.55,946.00
4077867,22.07,30.51,20646.55,947.00
4080867,22.06,30.56,10069.08,936.00
4083867,22.06,30.58,9830.23,947.00
4086867,22.07,30.51,9983.16,948.00
4089867,22.06,30.47,11727.66,946.00
4092867,22.06,30.46,10686.43,950.00
4095867,22.06,30.48,11338.99,951.00
4098867,22.06,30.50,10817.90,951.00
4101867,22.06,30.48,28076.19,952.00
4104867,22.06,30.48,12778.58,952.00
4107867,22.06,30.47,10915.37,952.00
4110867,22.05,30.50,9671.18,950.00
4113867,22.05,30.53,11289.04,953.00
4116867,22.05,30.50,12574.40,952.00
4119867,22.04,30.47,13795.79,953.00
4122867,22.04,30.52,12881.15,954.00
4125867,22.05,30.48,10806.55,954.00
4128867,22.04,30.49,11535.55,955.00
4131867,22.04,30.48,12104.72,955.00
4134867,22.03,30.47,12980.47,956.00
4137867,22.03,30.43,17780.46,957.00
4140867,22.04,30.46,14416.46,959.00
4143867,22.04,30.48,10967.34,959.00
4146867,22.04,30.51,10236.72,958.00
4149867,22.04,30.48,13271.13,961.00
4152867,22.04,30.46,11247.64,961.00
4155867,22.04,30.48,15625.72,961.00
4158867,22.04,30.47,25695.03,964.00
4161867,22.04,30.46,9484.70,962.00
4164867,22.04,30.47,16232.10,962.00
4167867,22.04,30.45,14770.16,961.00
4170867,22.04,30.47,10150.04,962.00
4173867,22.05,30.47,15980.62,963.00
4176867,22.05,30.42,14375.05,962.00
4179867,22.05,30.42,12367.08,961.00
4182867,22.05,30.41,15494.01,973.00
4185867,22.05,30.40,17997.54,957.00
4188867,22.04,30.41,20831.82,955.00
4191867,22.04,30.37,27812.55,951.00
4194867,22.04,30.38,27863.72,947.00
4197867,22.03,30.38,10513.31,942.00
4200867,22.03,30.41,21787.67,936.00
4203867,22.03,30.40,10618.54,931.00
4206867,22.03,30.41,10617.13,925.00
4209867,22.02,30.37,13348.28,920.00
4212867,22.02,30.42,16908.94,912.00
4215867,22.01,30.46,16202.06,907.00
4218867,22.01,30.42,12649.18,902.00
4221867,22.01,30.41,24077.83,897.00
4224867,22.00,30.41,14868.64,891.00
4227867,21.99,30.41,20323.50,887.00
4230867,21.99,30.39,16059.92,881.00
4233867,21.99,30.45,11267.00,875.00
4236867,21.99,30.47,10306.10,869.00
4239867,21.99,30.48,13517.30,863.00
4242867,21.99,30.48,11118.35,857.00
4245867,21.98,30.49,9197.72,850.00
4248867,21.98,30.47,8866.73,844.00
4251867,21.97,30.49,10045.47,838.00
4254867,21.98,30.50,10941.37,831.00
4257867,21.98,30.53,14443.17,823.00
4260867,21.98,30.54,16681.19,816.00
4263867,21.98,30.54,18848.23,808.00
4266867,21.98,30.55,14084.04,802.00
4269867,21.98,30.54,12656.35,795.00
4272867,21.98,30.51,14660.87,787.00
4275867,21.98,30.50,11425.14,780.00
4278867,21.98,30.53,12595.81,773.00
4281867,21.98,30.56,17346.69,767.00
4284867,21.97,30.56,12836.82,759.00
4287867,21.96,30.60,12807.76,753.00
4290867,21.96,30.62,17094.24,745.00
4293867,21.96,30.65,11952.23,730.00
4296867,21.96,30.66,20853.49,731.00
4299867,21.96,30.66,11775.06,725.00
4302867,21.95,30.65,13412.33,718.00
4305867,21.95,30.65,27144.13,712.00
4308867,21.94,30.66,13576.05,707.00
4311867,21.94,30.67,10685.35,702.00
4314867,21.94,30.68,11472.81,698.00
4317867,21.94,30.69,10923.36,692.00
4320867,21.94,30.69,14364.39,688.00
4323867,21.94,30.71,20237.43,683.00
4326867,21.94,30.71,17325.42,678.00
4329867,21.93,30.71,12581.27,673.00
4332867,21.93,30.71,19947.13,669.00
4335867,21.93,30.72,13152.73,664.00
4338867,21.92,30.73,11271.46,659.00
4341867,21.92,30.73,11438.27,654.00
4344867,21.91,30.71,9946.43,649.00
4347867,21.91,30.72,11405.38,644.00
4350867,21.91,30.69,10035.56,639.00
4353867,21.90,30.70,10811.88,633.00
4356867,21.90,30.70,10387.81,628.00
4359867,21.89,30.72,9902.18,625.00
4362867,21.89,30.73,11831.59,621.00
4365867,21.89,30.75,9341.62,617.00
4368867,21.89,30.78,11174.82,616.00
4371867,21.89,30.75,9925.36,612.00
4374867,21.88,30.79,14425.45,609.00
4377867,21.88,30.76,11644.79,607.00
4380867,21.87,30.74,11947.93,604.00
4383867,21.87,30.75,13842.23,601.00
4386867,21.87,30.79,9179.48,599.00
4389867,21.86,30.77,10414.11,597.00
4392867,21.86,30.80,9911.64,594.00
4395867,21.86,30.80,9449.59,592.00
4398867,21.86,30.82,12089.68,591.00
4401867,21.86,30.82,11000.88,589.00
4404867,21.85,30.83,12960.51,585.00
4407867,21.85,30.86,18532.94,584.00
4410867,21.86,30.85,13113.54,581.00
4413867,21.85,30.86,10599.28,578.00
4416867,21.85,30.87,9762.19,576.00
4419867,21.85,30.88,8877.04,573.00
4422867,21.84,30.91,9317.69,571.00
4425867,21.84,30.91,9088.92,568.00
4428867,21.84,30.91,10352.31,561.00
4431867,21.84,30.92,9231.79,560.00
4434867,21.84,30.94,10036.52,559.00
4437867,21.83,30.94,10657.25,553.00
4440867,21.83,30.94,9918.82,550.00
4443867,21.83,30.94,10255.04,547.00
4446867,21.82,30.94,9260.93,545.00
4449867,21.82,30.93,9435.59,552.00
4452867,21.82,30.93,10612.25,540.00
4455867,21.81,30.93,10465.82,536.00
4458867,21.81,30.92,10490.20,534.00
4461867,21.80,30.93,9622.03,533.00
4464867,21.80,30.94,10285.76,530.00
4467867,21.80,30.95,11308.37,527.00
4470867,21.80,30.98,10759.37,525.00
4473867,21.80,30.97,10075.67,522.00
4476867,21.80,30.97,10205.70,520.00
4479867,21.80,30.98,9642.82,518.00
4482867,21.80,31.00,10440.33,515.00
4485867,21.79,30.99,11980.21,514.00
4488867,21.79,30.98,9737.16,512.00
4491867,21.79,30.98,12006.38,510.00
4494867,21.78,30.99,9504.37,519.00
4497867,21.78,31.01,8490.50,507.00
4500867,21.78,31.04,10035.83,507.00
4503867,21.78,31.05,9226.16,506.00
4506867,21.78,31.06,8771.75,506.00
4509867,21.77,31.07,11424.42,504.00
4512867,21.77,31.08,10054.18,504.00
4515867,21.76,31.11,8668.51,503.00
4518867,21.76,31.12,12783.26,501.00
4521867,21.76,31.13,10460.95,502.00
4524867,21.76,31.15,10315.15,500.00
4527867,21.76,31.13,9230.46,499.00
4530867,21.75,31.10,9771.05,497.00
4533867,21.75,31.10,12103.35,497.00
4536867,21.75,31.08,12449.47,495.00
4539867,21.74,31.08,9612.98,494.00
4542867,21.75,31.10,10149.57,494.00
4545867,21.74,31.08,9074.37,493.00
4548867,21.74,31.10,9423.79,492.00
4551867,21.74,31.09,8960.02,492.00
4554867,21.73,31.11,9059.92,491.00
4557867,21.73,31.12,9275.45,491.00
4560867,21.72,31.16,9703.84,490.00
4563867,21.72,31.14,8970.47,489.00
4566867,21.72,31.14,13518.99,497.00
4569867,21.72,31.13,11604.87,488.00
4572867,21.71,31.14,8778.50,486.00
4575867,21.71,31.15,10386.00,485.00
4578867,21.70,31.13,9251.25,486.00
4581867,21.71,31.13,9389.41,483.00
4584867,21.71,31.15,10538.80,482.00
4587867,21.70,31.15,9997.71,479.00
4590867,21.70,31.14,11834.82,476.00
4593867,21.70,31.14,12787.29,476.00
4596867,21.70,31.15,10002.58,475.00
4599867,21.70,31.14,11114.25,473.00
4602867,21.69,31.17,9397.89,470.00
4605867,21.70,31.19,11439.70,469.00
4608867,21.70,31.20,11835.49,468.00
4611867,21.70,31.18,10732.09,465.00
4614867,21.70,31.18,12817.77,464.00
4617867,21.69,31.18,10805.37,462.00
4620867,21.69,31.15,13280.97,462.00
4623867,21.69,31.14,11029.09,460.00
4626867,21.69,31.15,11059.20,459.00
4629867,21.69,31.15,9663.78,460.00
4632867,21.69,31.13,11606.33,459.00
4635867,21.69,31.14,11794.22,460.00
4638867,21.68,31.16,9296.35,459.00
4641867,21.68,31.18,11476.48,460.00
4644867,21.68,31.19,11079.45,461.00
4647867,21.68,31.20,11028.43,462.00
4650867,21.68,31.20,15585.46,462.00
4653867,21.68,31.21,11666.81,464.00
4656867,21.67,31.20,10023.06,465.00
4659867,21.68,31.21,9526.52,468.00
4662867,21.68,31.21,9724.96,468.00
4665867,21.67,31.20,9088.56,469.00
4668867,21.67,31.21,9907.76,470.00
4671867,21.67,31.21,12766.54,470.00
4674867,21.67,31.22,10594.08,471.00
4677867,21.67,31.22,10009.56,473.00
4680867,21.67,31.24,9565.94,473.00
4683867,21.67,31.25,9832.44,473.00
4686867,21.67,31.25,11406.73,473.00
4689867,21.67,31.25,7965.78,474.00
4692867,21.67,31.26,10440.63,475.00
4695867,21.67,31.25,10372.33,474.00
4698867,21.66,31.25,9196.25,474.00
4701867,21.65,31.25,8635.02,473.00
4704867,21.66,31.25,9959.57,474.00
4707867,21.66,31.26,10778.17,474.00
4710867,21.66,31.27,9813.99,474.00
4713867,21.65,31.28,10453.16,475.00
4716867,21.65,31.30,8775.13,475.00
4719867,21.65,31.31,11335.80,470.00
4722867,21.65,31.33,10215.21,475.00
4725867,21.65,31.32,11491.40,476.00
4728867,21.65,31.33,9427.94,476.00
4731867,21.65,31.31,9535.87,476.00
4734867,21.65,31.32,9135.90,476.00
4737867,21.65,31.31,9055.72,476.00
4740867,21.65,31.27,10656.66,477.00
4743867,21.65,31.27,8847.95,476.00
4746867,21.64,31.27,9183.70,475.00
4749867,21.63,31.28,11010.80,476.00
4752867,21.63,31.28,9010.33,477.00
4755867,21.63,31.28,10406.18,477.00
4758867,21.64,31.30,11249.24,477.00
4761867,21.63,31.29,9957.92,478.00
4764867,21.63,31.31,11306.03,477.00
4767867,21.63,31.31,9453.81,477.00
4770867,21.63,31.29,9308.64,477.00
4773867,21.62,31.29,9017.54,478.00
4776867,21.63,31.28,12533.84,478.00
4779867,21.62,31.28,10654.16,478.00
4782867,21.62,31.26,13712.68,479.00
4785867,21.62,31.27,10690.71,478.00
4788867,21.61,31.26,11611.59,479.00
4791867,21.62,31.28,8884.17,479.00
4794867,21.61,31.27,10378.97,481.00
4797867,21.61,31.28,13384.11,480.00
4800867,21.61,31.28,10717.15,481.00
4803867,21.61,31.31,12088.00,480.00
4806867,21.61,31.31,11315.44,481.00
4809867,21.60,31.33,11246.46,483.00
4812867,21.60,31.32,9275.45,483.00
4815867,21.60,31.33,9482.24,486.00
4818867,21.60,31.34,10260.57,486.00
4821867,21.60,31.35,9631.14,487.00
4824867,21.60,31.35,9771.52,488.00
4827867,21.60,31.34,8311.21,488.00
4830867,21.60,31.34,8540.80,490.00
4833867,21.60,31.35,11035.06,490.00
4836867,21.60,31.37,14997.08,490.00
4839867,21.60,31.35,10973.21,490.00
4842867,21.61,31.37,10155.94,491.00
4845867,21.61,31.37,10711.96,491.00
4848867,21.61,31.38,10249.55,491.00
4851867,21.61,31.38,13864.21,491.00
4854867,21.61,31.37,12177.11,493.00
4857867,21.61,31.37,26437.34,493.00
4860867,21.61,31.37,25494.99,490.00
4863867,21.61,31.38,15076.66,501.00
4866867,21.60,31.40,10995.08,490.00
4869867,21.60,31.43,10637.77,489.00
4872867,21.59,31.46,9723.45,489.00
4875867,21.58,31.46,10642.59,488.00
4878867,21.58,31.41,8936.28,490.00
4881867,21.58,31.41,8767.15,488.00
4884867,21.57,31.41,9701.27,487.00
4887867,21.57,31.42,9882.82,488.00
4890867,21.57,31.41,9472.67,488.00
4893867,21.56,31.42,10247.91,488.00
4896867,21.56,31.44,9402.51,488.00
4899867,21.56,31.44,11720.24,486.00
4902867,21.56,31.45,13220.51,486.00
4905867,21.56,31.47,10046.76,485.00
4908867,21.56,31.47,13807.77,471.00
4911867,21.56,31.47,11891.87,481.00
4914867,21.57,31.49,14275.61,479.00
4917867,21.57,31.50,10774.34,477.00
4920867,21.56,31.49,10290.55,475.00
4923867,21.57,31.49,9310.74,473.00
4926867,21.57,31.49,10206.85,467.00
4929867,21.56,31.49,10084.24,466.00
4932867,21.57,31.47,9460.77,462.00
4935867,21.56,31.45,9657.49,459.00
4938867,21.57,31.42,10270.29,453.00
4941867,21.56,31.42,10608.29,451.00
4944867,21.56,31.41,10778.09,447.00
4947867,21.55,31.41,10166.43,445.00
4950867,21.55,31.42,13267.82,441.00
4953867,21.55,31.41,10101.72,437.00
4956867,21.55,31.44,8844.75,434.00
4959867,21.55,31.44,9115.76,431.00
4962867,21.55,31.44,8825.27,428.00
4965867,21.54,31.46,10058.37,426.00
4968867,21.55,31.46,10302.89,422.00
4971867,21.55,31.45,9533.78,419.00
4974867,21.54,31.45,9944.20,418.00
4977867,21.55,31.45,13814.49,415.00
4980867,21.55,31.44,9312.33,414.00
4983867,21.55,31.44,9391.65,411.00
4986867,21.54,31.45,10626.83,409.00
4989867,21.54,31.46,9716.25,407.00
4992867,21.54,31.43,10597.08,405.00
4995867,21.54,31.46,10460.46,404.00
4998867,21.54,31.45,10017.68,402.00
5001867,21.54,31.46,8735.84,395.00
5004867,21.53,31.48,9789.35,399.00
5007867,21.53,31.47,9131.95,398.00
5010867,21.53,31.48,12367.01,396.00
5013867,21.53,31.49,9206.71,395.00
5016867,21.53,31.50,9652.96,394.00
5019867,21.53,31.47,9756.99,391.00
5022867,21.52,31.48,10071.72,390.00
5025867,21.53,31.46,10654.75,388.00
5028867,21.52,31.46,8895.60,387.00
5031867,21.52,31.46,9818.68,385.00
5034867,21.53,31.47,11203.18,384.00
5037867,21.52,31.46,10222.34,382.00
5040867,21.52,31.46,8972.22,381.00
5043867,21.52,31.47,10666.52,379.00
5046867,21.52,31.47,8650.25,377.00
5049867,21.51,31.47,10984.24,376.00
5052867,21.51,31.47,9410.45,374.00
5055867,21.51,31.48,8834.24,372.00
5058867,21.51,31.48,10475.74,371.00
5061867,21.51,31.49,9902.08,369.00
5064867,21.50,31.49,9632.58,367.00
5067867,21.50,31.51,9451.69,366.00
5070867,21.50,31.50,10168.49,363.00
5073867,21.49,31.52,8497.47,363.00
5076867,21.49,31.52,11074.18,362.00
5079867,21.49,31.52,9758.95,361.00
5082867,21.49,31.53,9800.13,359.00
5085867,21.49,31.53,9614.41,357.00
5088867,21.49,31.54,8793.97,357.00
5091867,21.49,31.54,9645.61,356.00
5094867,21.49,31.54,10767.64,355.00
5097867,21.49,31.55,10426.56,354.00
5100867,21.48,31.55,11091.14,353.00
5103867,21.49,31.57,11181.14,352.00
5106867,21.48,31.55,11336.54,350.00
5109867,21.48,31.55,8278.31,351.00
5112867,21.48,31.56,10043.58,355.00
5115867,21.48,31.58,10804.65,347.00
5118867,21.48,31.58,9637.46,346.00
5121867,21.48,31.59,10587.73,345.00
5124867,21.48,31.59,9700.25,347.00
5127867,21.48,31.59,10520.07,344.00
5130867,21.49,31.59,12278.05,337.00
5133867,21.49,31.59,11370.29,341.00
5136867,21.49,31.59,11559.79,340.00
5139867,21.48,31.60,14199.57,340.00
5142867,21.48,31.60,15733.61,340.00
5145867,21.49,31.59,12212.63,338.00
5148867,21.48,31.60,10162.79,338.00
5151867,21.48,31.60,9842.92,337.00
5154867,21.49,31.61,9000.97,335.00
5157867,21.48,31.60,11401.13,337.00
5160867,21.48,31.60,13903.02,334.00
5163867,21.48,31.59,10417.54,337.00
5166867,21.48,31.59,11847.47,332.00
5169867,21.48,31.59,10139.88,332.00
5172867,21.48,31.59,10059.16,342.00
5175867,21.48,31.60,11422.00,331.00
5178867,21.48,31.61,18529.41,329.00
5181867,21.48,31.59,18747.04,330.00
5184867,21.48,31.59,20534.22,327.00
5187867,21.48,31.58,21936.54,326.00
5190867,21.47,31.58,13946.94,324.00
5193867,21.47,31.55,17734.49,324.00
5196867,21.47,31.55,13669.34,322.00
5199867,21.47,31.56,19272.71,322.00
5202867,21.47,31.54,13672.04,320.00
5205867,21.46,31.55,14598.05,318.00
5208867,21.46,31.55,15706.30,318.00
5211867,21.46,31.55,11533.27,318.00
5214867,21.45,31.55,15787.66,316.00
5217867,21.46,31.58,10041.56,316.00
5220867,21.46,31.58,11354.75,313.00
5223867,21.45,31.56,10950.75,313.00
5226867,21.46,31.56,10197.08,312.00
5229867,21.46,31.56,11095.90,310.00
5232867,21.45,31.58,15604.64,311.00
5235867,21.45,31.58,11426.72,309.00
5238867,21.45,31.56,12457.52,310.00
5241867,21.45,31.58,12354.85,309.00
5244867,21.45,31.59,13101.40,308.00
5247867,21.45,31.59,13041.01,308.00
5250867,21.45,31.60,11011.46,309.00
5253867,21.45,31.59,12756.90,308.00
5256867,21.45,31.58,9206.62,309.00
5259867,21.45,31.59,13711.95,309.00
5262867,21.45,31.59,10622.54,310.00
5265867,21.45,31.60,11707.60,311.00
5268867,21.45,31.59,11635.49,311.00
5271867,21.45,31.60,13102.19,312.00
5274867,21.45,31.60,9353.37,313.00
5277867,21.45,31.60,10105.58,314.00
5280867,21.45,31.60,10773.72,314.00
5283867,21.45,31.60,11744.38,315.00
5286867,21.45,31.61,10902.61,316.00
5289867,21.44,31.60,11323.65,318.00
5292867,21.45,31.62,9214.80,318.00
5295867,21.44,31.62,10992.38,318.00
5298867,21.44,31.62,9414.20,319.00
5301867,21.44,31.63,9335.04,320.00
5304867,21.44,31.66,8708.34,320.00
5307867,21.44,31.66,11884.63,321.00
5310867,21.44,31.67,10450.59,321.00
5313867,21.43,31.67,11198.11,321.00
5316867,21.44,31.68,9586.39,321.00
5319867,21.43,31.68,11200.77,322.00
5322867,21.44,31.70,9957.49,330.00
5325867,21.43,31.68,8850.84,321.00
5328867,21.43,31.67,9639.91,321.00
5331867,21.43,31.68,8717.15,321.00
5334867,21.43,31.67,8334.09,322.00
5337867,21.44,31.67,9268.25,323.00
5340867,21.43,31.68,9294.20,324.00
5343867,21.43,31.68,10916.08,325.00
5346867,21.43,31.70,11996.99,326.00
5349867,21.43,31.68,16655.63,328.00
5352867,21.43,31.70,19838.90,331.00
5355867,21.43,31.70,12155.71,333.00
5358867,21.43,31.70,11076.92,336.00
5361867,21.43,31.70,10686.06,336.00
5364867,21.43,31.70,12278.14,339.00
5367867,21.42,31.71,10031.61,343.00
5370867,21.43,31.71,10539.28,346.00
5373867,21.43,31.72,10557.08,349.00
5376867,21.43,31.72,11856.51,346.00
5379867,21.42,31.72,11099.09,355.00
5382867,21.42,31.73,10276.03,358.00
5385867,21.41,31.73,9212.59,361.00
5388867,21.41,31.74,10149.78,363.00
5391867,21.41,31.74,10917.20,367.00
5394867,21.41,31.75,8841.95,370.00
5397867,21.41,31.77,9273.15,372.00
5400867,21.41,31.77,9922.84,376.00
5403867,21.41,31.78,12477.07,378.00
5406867,21.42,31.78,12538.56,381.00
5409867,21.42,31.78,14793.67,382.00
5412867,21.41,31.78,10343.53,385.00
5415867,21.42,31.79,13034.72,387.00
5418867,21.42,31.79,12015.78,389.00
5421867,21.41,31.79,10578.25,391.00
5424867,21.41,31.79,11204.09,393.00
5427867,21.42,31.79,10321.84,395.00
5430867,21.41,31.80,10306.78,396.00
5433867,21.41,31.80,10976.92,399.00
5436867,21.42,31.79,9416.92,400.00
5439867,21.41,31.79,10313.27,402.00
5442867,21.41,31.79,10265.11,404.00
5445867,21.42,31.79,10330.62,405.00
5448867,21.42,31.78,10062.90,406.00
5451867,21.42,31.78,9818.61,410.00
5454867,21.42,31.77,8944.77,411.00
5457867,21.42,31.76,8293.18,413.00
5460867,21.42,31.73,9221.48,413.00
5463867,21.42,31.72,10299.88,423.00
5466867,21.41,31.72,11732.87,416.00
5469867,21.41,31.72,14180.21,418.00
5472867,21.41,31.73,19116.82,419.00
5475867,21.41,31.73,8816.46,421.00
5478867,21.41,31.72,9228.62,422.00
5481867,21.41,31.74,10675.18,425.00
5484867,21.42,31.73,8481.01,425.00
5487867,21.41,31.71,10315.24,427.00
5490867,21.41,31.71,8153.12,429.00
5493867,21.41,31.71,11236.09,430.00
5496867,21.41,31.69,11135.64,431.00
5499867,21.40,31.67,8962.06,432.00
5502867,21.40,31.67,9902.76,434.00
5505867,21.40,31.67,10940.76,436.00
5508867,21.40,31.64,9432.20,436.00
5511867,21.41,31.64,9622.25,439.00
5514867,21.40,31.66,19299.94,441.00
5517867,21.41,31.67,9310.38,442.00
5520867,21.41,31.64,9467.83,444.00
5523867,21.41,31.66,11607.87,444.00
5526867,21.41,31.63,11046.91,446.00
5529867,21.41,31.61,10877.48,446.00
5532867,21.40,31.61,9882.23,456.00
5535867,21.40,31.60,9775.41,448.00
5538867,21.40,31.58,9831.46,449.00
5541867,21.40,31.60,8265.28,450.00
5544867,21.40,31.60,10642.93,451.00
5547867,21.40,31.60,9573.56,452.00
5550867,21.39,31.60,10795.13,453.00
5553867,21.40,31.60,9787.46,453.00
5556867,21.40,31.57,8371.03,454.00
5559867,21.39,31.60,9476.95,455.00
5562867,21.39,31.61,11409.67,456.00
5565867,21.39,31.61,9016.47,457.00
5568867,21.39,31.61,10292.19,456.00
5571867,21.39,31.60,10177.31,458.00
5574867,21.39,31.55,8464.83,459.00
5577867,21.39,31.53,8798.45,461.00
5580867,21.39,31.53,8968.30,461.00
5583867,21.39,31.52,10022.64,462.00
5586867,21.39,31.52,14849.67,460.00
5589867,21.39,31.53,14530.26,463.00
5592867,21.39,31.51,16555.78,463.00
5595867,21.38,31.52,12097.39,464.00
5598867,21.39,31.52,15381.13,465.00
5601867,21.38,31.52,11103.91,465.00
5604867,21.38,31.52,8694.19,467.00
5607867,21.38,31.55,9675.81,467.00
5610867,21.39,31.55,9633.00,469.00
5613867,21.39,31.53,10611.00,468.00
5616867,21.39,31.53,9597.63,468.00
5619867,21.39,31.55,10348.67,469.00
5622867,21.39,31.55,14032.58,470.00
5625867,21.39,31.52,11194.29,472.00
5628867,21.39,31.50,9195.37,471.00
5631867,21.40,31.50,10140.93,470.00
5634867,21.39,31.50,10484.99,473.00
5637867,21.40,31.51,8877.40,470.00
5640867,21.39,31.51,10906.24,472.00
5643867,21.39,31.50,9668.01,473.00
5646867,21.39,31.47,10996.49,474.00
5649867,21.39,31.49,9246.84,474.00
5652867,21.38,31.46,9791.37,475.00
5655867,21.38,31.47,9573.97,474.00
5658867,21.38,31.47,9613.76,475.00
5661867,21.39,31.46,9886.19,476.00
5664867,21.38,31.48,9387.56,487.00
5667867,21.38,31.48,9907.30,476.00
5670867,21.38,31.50,11854.73,477.00
5673867,21.38,31.48,9827.79,478.00
5676867,21.39,31.50,9614.61,478.00
5679867,21.39,31.50,8693.56,479.00
5682867,21.39,31.51,9842.64,479.00
5685867,21.40,31.51,8917.39,479.00
5688867,21.39,31.50,9691.58,480.00
5691867,21.40,31.47,11793.27,483.00
5694867,21.39,31.46,11445.16,482.00
5697867,21.40,31.47,10704.55,482.00
5700867,21.40,31.47,11521.16,482.00
5703867,21.40,31.44,14389.31,485.00
5706867,21.40,31.44,12859.41,485.00
5709867,21.40,31.41,10787.66,484.00
5712867,21.40,31.41,11765.78,488.00
5715867,21.40,31.40,9775.11,489.00
5718867,21.40,31.39,10736.96,501.00
5721867,21.39,31.39,9269.18,492.00
5724867,21.40,31.41,9183.87,493.00
5727867,21.39,31.41,9497.32,495.00
5730867,21.39,31.41,9657.67,497.00
5733867,21.39,31.42,9406.42,499.00
5736867,21.39,31.42,10342.93,501.00
5739867,21.39,31.45,10630.75,502.00
5742867,21.39,31.42,10077.01,504.00
5745867,21.39,31.44,8576.13,516.00
5748867,21.39,31.45,9947.28,508.00
5751867,21.40,31.45,9210.67,511.00
5754867,21.40,31.44,10727.92,512.00
5757867,21.39,31.42,11147.10,514.00
5760867,21.40,31.42,13903.58,517.00
5763867,21.39,31.42,10549.55,519.00
5766867,21.39,31.41,11945.21,521.00
5769867,21.38,31.41,9402.85,522.00
5772867,21.38,31.41,9689.06,525.00
5775867,21.39,31.44,9711.76,526.00
5778867,21.38,31.45,9481.79,540.00
5781867,21.39,31.46,8666.48,530.00
5784867,21.39,31.48,9391.96,531.00
5787867,21.38,31.47,8504.34,533.00
5790867,21.38,31.48,11550.48,527.00
5793867,21.39,31.48,10272.91,535.00
5796867,21.39,31.51,9016.35,536.00
5799867,21.39,31.50,9427.25,537.00
5802867,21.39,31.50,10061.61,537.00
5805867,21.39,31.49,10726.52,538.00
5808867,21.39,31.47,10697.53,539.00
5811867,21.39,31.47,10914.33,540.00
5814867,21.40,31.46,9684.98,540.00
5817867,21.39,31.46,16540.09,540.00
5820867,21.39,31.45,10387.36,541.00
5823867,21.39,31.45,14978.97,542.00
5826867,21.39,31.45,14437.93,541.00
5829867,21.39,31.46,12004.61,542.00
5832867,21.39,31.44,11339.77,542.00
5835867,21.39,31.46,9822.58,542.00
5838867,21.38,31.46,10506.76,543.00
5841867,21.39,31.46,9979.26,543.00
5844867,21.39,31.47,11129.95,543.00
5847867,21.39,31.45,10708.00,544.00
5850867,21.38,31.45,22427.08,543.00
5853867,21.38,31.42,10011.29,544.00
5856867,21.38,31.44,10230.25,543.00
5859867,21.39,31.42,9971.44,545.00
5862867,21.39,31.45,8310.41,545.00
5865867,21.38,31.42,9522.12,545.00
5868867,21.38,31.41,9299.90,546.00
5871867,21.38,31.42,10141.84,545.00
5874867,21.38,31.41,7574.30,547.00
5877867,21.38,31.41,9325.28,546.00
5880867,21.38,31.42,9490.87,546.00
5883867,21.39,31.42,10113.70,546.00
5886867,21.38,31.41,10349.77,546.00
5889867,21.39,31.42,12625.74,545.00
5892867,21.38,31.40,9469.39,545.00
5895867,21.38,31.40,12084.24,545.00
5898867,21.38,31.37,10375.07,544.00
5901867,21.38,31.40,10733.94,545.00
5904867,21.37,31.40,11943.22,544.00
5907867,21.38,31.41,10594.82,543.00
5910867,21.38,31.40,9276.08,542.00
5913867,21.38,31.40,13514.52,541.00
5916867,21.38,31.35,23788.62,541.00
5919867,21.38,31.34,11314.06,541.00
5922867,21.38,31.33,13831.34,538.00
5925867,21.38,31.33,11283.50,538.00
5928867,21.38,31.33,12655.38,537.00
5931867,21.38,31.31,13878.54,533.00
5934867,21.37,31.29,9225.50,534.00
5937867,21.37,31.33,11349.53,534.00
5940867,21.37,31.34,11580.04,530.00
5943867,21.37,31.33,14527.21,528.00
5946867,21.37,31.33,10734.92,530.00
5949867,21.37,31.31,10702.09,529.00
5952867,21.37,31.30,15919.17,527.00
5955867,21.37,31.33,8693.87,526.00
5958867,21.38,31.33,10228.38,524.00
5961867,21.37,31.33,11447.05,524.00
5964867,21.37,31.33,9509.14,522.00
5967867,21.37,31.33,14083.29,521.00
5970867,21.37,31.33,9687.29,519.00
5973867,21.37,31.31,10011.87,519.00
5976867,21.38,31.33,10277.71,519.00
5979867,21.38,31.33,8917.28,515.00
5982867,21.37,31.31,10472.81,513.00
5985867,21.38,31.31,10182.70,512.00
5988867,21.38,31.29,10020.67,511.00
5991867,21.38,31.29,11898.52,509.00
5994867,21.38,31.27,10579.42,506.00
5997867,21.38,31.28,11108.96,505.00
6000867,21.38,31.30,8883.46,504.00
6003867,21.38,31.30,10679.84,501.00
6006867,21.37,31.29,10167.47,501.00
6009867,21.38,31.30,11358.40,498.00
6012867,21.38,31.31,11721.25,498.00
6015867,21.37,31.34,11318.84,495.00
6018867,21.37,31.34,9529.79,493.00
6021867,21.38,31.34,11548.32,491.00
6024867,21.37,31.35,16493.62,490.00
6027867,21.38,31.34,15452.72,487.00
6030867,21.37,31.35,18103.57,485.00
6033867,21.37,31.34,10726.72,483.00
6036867,21.38,31.34,9595.47,478.00
6039867,21.37,31.31,10161.49,476.00
6042867,21.38,31.31,12072.56,476.00
6045867,21.38,31.30,11100.16,473.00
6048867,21.38,31.30,13023.61,471.00
6051867,21.38,31.30,14362.39,469.00
6054867,21.38,31.29,13976.62,467.00
6057867,21.38,31.29,10871.25,465.00
6060867,21.38,31.30,13956.70,462.00
6063867,21.38,31.30,12263.98,460.00
6066867,21.38,31.30,9373.40,459.00
6069867,21.37,31.26,12908.97,457.00
6072867,21.38,31.25,13015.80,454.00
6075867,21.37,31.26,10720.96,464.00
6078867,21.37,31.28,12057.80,450.00
6081867,21.38,31.28,10229.80,449.00
6084867,21.38,31.28,14440.64,448.00
6087867,21.37,31.28,12045.80,445.00
6090867,21.38,31.25,11616.49,442.00
6093867,21.37,31.26,13559.49,454.00
6096867,21.37,31.28,19744.71,441.00
6099867,21.37,31.29,12380.92,441.00
6102867,21.37,31.29,12973.73,448.00
6105867,21.37,31.29,11624.46,436.00
6108867,21.37,31.31,13222.15,434.00
6111867,21.37,31.28,12694.01,432.00
6114867,21.37,31.28,12517.74,430.00
6117867,21.36,31.24,11198.50,443.00
6120867,21.36,31.25,15041.96,426.00
6123867,21.36,31.25,16235.69,425.00
6126867,21.36,31.25,17191.00,423.00
6129867,21.36,31.26,10887.39,421.00
6132867,21.36,31.28,11668.68,420.00
6135867,21.36,31.30,11104.33,416.00
6138867,21.36,31.31,10775.87,415.00
6141867,21.35,31.32,13945.27,413.00
6144867,21.36,31.32,8914.71,412.00
6147867,21.35,31.31,12630.56,409.00
6150867,21.35,31.32,11028.58,407.00
6153867,21.35,31.32,9128.41,405.00
6156867,21.35,31.34,14289.82,400.00
6159867,21.36,31.35,10462.66,401.00
6162867,21.36,31.34,10560.87,398.00
6165867,21.36,31.36,11549.61,396.00
6168867,21.35,31.34,10981.78,394.00
6171867,21.35,31.32,12097.94,391.00
6174867,21.35,31.30,14711.92,398.00
6177867,21.35,31.32,16261.88,387.00
6180867,21.35,31.30,14133.01,385.00
6183867,21.35,31.29,10794.57,382.00
6186867,21.35,31.30,13020.47,381.00
6189867,21.35,31.31,11232.56,379.00
6192867,21.35,31.30,11338.75,373.00
6195867,21.35,31.29,12171.56,374.00
6198867,21.34,31.29,9871.30,371.00
6201867,21.34,31.30,10980.14,376.00
6204867,21.34,31.31,9877.50,366.00
6207867,21.34,31.31,10190.67,365.00
6210867,21.34,31.32,9666.29,363.00
6213867,21.34,31.32,9600.02,360.00
6216867,21.34,31.32,13493.63,358.00
6219867,21.33,31.32,12941.32,350.00
6222867,21.33,31.32,10778.94,354.00
6225867,21.33,31.32,10005.36,352.00
6228867,21.33,31.31,10478.24,348.00
6231867,21.32,31.31,10248.59,356.00
6234867,21.32,31.31,9522.56,346.00
6237867,21.31,31.31,8446.96,345.00
6240867,21.31,31.32,10020.49,342.00
6243867,21.30,31.35,9954.18,340.00
6246867,21.29,31.36,10967.12,337.00
6249867,21.30,31.37,11784.62,336.00
6252867,21.29,31.37,11469.67,334.00
6255867,21.30,31.37,12154.65,332.00
6258867,21.29,31.36,9273.35,330.00
6261867,21.29,31.36,16559.34,329.00
6264867,21.30,31.37,11728.45,327.00
6267867,21.29,31.38,13448.96,325.00
6270867,21.29,31.37,11350.13,325.00
6273867,21.29,31.38,12792.77,322.00
6276867,21.29,31.38,11654.36,321.00
6279867,21.29,31.37,11425.65,320.00
6282867,21.30,31.37,17226.36,318.00
6285867,21.29,31.36,11569.14,312.00
6288867,21.30,31.37,14374.30,315.00
6291867,21.29,31.34,13746.29,314.00
6294867,21.29,31.33,13621.25,313.00
6297867,21.29,31.33,14357.54,313.00
6300867,21.29,31.31,13025.49,311.00
6303867,21.29,31.31,14003.19,310.00
6306867,21.29,31.29,15131.10,309.00
6309867,21.29,31.29,13270.16,308.00
6312867,21.28,31.32,12323.23,307.00
6315867,21.28,31.31,12886.48,308.00
6318867,21.28,31.32,13000.60,306.00
6321867,21.28,31.33,14129.07,305.00
6324867,21.28,31.33,12405.77,303.00
6327867,21.28,31.33,9459.78,303.00
6330867,21.28,31.34,9515.03,302.00
6333867,21.27,31.36,10173.69,307.00
6336867,21.27,31.37,12289.73,304.00
6339867,21.26,31.37,9922.87,303.00
6342867,21.26,31.34,11432.50,302.00
6345867,21.26,31.30,10954.36,301.00
6348867,21.26,31.32,9899.53,302.00
6351867,21.25,31.33,9704.95,302.00
6354867,21.26,31.34,10897.65,302.00
6357867,21.26,31.34,9350.06,302.00
6360867,21.26,31.37,10347.14,303.00
6363867,21.26,31.35,9189.19,307.00
6366867,21.25,31.34,10281.70,303.00
6369867,21.26,31.34,12973.86,303.00
6372867,21.26,31.34,11520.91,303.00
6375867,21.26,31.35,10261.97,303.00
6378867,21.26,31.33,10433.97,299.00
6381867,21.26,31.33,9280.30,303.00
6384867,21.25,31.34,9970.93,304.00
6387867,21.25,31.29,10998.57,304.00
6390867,21.25,31.30,10679.56,304.00
6393867,21.25,31.32,9736.62,302.00
6396867,21.25,31.32,9548.85,304.00
6399867,21.25,31.32,11046.93,304.00
6402867,21.25,31.33,8549.87,304.00
6405867,21.25,31.34,22200.45,303.00
6408867,21.25,31.33,11917.44,302.00
6411867,21.25,31.34,10015.46,303.00
6414867,21.25,31.35,13636.60,301.00
6417867,21.25,31.34,10468.70,302.00
6420867,21.25,31.34,9559.53,300.00
6423867,21.25,31.32,9937.29,301.00
6426867,21.25,31.33,10880.82,300.00
6429867,21.26,31.33,11415.35,300.00
6432867,21.25,31.34,10285.56,298.00
6435867,21.24,31.34,10468.73,298.00
6438867,21.24,31.35,16062.58,299.00
6441867,21.24,31.37,14547.28,299.00
6444867,21.24,31.37,10842.69,293.00
6447867,21.25,31.37,10269.36,302.00
6450867,21.24,31.35,9581.14,299.00
6453867,21.24,31.33,15399.32,298.00
6456867,21.24,31.32,11384.75,299.00
6459867,21.24,31.30,11497.15,298.00
6462867,21.24,31.32,11952.81,298.00
6465867,21.24,31.30,10908.66,298.00
6468867,21.23,31.29,11115.38,298.00
6471867,21.23,31.29,10809.72,298.00
6474867,21.23,31.28,10129.06,297.00
6477867,21.23,31.30,11595.57,297.00
6480867,21.22,31.28,9801.14,296.00
6483867,21.22,31.28,12496.98,297.00
6486867,21.22,31.28,15824.80,296.00
6489867,21.22,31.28,17662.79,296.00
6492867,21.21,31.27,8502.30,295.00
6495867,21.22,31.27,9202.35,294.00
6498867,21.21,31.27,9674.13,295.00
6501867,21.20,31.28,9293.93,294.00
6504867,21.21,31.29,8234.92,294.00
6507867,21.21,31.28,9418.51,294.00
6510867,21.20,31.30,13138.58,293.00
6513867,21.20,31.31,16847.74,293.00
6516867,21.20,31.30,9415.07,293.00
6519867,21.20,31.30,10178.64,295.00
6522867,21.20,31.30,11897.35,292.00
6525867,21.20,31.31,11656.72,292.00
6528867,21.20,31.31,10395.08,291.00
6531867,21.20,31.33,11938.06,292.00
6534867,21.19,31.33,8325.03,293.00
6537867,21.19,31.33,10033.65,293.00
6540867,21.20,31.34,8491.94,292.00
6543867,21.21,31.31,8975.20,294.00
6546867,21.20,31.30,9557.48,294.00
6549867,21.21,31.31,9255.83,295.00
6552867,21.20,31.30,8563.99,295.00
6555867,21.19,31.30,11515.14,295.00
6558867,21.20,31.30,12212.07,297.00
6561867,21.19,31.31,9867.41,298.00
6564867,21.19,31.31,9833.16,298.00
6567867,21.20,31.29,8204.77,300.00
6570867,21.19,31.26,9303.48,300.00
6573867,21.19,31.25,8560.17,302.00
6576867,21.18,31.24,9355.23,303.00
6579867,21.18,31.24,9649.05,305.00
6582867,21.19,31.26,10394.31,305.00
6585867,21.19,31.29,10111.15,307.00
6588867,21.19,31.28,10623.52,308.00
6591867,21.19,31.25,12204.51,309.00
6594867,21.19,31.22,9413.60,311.00
6597867,21.19,31.25,8985.13,312.00
6600867,21.19,31.25,10391.02,316.00
6603867,21.19,31.25,13229.66,316.00
6606867,21.19,31.26,8843.89,318.00
6609867,21.19,31.23,10518.86,321.00
6612867,21.19,31.23,11025.74,323.00
6615867,21.19,31.24,9922.42,320.00
6618867,21.19,31.20,10051.09,327.00
6621867,21.19,31.20,9616.03,330.00
6624867,21.20,31.20,10052.89,327.00
6627867,21.19,31.22,9476.91,333.00
6630867,21.20,31.18,10293.23,337.00
6633867,21.19,31.19,9143.32,339.00
6636867,21.19,31.19,10196.06,341.00
6639867,21.19,31.17,11515.06,346.00
6642867,21.19,31.18,10494.77,346.00
6645867,21.18,31.15,9366.94,354.00
6648867,21.19,31.14,9670.85,349.00
6651867,21.18,31.17,11661.52,350.00
6654867,21.18,31.18,10772.81,353.00
6657867,21.18,31.17,11521.94,354.00
6660867,21.19,31.16,11302.02,355.00
6663867,21.18,31.14,12389.11,357.00
6666867,21.18,31.14,12233.12,360.00
6669867,21.18,31.14,9795.69,362.00
6672867,21.18,31.11,11040.00,363.00
6675867,21.18,31.09,11797.72,365.00
6678867,21.18,31.08,10319.79,364.00
6681867,21.18,31.09,10459.40,369.00
6684867,21.19,31.07,11749.39,370.00
6687867,21.18,31.09,9236.98,372.00
6690867,21.18,31.09,9803.38,373.00
6693867,21.18,31.08,10912.17,374.00
6696867,21.18,31.09,10249.03,376.00
6699867,21.18,31.09,9793.78,377.00
6702867,21.17,31.09,12013.35,378.00
6705867,21.18,31.08,10245.43,380.00
6708867,21.18,31.08,10292.81,380.00
6711867,21.18,31.08,10875.00,382.00
6714867,21.18,31.04,11891.66,382.00
6717867,21.18,31.07,11119.84,383.00
6720867,21.18,31.08,12324.04,383.00
6723867,21.17,31.08,10124.98,384.00
6726867,21.17,31.06,8674.13,384.00
6729867,21.18,31.04,10797.93,385.00
6732867,21.18,31.02,11831.70,386.00
6735867,21.18,31.04,9487.03,386.00
6738867,21.18,31.03,10246.99,387.00
6741867,21.18,31.04,9228.62,388.00
6744867,21.18,31.03,9195.43,388.00
6747867,21.18,31.04,9550.65,389.00
6750867,21.18,31.06,12880.14,389.00
6753867,21.18,31.04,11040.05,388.00
6756867,21.18,31.04,10015.39,391.00
6759867,21.17,31.06,11158.51,393.00
6762867,21.17,31.03,10438.22,393.00
6765867,21.17,31.04,10298.11,391.00
6768867,21.18,31.06,9286.03,394.00
6771867,21.17,31.06,8911.44,394.00
6774867,21.17,31.04,8958.59,395.00
6777867,21.17,31.06,8910.56,396.00
6780867,21.18,31.04,9834.14,397.00
6783867,21.18,31.04,9391.17,397.00
6786867,21.18,31.04,9007.47,397.00
6789867,21.17,31.01,9806.84,398.00
6792867,21.17,31.01,10077.75,399.00
6795867,21.18,31.02,12532.39,400.00
6798867,21.18,31.00,9928.90,400.00
6801867,21.18,31.01,9964.15,403.00
6804867,21.17,31.02,11528.46,402.00
6807867,21.17,31.03,9368.03,402.00
6810867,21.17,31.03,10238.14,402.00
6813867,21.17,31.03,9934.13,402.00
6816867,21.17,31.04,10060.92,403.00
6819867,21.17,31.04,9732.29,403.00
6822867,21.17,31.04,11626.43,406.00
6825867,21.17,31.04,9768.48,404.00
6828867,21.17,31.03,10423.50,405.00
6831867,21.17,31.03,9186.84,405.00
6834867,21.16,31.04,11796.28,406.00
6837867,21.16,31.01,12754.26,406.00
6840867,21.17,31.00,14009.14,406.00
6843867,21.17,31.01,19234.63,406.00
6846867,21.16,30.96,13880.73,407.00
6849867,21.16,30.96,13639.57,407.00
6852867,21.15,30.95,9004.38,407.00
6855867,21.15,30.98,10090.93,408.00
6858867,21.15,30.99,9827.60,408.00
6861867,21.15,30.96,11023.94,408.00
6864867,21.15,30.98,11525.93,409.00
6867867,21.16,31.01,11358.26,410.00
6870867,21.15,30.98,10703.95,411.00
6873867,21.15,31.01,10110.53,412.00
6876867,21.16,31.01,9534.70,413.00
6879867,21.15,31.01,11909.64,413.00
6882867,21.15,31.01,10934.86,414.00
6885867,21.16,30.99,10860.73,416.00
6888867,21.15,30.95,11619.30,416.00
6891867,21.15,30.93,10754.50,417.00
6894867,21.16,30.95,31706.88,418.00
6897867,21.16,30.92,10251.72,421.00
6900867,21.15,30.95,12700.65,422.00
6903867,21.15,30.94,8972.24,424.00
6906867,21.16,30.96,10191.10,424.00
6909867,21.16,30.97,9601.85,426.00
6912867,21.15,30.97,8732.03,436.00
6915867,21.15,30.97,12244.00,429.00
6918867,21.16,30.97,10236.20,431.00
6921867,21.16,30.95,10292.54,433.00
6924867,21.16,30.91,12244.88,435.00
6927867,21.16,30.88,12303.81,436.00
6930867,21.16,30.91,11330.63,438.00
6933867,21.16,30.87,11664.41,443.00
6936867,21.16,30.86,11793.66,441.00
6939867,21.16,30.88,14036.98,444.00
6942867,21.16,30.90,12135.80,446.00
6945867,21.16,30.90,21946.84,447.00
6948867,21.16,30.91,15629.43,450.00
6951867,21.16,30.91,21779.88,451.00
6954867,21.17,30.88,20300.01,453.00
6957867,21.16,30.85,31700.32,441.00
6960867,21.16,30.85,22059.37,456.00
6963867,21.17,30.85,15412.49,458.00
6966867,21.17,30.87,20574.57,459.00
6969867,21.16,30.82,11949.03,462.00
6972867,21.16,30.80,10084.16,462.00
6975867,21.17,30.80,13400.26,463.00
6978867,21.17,30.81,11100.22,468.00
6981867,21.17,30.81,10714.77,470.00
6984867,21.17,30.81,12826.17,473.00
6987867,21.17,30.83,11295.26,475.00
6990867,21.17,30.81,12806.41,478.00
6993867,21.18,30.83,21552.67,479.00
6996867,21.17,30.84,13564.67,482.00
6999867,21.17,30.86,22983.94,484.00
7002867,21.17,30.89,18249.14,487.00
7005867,21.17,30.90,31070.54,490.00
7008867,21.17,30.91,19613.32,504.00
7011867,21.17,30.91,23737.60,495.00
7014867,21.17,30.92,19806.09,497.00
7017867,21.17,30.95,28763.63,499.00
7020867,21.18,30.96,27239.61,501.00
7023867,21.18,30.98,40397.28,503.00
7026867,21.18,31.00,25162.95,506.00
7029867,21.17,31.01,17851.29,507.00
7032867,21.18,31.00,14870.73,508.00
7035867,21.18,31.01,13252.63,510.00
7038867,21.18,31.02,23827.21,511.00
7041867,21.18,31.04,17950.37,513.00
7044867,21.18,31.06,14336.77,514.00
7047867,21.18,31.06,18741.79,515.00
7050867,21.19,31.07,32622.42,516.00
7053867,21.19,31.07,16504.48,517.00
7056867,21.18,31.07,16429.74,518.00
7059867,21.19,31.07,15124.96,519.00
7062867,21.20,31.05,23690.63,521.00
7065867,21.19,31.03,29890.78,532.00
7068867,21.20,31.05,12223.81,525.00
7071867,21.19,31.07,15973.08,523.00
7074867,21.21,31.09,36142.81,526.00
7077867,21.21,31.11,30544.38,529.00
7080867,21.21,31.13,19147.97,532.00
7083867,21.22,31.16,21551.14,534.00
7086867,21.22,31.17,49738.92,536.00
7089867,21.22,31.16,39176.72,538.00
7092867,21.22,31.16,16846.56,540.00
7095867,21.22,31.16,20588.03,542.00
7098867,21.22,31.16,38423.28,545.00
7101867,21.23,31.16,23292.69,549.00
7104867,21.22,31.16,22698.28,551.00
7107867,21.22,31.16,22760.22,552.00
7110867,21.23,31.17,18034.29,556.00
7113867,21.22,31.16,22018.99,557.00
7116867,21.22,31.17,30040.62,561.00
7119867,21.23,31.21,34312.29,561.00
7122867,21.23,31.21,25987.26,565.00
7125867,21.23,31.22,30485.52,566.00
7128867,21.22,31.22,20848.32,569.00
7131867,21.23,31.23,28998.30,569.00
7134867,21.23,31.22,14221.53,571.00
7137867,21.23,31.22,34316.95,572.00
7140867,21.24,31.21,29834.98,573.00
7143867,21.23,31.19,29442.65,574.00
7146867,21.24,31.18,34000.62,575.00
7149867,21.24,31.17,22887.75,576.00
7152867,21.24,31.18,22090.92,577.00
7155867,21.25,31.20,30162.75,580.00
7158867,21.24,31.18,45749.15,580.00
7161867,21.24,31.17,42408.83,582.00
7164867,21.25,31.16,36269.40,582.00
7167867,21.24,31.15,46185.79,582.00
7170867,21.25,31.13,38349.58,583.00
7173867,21.25,31.16,34061.29,581.00
7176867,21.25,31.15,49934.34,580.00
7179867,21.25,31.16,40298.30,580.00
7182867,21.26,31.17,22889.65,576.00
7185867,21.25,31.17,44863.00,577.00
7188867,21.25,31.18,24276.65,574.00
7191867,21.25,31.18,23431.96,573.00
7194867,21.25,31.20,23079.97,572.00
7197867,21.24,31.18,22456.99,571.00
7200867,21.24,31.19,19338.91,569.00
7203867,21.24,31.18,19753.29,568.00
7206867,21.24,31.18,23110.11,566.00
7209867,21.24,31.13,22203.14,566.00
7212867,21.23,31.16,19761.33,563.00
7215867,21.23,31.18,24283.14,562.00
7218867,21.23,31.21,18429.31,560.00
7221867,21.22,31.23,12349.82,560.00
7224867,21.23,31.28,15644.11,559.00
7227867,21.22,31.44,22143.80,557.00
7230867,21.22,31.47,15659.43,556.00
7233867,21.22,31.49,32806.80,555.00
7236867,21.22,31.49,33084.90,554.00
7239867,21.22,31.45,22898.98,554.00
7242867,21.22,31.44,15212.74,552.00
7245867,21.22,31.42,18172.99,553.00
7248867,21.22,31.42,18596.72,551.00
7251867,21.23,31.41,15312.01,552.00
7254867,21.23,31.39,13952.41,552.00
7257867,21.22,31.33,13440.13,552.00
7260867,21.22,31.31,17254.87,554.00
7263867,21.23,31.30,13602.60,553.00
7266867,21.23,31.28,12887.35,554.00
7269867,21.24,31.28,14839.62,554.00
7272867,21.24,31.27,10836.97,555.00
7275867,21.24,31.25,10653.77,555.00
7278867,21.23,31.24,13102.73,555.00
7281867,21.24,31.22,13569.31,555.00
7284867,21.24,31.17,14453.73,555.00
7287867,21.24,31.12,12647.72,554.00
7290867,21.24,31.12,11377.87,546.00
7293867,21.24,31.13,10065.29,553.00
7296867,21.24,31.15,11733.32,552.00
7299867,21.24,31.18,9954.24,562.00
7302867,21.25,31.20,12130.19,550.00
7305867,21.24,31.20,13045.08,549.00
7308867,21.25,31.20,12136.34,548.00
7311867,21.25,31.22,10499.73,549.00
7314867,21.24,31.22,12273.30,546.00
7317867,21.24,31.22,10763.48,546.00
7320867,21.24,31.17,10595.08,545.00
7323867,21.23,31.16,13622.42,544.00
7326867,21.24,31.16,14647.04,543.00
7329867,21.24,31.16,16727.68,541.00
7332867,21.24,31.18,12474.15,539.00
7335867,21.24,31.18,11452.68,538.00
7338867,21.24,31.20,10736.19,537.00
7341867,21.24,31.20,12451.88,537.00
7344867,21.24,31.21,15063.54,536.00
7347867,21.24,31.22,19557.46,534.00
7350867,21.25,31.22,14587.35,532.00
7353867,21.25,31.23,10991.47,530.00
7356867,21.25,31.26,19026.88,528.00
7359867,21.25,31.27,12919.04,528.00
7362867,21.25,31.28,16821.87,525.00
7365867,21.25,31.30,18046.76,524.00
7368867,21.25,31.30,21350.65,521.00
7371867,21.25,31.33,21013.56,519.00
7374867,21.25,31.38,15052.20,527.00
7377867,21.25,31.39,18292.88,516.00
7380867,21.25,31.43,22103.71,513.00
7383867,21.25,31.45,16703.21,514.00
7386867,21.25,31.49,12954.36,512.00
7389867,21.24,31.50,16666.91,510.00
7392867,21.24,31.51,14627.71,507.00
7395867,21.25,31.51,12470.15,516.00
7398867,21.24,31.52,12644.55,504.00
7401867,21.24,31.54,17660.83,502.00
7404867,21.24,31.58,17404.09,499.00
7407867,21.23,31.66,25518.30,498.00
7410867,21.24,31.63,15941.39,497.00
7413867,21.24,31.62,17730.06,499.00
7416867,21.24,31.71,21302.26,495.00
7419867,21.24,31.75,16961.52,492.00
7422867,21.24,31.72,17188.51,491.00
7425867,21.24,31.71,15404.09,490.00
7428867,21.24,31.68,16010.84,488.00
7431867,21.24,31.69,15193.38,487.00
7434867,21.24,31.69,18031.41,485.00
7437867,21.24,31.71,21289.08,487.00
7440867,21.25,31.68,12397.28,487.00
7443867,21.25,31.67,13502.24,487.00
7446867,21.25,31.66,18220.26,487.00
7449867,21.25,31.67,18342.27,488.00
7452867,21.26,31.66,11226.55,489.00
7455867,21.26,31.65,13085.07,490.00
7458867,21.26,31.61,11821.15,492.00
7461867,21.25,31.56,12906.88,491.00
7464867,21.26,31.52,11906.90,491.00
7467867,21.26,31.51,11892.88,492.00
7470867,21.26,31.51,11009.24,491.00
7473867,21.27,31.49,12380.45,491.00
7476867,21.26,31.45,10761.51,490.00
7479867,21.26,31.42,13634.16,489.00
7482867,21.26,31.37,12357.30,491.00
7485867,21.26,31.35,20751.04,490.00
7488867,21.26,31.37,13081.66,489.00
7491867,21.26,31.39,24461.44,489.00
7494867,21.26,31.39,15143.62,488.00
7497867,21.26,31.40,14636.58,479.00
7500867,21.26,31.39,13014.96,484.00
7503867,21.26,31.38,12291.84,482.00
7506867,21.26,31.35,16508.70,481.00
7509867,21.26,31.33,13071.75,478.00
7512867,21.26,31.33,16729.67,476.00
7515867,21.26,31.29,15404.84,484.00
7518867,21.25,31.24,11685.08,472.00
7521867,21.26,31.24,15174.21,470.00
7524867,21.26,31.24,13704.99,467.00
7527867,21.26,31.23,13900.50,465.00
7530867,21.25,31.18,12279.58,464.00
7533867,21.26,31.17,26006.30,461.00
7536867,21.26,31.20,14314.91,460.00
7539867,21.26,31.20,14816.47,457.00
7542867,21.25,31.20,16726.48,453.00
7545867,21.25,31.18,18669.26,450.00
7548867,21.26,31.18,16131.66,447.00
7551867,21.26,31.17,14735.02,443.00
7554867,21.25,31.16,13095.55,440.00
7557867,21.26,31.15,41697.11,436.00
7560867,21.26,31.17,14425.60,432.00
7563867,21.26,31.18,15545.05,429.00
7566867,21.26,31.18,12684.40,424.00
7569867,21.26,31.18,14474.74,420.00
7572867,21.26,31.18,16308.99,415.00
7575867,21.26,31.20,16883.33,412.00
7578867,21.26,31.21,15729.84,407.00
7581867,21.26,31.22,25433.13,403.00
7584867,21.26,31.23,19836.31,400.00
7587867,21.26,31.21,18761.88,396.00
7590867,21.26,31.21,18711.66,394.00
7593867,21.27,31.21,14151.28,391.00
7596867,21.26,31.21,19165.54,388.00
7599867,21.27,31.21,15831.31,386.00
7602867,21.27,31.21,31586.04,385.00
7605867,21.27,31.21,34516.79,382.00
7608867,21.27,31.20,36265.84,380.00
7611867,21.27,31.21,31124.97,378.00
7614867,21.27,31.23,36150.76,377.00
7617867,21.27,31.25,28456.91,376.00
7620867,21.27,31.26,18113.41,374.00
7623867,21.27,31.26,20521.87,373.00
7626867,21.27,31.25,14038.53,372.00
7629867,21.27,31.23,32672.70,371.00
7632867,21.27,31.23,22848.53,371.00
7635867,21.27,31.23,19642.26,370.00
7638867,21.28,31.22,25081.44,371.00
7641867,21.28,31.22,19901.62,369.00
7644867,21.27,31.17,25234.65,370.00
7647867,21.28,31.19,26047.43,371.00
7650867,21.28,31.19,22611.07,372.00
7653867,21.28,31.17,20532.50,372.00
7656867,21.27,31.17,20775.59,373.00
7659867,21.28,31.19,21259.81,375.00
7662867,21.27,31.20,27245.48,377.00
7665867,21.28,31.19,21092.19,379.00
7668867,21.28,31.19,16363.14,382.00
7671867,21.28,31.17,21164.85,383.00
7674867,21.27,31.16,35065.93,385.00
7677867,21.27,31.17,20486.92,386.00
7680867,21.27,31.20,21496.01,389.00
7683867,21.27,31.20,29526.87,390.00
7686867,21.27,31.23,23117.31,390.00
7689867,21.26,31.25,27376.05,393.00
7692867,21.26,31.23,33681.77,393.00
7695867,21.26,31.23,27973.56,392.00
7698867,21.26,31.22,27198.02,392.00
7701867,21.26,31.21,35556.17,391.00
7704867,21.26,31.16,19633.85,391.00
7707867,21.25,31.16,20056.22,388.00
7710867,21.25,31.17,29424.45,389.00
7713867,21.25,31.18,19227.65,387.00
7716867,21.25,31.18,16197.43,386.00
7719867,21.25,31.18,17789.65,384.00
7722867,21.24,31.17,14114.61,383.00
7725867,21.25,31.16,14812.42,381.00
7728867,21.24,31.15,22224.88,379.00
7731867,21.24,31.15,24675.70,377.00
7734867,21.24,31.15,29583.24,375.00
7737867,21.24,31.16,35586.75,373.00
7740867,21.24,31.16,44389.43,372.00
7743867,21.24,31.16,33230.39,370.00
7746867,21.25,31.13,24009.45,369.00
7749867,21.24,31.11,42788.59,368.00
7752867,21.24,31.08,22804.25,366.00
7755867,21.24,31.08,34672.63,364.00
7758867,21.24,31.10,29482.53,363.00
7761867,21.24,31.10,23905.56,362.00
7764867,21.24,31.11,24311.92,359.00
7767867,21.24,31.12,14013.40,357.00
7770867,21.24,31.12,15934.64,357.00
7773867,21.24,31.11,14230.34,354.00
7776867,21.24,31.11,18192.00,356.00
7779867,21.24,31.13,19898.66,351.00
7782867,21.24,31.13,17087.54,348.00
7785867,21.23,31.12,12285.54,346.00
7788867,21.24,31.13,11326.67,345.00
7791867,21.23,31.10,13407.08,344.00
7794867,21.24,31.06,17567.24,341.00
7797867,21.23,31.04,17151.91,339.00
7800867,21.23,31.00,12680.58,335.00
7803867,21.23,30.99,14398.01,334.00
7806867,21.22,31.00,20136.02,337.00
7809867,21.22,31.01,16759.65,332.00
7812867,21.22,31.05,12095.51,329.00
7815867,21.22,31.14,14435.92,327.00
7818867,21.21,31.18,13406.04,326.00
7821867,21.22,31.19,15934.96,323.00
7824867,21.23,31.23,11229.14,321.00
7827867,21.23,31.28,11517.64,320.00
7830867,21.23,31.27,18782.79,318.00
7833867,21.22,31.21,19728.04,316.00
7836867,21.22,31.11,17168.80,315.00
7839867,21.23,31.10,15400.25,315.00
7842867,21.22,31.10,15124.54,312.00
7845867,21.22,31.21,13536.10,313.00
7848867,21.23,31.28,19184.74,312.00
7851867,21.23,31.28,11758.85,310.00
7854867,21.23,31.28,23351.67,310.00
7857867,21.23,31.27,16947.36,309.00
7860867,21.22,31.25,17829.17,307.00
7863867,21.22,31.25,16018.32,305.00
7866867,21.21,31.25,13462.31,299.00
7869867,21.21,31.23,14322.50,302.00
7872867,21.21,31.24,12576.33,300.00
7875867,21.21,31.24,21218.04,300.00
7878867,21.20,31.22,12469.15,298.00
7881867,21.20,31.19,10653.26,298.00
7884867,21.20,31.17,22569.85,296.00
7887867,21.20,31.19,17328.25,295.00
7890867,21.20,31.20,12445.53,295.00
7893867,21.20,31.22,14270.57,293.00
7896867,21.19,31.24,14762.07,292.00
7899867,21.20,31.23,12884.60,293.00
7902867,21.20,31.23,16458.88,293.00
7905867,21.20,31.19,13061.55,292.00
7908867,21.20,31.22,13402.84,293.00
7911867,21.20,31.25,11238.81,294.00
7914867,21.21,31.29,16205.85,293.00
7917867,21.21,31.30,11113.18,294.00
7920867,21.21,31.30,9294.21,296.00
7923867,21.21,31.29,20673.23,294.00
7926867,21.21,31.29,16794.19,296.00
7929867,21.21,31.28,15122.75,294.00
7932867,21.21,31.29,19574.14,297.00
7935867,21.20,31.31,9315.21,306.00
7938867,21.20,31.36,11288.54,298.00
7941867,21.20,31.43,11498.33,300.00
7944867,21.20,31.45,10108.72,300.00
7947867,21.20,31.42,11053.70,300.00
7950867,21.20,31.39,11805.56,301.00
7953867,21.19,31.37,11616.31,308.00
7956867,21.20,31.37,10644.96,302.00
7959867,21.20,31.36,12640.98,303.00
7962867,21.20,31.36,13514.01,304.00
7965867,21.19,31.37,13866.66,305.00
7968867,21.20,31.41,11555.24,306.00
7971867,21.19,31.43,13248.96,306.00
7974867,21.19,31.45,13554.42,308.00
7977867,21.19,31.47,11321.86,310.00
7980867,21.19,31.47,11214.31,312.00
7983867,21.19,31.45,11313.54,313.00
7986867,21.19,31.41,10950.01,316.00
7989867,21.19,31.43,13608.64,318.00
7992867,21.19,31.43,13515.79,320.00
7995867,21.19,31.45,10557.48,323.00
7998867,21.20,31.45,12155.33,326.00
8001867,21.19,31.43,12376.43,330.00
8004867,21.19,31.41,13716.70,328.00
8007867,21.19,31.34,11484.09,334.00
8010867,21.21,31.34,12282.24,336.00
8013867,21.20,31.34,10587.93,340.00
8016867,21.21,31.37,11276.79,341.00
8019867,21.21,31.42,10906.00,344.00
8022867,21.21,31.44,11471.25,346.00
8025867,21.21,31.46,11209.04,349.00
8028867,21.21,31.47,12274.18,352.00
8031867,21.21,31.48,14417.45,354.00
8034867,21.21,31.48,16904.55,357.00
8037867,21.21,31.48,21170.06,360.00
8040867,21.22,31.51,11195.47,361.00
8043867,21.21,31.47,12231.61,365.00
8046867,21.22,31.45,13003.21,368.00
8049867,21.21,31.41,18768.09,371.00
8052867,21.21,31.41,14236.53,374.00
8055867,21.21,31.39,10218.71,376.00
8058867,21.21,31.39,11989.81,380.00
8061867,21.21,31.39,13585.05,384.00
8064867,21.21,31.39,12841.85,387.00
8067867,21.21,31.37,15702.77,390.00
8070867,21.21,31.35,13662.58,393.00
8073867,21.20,31.35,15693.26,396.00
8076867,21.20,31.35,17161.85,399.00
8079867,21.20,31.37,19119.78,402.00
8082867,21.21,31.40,15612.38,405.00
8085867,21.21,31.41,13493.69,407.00
8088867,21.20,31.40,13055.49,410.00
8091867,21.21,31.40,14617.27,412.00
8094867,21.21,31.47,11956.29,415.00
8097867,21.21,31.53,11113.50,417.00
8100867,21.21,31.52,20632.14,419.00
8103867,21.21,31.51,14046.24,420.00
8106867,21.21,31.47,17429.96,422.00
8109867,21.22,31.44,18259.51,423.00
8112867,21.22,31.42,16187.25,424.00
8115867,21.22,31.40,12225.96,426.00
8118867,21.23,31.38,19164.18,428.00
8121867,21.23,31.38,15261.17,429.00
8124867,21.23,31.36,12693.89,430.00
8127867,21.23,31.35,14903.53,432.00
8130867,21.24,31.35,16327.96,431.00
8133867,21.24,31.39,19723.64,434.00
8136867,21.24,31.40,13444.88,435.00
8139867,21.24,31.43,14842.37,437.00
8142867,21.24,31.44,30480.09,439.00
8145867,21.24,31.45,15864.35,439.00
8148867,21.23,31.38,19392.70,440.00
8151867,21.24,31.29,20809.86,447.00
8154867,21.24,31.29,25131.57,443.00
8157867,21.24,31.29,19032.21,445.00
8160867,21.24,31.32,16501.06,446.00
8163867,21.25,31.34,13164.63,447.00
8166867,21.24,31.46,36936.55,448.00
8169867,21.25,31.45,18672.15,450.00
8172867,21.25,31.43,19820.36,452.00
8175867,21.25,31.39,16613.56,452.00
8178867,21.26,31.34,19977.84,454.00
8181867,21.26,31.32,24200.90,456.00
8184867,21.26,31.32,21842.58,456.00
8187867,21.27,31.25,37859.43,458.00
8190867,21.27,31.21,25688.21,461.00
8193867,21.27,31.18,23234.62,461.00
8196867,21.28,31.22,16361.47,463.00
8199867,21.27,31.22,17919.10,465.00
8202867,21.28,31.23,30739.07,465.00
8205867,21.28,31.20,20767.31,467.00
8208867,21.28,31.17,21390.54,477.00
8211867,21.28,31.14,19142.86,469.00
8214867,21.29,31.15,23902.89,470.00
8217867,21.29,31.17,20885.59,469.00
8220867,21.29,31.21,21602.85,473.00
8223867,21.30,31.25,22448.83,475.00
8226867,21.30,31.25,16779.15,476.00
8229867,21.30,31.26,14236.51,478.00
8232867,21.31,31.27,19295.12,479.00
8235867,21.31,31.27,18406.87,480.00
8238867,21.31,31.29,19074.34,481.00
8241867,21.32,31.29,13756.88,482.00
8244867,21.32,31.26,12177.94,485.00
8247867,21.32,31.26,20560.55,485.00
8250867,21.32,31.26,12263.83,488.00
8253867,21.33,31.27,17870.23,487.00
8256867,21.33,31.29,13735.41,489.00
8259867,21.33,31.26,21118.32,490.00
8262867,21.33,31.26,23141.45,490.00
8265867,21.33,31.27,19322.29,490.00
8268867,21.33,31.26,20206.61,491.00
8271867,21.32,31.24,17089.99,491.00
8274867,21.33,31.24,32989.34,491.00
8277867,21.32,31.25,24041.16,489.00
8280867,21.32,31.25,25682.88,489.00
8283867,21.32,31.27,23666.00,487.00
8286867,21.31,31.30,25065.57,486.00
8289867,21.32,31.31,28343.11,487.00
8292867,21.31,31.33,34453.53,486.00
8295867,21.32,31.36,36988.16,485.00
8298867,21.31,31.35,30081.38,483.00
8301867,21.32,31.35,21372.11,496.00
8304867,21.32,31.29,22455.97,485.00
8307867,21.32,31.27,26770.41,483.00
8310867,21.33,31.25,26043.09,484.00
8313867,21.33,31.25,21547.51,484.00
8316867,21.34,31.26,17682.37,483.00
8319867,21.33,31.26,20584.27,484.00
8322867,21.34,31.27,24886.03,484.00
8325867,21.34,31.27,29904.67,484.00
8328867,21.33,31.31,17577.26,483.00
8331867,21.34,31.32,27115.36,486.00
8334867,21.34,31.35,13076.81,495.00
8337867,21.34,31.40,14556.57,485.00
8340867,21.33,31.46,15685.76,486.00
8343867,21.34,31.52,16625.20,486.00
8346867,21.34,31.53,12303.19,487.00
8349867,21.33,31.58,11741.47,488.00
8352867,21.34,31.63,14196.44,488.00
8355867,21.33,31.64,17447.58,488.00
8358867,21.33,31.63,14439.22,490.00
8361867,21.33,31.64,21219.38,500.00
8364867,21.33,31.65,19442.06,491.00
8367867,21.33,31.70,19373.32,491.00
8370867,21.32,31.72,21656.31,493.00
8373867,21.32,31.78,23645.56,495.00
8376867,21.33,31.80,18164.26,496.00
8379867,21.33,31.79,10911.15,497.00
8382867,21.33,31.80,12941.96,500.00
8385867,21.33,31.81,11336.46,502.00
8388867,21.33,31.81,12245.39,504.00
8391867,21.33,31.83,13230.33,504.00
8394867,21.33,31.88,15322.35,503.00
8397867,21.33,31.86,15453.94,507.00
8400867,21.34,31.83,11568.14,509.00
8403867,21.33,31.83,13928.88,511.00
8406867,21.34,31.80,12679.10,513.00
8409867,21.34,31.77,15286.19,516.00
8412867,21.34,31.79,14269.41,515.00
8415867,21.34,31.80,21132.76,517.00
8418867,21.35,31.83,20241.55,519.00
8421867,21.35,31.85,19463.59,514.00
8424867,21.35,31.81,12305.51,522.00
8427867,21.36,31.79,20322.85,523.00
8430867,21.36,31.78,14488.83,525.00
8433867,21.36,31.76,12088.54,526.00
8436867,21.36,31.76,20979.71,527.00
8439867,21.37,31.73,22302.62,528.00
8442867,21.36,31.67,18243.25,530.00
8445867,21.37,31.64,11128.87,531.00
8448867,21.37,31.65,12932.82,533.00
8451867,21.37,31.67,13704.18,532.00
8454867,21.37,31.68,13156.50,535.00
8457867,21.38,31.67,13719.27,535.00
8460867,21.38,31.57,14602.97,549.00
8463867,21.38,31.55,22625.86,538.00
8466867,21.39,31.55,14344.15,539.00
8469867,21.40,31.50,16919.41,541.00
8472867,21.40,31.49,15670.37,542.00
8475867,21.40,31.46,15089.02,543.00
8478867,21.40,31.45,10741.39,544.00
8481867,21.40,31.46,18073.46,545.00
8484867,21.40,31.46,11982.26,547.00
8487867,21.40,31.47,16637.67,547.00
8490867,21.41,31.47,14161.58,549.00
8493867,21.42,31.50,14584.70,549.00
8496867,21.41,31.58,31244.87,551.00
8499867,21.42,31.56,24151.04,552.00
8502867,21.42,31.51,21765.42,554.00
8505867,21.43,31.42,17345.30,555.00
8508867,21.43,31.37,26968.12,557.00
8511867,21.44,31.27,29444.27,558.00
8514867,21.44,31.21,31779.87,557.00
8517867,21.44,31.15,34260.24,559.00
8520867,21.44,31.15,19743.24,561.00
8523867,21.44,31.16,16327.41,563.00
8526867,21.45,31.16,17275.96,564.00
8529867,21.45,31.16,16595.99,566.00
8532867,21.46,31.25,21581.76,567.00
8535867,21.46,31.28,23802.66,564.00
8538867,21.46,31.32,22667.62,567.00
8541867,21.46,31.28,17775.65,566.00
8544867,21.46,31.26,17821.45,566.00
8547867,21.46,31.19,18938.30,566.00
8550867,21.47,31.11,18245.51,566.00
8553867,21.47,31.11,18176.86,566.00
8556867,21.47,31.09,20409.09,564.00
8559867,21.47,31.11,22399.91,563.00
8562867,21.48,31.11,40692.42,563.00
8565867,21.48,31.05,42121.72,562.00
8568867,21.48,31.05,27658.41,560.00
8571867,21.48,31.05,23880.91,559.00
8574867,21.48,31.04,19637.83,558.00
8577867,21.48,31.04,20972.73,556.00
8580867,21.48,31.04,28233.93,556.00
8583867,21.48,31.05,18755.00,555.00
8586867,21.48,31.08,14283.84,554.00
8589867,21.48,31.09,13501.33,553.00
8592867,21.48,31.14,18570.64,549.00
8595867,21.48,31.17,15271.37,551.00
8598867,21.48,31.24,12886.07,551.00
8601867,21.48,31.25,16898.48,559.00
8604867,21.47,31.27,12453.19,549.00
8607867,21.47,31.27,15401.13,547.00
8610867,21.47,31.25,21138.45,547.00
8613867,21.47,31.25,13583.43,546.00
8616867,21.47,31.25,14967.23,545.00
8619867,21.47,31.28,12363.14,545.00
8622867,21.46,31.32,11588.96,544.00
8625867,21.47,31.36,12163.36,545.00
8628867,21.47,31.38,16031.57,546.00
8631867,21.46,31.41,13574.09,546.00
8634867,21.46,31.41,10079.32,546.00
8637867,21.46,31.41,11426.82,546.00
8640867,21.45,31.42,13096.30,548.00
8643867,21.45,31.42,18618.48,548.00
8646867,21.45,31.40,14722.70,551.00
8649867,21.45,31.39,17113.20,552.00
8652867,21.45,31.38,13206.00,554.00
8655867,21.45,31.34,11766.01,549.00
8658867,21.45,31.31,14842.08,559.00
8661867,21.45,31.28,11815.69,560.00
8664867,21.45,31.28,14105.30,564.00
8667867,21.45,31.33,13648.23,565.00
8670867,21.45,31.36,11534.59,569.00
8673867,21.45,31.27,12401.53,571.00
8676867,21.46,31.26,12222.23,572.00
8679867,21.46,31.23,11226.01,575.00
8682867,21.46,31.25,11889.62,578.00
8685867,21.46,31.26,9859.42,580.00
8688867,21.46,31.29,15545.41,583.00
8691867,21.46,31.31,13357.96,585.00
8694867,21.47,31.38,14901.43,588.00
8697867,21.47,31.36,11759.60,590.00
8700867,21.47,31.34,12790.24,592.00
8703867,21.47,31.33,12318.22,594.00
8706867,21.48,31.31,11684.83,597.00
8709867,21.47,31.22,9863.54,597.00
8712867,21.48,31.21,12688.69,598.00
8715867,21.48,31.16,12496.64,599.00
8718867,21.48,31.16,15337.34,600.00
8721867,21.48,31.19,19684.06,601.00
8724867,21.48,31.17,12306.92,599.00
8727867,21.48,31.17,16412.56,603.00
8730867,21.49,31.16,12508.58,604.00
8733867,21.49,31.19,10845.30,606.00
8736867,21.49,31.20,12249.47,608.00
8739867,21.49,31.19,14135.15,609.00
8742867,21.50,31.18,12095.68,610.00
8745867,21.50,31.19,11995.59,614.00
8748867,21.50,31.18,11047.60,617.00
8751867,21.50,31.16,11365.91,611.00
8754867,21.50,31.12,9792.54,621.00
8757867,21.50,31.08,12418.03,622.00
8760867,21.50,30.94,10986.58,624.00
8763867,21.51,30.96,11661.81,625.00
8766867,21.51,30.92,13740.58,626.00
8769867,21.51,30.93,11556.45,626.00
8772867,21.51,30.96,19410.50,632.00
8775867,21.51,30.95,13054.42,634.00
8778867,21.50,30.92,19508.48,627.00
8781867,21.51,30.93,12040.22,632.00
8784867,21.51,30.95,12896.65,632.00
8787867,21.50,30.96,15204.62,633.00
8790867,21.50,30.96,14663.83,633.00
8793867,21.50,30.92,13735.94,634.00
8796867,21.50,30.87,16338.79,635.00
8799867,21.50,30.88,16331.98,638.00
8802867,21.50,30.88,13020.54,638.00
8805867,21.50,30.87,10694.47,638.00
8808867,21.50,30.83,12233.67,639.00
8811867,21.50,30.82,18719.84,638.00
8814867,21.49,30.79,15125.20,639.00
8817867,21.50,30.79,13688.46,638.00
8820867,21.50,30.76,16901.23,638.00
8823867,21.50,30.76,13856.51,637.00
8826867,21.50,30.75,17113.59,637.00
8829867,21.50,30.66,13578.61,636.00
8832867,21.49,30.63,13510.83,635.00
8835867,21.50,30.65,10827.30,641.00
8838867,21.50,30.63,12372.16,632.00
8841867,21.50,30.58,16246.51,633.00
8844867,21.49,30.54,12136.05,632.00
8847867,21.49,30.55,21349.50,632.00
8850867,21.49,30.53,13381.39,630.00
8853867,21.49,30.53,20582.14,630.00
8856867,21.49,30.48,12561.78,628.00
8859867,21.49,30.43,10675.06,628.00
8862867,21.49,30.46,12817.11,627.00
8865867,21.48,30.49,12788.58,626.00
8868867,21.48,30.52,15759.00,625.00
8871867,21.48,30.53,11241.34,624.00
8874867,21.48,30.54,13288.25,623.00
8877867,21.48,30.52,11994.47,624.00
8880867,21.48,30.47,10456.00,623.00
8883867,21.47,30.47,12583.27,623.00
8886867,21.47,30.46,13254.90,621.00
8889867,21.47,30.48,22134.75,623.00
8892867,21.46,30.47,11840.44,628.00
8895867,21.46,30.43,12650.92,623.00
8898867,21.46,30.39,14347.72,624.00
8901867,21.45,30.42,13191.31,625.00
8904867,21.45,30.42,24148.02,625.00
8907867,21.45,30.43,18636.92,626.00
8910867,21.45,30.47,16574.27,626.00
8913867,21.45,30.48,20040.09,628.00
8916867,21.45,30.48,16607.85,627.00
8919867,21.45,30.48,19962.68,629.00
8922867,21.44,30.42,22254.42,629.00
8925867,21.44,30.43,15807.39,629.00
8928867,21.44,30.40,15973.94,630.00
8931867,21.44,30.44,14048.90,631.00
8934867,21.45,30.45,19145.19,631.00
8937867,21.45,30.41,21466.92,633.00
8940867,21.45,30.42,15717.65,633.00
8943867,21.45,30.38,23786.79,626.00
8946867,21.44,30.37,19194.84,635.00
8949867,21.44,30.37,14519.50,637.00
8952867,21.44,30.42,17973.88,638.00
8955867,21.44,30.43,24459.13,639.00
8958867,21.44,30.45,20837.34,639.00
8961867,21.44,30.44,21703.04,644.00
8964867,21.44,30.44,17140.80,640.00
8967867,21.44,30.44,14755.17,641.00
8970867,21.45,30.47,14942.18,641.00
8973867,21.44,30.44,15952.39,641.00
8976867,21.45,30.45,29794.37,641.00
8979867,21.44,30.44,23380.46,641.00
8982867,21.45,30.48,18156.17,640.00
8985867,21.45,30.49,17976.93,639.00
8988867,21.44,30.48,16225.81,640.00
8991867,21.45,30.49,18553.83,639.00
8994867,21.45,30.49,14908.99,638.00
8997867,21.45,30.49,12952.75,637.00
9000867,21.45,30.48,13153.82,635.00
9003867,21.45,30.45,19949.92,634.00
9006867,21.45,30.48,16652.12,633.00
9009867,21.46,30.50,20002.82,632.00
9012867,21.45,30.53,13667.12,632.00
9015867,21.45,30.52,25151.14,631.00
9018867,21.46,30.50,12756.50,631.00
9021867,21.46,30.49,24611.11,630.00
9024867,21.45,30.48,21238.66,628.00
9027867,21.46,30.49,9911.36,628.00
9030867,21.46,30.48,23899.83,631.00
9033867,21.46,30.50,25928.04,630.00
9036867,21.46,30.50,18389.36,632.00
9039867,21.45,30.50,12612.13,633.00
9042867,21.45,30.53,20154.07,633.00
9045867,21.46,30.52,9520.91,634.00
9048867,21.46,30.54,13481.41,633.00
9051867,21.46,30.56,11244.77,634.00
9054867,21.46,30.59,22439.38,633.00
9057867,21.46,30.56,15908.85,632.00
9060867,21.46,30.55,13443.95,631.00
9063867,21.46,30.56,9621.16,631.00
9066867,21.46,30.58,16315.40,630.00
9069867,21.46,30.55,10631.68,628.00
9072867,21.46,30.54,11019.98,632.00
9075867,21.46,30.54,14072.01,628.00
9078867,21.46,30.55,10253.35,629.00
9081867,21.46,30.55,14854.92,628.00
9084867,21.46,30.54,10616.07,628.00
9087867,21.45,30.52,13372.23,628.00
9090867,21.45,30.50,10953.97,628.00
9093867,21.45,30.47,13735.32,627.00
9096867,21.45,30.48,17620.96,638.00
9099867,21.46,30.47,9784.10,627.00
9102867,21.46,30.47,14483.47,627.00
9105867,21.46,30.43,14570.86,626.00
9108867,21.46,30.44,11428.67,626.00
9111867,21.46,30.45,9840.97,625.00
9114867,21.46,30.47,9228.08,624.00
9117867,21.47,30.44,12751.20,622.00
9120867,21.47,30.43,13689.57,624.00
9123867,21.47,30.44,23904.09,618.00
9126867,21.47,30.46,23240.50,619.00
9129867,21.47,30.43,25378.03,619.00
9132867,21.47,30.39,16127.22,617.00
9135867,21.47,30.41,12415.04,617.00
9138867,21.48,30.42,17376.15,616.00
9141867,21.48,30.38,16206.36,617.00
9144867,21.48,30.36,13232.05,615.00
9147867,21.48,30.35,15297.97,615.00
9150867,21.48,30.32,13975.94,615.00
9153867,21.48,30.32,27511.52,615.00
9156867,21.48,30.37,14672.45,614.00
9159867,21.48,30.38,11160.33,614.00
9162867,21.48,30.35,12593.60,615.00
9165867,21.48,30.36,11480.68,615.00
9168867,21.49,30.36,10348.19,616.00
9171867,21.49,30.35,12915.00,616.00
9174867,21.49,30.35,16292.30,618.00
9177867,21.48,30.36,12378.97,620.00
9180867,21.49,30.36,18472.23,620.00
9183867,21.48,30.35,20983.69,620.00
9186867,21.49,30.35,15437.25,622.00
9189867,21.49,30.36,17980.02,623.00
9192867,21.49,30.36,20778.65,624.00
9195867,21.49,30.37,18304.80,625.00
9198867,21.49,30.38,20172.02,626.00
9201867,21.48,30.31,18960.72,626.00
9204867,21.49,30.31,22654.17,626.00
9207867,21.49,30.33,15781.68,627.00
9210867,21.48,30.30,17060.86,621.00
9213867,21.49,30.33,10961.97,627.00
9216867,21.48,30.33,15318.41,626.00
9219867,21.48,30.33,13271.77,626.00
9222867,21.49,30.36,11367.41,627.00
9225867,21.48,30.35,11071.45,626.00
9228867,21.48,30.35,11292.20,621.00
9231867,21.48,30.30,17159.88,624.00
9234867,21.48,30.30,11199.46,625.00
9237867,21.48,30.29,10443.03,623.00
9240867,21.48,30.27,19360.74,623.00
9243867,21.48,30.26,17476.49,622.00
9246867,21.48,30.27,22441.10,614.00
9249867,21.48,30.29,21743.85,620.00
9252867,21.48,30.29,22703.85,620.00
9255867,21.48,30.31,17387.62,619.00
9258867,21.47,30.33,17740.46,617.00
9261867,21.48,30.35,19108.71,617.00
9264867,21.48,30.33,15546.13,616.00
9267867,21.48,30.35,15742.04,613.00
9270867,21.48,30.35,16230.87,614.00
9273867,21.48,30.36,13545.04,613.00
9276867,21.48,30.37,11622.05,609.00
9279867,21.48,30.38,10616.78,610.00
9282867,21.48,30.40,9008.50,610.00
9285867,21.48,30.37,15137.69,609.00
9288867,21.49,30.36,11064.63,610.00
9291867,21.48,30.36,10384.22,610.00
9294867,21.49,30.36,10199.48,610.00
9297867,21.49,30.32,13893.35,611.00
9300867,21.49,30.33,11012.68,610.00
9303867,21.49,30.33,14243.93,610.00
9306867,21.49,30.35,17169.06,610.00
9309867,21.49,30.37,11893.51,611.00
9312867,21.48,30.36,17835.52,611.00
9315867,21.48,30.37,11319.70,609.00
9318867,21.48,30.36,17568.37,604.00
9321867,21.48,30.37,13453.24,607.00
9324867,21.48,30.37,12628.55,606.00
9327867,21.48,30.38,12688.44,605.00
9330867,21.47,30.38,19989.85,603.00
9333867,21.48,30.39,17543.93,602.00
9336867,21.47,30.38,14685.40,600.00
9339867,21.47,30.38,11897.06,600.00
9342867,21.47,30.38,18270.91,598.00
9345867,21.47,30.41,18921.13,597.00
9348867,21.47,30.42,13689.77,595.00
9351867,21.47,30.42,21141.33,594.00
9354867,21.47,30.41,14906.22,592.00
9357867,21.46,30.37,25517.69,590.00
9360867,21.46,30.33,15434.04,587.00
9363867,21.46,30.32,17378.20,586.00
9366867,21.47,30.30,14304.50,585.00
9369867,21.47,30.30,16068.33,583.00
9372867,21.47,30.30,13106.26,582.00
9375867,21.47,30.32,13461.88,582.00
9378867,21.47,30.31,18786.88,579.00
9381867,21.47,30.31,12794.05,579.00
9384867,21.47,30.31,15299.44,576.00
9387867,21.47,30.30,15073.00,576.00
9390867,21.48,30.30,16645.37,575.00
9393867,21.48,30.27,14836.37,567.00
9396867,21.48,30.27,14778.02,574.00
9399867,21.48,30.26,13635.40,575.00
9402867,21.48,30.25,12117.21,572.00
9405867,21.47,30.26,18545.46,572.00
9408867,21.47,30.25,16239.49,572.00
9411867,21.47,30.22,17814.44,570.00
9414867,21.46,30.24,13786.08,573.00
9417867,21.47,30.24,18054.40,574.00
9420867,21.46,30.20,16588.14,575.00
9423867,21.46,30.24,15652.94,576.00
9426867,21.46,30.26,14095.95,578.00
9429867,21.46,30.30,16136.94,579.00
9432867,21.46,30.31,16818.98,583.00
9435867,21.47,30.30,18252.26,583.00
9438867,21.47,30.28,19599.55,581.00
9441867,21.47,30.25,17599.22,585.00
9444867,21.48,30.22,13762.28,588.00
9447867,21.47,30.21,13297.50,590.00
9450867,21.48,30.20,15029.61,593.00
9453867,21.48,30.21,14579.79,604.00
9456867,21.48,30.21,17758.41,598.00
9459867,21.48,30.18,13860.90,601.00
9462867,21.48,30.18,19084.68,604.00
9465867,21.48,30.16,17844.06,608.00
9468867,21.47,30.17,24965.75,611.00
9471867,21.47,30.15,15970.50,614.00
9474867,21.47,30.15,19069.05,617.00
9477867,21.46,30.16,22090.37,622.00
9480867,21.47,30.19,19284.79,627.00
9483867,21.46,30.21,17418.51,630.00
9486867,21.46,30.22,11114.58,645.00
9489867,21.46,30.24,23781.57,637.00
9492867,21.46,30.24,20426.77,638.00
9495867,21.46,30.24,14432.05,643.00
9498867,21.46,30.25,14667.06,637.00
9501867,21.46,30.26,14649.29,647.00
9504867,21.46,30.26,17125.07,646.00
9507867,21.46,30.22,14191.68,651.00
9510867,21.46,30.24,10280.62,653.00
9513867,21.45,30.24,10729.95,655.00
9516867,21.45,30.24,10825.25,656.00
9519867,21.45,30.25,10194.98,658.00
9522867,21.45,30.25,11219.49,658.00
9525867,21.45,30.25,11075.94,659.00
9528867,21.45,30.27,10982.85,661.00
9531867,21.45,30.25,9422.90,661.00
9534867,21.44,30.22,12863.30,661.00
9537867,21.44,30.23,14985.76,661.00
9540867,21.44,30.22,31267.77,662.00
9543867,21.44,30.22,10809.74,662.00
9546867,21.45,30.21,11995.58,662.00
9549867,21.44,30.22,12792.64,662.00
9552867,21.45,30.21,10884.97,662.00
9555867,21.44,30.22,9919.19,657.00
9558867,21.44,30.18,9994.17,661.00
9561867,21.43,30.18,11782.33,661.00
9564867,21.44,30.17,14395.41,662.00
9567867,21.44,30.17,14768.49,662.00
9570867,21.44,30.21,11886.39,663.00
9573867,21.44,30.20,13441.65,664.00
9576867,21.44,30.21,12106.25,678.00
9579867,21.44,30.17,11118.81,678.00
9582867,21.44,30.16,10045.26,664.00
9585867,21.44,30.14,10208.58,665.00
9588867,21.44,30.15,11892.28,663.00
9591867,21.44,30.16,10426.63,664.00
9594867,21.44,30.21,11766.03,663.00
9597867,21.45,30.22,8982.63,663.00
9600867,21.45,30.21,9214.75,663.00
9603867,21.44,30.19,11332.51,662.00
9606867,21.45,30.17,9723.39,662.00
9609867,21.45,30.17,12419.01,662.00
9612867,21.46,30.14,12296.53,663.00
9615867,21.46,30.16,19119.45,668.00
9618867,21.46,30.16,11103.59,665.00
9621867,21.45,30.22,10031.24,662.00
9624867,21.45,30.25,11678.48,662.00
9627867,21.45,30.27,9875.71,663.00
9630867,21.46,30.30,9742.21,663.00
9633867,21.47,30.30,10426.79,663.00
9636867,21.47,30.26,10413.55,663.00
9639867,21.47,30.22,9610.42,662.00
9642867,21.47,30.22,10241.18,660.00
9645867,21.47,30.24,8875.25,663.00
9648867,21.48,30.22,11006.78,661.00
9651867,21.48,30.24,9907.66,660.00
9654867,21.48,30.31,8626.13,659.00
9657867,21.49,30.32,11279.60,659.00
9660867,21.49,30.33,12825.89,658.00
9663867,21.49,30.35,10951.52,659.00
9666867,21.49,30.35,10974.57,657.00
9669867,21.49,30.33,18728.60,657.00
9672867,21.50,30.33,18160.66,648.00
9675867,21.49,30.33,14787.48,657.00
9678867,21.49,30.32,18240.41,656.00
9681867,21.49,30.31,16360.16,657.00
9684867,21.48,30.31,20141.26,656.00
9687867,21.48,30.35,13216.31,668.00
9690867,21.47,30.35,10584.78,649.00
9693867,21.47,30.38,21936.20,657.00
9696867,21.47,30.39,19247.26,657.00
9699867,21.47,30.43,15289.76,658.00
9702867,21.47,30.44,15894.69,659.00
9705867,21.46,30.44,17483.48,660.00
9708867,21.46,30.43,11522.75,662.00
9711867,21.47,30.41,13144.37,665.00
9714867,21.47,30.34,11605.42,680.00
9717867,21.47,30.36,18232.48,670.00
9720867,21.47,30.35,17603.95,673.00
9723867,21.48,30.31,15977.74,673.00
9726867,21.48,30.27,12465.43,677.00
9729867,21.49,30.27,13440.37,679.00
9732867,21.48,30.27,17694.53,683.00
9735867,21.49,30.27,14280.40,685.00
9738867,21.49,30.27,11687.26,681.00
9741867,21.49,30.31,14334.51,697.00
9744867,23.24,100.00,13220.78,974.00
9747867,23.24,100.00,12293.96,974.00
9750867,23.24,100.00,12016.77,974.00
9753867,23.24,100.00,15958.46,974.00
9756867,23.24,100.00,11929.75,974.00
9759867,23.24,100.00,11278.54,975.00
9762867,23.24,100.00,12055.55,975.00
9765867,23.24,100.00,15564.00,975.00
9768867,23.24,100.00,13646.30,975.00
9771867,23.24,100.00,21613.98,975.00
9774867,23.24,100.00,17714.49,975.00
9777867,23.24,100.00,21815.20,975.00
9780867,23.24,100.00,14918.23,974.00
9783867,23.24,100.00,18096.53,961.00
9786867,23.24,100.00,15712.37,976.00
9789867,23.24,100.00,15961.29,976.00
9792867,23.24,100.00,14509.56,976.00
9795867,23.24,100.00,15200.28,976.00
9798867,23.24,100.00,14054.04,977.00
9801867,23.24,100.00,17858.85,977.00
9804867,23.24,100.00,14992.74,977.00
9807867,23.24,100.00,16293.75,976.00
9810867,23.24,100.00,14720.92,976.00
9813867,23.24,100.00,22263.00,977.00
9816867,23.24,100.00,23378.95,978.00
9819867,23.24,100.00,12978.36,978.00
9822867,23.24,100.00,9823.60,976.00
9825867,23.24,100.00,19309.12,977.00
9828867,23.24,100.00,15634.49,978.00
9831867,23.24,100.00,15321.98,975.00
9834867,23.24,100.00,11636.27,978.00
9837867,23.24,100.00,19156.13,979.00
9840867,23.24,100.00,12963.07,977.00
9843867,23.24,100.00,17263.50,978.00
9846867,23.24,100.00,17280.44,963.00
9849867,23.24,100.00,11951.37,977.00
9852867,23.24,100.00,12900.98,978.00
9855867,23.24,100.00,11138.24,979.00
9858867,23.24,100.00,11652.66,979.00
9861867,23.24,100.00,15465.15,979.00
9864867,23.24,100.00,11579.90,978.00
9867867,23.24,100.00,19817.43,978.00
9870867,23.24,100.00,12131.89,979.00
9873867,23.24,100.00,13758.03,979.00
9876867,23.24,100.00,11246.94,979.00
9879867,23.24,100.00,14892.42,979.00
9882867,23.24,100.00,21092.71,978.00
9885867,23.24,100.00,10581.50,983.00
9888867,23.24,100.00,11017.90,979.00
9891867,23.24,100.00,9512.56,978.00
9894867,23.24,100.00,10744.79,978.00
9897867,23.24,100.00,11210.65,979.00
9900867,23.24,100.00,10694.34,977.00
9903867,23.24,100.00,10911.96,978.00
9906867,23.24,100.00,11426.70,978.00
9909867,23.24,100.00,10426.62,978.00
9912867,23.24,100.00,10269.79,977.00
9915867,23.24,100.00,11495.54,978.00
9918867,23.24,100.00,10829.07,978.00
9921867,23.24,100.00,9641.45,978.00
9924867,23.24,100.00,12875.94,977.00
9927867,23.24,100.00,12307.82,977.00
9930867,23.24,100.00,12455.33,978.00
9933867,23.24,100.00,14689.89,978.00
9936867,23.24,100.00,14346.37,978.00
9939867,23.24,100.00,14396.58,977.00
9942867,23.24,100.00,14647.53,977.00
9945867,23.24,100.00,14097.13,977.00
9948867,23.24,100.00,13193.88,977.00
9951867,23.24,100.00,14871.47,977.00
9954867,23.24,100.00,14760.03,976.00
9957867,23.24,100.00,14056.33,976.00
9960867,23.24,100.00,16859.78,977.00
9963867,23.24,100.00,11178.01,976.00
9966867,23.24,100.00,14803.58,976.00
9969867,23.24,100.00,20988.30,976.00
9972867,23.24,100.00,14031.44,976.00
9975867,23.24,100.00,10762.43,976.00
9978867,23.24,100.00,15979.12,976.00
9981867,23.24,100.00,13733.69,976.00
9984867,23.24,100.00,12580.49,976.00
9987867,23.24,100.00,21703.74,976.00
9990867,23.24,100.00,15223.17,976.00
9993867,23.24,100.00,12969.57,976.00
9996867,23.24,100.00,15113.17,975.00
9999867,23.24,100.00,15306.17,977.00
10002867,23.24,100.00,17484.29,976.00
10005867,23.24,100.00,13702.41,976.00
10008867,23.24,100.00,12342.16,962.00
10011867,23.24,100.00,11829.54,976.00
10014867,23.24,100.00,11835.17,976.00
10017867,23.24,100.00,10485.97,976.00
10020867,23.24,100.00,12297.84,977.00
10023867,23.24,100.00,12790.61,976.00
10026867,23.24,100.00,15339.22,976.00
10029867,23.24,100.00,11486.24,976.00
10032867,23.24,100.00,14636.72,976.00
10035867,23.24,100.00,14483.24,976.00
10038867,23.24,100.00,11369.66,976.00
10041867,23.24,100.00,14683.48,977.00
10044867,23.24,100.00,17404.21,976.00
10047867,23.24,100.00,12336.88,976.00
10050867,23.24,100.00,14755.00,975.00
10053867,23.24,100.00,14919.39,976.00
10056867,23.24,100.00,17198.49,974.00
10059867,23.24,100.00,14828.58,977.00
10062867,23.24,100.00,16730.79,976.00
10065867,23.24,100.00,16295.82,976.00
10068867,23.24,100.00,13965.80,975.00
10071867,23.24,100.00,13171.98,975.00
10074867,23.24,100.00,18905.49,975.00
10077867,23.24,100.00,13408.87,975.00
10080867,23.24,100.00,13536.67,976.00
10083867,23.24,100.00,12991.53,975.00
10086867,23.24,100.00,11236.72,975.00
10089867,23.24,100.00,12851.87,976.00
10092867,23.24,100.00,11443.80,975.00
10095867,23.24,100.00,14734.23,975.00
10098867,23.24,100.00,11834.22,975.00
10101867,23.24,100.00,13440.88,959.00
10104867,23.24,100.00,15160.83,974.00
10107867,23.24,100.00,13678.65,974.00
10110867,23.24,100.00,13382.98,975.00
10113867,23.24,100.00,12041.82,975.00
10116867,23.24,100.00,15955.63,975.00
10119867,23.24,100.00,18689.07,975.00
10122867,23.24,100.00,21695.58,975.00
10125867,23.24,100.00,18995.41,975.00
10128867,23.24,100.00,14804.75,975.00
10131867,23.24,100.00,14707.54,975.00
10134867,23.24,100.00,14577.29,976.00
10137867,23.24,100.00,17498.41,974.00
10140867,23.24,100.00,17201.64,975.00
10143867,23.24,100.00,18155.50,976.00
10146867,23.24,100.00,20999.74,976.00
10149867,23.24,100.00,19306.00,975.00
10152867,23.24,100.00,18617.43,976.00
10155867,23.24,100.00,23187.26,976.00
10158867,23.24,100.00,27534.90,975.00
10161867,23.24,100.00,21367.04,975.00
10164867,23.24,100.00,20491.39,975.00
10167867,23.24,100.00,33393.64,976.00
10170867,23.24,100.00,19693.87,975.00
10173867,23.24,100.00,19465.85,975.00
10176867,23.24,100.00,16046.82,977.00
10179867,23.24,100.00,22027.92,976.00
10182867,23.24,100.00,25440.86,976.00
10185867,23.24,100.00,25326.89,971.00
10188867,23.24,100.00,23010.41,976.00
10191867,23.24,100.00,18565.67,976.00
10194867,23.24,100.00,12773.60,976.00
10197867,23.24,100.00,15095.94,976.00
10200867,23.24,100.00,13547.48,976.00
10203867,23.24,100.00,16041.86,977.00
10206867,23.24,100.00,17518.18,977.00
10209867,23.24,100.00,14452.00,977.00
10212867,23.24,100.00,26556.73,977.00
10215867,23.24,100.00,33757.34,977.00
10218867,23.24,100.00,21726.13,977.00
10221867,23.24,100.00,16956.63,977.00
10224867,23.24,100.00,13705.29,977.00
10227867,23.24,100.00,13669.06,977.00
10230867,23.24,100.00,22832.93,977.00
10233867,23.24,100.00,20810.96,976.00
10236867,23.24,100.00,16249.97,976.00
10239867,23.24,100.00,28352.86,997.00
10242867,23.24,100.00,21094.65,976.00
10245867,23.24,100.00,17682.75,977.00
10248867,23.24,100.00,29951.38,973.00
10251867,23.24,100.00,35576.51,975.00
10254867,23.24,100.00,18635.05,976.00
10257867,23.24,100.00,27828.00,976.00
10260867,23.24,100.00,15647.11,976.00
10263867,23.24,100.00,26928.45,976.00
10266867,23.24,100.00,14673.11,971.00
10269867,23.24,100.00,26034.02,975.00
10272867,23.24,100.00,32885.87,974.00
10275867,23.24,100.00,24132.93,975.00
10278867,23.24,100.00,36106.48,975.00
10281867,23.24,100.00,27695.23,974.00
10284867,23.24,100.00,14202.02,995.00
10287867,23.24,100.00,15609.37,960.00
10290867,23.24,100.00,14793.49,974.00
10293867,23.24,100.00,14436.49,974.00
10296867,23.24,100.00,13020.21,973.00
10299867,23.24,100.00,11381.22,974.00
10302867,23.24,100.00,13597.41,973.00
10305867,23.24,100.00,19156.58,974.00
10308867,23.24,100.00,12851.77,959.00
10311867,23.24,100.00,13022.83,974.00
10314867,23.24,100.00,13077.37,973.00
10317867,23.24,100.00,14065.77,973.00
10320867,23.24,100.00,16235.83,972.00
10323867,23.24,100.00,17422.64,972.00
10326867,23.24,100.00,11957.90,973.00
10329867,23.24,100.00,16060.89,991.00
10332867,23.24,100.00,15214.30,973.00
10335867,23.24,100.00,17939.35,972.00
10338867,23.24,100.00,16611.39,972.00
10341867,23.24,100.00,11682.89,972.00
10344867,23.24,100.00,17448.65,970.00
10347867,23.24,100.00,13352.99,972.00
10350867,23.24,100.00,12735.31,972.00
10353867,23.24,100.00,11342.23,970.00
10356867,23.24,100.00,15692.45,973.00
10359867,23.24,100.00,14560.26,972.00
10362867,23.24,100.00,12137.80,973.00
10365867,23.24,100.00,19126.68,973.00
10368867,23.24,100.00,17948.94,973.00
10371867,23.24,100.00,12950.67,974.00
10374867,23.24,100.00,13345.01,974.00
10377867,23.24,100.00,12716.80,974.00
10380867,23.24,100.00,12650.25,974.00
10383867,23.24,100.00,18619.17,975.00
10386867,23.24,100.00,15492.97,975.00
10389867,23.24,100.00,18496.80,975.00
10392867,23.24,100.00,14255.86,975.00
10395867,23.24,100.00,13818.47,976.00
10398867,23.24,100.00,17338.70,977.00
10401867,23.24,100.00,18544.48,973.00
10404867,23.24,100.00,15183.41,977.00
10407867,23.24,100.00,20426.21,977.00
10410867,23.24,100.00,21250.27,977.00
10413867,23.24,100.00,20766.81,978.00
10416867,23.24,100.00,14846.41,977.00
10419867,23.24,100.00,17473.57,976.00
10422867,23.24,100.00,14660.44,978.00
10425867,23.24,100.00,12207.46,977.00
10428867,23.24,100.00,14401.00,977.00
10431867,23.24,100.00,15270.48,978.00
10434867,23.24,100.00,18936.55,978.00
10437867,23.24,100.00,14640.77,978.00
10440867,23.24,100.00,17378.56,978.00
10443867,23.24,100.00,14276.92,978.00
10446867,23.24,100.00,13287.41,978.00
10449867,23.24,100.00,12034.94,979.00
10452867,23.24,100.00,13673.54,979.00
10455867,23.24,100.00,12822.49,979.00
10458867,23.24,100.00,15929.04,979.00
10461867,23.24,100.00,14498.42,979.00
10464867,23.24,100.00,14818.93,980.00
10467867,23.24,100.00,13420.42,979.00
10470867,23.24,100.00,15235.90,981.00
10473867,23.24,100.00,16057.24,981.00
10476867,23.24,100.00,15789.36,965.00
10479867,23.24,100.00,12547.26,981.00
10482867,23.24,100.00,11850.20,1002.00
10485867,23.24,100.00,15187.23,981.00
10488867,23.24,100.00,16621.99,980.00
10491867,23.24,100.00,13081.39,982.00
10494867,23.24,100.00,13751.72,980.00
10497867,23.24,100.00,12444.53,983.00
10500867,23.24,100.00,17790.14,981.00
10503867,23.24,100.00,14776.33,981.00
10506867,23.24,100.00,13458.01,981.00
10509867,23.24,100.00,14943.12,982.00
10512867,23.24,100.00,16323.70,981.00
10515867,23.24,100.00,21796.07,982.00
10518867,23.24,100.00,16142.08,981.00
10521867,23.24,100.00,15896.51,980.00
10524867,23.24,100.00,13037.22,982.00
10527867,23.24,100.00,11795.41,981.00
10530867,23.24,100.00,10545.14,981.00
10533867,23.24,100.00,24564.37,965.00
10536867,23.24,100.00,18837.14,981.00
10539867,23.24,100.00,11460.12,980.00
10542867,23.24,100.00,14491.29,980.00
10545867,23.24,100.00,10338.73,980.00
10548867,23.24,100.00,13816.76,980.00
10551867,23.24,100.00,14531.95,979.00
10554867,23.24,100.00,13142.15,978.00
10557867,23.24,100.00,19890.54,979.00
10560867,23.24,100.00,13122.92,978.00
10563867,23.24,100.00,12786.29,978.00
10566867,23.24,100.00,18705.20,977.00
10569867,23.24,100.00,17946.32,976.00
10572867,23.24,100.00,25166.19,977.00
10575867,23.24,100.00,10192.73,975.00
10578867,23.24,100.00,10998.32,972.00
10581867,23.24,100.00,11564.80,975.00
10584867,23.24,100.00,12615.17,974.00
10587867,23.24,100.00,13247.07,974.00
10590867,23.24,100.00,15955.42,959.00
10593867,23.24,100.00,20003.01,973.00
10596867,23.24,100.00,9662.82,972.00
10599867,23.24,100.00,17555.28,972.00
10602867,23.24,100.00,11495.49,971.00
10605867,23.24,100.00,12619.51,972.00
10608867,23.24,100.00,21369.23,970.00
10611867,23.24,100.00,23265.03,971.00
10614867,23.24,100.00,17744.85,971.00
10617867,23.24,100.00,21420.83,970.00
10620867,23.24,100.00,15313.63,970.00
10623867,23.24,100.00,18852.46,971.00
10626867,23.24,100.00,16124.61,970.00
10629867,23.24,100.00,16056.83,970.00
10632867,23.24,100.00,15967.61,971.00
10635867,23.24,100.00,21602.66,971.00
10638867,23.24,100.00,25027.66,971.00
10641867,23.24,100.00,24377.47,970.00
10644867,23.24,100.00,19695.74,971.00
10647867,23.24,100.00,23776.95,970.00
10650867,23.24,100.00,19918.67,971.00
10653867,23.24,100.00,17918.88,971.00
10656867,23.24,100.00,14841.04,970.00
10659867,23.24,100.00,17628.49,968.00
10662867,23.24,100.00,20787.09,966.00
10665867,23.24,100.00,18678.63,971.00
10668867,23.24,100.00,16816.85,991.00
10671867,23.24,100.00,11679.93,971.00
10674867,23.24,100.00,13553.26,970.00
10677867,23.24,100.00,12635.02,971.00
10680867,23.24,100.00,11348.05,971.00
10683867,23.24,100.00,16769.33,969.00
10686867,23.24,100.00,20701.84,970.00
10689867,23.24,100.00,18319.79,970.00
10692867,23.24,100.00,23993.09,970.00
10695867,23.24,100.00,18093.46,971.00
10698867,23.24,100.00,18588.07,970.00
10701867,23.24,100.00,12939.13,970.00
10704867,23.24,100.00,23745.68,970.00
10707867,23.24,100.00,25331.00,966.00
10710867,23.24,100.00,23363.77,969.00
10713867,23.24,100.00,25293.11,969.00
10716867,23.24,100.00,17820.26,969.00
10719867,23.24,100.00,19906.91,990.00
10722867,23.24,100.00,26345.92,969.00
10725867,23.24,100.00,23098.17,969.00
10728867,23.24,100.00,21629.53,969.00
10731867,23.24,100.00,20399.27,968.00
10734867,23.24,100.00,27776.10,969.00
10737867,23.24,100.00,38459.76,969.00
10740867,23.24,100.00,34881.99,969.00
10743867,23.24,100.00,23206.25,969.00
10746867,23.24,100.00,24254.42,968.00
10749867,23.24,100.00,39132.27,968.00
10752867,23.24,100.00,29258.85,969.00
10755867,23.24,100.00,29741.60,969.00
10758867,23.24,100.00,42631.25,969.00
10761867,23.24,100.00,36121.65,971.00
10764867,23.24,100.00,48127.80,969.00
10767867,23.24,100.00,29828.90,970.00
10770867,23.24,100.00,37706.82,970.00
10773867,23.24,100.00,31933.79,970.00
10776867,23.24,100.00,19825.70,970.00
10779867,23.24,100.00,25518.65,970.00
10782867,23.24,100.00,38457.27,970.00
10785867,23.24,100.00,23196.71,970.00
10788867,23.24,100.00,21541.74,970.00
10791867,23.24,100.00,39272.04,969.00
10794867,23.24,100.00,32836.34,970.00
10797867,23.24,100.00,32995.55,969.00
10800867,23.24,100.00,29305.54,969.00
10803867,23.24,100.00,26116.94,968.00
10806867,23.24,100.00,25180.32,969.00
10809867,23.24,100.00,25231.86,967.00
10812867,23.24,100.00,39861.14,967.00
10815867,23.24,100.00,34798.59,967.00
10818867,23.24,100.00,32081.51,971.00
10821867,23.24,100.00,41761.18,968.00
10824867,23.24,100.00,34187.73,983.00
10827867,23.24,100.00,48147.02,965.00
10830867,23.24,100.00,36357.83,965.00
10833867,23.24,100.00,34420.14,964.00
10836867,23.24,100.00,34739.24,963.00
10839867,23.24,100.00,45554.25,948.00
10842867,23.24,100.00,37770.73,962.00
10845867,23.24,100.00,46165.94,960.00
10848867,23.24,100.00,45159.23,960.00
10851867,23.24,100.00,45536.57,959.00
10854867,23.24,100.00,34052.27,958.00
10857867,23.24,100.00,18758.32,943.00
10860867,23.24,100.00,30252.52,957.00
10863867,23.24,100.00,27589.46,955.00
10866867,23.24,100.00,22870.27,902.00
10869867,23.24,100.00,23850.33,571.00
