Timestamp,Temperature (C),Humidity (%),Sound,Light
3829,22.35,32.15,0.00,196.00
6829,22.35,31.99,47426.13,210.00
9829,22.35,31.88,49045.16,204.00
12829,22.35,31.80,49728.37,205.00
15829,22.34,31.71,49917.82,202.00
18829,22.34,31.67,49975.64,200.00
21829,22.35,31.60,48509.03,202.00
24829,22.34,31.52,49472.91,197.00
27829,22.34,31.46,49846.56,194.00
30829,22.34,31.35,49018.68,196.00
33829,22.32,31.30,48974.05,198.00
36829,22.33,31.24,48795.55,189.00
39829,22.32,31.12,49123.79,188.00
42829,22.31,30.99,49740.09,186.00
45829,22.29,30.87,49550.32,184.00
48829,22.30,30.87,48684.80,181.00
51829,22.29,30.84,49841.26,181.00
54829,22.28,30.84,49433.57,183.00
57829,22.29,30.85,48939.33,178.00
60829,22.28,30.89,49950.69,178.00
63829,22.28,30.84,47702.98,177.00
66829,22.27,30.78,48822.04,176.00
69829,22.27,30.78,49914.77,172.00
72829,22.27,30.74,48102.16,177.00
75829,22.25,30.76,49657.99,171.00
78829,22.26,30.75,49265.15,170.00
81829,22.25,30.69,49790.87,169.00
84829,22.25,30.69,49017.43,168.00
87829,22.24,30.64,48520.08,178.00
90829,22.24,30.55,49562.36,166.00
93829,22.23,30.59,49977.20,166.00
96829,22.22,30.60,49519.72,166.00
99829,22.22,30.60,49722.55,165.00
102829,22.22,30.59,49820.96,164.00
105829,22.21,30.60,49995.17,162.00
108829,22.21,30.55,49940.09,162.00
111829,22.21,30.44,48585.25,162.00
114829,22.20,30.48,49227.98,161.00
117829,22.19,30.47,49122.74,160.00
120829,22.19,30.39,49667.84,158.00
123829,22.18,30.38,49306.19,155.00
126829,22.17,30.42,49935.79,157.00
129829,22.17,30.40,49990.87,156.00
132829,22.16,30.39,49463.92,155.00
135829,22.15,30.36,49485.79,155.00
138829,22.15,30.40,49647.04,153.00
141829,22.14,30.39,47605.82,153.00
144829,22.13,30.34,47668.29,152.00
147829,22.12,30.34,48028.94,150.00
150829,22.12,30.39,42274.64,151.00
153829,22.11,30.37,44518.35,150.00
156829,22.10,30.37,44958.90,150.00
159829,22.09,30.37,47911.18,152.00
162829,22.09,30.36,49065.48,149.00
165829,22.08,30.35,48299.46,148.00
168829,22.07,30.36,48178.65,148.00
171829,22.06,30.37,49077.59,146.00
174829,22.06,30.36,49663.92,146.00
177829,22.05,30.33,49039.63,146.00
180829,22.05,30.36,49612.36,144.00
183829,22.04,30.37,49836.96,144.00
186829,22.03,30.38,46055.26,145.00
189829,22.02,30.37,45396.91,142.00
192829,22.02,30.29,47411.48,142.00
195829,22.01,30.23,47836.81,142.00
198829,21.99,30.22,47961.04,141.00
201829,21.98,30.27,48937.34,145.00
204829,21.97,30.28,48387.35,140.00
207829,21.97,30.29,47489.06,144.00
210829,21.96,30.31,49013.41,140.00
213829,21.96,30.31,46468.91,139.00
216829,21.95,30.33,47593.48,143.00
219829,21.94,30.30,47990.18,139.00
222829,21.93,30.34,49164.95,139.00
225829,21.93,30.35,47542.10,140.00
228829,21.92,30.34,46883.84,139.00
231829,21.92,30.34,48151.96,139.00
234829,21.91,30.33,47642.43,141.00
237829,21.90,30.35,44558.06,136.00
240829,21.90,30.36,44744.88,140.00
243829,21.90,30.37,46891.66,138.00
246829,21.89,30.36,47035.86,138.00
249829,21.88,30.33,48156.88,139.00
252829,21.88,30.31,44166.59,138.00
255829,21.87,30.27,48857.62,139.00
258829,21.87,30.28,49210.79,139.00
261829,21.86,30.29,48756.51,144.00
264829,21.85,30.29,48713.36,140.00
267829,21.85,30.28,49884.62,139.00
270829,21.84,30.32,49601.37,140.00
273829,21.83,30.33,49360.39,145.00
276829,21.82,30.30,49389.00,140.00
279829,21.82,30.27,49325.38,141.00
282829,21.81,30.21,47689.40,141.00
285829,21.80,30.19,48720.99,142.00
288829,21.80,30.24,49083.43,141.00
291829,21.79,30.27,48532.79,142.00
294829,21.78,30.29,49312.50,143.00
297829,21.77,30.30,48917.77,140.00
300829,21.77,30.34,48329.66,147.00
303829,21.76,30.34,47420.55,149.00
306829,21.75,30.30,47362.74,147.00
309829,21.75,30.28,47003.40,147.00
312829,21.74,30.26,45972.90,147.00
315829,21.73,30.27,46314.30,147.00
318829,21.72,30.30,47047.90,147.00
321829,21.72,30.29,11618.83,148.00
324829,21.71,30.31,16121.63,148.00
327829,21.70,30.34,13510.72,149.00
330829,21.70,30.36,14668.39,149.00
333829,21.70,30.36,16801.22,150.00
336829,21.69,30.34,22004.81,148.00
339829,21.68,30.34,18001.41,151.00
342829,21.67,30.36,16718.27,151.00
345829,21.67,30.37,23374.34,152.00
348829,21.66,30.31,16639.80,155.00
351829,21.65,30.29,24269.86,152.00
354829,21.65,30.29,23813.84,151.00
357829,21.64,30.26,27386.36,150.00
360829,21.63,30.29,17449.98,154.00
363829,21.62,30.29,15589.39,154.00
366829,21.62,30.32,16297.35,154.00
369829,21.61,30.33,15586.53,157.00
372829,21.61,30.34,15710.47,152.00
375829,21.60,30.36,17727.26,156.00
378829,21.59,30.37,24135.16,156.00
381829,21.58,30.37,27296.41,157.00
384829,21.58,30.39,21685.44,157.00
387829,21.57,30.39,32330.09,158.00
390829,21.57,30.41,41702.33,156.00
393829,21.56,30.37,49015.48,155.00
396829,21.56,30.40,49845.08,158.00
399829,21.55,30.38,49950.64,158.00
402829,21.55,30.42,49466.84,160.00
405829,21.54,30.43,49741.26,160.00
408829,21.54,30.45,49967.82,161.00
411829,21.53,30.46,48712.35,162.00
414829,21.52,30.46,49796.24,158.00
417829,21.52,30.47,49958.84,160.00
420829,21.52,30.48,49519.64,162.00
423829,21.52,30.48,49786.96,162.00
426829,21.51,30.49,48588.17,161.00
429829,21.50,30.49,48455.25,162.00
432829,21.50,30.50,44198.72,163.00
435829,21.50,30.50,20282.93,164.00
438829,21.49,30.48,25481.99,164.00
441829,21.49,30.49,21692.57,164.00
444829,21.48,30.52,27335.81,166.00
447829,21.47,30.51,25782.75,165.00
450829,21.47,30.53,35433.46,166.00
453829,21.47,30.53,42704.40,168.00
456829,21.46,30.54,45953.16,167.00
459829,21.46,30.55,46785.86,168.00
462829,21.45,30.55,47504.06,169.00
465829,21.45,30.55,48383.64,169.00
468829,21.44,30.51,49055.32,169.00
471829,21.44,30.52,47829.83,169.00
474829,21.43,30.55,48490.87,172.00
477829,21.43,30.57,47415.80,171.00
480829,21.42,30.56,46301.88,171.00
483829,21.42,30.56,49324.86,172.00
486829,21.41,30.57,49409.23,171.00
489829,21.40,30.57,44772.08,178.00
492829,21.40,30.61,36586.95,172.00
495829,21.39,30.63,36211.57,172.00
498829,21.38,30.62,40188.31,172.00
501829,21.38,30.64,43150.50,173.00
504829,21.37,30.66,49506.50,173.00
507829,21.37,30.67,45958.90,174.00
510829,21.36,30.68,43773.82,174.00
513829,21.36,30.70,45814.86,173.00
516829,21.36,30.74,47494.39,174.00
519829,21.35,30.75,47328.02,175.00
522829,21.35,30.75,46424.63,175.00
525829,21.34,30.76,48112.22,174.00
528829,21.34,30.80,45414.52,175.00
531829,21.33,30.80,45694.76,176.00
534829,21.33,30.79,48669.85,175.00
537829,21.32,30.81,49518.30,175.00
540829,21.32,30.82,48096.28,174.00
543829,21.32,30.84,45826.90,176.00
546829,21.31,30.85,45315.48,176.00
549829,21.31,30.87,43342.57,176.00
552829,21.31,30.88,46557.58,175.00
555829,21.30,30.87,42231.88,176.00
558829,21.30,30.90,29123.49,176.00
561829,21.30,30.88,18994.84,176.00
564829,21.29,30.88,20873.77,177.00
567829,21.29,30.88,21423.36,177.00
570829,21.29,30.90,21401.11,176.00
573829,21.29,30.91,28902.13,177.00
576829,21.28,30.93,30625.14,179.00
579829,21.28,30.94,32525.42,177.00
582829,21.27,30.97,36635.40,178.00
585829,21.27,30.98,41906.52,178.00
588829,21.27,30.98,43487.11,179.00
591829,21.26,30.98,46944.50,179.00
594829,21.26,30.98,42068.30,178.00
597829,21.26,30.99,48449.46,180.00
600829,21.25,31.00,42288.91,180.00
603829,21.25,31.02,44863.90,180.00
606829,21.24,31.03,41596.20,180.00
609829,21.24,31.02,44553.94,187.00
612829,21.24,31.03,45682.66,180.00
615829,21.24,31.03,46756.55,182.00
618829,21.24,31.03,48545.95,181.00
621829,21.23,31.05,43456.16,182.00
624829,21.23,31.04,45175.37,182.00
627829,21.23,31.04,46472.12,183.00
630829,21.23,31.05,39755.89,191.00
633829,21.22,31.06,38880.55,184.00
636829,21.22,31.06,34901.78,185.00
639829,21.22,31.08,30972.80,188.00
642829,21.21,31.06,29518.85,186.00
645829,21.22,31.06,30271.91,187.00
648829,21.21,31.06,29645.50,186.00
651829,21.21,31.08,30992.05,188.00
654829,21.21,31.08,30620.66,189.00
657829,21.21,31.09,32767.85,190.00
660829,21.21,31.09,32761.44,190.00
663829,21.21,31.09,36161.36,191.00
666829,21.20,31.10,38713.12,192.00
669829,21.20,31.10,38007.59,195.00
672829,21.19,31.11,41718.93,195.00
675829,21.19,31.12,43396.25,195.00
678829,21.19,31.13,44795.45,195.00
681829,21.19,31.16,34883.86,196.00
684829,21.19,31.20,37853.55,203.00
687829,21.19,31.21,40532.30,197.00
690829,21.19,31.21,39402.68,198.00
693829,21.18,31.21,35910.00,198.00
696829,21.18,31.21,38018.14,202.00
699829,21.19,31.21,37435.78,199.00
702829,21.18,31.22,37537.34,199.00
705829,21.18,31.22,38019.44,200.00
708829,21.18,31.22,38140.17,200.00
711829,21.18,31.22,38921.84,202.00
714829,21.18,31.23,37001.90,202.00
717829,21.18,31.23,40357.71,202.00
720829,21.17,31.24,42186.73,203.00
723829,21.17,31.24,43087.49,202.00
726829,21.17,31.27,43413.91,203.00
729829,21.17,31.28,45323.29,204.00
732829,21.16,31.30,44951.54,205.00
735829,21.17,31.29,46028.37,206.00
738829,21.16,31.28,44376.41,209.00
741829,21.16,31.28,44001.02,206.00
744829,21.15,31.27,48215.87,207.00
747829,21.16,31.27,49264.17,208.00
750829,21.15,31.27,48461.57,225.00
753829,21.16,31.26,47734.28,210.00
756829,21.15,31.25,41236.66,210.00
759829,21.15,31.27,44117.70,218.00
762829,21.15,31.26,42996.66,211.00
765829,21.15,31.24,38744.28,212.00
768829,21.15,31.24,37258.09,215.00
771829,21.15,31.23,40311.56,213.00
774829,21.15,31.24,39802.04,216.00
777829,21.14,31.27,46957.87,215.00
780829,21.15,31.25,47024.96,215.00
783829,21.15,31.27,45131.12,219.00
786829,21.15,31.25,42312.44,216.00
789829,21.15,31.27,35575.62,216.00
792829,21.15,31.28,27521.11,218.00
795829,21.15,31.28,28379.04,219.00
798829,21.15,31.29,30832.62,220.00
801829,21.15,31.28,31803.04,226.00
804829,21.16,31.28,38528.42,227.00
807829,21.15,31.28,41879.36,229.00
810829,21.16,31.28,44535.98,229.00
813829,21.16,31.28,45190.23,231.00
816829,21.17,31.28,40665.25,232.00
819829,21.17,31.28,40202.66,233.00
822829,21.17,31.29,42013.91,234.00
825829,21.17,31.26,43401.65,237.00
828829,21.17,31.27,41195.55,237.00
831829,21.18,31.28,40101.01,239.00
834829,21.18,31.28,33478.19,242.00
837829,21.17,31.29,25357.04,251.00
840829,21.17,31.31,10771.45,243.00
843829,21.17,31.31,36931.87,245.00
846829,21.17,31.31,30388.23,247.00
849829,21.17,31.31,25953.63,249.00
852829,21.17,31.32,25117.84,250.00
855829,21.17,31.32,9400.65,252.00
858829,21.17,31.31,23633.00,254.00
861829,21.17,31.32,16948.55,256.00
864829,21.16,31.32,23760.16,257.00
867829,21.17,31.32,23485.16,258.00
870829,21.16,31.30,14743.43,260.00
873829,21.16,31.31,21410.12,263.00
876829,21.16,31.32,21942.94,266.00
879829,21.16,31.32,20082.83,269.00
882829,21.16,31.30,18369.32,266.00
885829,21.16,31.30,15286.67,267.00
888829,21.16,31.32,9710.25,269.00
891829,21.16,31.32,24570.74,271.00
894829,21.16,31.33,16371.16,271.00
897829,21.16,31.32,20603.19,275.00
900829,21.16,31.33,16359.59,283.00
903829,21.16,31.33,10585.82,274.00
906829,21.16,31.32,12571.17,274.00
909829,21.16,31.30,11239.16,275.00
912829,21.16,31.31,10996.33,276.00
915829,21.16,31.29,11351.37,277.00
918829,21.17,31.27,17145.61,276.00
921829,21.18,31.27,28114.70,278.00
924829,21.18,31.26,22273.05,278.00
927829,21.19,31.26,14386.59,278.00
930829,21.19,31.26,12566.01,277.00
933829,21.19,31.27,14065.34,276.00
936829,21.20,31.26,14557.28,277.00
939829,21.21,31.25,14252.40,277.00
942829,21.21,31.25,11871.00,277.00
945829,21.22,31.24,13798.21,284.00
948829,21.23,31.24,13636.43,275.00
951829,21.23,31.22,12281.84,274.00
954829,21.23,31.22,12044.29,281.00
957829,21.23,31.24,11474.67,271.00
960829,21.23,31.25,23313.09,270.00
963829,21.23,31.25,13139.32,269.00
966829,21.24,31.26,11811.00,268.00
969829,21.24,31.25,8877.89,267.00
972829,21.25,31.25,16630.37,265.00
975829,21.24,31.25,23559.19,268.00
978829,21.25,31.25,30776.94,264.00
981829,21.25,31.25,27761.45,264.00
984829,21.24,31.26,30463.47,264.00
987829,21.24,31.26,31789.32,264.00
990829,21.24,31.26,31591.03,263.00
993829,21.24,31.26,35015.60,263.00
996829,21.24,31.27,29425.77,263.00
999829,21.24,31.25,25840.16,263.00
1002829,21.24,31.26,26818.16,262.00
1005829,21.24,31.26,28261.06,260.00
1008829,21.24,31.26,30117.81,259.00
1011829,21.24,31.26,23129.21,257.00
1014829,21.24,31.27,30155.87,256.00
1017829,21.24,31.27,27300.27,254.00
1020829,21.24,31.27,26598.23,251.00
1023829,21.24,31.27,23422.90,247.00
1026829,21.24,31.27,20643.13,245.00
1029829,21.24,31.27,21957.07,243.00
1032829,21.25,31.26,21375.31,242.00
1035829,21.25,31.26,20711.27,241.00
1038829,21.26,31.25,19819.65,241.00
1041829,21.25,31.26,21293.45,239.00
1044829,21.26,31.25,22512.02,246.00
1047829,21.26,31.25,22787.25,237.00
1050829,21.26,31.24,24551.49,236.00
1053829,21.27,31.24,23340.71,235.00
1056829,21.27,31.24,21705.04,233.00
1059829,21.26,31.25,18096.72,231.00
1062829,21.27,31.24,19132.15,230.00
1065829,21.26,31.26,18076.29,229.00
1068829,21.26,31.28,18023.55,230.00
1071829,21.26,31.25,18240.09,230.00
1074829,21.26,31.24,20425.51,229.00
1077829,21.26,31.25,22386.01,230.00
1080829,21.25,31.27,25151.89,231.00
1083829,21.25,31.26,27895.30,233.00
1086829,21.25,31.28,26972.81,233.00
1089829,21.25,31.27,25565.22,233.00
1092829,21.25,31.27,23177.45,232.00
1095829,21.25,31.27,23866.63,229.00
1098829,21.24,31.27,24078.44,230.00
1101829,21.24,31.27,22145.72,230.00
1104829,21.24,31.27,21815.81,229.00
1107829,21.23,31.27,14223.01,228.00
1110829,21.24,31.27,12564.74,227.00
1113829,21.24,31.26,15594.17,227.00
1116829,21.24,31.25,18075.89,225.00
1119829,21.23,31.26,17858.44,226.00
1122829,21.24,31.26,19183.93,224.00
1125829,21.24,31.25,15803.27,227.00
1128829,21.25,31.25,12471.33,228.00
1131829,21.25,31.25,11727.60,227.00
1134829,21.25,31.26,12843.92,227.00
1137829,21.26,31.26,10645.47,229.00
1140829,21.25,31.25,12833.75,228.00
1143829,21.26,31.24,11951.70,229.00
1146829,21.27,31.24,12536.02,228.00
1149829,21.27,31.24,11711.88,228.00
1152829,21.27,31.21,11091.47,229.00
1155829,21.28,31.21,11079.94,229.00
1158829,21.27,31.20,15380.27,231.00
1161829,21.28,31.19,12640.95,230.00
1164829,21.29,31.18,11159.73,230.00
1167829,21.29,31.19,26885.60,231.00
1170829,21.28,31.18,14148.09,229.00
1173829,21.29,31.18,11149.05,229.00
1176829,21.29,31.19,17913.42,228.00
1179829,21.29,31.20,14842.06,228.00
1182829,21.28,31.22,15720.99,226.00
1185829,21.28,31.20,13960.71,226.00
1188829,21.28,31.20,14474.13,227.00
1191829,21.28,31.20,23200.77,226.00
1194829,21.27,31.20,13186.88,225.00
1197829,21.28,31.19,11744.60,233.00
1200829,21.28,31.17,10922.62,224.00
1203829,21.28,31.18,12218.16,220.00
1206829,21.29,31.18,15141.65,223.00
1209829,21.29,31.17,14869.24,219.00
1212829,21.30,31.15,18268.27,222.00
1215829,21.29,31.15,19158.52,220.00
1218829,21.29,31.15,14279.83,221.00
1221829,21.29,31.14,12513.93,219.00
1224829,21.29,31.15,15908.56,219.00
1227829,21.29,31.15,22359.40,221.00
1230829,21.29,31.15,32561.59,217.00
1233829,21.29,31.17,16995.75,217.00
1236829,21.29,31.17,10979.53,218.00
1239829,21.28,31.17,21904.61,216.00
1242829,21.28,31.18,18324.27,218.00
1245829,21.28,31.18,13511.68,215.00
1248829,21.28,31.19,15984.05,213.00
1251829,21.28,31.19,12112.68,213.00
1254829,21.28,31.19,14940.10,212.00
1257829,21.28,31.19,13191.66,211.00
1260829,21.27,31.19,10208.34,210.00
1263829,21.27,31.20,13606.22,212.00
1266829,21.26,31.21,12605.40,209.00
1269829,21.27,31.21,13165.86,208.00
1272829,21.27,31.23,10144.88,208.00
1275829,21.26,31.23,11577.71,204.00
1278829,21.26,31.24,11750.35,205.00
1281829,21.25,31.24,12141.47,204.00
1284829,21.25,31.24,15725.19,204.00
1287829,21.25,31.23,15824.75,204.00
1290829,21.25,31.21,18646.99,201.00
1293829,21.26,31.23,16936.62,205.00
1296829,21.25,31.21,16205.16,198.00
1299829,21.25,31.21,17937.24,198.00
1302829,21.25,31.21,18401.53,196.00
1305829,21.25,31.21,15716.57,195.00
1308829,21.25,31.21,13491.90,193.00
1311829,21.25,31.20,13173.43,193.00
1314829,21.25,31.19,13680.48,191.00
1317829,21.25,31.20,15596.06,190.00
1320829,21.25,31.20,13271.62,188.00
1323829,21.25,31.21,12732.25,187.00
1326829,21.25,31.21,23185.80,188.00
1329829,21.25,31.21,29279.57,185.00
1332829,21.25,31.21,29003.41,185.00
1335829,21.24,31.21,24671.75,184.00
1338829,21.25,31.20,16942.11,182.00
1341829,21.25,31.22,15011.09,180.00
1344829,21.25,31.23,14368.02,180.00
1347829,21.24,31.22,13503.23,179.00
1350829,21.24,31.22,14101.09,178.00
1353829,21.24,31.22,25017.90,183.00
1356829,21.24,31.24,17032.18,175.00
1359829,21.23,31.24,12320.16,177.00
1362829,21.23,31.25,12070.68,174.00
1365829,21.23,31.27,11189.95,173.00
1368829,21.23,31.29,10877.60,173.00
1371829,21.22,31.29,10891.42,171.00
1374829,21.22,31.30,16661.85,169.00
1377829,21.22,31.30,16867.72,168.00
1380829,21.22,31.30,22686.01,166.00
1383829,21.22,31.31,22787.04,168.00
1386829,21.22,31.31,14620.04,166.00
1389829,21.22,31.31,19637.98,165.00
1392829,21.22,31.31,16057.77,164.00
1395829,21.22,31.32,21138.79,163.00
1398829,21.22,31.32,14829.86,174.00
1401829,21.22,31.32,13046.94,160.00
1404829,21.22,31.32,16957.27,171.00
1407829,21.22,31.32,22854.22,158.00
1410829,21.21,31.33,15950.34,158.00
1413829,21.21,31.35,15120.11,156.00
1416829,21.22,31.35,16089.57,156.00
1419829,21.21,31.35,28900.30,153.00
1422829,21.22,31.36,21650.12,154.00
1425829,21.21,31.36,21387.02,153.00
1428829,21.21,31.37,14923.28,153.00
1431829,21.21,31.38,14162.20,150.00
1434829,21.20,31.37,15605.22,147.00
1437829,21.21,31.38,21681.47,156.00
1440829,21.21,31.38,25085.33,148.00
1443829,21.20,31.41,24298.52,146.00
1446829,21.20,31.41,18449.27,145.00
1449829,21.19,31.41,14077.55,148.00
1452829,21.19,31.42,11872.46,143.00
1455829,21.19,31.42,18474.27,142.00
1458829,21.20,31.43,16477.88,141.00
1461829,21.20,31.44,18076.21,140.00
1464829,21.20,31.44,13428.52,140.00
1467829,21.20,31.46,12425.64,138.00
1470829,21.21,31.47,9234.76,137.00
1473829,21.21,31.47,14687.58,137.00
1476829,21.21,31.48,15278.29,135.00
1479829,21.22,31.48,15524.44,137.00
1482829,21.22,31.48,16603.16,133.00
1485829,21.22,31.48,19031.48,133.00
1488829,21.22,31.48,13667.65,132.00
1491829,21.22,31.48,24256.71,132.00
1494829,21.22,31.49,17551.73,134.00
1497829,21.22,31.49,19010.03,139.00
1500829,21.22,31.49,10930.63,129.00
1503829,21.22,31.51,11783.94,133.00
1506829,21.21,31.52,25947.68,128.00
1509829,21.21,31.52,26571.22,129.00
1512829,21.20,31.53,26975.93,131.00
1515829,21.21,31.52,19182.46,124.00
1518829,21.20,31.52,16016.53,126.00
1521829,21.20,31.53,21183.86,125.00
1524829,21.20,31.52,22765.73,125.00
1527829,21.20,31.53,19493.74,125.00
1530829,21.21,31.53,18509.03,123.00
1533829,21.21,31.53,18892.67,123.00
1536829,21.21,31.52,21608.96,123.00
1539829,21.21,31.54,16510.93,122.00
1542829,21.21,31.54,24828.21,122.00
1545829,21.21,31.54,11152.21,121.00
1548829,21.21,31.55,22078.53,124.00
1551829,21.21,31.55,15225.09,112.00
1554829,21.21,31.57,17448.47,123.00
1557829,21.20,31.57,25140.02,120.00
1560829,21.19,31.57,22422.12,124.00
1563829,21.19,31.58,19349.34,123.00
1566829,21.19,31.59,18484.74,120.00
1569829,21.18,31.59,11335.89,119.00
1572829,21.18,31.60,13048.47,120.00
1575829,21.17,31.61,13156.38,120.00
1578829,21.16,31.62,8831.99,119.00
1581829,21.17,31.61,17731.34,119.00
1584829,21.17,31.62,11179.38,119.00
1587829,21.16,31.64,17282.96,120.00
1590829,21.16,31.64,12338.95,119.00
1593829,21.16,31.64,12339.08,123.00
1596829,21.15,31.66,12339.08,119.00
1599829,21.15,31.66,12339.08,119.00
1606141,21.13,31.67,0.00,124.00
1609141,21.14,31.67,15007.88,125.00
1612141,21.14,31.67,23075.62,118.00
1615141,21.13,31.68,16690.94,117.00
1618141,21.13,31.70,10619.55,119.00
1621141,21.13,31.71,19519.26,118.00
1624141,21.12,31.71,14257.31,119.00
1627141,21.12,31.71,15197.43,119.00
1630141,21.12,31.71,15241.86,120.00
1633141,21.11,31.71,11634.90,120.00
1636141,21.12,31.72,14287.08,124.00
1639141,21.11,31.71,11596.48,120.00
1642141,21.11,31.72,14784.80,120.00
1645141,21.11,31.71,15691.32,125.00
1648141,21.11,31.71,15166.70,120.00
1651141,21.10,31.71,14144.63,122.00
1654141,21.10,31.71,15813.15,120.00
1657141,21.10,31.71,14276.43,122.00
1660141,21.10,31.69,14506.54,120.00
1663141,21.09,31.71,13414.79,121.00
1666141,21.09,31.69,17381.72,121.00
1669141,21.08,31.71,12663.50,121.00
1672141,21.08,31.71,13474.42,121.00
1675141,21.08,31.72,10087.70,121.00
1678141,21.07,31.72,22083.54,122.00
1681141,21.08,31.72,13778.69,121.00
1684141,21.07,31.72,11155.54,121.00
1687141,21.07,31.73,11079.58,121.00
1690141,21.06,31.74,11087.27,121.00
1693141,21.06,31.74,9236.04,121.00
1696141,21.06,31.74,10291.68,121.00
1699141,21.06,31.74,14030.19,121.00
1702141,21.05,31.74,14438.54,127.00
1705141,21.05,31.75,23541.78,123.00
1708141,21.05,31.75,11215.37,123.00
1711141,21.05,31.75,13831.21,121.00
1714141,21.05,31.76,13961.29,122.00
1717141,21.04,31.76,14120.22,121.00
1720141,21.04,31.76,13373.03,121.00
1723141,21.04,31.76,17944.72,121.00
1726141,21.04,31.76,19522.98,122.00
1729141,21.04,31.78,14996.41,122.00
1732141,21.03,31.76,13340.94,122.00
1735141,21.03,31.78,18604.71,119.00
1738141,21.03,31.78,11718.21,128.00
1741141,21.02,31.77,12093.13,123.00
1744141,21.02,31.77,9265.52,123.00
1747141,21.03,31.80,10993.90,126.00
1750141,21.02,31.82,9421.83,124.00
1753141,21.02,31.82,9660.55,124.00
1756141,21.02,31.82,9839.22,131.00
1759141,21.02,31.82,10608.39,126.00
1762141,21.01,31.84,12039.11,125.00
1765141,21.01,31.85,12294.42,126.00
1768141,21.02,31.86,10723.26,126.00
1771141,21.01,31.88,10786.91,127.00
1774141,21.01,31.90,17890.97,127.00
1777141,21.01,31.90,16245.42,127.00
1780141,21.00,31.92,14279.90,128.00
1783141,21.00,31.92,14840.60,128.00
1786141,21.01,31.95,11514.07,136.00
1789141,21.00,31.96,11657.61,129.00
1792141,21.01,31.97,10154.15,129.00
1795141,21.01,31.96,10593.99,137.00
1798141,21.00,31.97,9528.13,130.00
1801141,21.00,31.98,10220.67,134.00
1804141,21.00,31.98,12268.68,131.00
1807141,21.00,31.98,11807.95,131.00
1810141,21.00,32.00,14573.61,138.00
1813141,21.00,32.00,11905.15,131.00
1816141,21.00,32.00,11807.36,132.00
1819141,21.00,32.01,10796.44,132.00
1822141,21.01,32.01,10434.77,132.00
1825141,21.00,32.04,10067.47,133.00
1828141,21.00,32.06,10254.61,133.00
1831141,21.00,32.06,13623.75,133.00
1834141,21.01,32.04,11211.90,134.00
1837141,21.00,32.04,11955.43,132.00
1840141,21.00,32.02,11208.21,140.00
1843141,20.99,32.02,12168.28,135.00
1846141,20.99,32.02,11609.31,137.00
1849141,21.00,32.02,16756.95,135.00
1852141,20.99,32.03,11609.73,137.00
1855141,20.99,32.03,11161.71,142.00
1858141,20.99,32.03,12856.25,138.00
1861141,20.99,32.04,12104.75,145.00
1864141,20.99,32.07,14785.21,138.00
1867141,20.98,32.08,18942.86,140.00
1870141,20.98,32.08,14511.98,141.00
1873141,20.98,32.08,14246.75,141.00
1876141,20.98,32.07,20645.37,144.00
1879141,20.98,32.07,14387.68,142.00
1882141,20.98,32.05,13203.96,141.00
1885141,20.98,32.05,13258.89,144.00
1888141,20.98,32.04,14376.11,142.00
1891141,20.97,32.03,13080.75,143.00
1894141,20.98,32.03,9338.44,146.00
1897141,20.98,32.04,15518.82,144.00
1900141,20.98,32.03,18344.65,145.00
1903141,20.98,32.03,13817.21,145.00
1906141,20.98,32.03,13711.10,146.00
1909141,20.97,32.02,15440.64,146.00
1912141,20.97,32.02,12608.11,146.00
1915141,20.97,32.04,13840.93,149.00
1918141,20.97,32.05,12482.39,146.00
1921141,20.97,32.09,13547.93,145.00
1924141,20.97,32.11,12942.65,147.00
1927141,20.97,32.10,12005.82,147.00
1930141,20.96,32.10,13862.36,147.00
1933141,20.96,32.13,13603.79,147.00
1936141,20.96,32.14,11125.62,147.00
1939141,20.96,32.13,11841.94,147.00
1942141,20.96,32.11,13009.32,146.00
1945141,20.96,32.10,15356.74,147.00
1948141,20.97,32.10,13566.08,149.00
1951141,20.97,32.09,14266.90,147.00
1954141,20.97,32.09,11184.51,148.00
1957141,20.96,32.08,10661.70,149.00
1960141,20.96,32.07,11072.55,149.00
1963141,20.96,32.08,9139.76,148.00
1966141,20.96,32.08,16684.53,150.00
1969141,20.97,32.09,10406.11,149.00
1972141,20.97,32.09,10372.98,152.00
1975141,20.96,32.09,12909.08,150.00
1978141,20.97,32.09,13094.40,150.00
1981141,20.96,32.13,9376.16,151.00
1984141,20.96,32.13,9231.84,151.00
1987141,20.96,32.13,14449.66,152.00
1990141,20.96,32.14,10088.82,153.00
1993141,20.96,32.14,10744.68,154.00
1996141,20.96,32.14,9743.71,154.00
1999141,20.96,32.15,9847.47,154.00
2002141,20.96,32.16,13505.16,155.00
2005141,20.96,32.18,19499.27,154.00
2008141,20.96,32.16,10760.26,156.00
2011141,20.95,32.18,14499.08,154.00
2014141,20.96,32.18,10916.95,156.00
2017141,20.95,32.18,19440.54,156.00
2020141,20.96,32.18,18572.18,157.00
2023141,20.95,32.19,24666.89,158.00
2026141,20.95,32.20,39987.73,159.00
2029141,20.95,32.21,16782.19,160.00
2032141,20.95,32.21,17338.68,160.00
2035141,20.95,32.21,23597.96,159.00
2038141,20.95,32.22,18836.12,163.00
2041141,20.94,32.21,11947.15,164.00
2044141,20.94,32.21,10845.38,165.00
2047141,20.95,32.21,16332.66,165.00
2050141,20.94,32.22,12656.30,167.00
2053141,20.94,32.24,17822.58,167.00
2056141,20.94,32.24,14398.93,169.00
2059141,20.94,32.24,14351.19,169.00
2062141,20.94,32.22,21445.67,171.00
2065141,20.94,32.21,25192.37,172.00
2068141,20.94,32.21,22030.13,174.00
2071141,20.94,32.21,17783.64,175.00
2074141,20.94,32.20,27909.71,176.00
2077141,20.94,32.20,12067.85,177.00
2080141,20.94,32.20,20400.36,181.00
2083141,20.94,32.20,27155.35,187.00
2086141,20.94,32.21,25502.90,182.00
2089141,20.94,32.21,25800.62,183.00
2092141,20.94,32.21,20101.06,190.00
2095141,20.94,32.21,23216.72,187.00
2098141,20.94,32.22,17298.52,188.00
2101141,20.95,32.24,11721.18,190.00
2104141,20.94,32.22,24783.44,191.00
2107141,20.94,32.24,17225.84,194.00
2110141,20.94,32.24,13116.45,196.00
2113141,20.95,32.25,9917.40,198.00
2116141,20.95,32.25,19355.66,199.00
2119141,20.95,32.26,26631.84,201.00
2122141,20.95,32.29,20395.43,203.00
2125141,20.94,32.30,14674.30,205.00
2128141,20.94,32.29,16033.26,207.00
2131141,20.94,32.30,15707.88,208.00
2134141,20.95,32.30,16239.28,210.00
2137141,20.94,32.30,12345.15,212.00
2140141,20.94,32.29,13319.12,213.00
2143141,20.94,32.29,11049.46,214.00
2146141,20.94,32.29,15856.47,215.00
2149141,20.94,32.29,15562.08,216.00
2152141,20.94,32.30,13593.16,219.00
2155141,20.94,32.30,14783.17,221.00
2158141,20.95,32.30,19078.11,221.00
2161141,20.95,32.30,15463.85,225.00
2164141,20.95,32.30,17853.61,226.00
2167141,20.95,32.29,15708.77,228.00
2170141,20.95,32.30,14708.45,229.00
2173141,20.95,32.29,16865.50,232.00
2176141,20.96,32.30,15514.77,234.00
2179141,20.96,32.30,21086.08,237.00
2182141,20.96,32.27,13972.68,237.00
2185141,20.96,32.27,31124.97,243.00
2188141,20.96,32.27,27025.59,241.00
2191141,20.95,32.26,26358.82,244.00
2194141,20.96,32.27,18648.46,246.00
2197141,20.96,32.27,14859.87,247.00
2200141,20.96,32.29,20400.68,257.00
2203141,20.97,32.29,24261.52,250.00
2206141,20.97,32.29,22673.43,252.00
2209141,20.97,32.28,16663.79,253.00
2212141,20.97,32.29,17839.66,255.00
2215141,20.97,32.29,16962.91,256.00
2218141,20.98,32.29,14952.17,258.00
2221141,20.97,32.28,22922.89,259.00
2224141,20.97,32.28,13783.32,261.00
2227141,20.98,32.29,9537.64,263.00
2230141,20.98,32.28,12426.95,264.00
2233141,20.98,32.28,12873.01,265.00
2236141,20.99,32.26,26501.43,267.00
2239141,20.99,32.28,19458.45,269.00
2242141,20.99,32.28,22995.55,271.00
2245141,21.00,32.26,14757.58,273.00
2248141,21.00,32.26,19414.77,274.00
2251141,20.99,32.26,13797.44,276.00
2254141,21.00,32.26,12647.76,277.00
2257141,21.00,32.26,16908.74,278.00
2260141,21.00,32.28,16260.00,280.00
2263141,21.00,32.28,14912.51,286.00
2266141,21.01,32.29,11611.34,282.00
2269141,21.01,32.29,17491.11,282.00
2272141,21.01,32.29,19522.56,283.00
2275141,21.01,32.30,22797.82,285.00
2278141,21.01,32.32,20357.77,282.00
2281141,21.01,32.32,16648.28,286.00
2284141,21.01,32.32,24894.60,288.00
2287141,21.01,32.32,19321.11,290.00
2290141,21.01,32.32,14720.27,288.00
2293141,21.01,32.33,17179.13,288.00
2296141,21.02,32.33,9467.06,290.00
2299141,21.01,32.33,10689.65,289.00
2302141,21.01,32.32,10926.57,291.00
2305141,21.01,32.32,9682.77,295.00
2308141,21.01,32.30,9420.44,292.00
2311141,21.01,32.30,10136.43,292.00
2314141,21.02,32.30,12057.96,293.00
2317141,21.02,32.33,9912.00,295.00
2320141,21.01,32.36,10174.00,294.00
2323141,21.02,32.36,11987.62,295.00
2326141,21.02,32.35,12531.90,296.00
2329141,21.02,32.34,11653.48,296.00
2332141,21.03,32.35,10144.20,297.00
2335141,21.03,32.34,10290.83,297.00
2338141,21.03,32.34,13326.77,297.00
2341141,21.03,32.40,13676.96,298.00
2344141,21.04,32.43,16207.10,298.00
2347141,21.03,32.43,10598.70,297.00
2350141,21.04,32.39,13386.55,297.00
2353141,21.04,32.40,10889.56,297.00
2356141,21.04,32.45,10289.07,297.00
2359141,21.05,32.49,9060.53,296.00
2362141,21.05,32.49,8962.21,296.00
2365141,21.05,32.50,8875.20,304.00
2368141,21.05,32.48,17344.21,302.00
2371141,21.06,32.45,9938.51,294.00
2374141,21.05,32.48,9224.41,294.00
2377141,21.05,32.47,10834.84,293.00
2380141,21.06,32.44,11318.26,291.00
2383141,21.05,32.43,10043.42,300.00
2386141,21.06,32.44,10149.62,291.00
2389141,21.06,32.43,9252.73,289.00
2392141,21.06,32.40,10990.67,288.00
2395141,21.06,32.40,11564.03,290.00
2398141,21.07,32.40,10201.04,290.00
2401141,21.07,32.40,9944.78,284.00
2404141,21.06,32.40,9176.13,283.00
2407141,21.06,32.39,11167.71,282.00
2410141,21.07,32.41,9682.49,280.00
2413141,21.07,32.41,9799.65,280.00
2416141,21.07,32.43,9565.04,278.00
2419141,21.07,32.43,14864.25,276.00
2422141,21.07,32.43,8795.57,274.00
2425141,21.07,32.42,8944.38,272.00
2428141,21.08,32.42,15614.27,271.00
2431141,21.07,32.41,11875.79,266.00
2434141,21.08,32.39,9718.99,269.00
2437141,21.08,32.39,10055.14,267.00
2440141,21.08,32.39,8857.25,265.00
2443141,21.08,32.39,10525.55,264.00
2446141,21.08,32.39,9425.95,263.00
2449141,21.08,32.38,10046.78,261.00
2452141,21.07,32.37,16148.83,260.00
2455141,21.08,32.37,12108.44,259.00
2458141,21.08,32.36,9631.36,259.00
2461141,21.08,32.36,42615.08,256.00
2464141,21.07,32.36,10874.38,255.00
2467141,21.07,32.36,11843.73,253.00
2470141,21.08,32.34,10240.69,252.00
2473141,21.08,32.31,12056.00,252.00
2476141,21.08,32.32,10790.17,249.00
2479141,21.09,32.31,11934.52,249.00
2482141,21.09,32.31,10911.11,248.00
2485141,21.08,32.31,12366.87,247.00
2488141,21.08,32.31,9108.29,245.00
2491141,21.09,32.32,9748.92,244.00
2494141,21.09,32.31,10111.02,239.00
2497141,21.08,32.31,14656.05,242.00
2500141,21.09,32.31,10643.81,242.00
2503141,21.09,32.31,8238.61,240.00
2506141,21.09,32.30,8737.02,239.00
2509141,21.09,32.31,8660.72,237.00
2512141,21.10,32.30,7930.96,236.00
2515141,21.09,32.31,9107.19,235.00
2518141,21.09,32.32,8651.56,234.00
2521141,21.09,32.32,9818.13,242.00
2524141,21.09,32.33,9025.51,232.00
2527141,21.09,32.36,9577.83,232.00
2530141,21.09,32.37,11676.29,231.00
2533141,21.09,32.37,11128.57,237.00
2536141,21.09,32.36,11350.26,228.00
2539141,21.09,32.36,8949.37,228.00
2542141,21.09,32.36,8937.51,227.00
2545141,21.09,32.37,9002.17,235.00
2548141,21.09,32.41,9731.90,226.00
2551141,21.09,32.43,16531.93,226.00
2554141,21.09,32.43,10894.25,224.00
2557141,21.09,32.42,9401.95,226.00
2560141,21.09,32.42,9351.43,224.00
2563141,21.10,32.43,8506.29,224.00
2566141,21.09,32.43,9370.96,223.00
2569141,21.09,32.44,8699.82,222.00
2572141,21.09,32.43,11465.40,222.00
2575141,21.09,32.46,11968.66,223.00
2578141,21.09,32.44,10248.75,220.00
2581141,21.09,32.44,10780.29,220.00
2584141,21.09,32.43,9308.37,219.00
2587141,21.09,32.44,10745.16,219.00
2590141,21.09,32.44,8943.27,219.00
2593141,21.09,32.44,8832.84,218.00
2596141,21.09,32.47,9297.42,214.00
2599141,21.09,32.47,9562.82,218.00
2602141,21.09,32.47,9455.72,218.00
2605141,21.09,32.49,9760.90,218.00
2608141,21.09,32.48,10688.03,217.00
2611141,21.09,32.47,10488.93,217.00
2614141,21.09,32.47,9117.33,217.00
2617141,21.09,32.44,10722.06,217.00
2620141,21.08,32.48,9917.10,217.00
2623141,21.08,32.52,12326.58,218.00
2626141,21.08,32.50,9296.47,218.00
2629141,21.09,32.49,8996.54,217.00
2632141,21.09,32.48,9086.80,209.00
2635141,21.09,32.49,8657.70,215.00
2638141,21.08,32.50,9039.46,218.00
2641141,21.08,32.50,10127.30,219.00
2644141,21.08,32.53,9427.63,218.00
2647141,21.09,32.53,9168.85,218.00
2650141,21.09,32.52,10418.89,219.00
2653141,21.09,32.50,9326.82,211.00
2656141,21.09,32.48,9822.70,219.00
2659141,21.09,32.48,8928.24,219.00
2662141,21.09,32.47,9209.07,220.00
2665141,21.09,32.47,9358.62,220.00
2668141,21.09,32.46,8434.00,220.00
2671141,21.09,32.46,9723.39,221.00
2674141,21.09,32.46,9505.30,220.00
2677141,21.09,32.46,10203.28,220.00
2680141,21.09,32.46,9526.82,220.00
2683141,21.09,32.46,9960.99,221.00
2686141,21.09,32.46,9780.42,222.00
2689141,21.08,32.46,8906.50,221.00
2692141,21.09,32.44,9189.22,222.00
2695141,21.09,32.46,10008.18,222.00
2698141,21.08,32.47,9150.42,222.00
2701141,21.09,32.49,9702.38,222.00
2704141,21.09,32.49,8572.07,224.00
2707141,21.09,32.49,8916.85,232.00
2710141,21.08,32.49,10120.83,225.00
2713141,21.08,32.49,9728.79,221.00
2716141,21.08,32.49,14690.13,225.00
2719141,21.08,32.49,10613.91,225.00
2722141,21.08,32.49,9526.23,226.00
2725141,21.08,32.50,11778.78,228.00
2728141,21.08,32.52,9384.74,228.00
2731141,21.08,32.55,9362.27,228.00
2734141,21.08,32.55,9615.97,229.00
2737141,21.08,32.57,8761.36,230.00
2740141,21.08,32.58,13303.37,231.00
2743141,21.08,32.57,8852.60,230.00
2746141,21.08,32.58,9298.81,232.00
2749141,21.08,32.55,8406.97,232.00
2752141,21.09,32.55,10108.87,232.00
2755141,21.09,32.55,10859.92,234.00
2758141,21.09,32.57,9437.18,233.00
2761141,21.09,32.57,10890.48,234.00
2764141,21.09,32.57,9574.50,234.00
2767141,21.09,32.54,9797.75,235.00
2770141,21.09,32.55,9926.98,237.00
2773141,21.09,32.55,9945.37,236.00
2776141,21.08,32.54,9214.64,237.00
2779141,21.09,32.53,16328.88,239.00
2782141,21.08,32.53,10116.07,239.00
2785141,21.09,32.53,11187.12,240.00
2788141,21.09,32.53,11189.39,241.00
2791141,21.08,32.53,10653.76,241.00
2794141,21.09,32.53,16980.88,246.00
2797141,21.09,32.55,9887.19,242.00
2800141,21.09,32.57,21276.96,242.00
2803141,21.09,32.55,11020.69,242.00
2806141,21.09,32.57,11122.91,244.00
2809141,21.09,32.59,11047.63,244.00
2812141,21.09,32.59,10377.50,245.00
2815141,21.10,32.58,11963.15,246.00
2818141,21.09,32.55,12955.99,246.00
2821141,21.09,32.54,11362.55,246.00
2824141,21.09,32.54,13460.95,247.00
2827141,21.10,32.54,10548.59,255.00
2830141,21.09,32.54,9461.55,247.00
2833141,21.09,32.54,9865.78,247.00
2836141,21.09,32.53,11208.46,249.00
2839141,21.09,32.53,9253.37,247.00
2842141,21.10,32.53,10694.70,248.00
2845141,21.10,32.54,11022.32,248.00
2848141,21.09,32.57,10877.73,249.00
2851141,21.10,32.58,10385.26,250.00
2854141,21.10,32.58,8867.63,251.00
2857141,21.10,32.62,12012.46,250.00
2860141,21.09,32.60,9766.54,251.00
2863141,21.10,32.59,9569.31,251.00
2866141,21.10,32.57,12081.90,252.00
2869141,21.10,32.56,11541.03,252.00
2872141,21.10,32.56,10958.16,252.00
2875141,21.10,32.53,11800.80,252.00
2878141,21.10,32.54,11374.57,255.00
2881141,21.10,32.56,13044.59,251.00
2884141,21.10,32.54,12356.29,252.00
2887141,21.10,32.53,14392.07,252.00
2890141,21.10,32.52,9256.60,251.00
2893141,21.10,32.52,9437.97,253.00
2896141,21.11,32.51,11491.38,251.00
2899141,21.11,32.52,15166.57,251.00
2902141,21.10,32.49,13011.96,250.00
2905141,21.11,32.52,10662.26,250.00
2908141,21.11,32.53,13207.37,250.00
2911141,21.11,32.53,11908.43,254.00
2914141,21.11,32.52,10951.06,249.00
2917141,21.11,32.53,10959.15,248.00
2920141,21.12,32.54,9850.73,248.00
2923141,21.12,32.52,11368.22,246.00
2926141,21.12,32.52,11459.70,255.00
2929141,21.12,32.51,12063.80,245.00
2932141,21.12,32.49,12498.92,245.00
2935141,21.12,32.51,11097.60,245.00
2938141,21.12,32.51,10503.09,243.00
2941141,21.12,32.51,14990.00,244.00
2944141,21.12,32.48,13669.40,243.00
2947141,21.12,32.46,13590.23,242.00
2950141,21.12,32.45,14444.28,240.00
2953141,21.12,32.51,18954.87,240.00
2956141,21.12,32.52,38091.64,241.00
2959141,21.13,32.52,23976.68,240.00
2962141,21.13,32.48,16969.78,239.00
2965141,21.13,32.46,22824.17,238.00
2968141,21.13,32.48,23761.86,237.00
2971141,21.13,32.46,15438.96,237.00
2974141,21.13,32.45,18552.14,236.00
2977141,21.13,32.45,25770.21,235.00
2980141,21.13,32.43,14431.71,235.00
2983141,21.13,32.43,22029.76,235.00
2986141,21.13,32.42,17021.74,237.00
2989141,21.13,32.42,18469.27,230.00
2992141,21.13,32.46,15370.21,233.00
2995141,21.13,32.45,17520.79,234.00
2998141,21.13,32.48,19923.67,233.00
3001141,21.13,32.48,17277.37,232.00
3004141,21.13,32.48,24028.83,232.00
3007141,21.13,32.47,15303.82,231.00
3010141,21.13,32.48,19851.49,231.00
3013141,21.13,32.48,21985.69,231.00
3016141,21.13,32.46,16703.09,231.00
3019141,21.12,32.45,19919.81,229.00
3022141,21.13,32.47,17284.42,229.00
3025141,21.13,32.50,14656.26,233.00
3028141,21.13,32.57,13199.14,230.00
3031141,21.13,32.58,11785.77,228.00
3034141,21.13,32.61,12075.87,228.00
3037141,21.14,32.62,13915.81,226.00
3040141,21.14,32.61,13624.42,227.00
3043141,21.14,32.58,13883.02,222.00
3046141,21.14,32.57,12507.68,226.00
3049141,21.14,32.56,13697.62,226.00
3052141,21.13,32.53,9994.82,223.00
3055141,21.14,32.52,10161.78,226.00
3058141,21.14,32.52,11251.99,226.00
3061141,21.14,32.51,10805.19,225.00
3064141,21.14,32.51,8736.46,225.00
3067141,21.14,32.50,11932.95,224.00
3070141,21.14,32.50,11087.37,225.00
3073141,21.14,32.48,13452.66,224.00
3076141,21.14,32.47,13925.27,223.00
3079141,21.14,32.47,15409.33,223.00
3082141,21.14,32.50,13554.12,225.00
3085141,21.14,32.55,10184.04,223.00
3088141,21.14,32.53,13853.79,222.00
3091141,21.13,32.55,13114.61,222.00
3094141,21.14,32.56,13715.62,229.00
3097141,21.14,32.53,11323.11,221.00
3100141,21.14,32.55,11147.17,221.00
3103141,21.14,32.55,10060.71,221.00
3106141,21.14,32.55,16892.77,220.00
3109141,21.15,32.52,10504.91,219.00
3112141,21.15,32.50,13347.06,219.00
3115141,21.15,32.48,14537.67,218.00
3118141,21.15,32.46,15697.64,218.00
3121141,21.14,32.46,11891.76,219.00
3124141,21.14,32.46,13766.10,218.00
3127141,21.14,32.43,10924.99,216.00
3130141,21.15,32.45,11175.42,215.00
3133141,21.14,32.45,14002.70,215.00
3136141,21.14,32.42,12877.60,215.00
3139141,21.14,32.42,11777.31,213.00
3142141,21.14,32.41,11054.45,213.00
3145141,21.14,32.40,11694.10,212.00
3148141,21.14,32.40,11935.37,212.00
3151141,21.14,32.40,11771.42,211.00
3154141,21.14,32.41,14104.49,210.00
3157141,21.14,32.40,10988.83,209.00
3160141,21.14,32.40,15473.79,209.00
3163141,21.14,32.40,12018.17,208.00
3166141,21.14,32.41,11546.94,206.00
3169141,21.14,32.45,13634.61,206.00
3172141,21.14,32.45,15078.81,206.00
3175141,21.14,32.45,16193.45,205.00
3178141,21.14,32.43,13476.55,204.00
3181141,21.14,32.42,13227.93,202.00
3184141,21.14,32.42,15904.75,202.00
3187141,21.13,32.41,17867.61,202.00
3190141,21.13,32.41,15035.76,197.00
3193141,21.14,32.45,12703.97,200.00
3196141,21.13,32.47,16976.92,201.00
3199141,21.13,32.47,12921.68,198.00
3202141,21.13,32.45,14181.10,197.00
3205141,21.13,32.50,12192.02,197.00
3208141,21.13,32.48,14710.76,195.00
3211141,21.13,32.45,12222.41,195.00
3214141,21.14,32.50,11176.26,194.00
3217141,21.13,32.51,14004.47,192.00
3220141,21.14,32.52,13791.96,195.00
3223141,21.14,32.53,11642.28,191.00
3226141,21.15,32.52,9703.87,189.00
3229141,21.15,32.50,12829.61,188.00
3232141,21.14,32.50,14126.69,188.00
3235141,21.15,32.47,11855.93,187.00
3238141,21.15,32.45,17746.56,187.00
3241141,21.14,32.45,13828.88,185.00
3244141,21.14,32.43,17063.73,197.00
3247141,21.14,32.43,17113.47,182.00
3250141,21.14,32.45,12486.38,183.00
3253141,21.14,32.45,19017.95,182.00
3256141,21.14,32.43,16862.26,181.00
3259141,21.14,32.43,21303.51,181.00
3262141,21.14,32.45,18445.61,178.00
3265141,21.14,32.48,17638.78,179.00
3268141,21.14,32.48,21020.31,178.00
3271141,21.14,32.46,17762.65,178.00
3274141,21.14,32.45,11725.71,177.00
3277141,21.14,32.45,18502.07,176.00
3280141,21.14,32.42,18126.91,175.00
3283141,21.13,32.41,15713.10,175.00
3286141,21.13,32.43,11685.14,175.00
3289141,21.13,32.45,13504.72,171.00
3292141,21.13,32.47,27182.30,172.00
3295141,21.14,32.48,25671.86,172.00
3298141,21.13,32.47,21774.11,179.00
3301141,21.13,32.45,12009.40,171.00
3304141,21.13,32.46,22237.11,168.00
3307141,21.13,32.46,13329.84,170.00
3310141,21.14,32.43,22456.75,167.00
3313141,21.13,32.45,16804.42,169.00
3316141,21.13,32.45,12828.38,169.00
3319141,21.13,32.45,13194.08,168.00
3322141,21.13,32.47,15600.84,168.00
3325141,21.12,32.47,19082.80,169.00
3328141,21.13,32.48,14764.91,167.00
3331141,21.12,32.48,17660.66,166.00
3334141,21.13,32.51,15833.17,169.00
3337141,21.12,32.53,13220.23,165.00
3340141,21.12,32.53,17867.38,169.00
3343141,21.12,32.53,18219.25,166.00
3346141,21.12,32.52,20678.20,166.00
3349141,21.12,32.52,13988.99,165.00
3352141,21.12,32.52,16703.74,167.00
3355141,21.12,32.51,18465.85,165.00
3358141,21.12,32.52,15779.80,164.00
3361141,21.12,32.51,13103.52,164.00
3364141,21.12,32.52,11633.52,164.00
3367141,21.12,32.51,10279.21,162.00
3370141,21.12,32.52,20714.48,164.00
3373141,21.12,32.51,16366.41,163.00
3376141,21.12,32.54,11316.33,163.00
3379141,21.12,32.53,9613.25,163.00
3382141,21.12,32.52,18244.45,163.00
3385141,21.12,32.53,17916.74,163.00
3388141,21.12,32.53,17968.63,162.00
3391141,21.12,32.52,13390.10,162.00
3394141,21.12,32.54,18120.57,162.00
3397141,21.12,32.52,14183.11,162.00
3400141,21.11,32.51,12184.60,163.00
3403141,21.12,32.49,17866.70,162.00
3406141,21.12,32.49,17407.36,162.00
3409141,21.12,32.47,16318.95,163.00
3412141,21.12,32.45,29149.86,163.00
3415141,21.12,32.43,21004.29,166.00
3418141,21.12,32.43,12943.09,164.00
3421141,21.11,32.42,18547.71,164.00
3424141,21.12,32.42,20010.39,167.00
3427141,21.11,32.42,26118.99,165.00
3430141,21.11,32.41,22233.61,165.00
3433141,21.11,32.41,15316.62,165.00
3436141,21.11,32.41,20043.25,166.00
3439141,21.11,32.41,23361.03,170.00
3442141,21.10,32.40,25242.56,167.00
3445141,21.10,32.41,16631.52,167.00
3448141,21.11,32.40,17698.23,174.00
3451141,21.11,32.41,31958.73,169.00
3454141,21.11,32.40,13221.47,177.00
3457141,21.11,32.41,20042.89,171.00
3460141,21.11,32.41,15212.37,171.00
3463141,21.10,32.40,16621.39,172.00
3466141,21.10,32.39,15350.12,172.00
3469141,21.10,32.38,15835.89,173.00
3472141,21.11,32.38,13543.27,175.00
3475141,21.10,32.36,17916.29,174.00
3478141,21.11,32.40,16834.07,175.00
3481141,21.11,32.40,17459.12,176.00
3484141,21.10,32.40,17604.46,176.00
3487141,21.10,32.38,20308.91,177.00
3490141,21.10,32.37,14459.40,180.00
3493141,21.10,32.36,16337.99,180.00
3496141,21.10,32.36,11192.51,179.00
3499141,21.10,32.35,25704.79,181.00
3502141,21.10,32.35,23239.36,180.00
3505141,21.10,32.37,23202.06,183.00
3508141,21.10,32.40,28457.98,184.00
3511141,21.11,32.37,19589.73,187.00
3514141,21.10,32.37,23166.44,186.00
3517141,21.11,32.35,25296.87,188.00
3520141,21.10,32.33,26692.52,188.00
3523141,21.11,32.35,15656.49,190.00
3526141,21.10,32.37,13488.68,191.00
3529141,21.10,32.37,13462.46,193.00
3532141,21.11,32.37,22314.81,193.00
3535141,21.11,32.35,12951.23,194.00
3538141,21.10,32.33,11450.35,203.00
3541141,21.11,32.32,11657.04,198.00
3544141,21.11,32.31,10616.89,197.00
3547141,21.11,32.32,12485.97,200.00
3550141,21.11,32.33,10506.30,200.00
3553141,21.11,32.36,10258.13,200.00
3556141,21.11,32.36,10528.28,204.00
3559141,21.11,32.36,10937.44,207.00
3562141,21.12,32.36,9914.71,209.00
3565141,21.12,32.36,11185.61,208.00
3568141,21.12,32.35,10623.20,209.00
3571141,21.12,32.32,11852.51,216.00
3574141,21.12,32.31,11469.02,209.00
3577141,21.13,32.31,12439.42,211.00
3580141,21.13,32.30,13461.29,219.00
3583141,21.12,32.30,15052.12,213.00
3586141,21.12,32.31,14218.05,214.00
3589141,21.13,32.29,14451.69,216.00
3592141,21.13,32.30,9948.50,217.00
3595141,21.13,32.26,11974.11,219.00
3598141,21.13,32.25,12186.32,219.00
3601141,21.14,32.24,11925.18,224.00
3604141,21.14,32.23,13321.85,220.00
3607141,21.14,32.21,14686.11,221.00
3610141,21.14,32.20,14086.38,222.00
3613141,21.14,32.23,16179.46,231.00
3616141,21.15,32.21,15636.68,223.00
3619141,21.14,32.23,22155.98,224.00
3622141,21.14,32.20,15475.88,226.00
3625141,21.14,32.23,17752.29,226.00
3628141,21.14,32.23,10008.64,228.00
3631141,21.15,32.23,11372.71,230.00
3634141,21.15,32.28,9692.21,231.00
3637141,21.14,32.26,10774.96,230.00
3640141,21.14,32.24,9680.94,230.00
3643141,21.15,32.24,10971.05,232.00
3646141,21.15,32.21,15147.62,234.00
3649141,21.15,32.18,10057.09,234.00
3652141,21.15,32.18,10354.60,235.00
3655141,21.15,32.19,10799.36,236.00
3658141,21.15,32.23,11576.04,237.00
3661141,21.15,32.25,9433.90,239.00
3664141,21.15,32.25,9979.38,239.00
3667141,21.15,32.25,10906.73,240.00
3670141,21.15,32.24,9938.24,240.00
3673141,21.16,32.21,9122.02,241.00
3676141,21.16,32.21,9501.08,241.00
3679141,21.16,32.21,12698.65,241.00
3682141,21.16,32.22,9393.85,242.00
3685141,21.16,32.23,11981.36,242.00
3688141,21.16,32.22,10801.37,243.00
3691141,21.16,32.24,12296.71,243.00
3694141,21.17,32.26,10804.49,243.00
3697141,21.16,32.29,10864.65,243.00
3700141,21.17,32.26,10567.20,243.00
3703141,21.17,32.25,10395.20,245.00
3706141,21.17,32.24,10075.45,244.00
3709141,21.17,32.24,10684.73,243.00
3712141,21.17,32.23,9870.19,242.00
3715141,21.17,32.20,9911.47,244.00
3718141,21.17,32.19,9715.50,244.00
3721141,21.17,32.19,10643.56,244.00
3724141,21.17,32.23,9849.47,244.00
3727141,21.17,32.23,9800.50,248.00
3730141,21.17,32.24,9305.41,248.00
3733141,21.17,32.24,10814.20,245.00
3736141,21.18,32.23,10073.23,245.00
3739141,21.18,32.20,11513.46,246.00
3742141,21.18,32.20,9292.05,252.00
3745141,21.18,32.25,10503.50,247.00
3748141,21.19,32.24,9579.63,248.00
3751141,21.18,32.24,10592.48,247.00
3754141,21.18,32.24,9081.84,248.00
3757141,21.19,32.21,9773.75,242.00
3760141,21.18,32.19,10222.03,243.00
3763141,21.19,32.18,11326.98,242.00
3766141,21.19,32.18,10006.39,244.00
3769141,21.19,32.17,10046.79,242.00
3772141,21.19,32.16,9471.69,245.00
3775141,21.19,32.17,9516.00,245.00
3778141,21.19,32.16,21974.96,245.00
3781141,21.20,32.14,10223.30,245.00
3784141,21.19,32.14,10377.98,246.00
3787141,21.19,32.14,12687.07,246.00
3790141,21.19,32.13,12700.97,248.00
3793141,21.19,32.12,17179.39,249.00
3796141,21.19,32.12,13408.86,250.00
3799141,21.19,32.12,16343.02,251.00
3802141,21.19,32.11,17590.28,251.00
3805141,21.19,32.11,15430.27,251.00
3808141,21.20,32.09,14404.87,252.00
3811141,21.21,32.08,15822.04,253.00
3814141,21.21,32.08,12642.93,253.00
3817141,21.21,32.08,15981.87,253.00
3820141,21.21,32.08,18575.62,253.00
3823141,21.21,32.08,15415.83,255.00
3826141,21.21,32.10,13196.78,255.00
3829141,21.21,32.12,12507.72,255.00
3832141,21.21,32.12,15255.75,258.00
3835141,21.21,32.09,14700.25,259.00
3838141,21.21,32.09,13450.11,260.00
3841141,21.21,32.08,10962.85,261.00
3844141,21.21,32.07,12060.94,260.00
3847141,21.21,32.07,18182.15,262.00
3850141,21.21,32.07,13646.80,262.00
3853141,21.21,32.07,14025.99,261.00
3856141,21.22,32.07,12816.88,264.00
3859141,21.21,32.07,13149.76,264.00
3862141,21.22,32.07,17852.54,264.00
3865141,21.21,32.07,15820.10,263.00
3868141,21.22,32.07,21922.16,265.00
3871141,21.22,32.07,14508.95,264.00
3874141,21.22,32.06,20858.13,262.00
3877141,21.22,32.05,18850.95,264.00
3880141,21.22,32.06,21867.06,265.00
3883141,21.22,32.03,18556.48,265.00
3886141,21.22,32.05,23713.02,263.00
3889141,21.22,32.05,17821.79,263.00
3892141,21.22,32.05,17787.31,263.00
3895141,21.22,32.05,21273.64,261.00
3898141,21.22,32.05,18933.32,262.00
3901141,21.22,32.05,15347.05,261.00
3904141,21.22,32.05,17521.14,262.00
3907141,21.22,32.04,14880.02,262.00
3910141,21.22,32.02,19450.98,261.00
3913141,21.22,32.02,12859.71,260.00
3916141,21.22,32.02,16327.86,265.00
3919141,21.22,32.02,14752.43,260.00
3922141,21.22,32.02,14987.19,260.00
3925141,21.23,32.02,17231.93,260.00
3928141,21.23,32.01,22281.13,258.00
3931141,21.23,32.00,20750.67,257.00
3934141,21.23,32.00,22287.45,257.00
3937141,21.23,31.99,27010.66,257.00
3940141,21.23,32.00,19894.21,264.00
3943141,21.23,31.99,24620.85,255.00
3946141,21.23,31.99,20656.00,258.00
3949141,21.23,31.99,17467.25,254.00
3952141,21.23,31.99,12275.00,255.00
3955141,21.23,31.99,11121.25,254.00
3958141,21.23,31.97,14836.65,252.00
3961141,21.24,31.97,16485.23,254.00
3964141,21.23,31.97,14175.48,252.00
3967141,21.24,31.95,14373.36,252.00
3970141,21.24,31.95,24791.72,252.00
3973141,21.24,31.95,13822.60,248.00
3976141,21.24,31.95,17164.18,250.00
3979141,21.24,31.93,13693.98,260.00
3982141,21.25,31.89,17837.10,250.00
3985141,21.25,31.90,14031.49,249.00
3988141,21.26,31.90,12317.27,256.00
3991141,21.25,31.89,11438.46,247.00
3994141,21.26,31.89,13136.11,246.00
3997141,21.26,31.88,10761.48,247.00
4000141,21.27,31.87,10190.88,245.00
4003141,21.27,31.85,9626.67,245.00
4006141,21.27,31.84,9817.23,244.00
4009141,21.27,31.84,26114.84,244.00
4012141,21.28,31.84,16985.91,243.00
4015141,21.28,31.84,12361.33,243.00
4018141,21.28,31.83,11852.79,242.00
4021141,21.28,31.83,11949.80,241.00
4024141,21.28,31.82,11636.53,241.00
4027141,21.28,31.81,9797.75,241.00
4030141,21.29,31.81,12238.05,238.00
4033141,21.29,31.81,10570.26,240.00
4036141,21.28,31.81,10397.91,239.00
4039141,21.28,31.79,10131.73,239.00
4042141,21.28,31.78,13810.06,238.00
4045141,21.29,31.73,11170.76,237.00
4048141,21.29,31.72,11600.50,236.00
4051141,21.30,31.72,11743.91,238.00
4054141,21.30,31.72,10348.28,237.00
4057141,21.30,31.73,10631.62,235.00
4060141,21.30,31.72,13494.59,244.00
4063141,21.30,31.72,11287.55,235.00
4066141,21.30,31.73,10408.16,234.00
4069141,21.30,31.73,13605.07,235.00
4072141,21.30,31.71,13993.40,238.00
4075141,21.30,31.71,11917.15,234.00
4078141,21.30,31.71,10726.44,235.00
4081141,21.30,31.70,11034.30,235.00
4084141,21.30,31.71,12819.00,235.00
4087141,21.30,31.71,10352.70,236.00
4090141,21.31,31.70,10204.37,235.00
4093141,21.30,31.68,10907.58,237.00
4096141,21.30,31.70,10573.86,238.00
4099141,21.30,31.71,9306.96,238.00
4102141,21.30,31.70,11222.50,239.00
4105141,21.30,31.67,11056.01,238.00
4108141,21.31,31.66,12662.93,238.00
4111141,21.30,31.66,13872.32,239.00
4114141,21.31,31.66,13181.99,244.00
4117141,21.31,31.66,12579.07,240.00
4120141,21.30,31.66,9099.70,240.00
4123141,21.30,31.66,21760.28,240.00
4126141,21.30,31.65,12339.12,239.00
4129141,21.30,31.65,12197.77,240.00
4132141,21.30,31.66,10528.08,241.00
4135141,21.29,31.66,10595.22,240.00
4138141,21.29,31.63,13058.79,255.00
4141141,21.29,31.62,18505.57,239.00
4144141,21.29,31.62,11450.07,238.00
4147141,21.29,31.63,9828.92,240.00
4150141,21.29,31.67,10181.70,237.00
4153141,21.30,31.67,9864.24,238.00
4156141,21.29,31.67,17875.86,238.00
4159141,21.29,31.67,13981.30,238.00
4162141,21.29,31.67,12104.75,245.00
4165141,21.29,31.65,10512.96,237.00
4168141,21.29,31.58,9620.93,236.00
4171141,21.29,31.58,11501.57,237.00
4174141,21.29,31.58,9843.59,235.00
4177141,21.30,31.57,12602.23,235.00
4180141,21.30,31.60,10895.78,234.00
4183141,21.30,31.59,11312.08,235.00
4186141,21.31,31.57,9547.98,233.00
4189141,21.31,31.57,10575.91,235.00
4192141,21.31,31.56,9246.99,233.00
4195141,21.31,31.57,13020.92,233.00
4198141,21.31,31.57,14361.36,232.00
4201141,21.31,31.56,11017.35,231.00
4204141,21.31,31.57,18340.23,231.00
4207141,21.31,31.57,10226.56,233.00
4210141,21.31,31.57,11051.96,229.00
4213141,21.30,31.59,18282.97,226.00
4216141,21.30,31.57,18336.36,225.00
4219141,21.31,31.57,20341.25,226.00
4222141,21.31,31.57,16372.52,233.00
4225141,21.30,31.56,19860.37,223.00
4228141,21.30,31.57,13496.52,221.00
4231141,21.30,31.56,17831.73,219.00
4234141,21.30,31.57,14438.16,218.00
4237141,21.30,31.57,18766.75,223.00
4240141,21.30,31.57,16747.02,214.00
4243141,21.30,31.57,10817.24,214.00
4246141,21.29,31.57,10286.49,211.00
4249141,21.29,31.57,11485.48,209.00
4252141,21.29,31.57,13122.29,209.00
4255141,21.30,31.56,20942.17,206.00
4258141,21.29,31.56,12532.00,204.00
4261141,21.29,31.56,15609.10,202.00
4264141,21.29,31.58,24110.09,202.00
4267141,21.29,31.56,14879.16,200.00
4270141,21.29,31.56,14305.38,198.00
4273141,21.29,31.57,12045.47,197.00
4276141,21.29,31.58,10848.01,196.00
4279141,21.29,31.58,11002.03,194.00
4282141,21.30,31.57,9915.76,192.00
4285141,21.30,31.58,10452.72,192.00
4288141,21.29,31.57,10392.52,189.00
4291141,21.30,31.57,9877.58,190.00
4294141,21.29,31.58,10604.34,185.00
4297141,21.30,31.60,11626.06,184.00
4300141,21.29,31.61,12446.80,183.00
4303141,21.29,31.60,19888.16,182.00
4306141,21.29,31.61,11276.36,182.00
4309141,21.29,31.61,12137.85,180.00
4312141,21.29,31.60,12923.63,178.00
4315141,21.29,31.60,9110.08,177.00
4318141,21.28,31.58,11729.54,177.00
4321141,21.29,31.58,11409.94,174.00
4324141,21.28,31.60,10924.48,173.00
4327141,21.29,31.61,13072.33,171.00
4330141,21.28,31.61,13720.74,168.00
4333141,21.28,31.63,11470.29,168.00
4336141,21.28,31.62,13093.60,169.00
4339141,21.27,31.63,10095.08,168.00
4342141,21.28,31.63,13314.34,165.00
4345141,21.27,31.63,15793.18,163.00
4348141,21.28,31.62,11818.40,162.00
4351141,21.27,31.63,10438.74,162.00
4354141,21.27,31.63,14290.39,160.00
4357141,21.27,31.63,11727.46,159.00
4360141,21.27,31.63,12167.42,164.00
4363141,21.26,31.63,13551.87,157.00
4366141,21.27,31.62,11910.41,156.00
4369141,21.27,31.63,11560.60,154.00
4372141,21.27,31.63,12121.93,154.00
4375141,21.27,31.63,10921.03,153.00
4378141,21.27,31.64,11390.94,152.00
4381141,21.27,31.63,10539.92,151.00
4384141,21.26,31.64,10054.04,150.00
4387141,21.27,31.63,9926.43,149.00
4390141,21.27,31.63,9175.78,146.00
4393141,21.26,31.64,21201.74,147.00
4396141,21.26,31.64,10742.15,147.00
4399141,21.26,31.64,9379.35,147.00
4402141,21.26,31.63,12056.12,145.00
4405141,21.27,31.64,9967.14,144.00
4408141,21.26,31.64,12598.14,144.00
4411141,21.26,31.64,11392.10,142.00
4414141,21.27,31.64,10745.54,146.00
4417141,21.26,31.64,9966.60,141.00
4420141,21.27,31.64,9466.40,140.00
4423141,21.26,31.66,9242.09,139.00
4426141,21.26,31.64,8226.81,139.00
4429141,21.26,31.66,9078.67,139.00
4432141,21.25,31.64,9382.66,138.00
4435141,21.25,31.63,9623.59,139.00
4438141,21.26,31.63,10055.70,138.00
4441141,21.25,31.64,11897.98,135.00
4444141,21.25,31.64,10358.54,136.00
4447141,21.25,31.64,17357.46,136.00
4450141,21.25,31.64,11775.81,135.00
4453141,21.25,31.63,9017.10,135.00
4456141,21.25,31.63,10125.05,135.00
4459141,21.24,31.64,8596.98,134.00
4462141,21.24,31.64,8677.47,134.00
4465141,21.25,31.66,8676.40,133.00
4468141,21.24,31.64,9920.00,133.00
4471141,21.24,31.64,9830.72,141.00
4474141,21.24,31.64,9966.90,132.00
4477141,21.23,31.64,9245.48,131.00
4480141,21.23,31.64,9900.45,131.00
4483141,21.23,31.64,9191.93,130.00
4486141,21.23,31.63,11814.77,129.00
4489141,21.23,31.64,10491.95,129.00
4492141,21.23,31.65,8780.43,129.00
4495141,21.23,31.67,9005.08,128.00
4498141,21.22,31.65,8817.80,129.00
4501141,21.22,31.64,10894.00,127.00
4504141,21.22,31.65,9383.46,127.00
4507141,21.21,31.67,9589.45,125.00
4510141,21.21,31.67,8914.22,126.00
4513141,21.22,31.67,9803.87,125.00
4516141,21.21,31.67,9901.59,124.00
4519141,21.21,31.67,9765.88,128.00
4522141,21.21,31.69,9073.41,123.00
4525141,21.21,31.69,9851.59,123.00
4528141,21.21,31.69,9099.44,122.00
4531141,21.21,31.70,9771.17,121.00
4534141,21.20,31.70,9528.22,121.00
4537141,21.20,31.71,10196.19,120.00
4540141,21.20,31.71,9631.81,121.00
4543141,21.20,31.71,8233.35,119.00
4546141,21.19,31.71,9627.59,123.00
4549141,21.20,31.71,8502.26,119.00
4552141,21.19,31.73,10381.55,119.00
4555141,21.18,31.71,11121.35,118.00
4558141,21.19,31.73,10995.93,119.00
4561141,21.19,31.73,9866.38,117.00
4564141,21.19,31.73,8947.83,118.00
4567141,21.19,31.73,9246.45,117.00
4570141,21.18,31.72,16084.63,116.00
4573141,21.18,31.72,10217.33,117.00
4576141,21.18,31.72,11140.20,117.00
4579141,21.18,31.72,10681.50,116.00
4582141,21.18,31.74,9944.59,117.00
4585141,21.17,31.74,8875.64,116.00
4588141,21.18,31.75,9173.51,116.00
4591141,21.17,31.75,9562.97,115.00
4594141,21.17,31.75,9187.25,115.00
4597141,21.17,31.75,9058.65,115.00
4600141,21.17,31.75,10107.47,116.00
4603141,21.17,31.75,9560.38,115.00
4606141,21.17,31.75,10194.53,114.00
4609141,21.16,31.75,9767.50,114.00
4612141,21.17,31.75,9754.51,114.00
4615141,21.17,31.75,9339.22,114.00
4618141,21.16,31.75,9961.55,114.00
4621141,21.16,31.76,8783.05,113.00
4624141,21.15,31.77,9808.76,118.00
4627141,21.16,31.77,10700.33,114.00
4630141,21.16,31.77,10806.70,114.00
4633141,21.15,31.78,9519.70,114.00
4636141,21.16,31.77,9076.43,113.00
4639141,21.16,31.76,8276.29,113.00
4642141,21.16,31.77,9447.22,114.00
4645141,21.15,31.77,9903.96,114.00
4648141,21.15,31.77,11865.36,113.00
4651141,21.15,31.77,9016.99,116.00
4654141,21.15,31.77,10744.68,113.00
4657141,21.15,31.77,9778.34,113.00
4660141,21.15,31.78,9241.33,113.00
4663141,21.15,31.77,10325.94,113.00
4666141,21.14,31.77,8580.13,112.00
4669141,21.14,31.78,9304.75,113.00
4672141,21.15,31.78,12924.30,113.00
4675141,21.14,31.77,9108.41,112.00
4678141,21.14,31.77,8618.74,116.00
4681141,21.15,31.78,15061.28,112.00
4684141,21.14,31.78,10623.36,113.00
4687141,21.14,31.78,23679.03,112.00
4690141,21.14,31.77,13511.32,114.00
4693141,21.14,31.78,11615.72,116.00
4696141,21.13,31.78,10020.50,111.00
4699141,21.13,31.79,9459.99,112.00
4702141,21.14,31.78,10233.46,113.00
4705141,21.14,31.78,10109.42,112.00
4708141,21.13,31.79,8736.68,112.00
4711141,21.13,31.78,9890.56,109.00
4714141,21.13,31.79,11007.51,110.00
4717141,21.13,31.79,8917.05,111.00
4720141,21.12,31.79,8481.41,112.00
4723141,21.12,31.79,9670.73,112.00
4726141,21.12,31.81,12729.27,134.00
4729141,21.12,31.81,9585.04,111.00
4732141,21.12,31.79,11486.10,135.00
4735141,21.12,31.81,9758.60,111.00
4738141,21.12,31.82,8867.39,111.00
4741141,21.12,31.82,9246.90,111.00
4744141,21.12,31.81,9710.49,111.00
4747141,21.11,31.81,12368.25,111.00
4750141,21.12,31.82,19321.60,111.00
4753141,21.11,31.82,8465.78,120.00
4756141,21.11,31.82,11870.78,112.00
4759141,21.11,31.82,9731.31,112.00
4762141,21.11,31.81,9475.16,111.00
4765141,21.10,31.82,8943.40,111.00
4768141,21.11,31.82,9261.68,111.00
4771141,21.10,31.82,9009.86,111.00
4774141,21.11,31.82,9082.92,111.00
4777141,21.11,31.83,9618.42,112.00
4780141,21.11,31.82,9663.00,112.00
4783141,21.11,31.82,8476.31,111.00
4786141,21.11,31.83,8479.55,113.00
4789141,21.11,31.83,10008.07,111.00
4792141,21.10,31.83,9141.93,117.00
4795141,21.11,31.83,10442.15,112.00
4798141,21.11,31.83,10981.21,111.00
4801141,21.11,31.83,9819.63,111.00
4804141,21.10,31.83,9843.81,111.00
4807141,21.10,31.83,8498.43,114.00
4810141,21.10,31.83,8483.72,111.00
4813141,21.11,31.83,9213.21,112.00
4816141,21.11,31.84,11397.06,110.00
4819141,21.11,31.84,11625.84,110.00
4822141,21.10,31.84,11492.42,110.00
4825141,21.10,31.85,11153.21,109.00
4828141,21.11,31.85,9620.18,111.00
4831141,21.10,31.85,9699.27,109.00
4834141,21.10,31.85,17033.90,110.00
4837141,21.09,31.85,10411.83,113.00
4840141,21.10,31.85,9216.70,110.00
4843141,21.09,31.87,9824.57,110.00
4846141,21.10,31.85,10297.25,109.00
4849141,21.09,31.87,9688.48,109.00
4852141,21.09,31.85,8570.95,110.00
4855141,21.09,31.85,8353.04,108.00
4858141,21.09,31.85,9888.53,110.00
4861141,21.09,31.85,10714.74,110.00
4864141,21.09,31.85,10153.33,111.00
4867141,21.09,31.87,10187.87,109.00
4870141,21.10,31.87,9659.01,111.00
4873141,21.09,31.87,11116.86,112.00
4876141,21.09,31.88,13110.29,109.00
4879141,21.09,31.88,10350.35,109.00
4882141,21.09,31.88,9964.61,113.00
4885141,21.09,31.88,10784.05,110.00
4888141,21.09,31.88,15289.01,108.00
4891141,21.09,31.88,12952.45,111.00
4894141,21.09,31.88,9781.49,108.00
4897141,21.09,31.88,24846.30,108.00
4900141,21.08,31.89,20640.00,108.00
4903141,21.09,31.89,14414.29,103.00
4906141,21.09,31.89,10924.53,107.00
4909141,21.08,31.89,10327.43,103.00
4912141,21.09,31.90,14734.83,106.00
4915141,21.08,31.90,9328.08,107.00
4918141,21.09,31.89,9778.30,106.00
4921141,21.08,31.90,8940.58,107.00
4924141,21.08,31.90,8879.91,105.00
4927141,21.08,31.91,10145.49,105.00
4930141,21.08,31.91,9811.19,105.00
4933141,21.08,31.91,9506.75,105.00
4936141,21.08,31.90,9156.10,105.00
4939141,21.07,31.91,10247.29,104.00
4942141,21.07,31.91,10081.52,104.00
4945141,21.07,31.91,11301.74,103.00
4948141,21.07,31.91,10161.10,103.00
4951141,21.07,31.93,10775.38,103.00
4954141,21.07,31.91,9250.64,103.00
4957141,21.07,31.93,9349.04,103.00
4960141,21.07,31.91,8803.18,101.00
4963141,21.07,31.93,9052.21,102.00
4966141,21.07,31.93,10061.34,102.00
4969141,21.07,31.92,11694.15,102.00
4972141,21.07,31.91,9789.61,101.00
4975141,21.07,31.91,9369.18,101.00
4978141,21.06,31.92,9766.36,101.00
4981141,21.07,31.91,10309.77,100.00
4984141,21.07,31.92,9621.10,100.00
4987141,21.07,31.91,9752.01,106.00
4990141,21.06,31.92,9916.48,100.00
4993141,21.07,31.92,9587.41,101.00
4996141,21.06,31.92,10480.82,99.00
4999141,21.06,31.92,10238.74,97.00
5002141,21.06,31.92,10584.51,101.00
5005141,21.06,31.94,10079.45,98.00
5008141,21.05,31.94,9540.64,100.00
5011141,21.06,31.94,9724.95,98.00
5014141,21.05,31.94,9743.66,97.00
5017141,21.05,31.94,10388.89,98.00
5020141,21.05,31.94,8083.73,97.00
5023141,21.05,31.94,10307.05,98.00
5026141,21.05,31.94,11529.56,96.00
5029141,21.05,31.94,10740.72,96.00
5032141,21.05,31.94,9272.76,97.00
5035141,21.05,31.95,12838.17,96.00
5038141,21.05,31.94,12513.79,97.00
5041141,21.05,31.95,10155.75,95.00
5044141,21.05,31.95,8664.59,94.00
5047141,21.05,31.95,8091.73,93.00
5050141,21.04,31.95,9388.84,95.00
5053141,21.04,31.95,10774.44,94.00
5056141,21.04,31.95,8723.98,93.00
5059141,21.05,31.95,9114.09,93.00
5062141,21.04,31.96,9041.43,92.00
5065141,21.04,31.96,9260.51,93.00
5068141,21.04,31.95,9334.04,92.00
5071141,21.04,31.96,9075.51,98.00
5074141,21.04,31.96,13453.99,97.00
5077141,21.04,31.96,9867.17,92.00
5080141,21.04,31.97,9812.37,92.00
5083141,21.04,31.97,8834.21,91.00
5086141,21.04,31.97,9126.53,101.00
5089141,21.04,31.99,9689.32,92.00
5092141,21.04,31.99,9162.36,91.00
5095141,21.03,31.99,9109.92,92.00
5098141,21.03,32.00,9844.72,88.00
5101141,21.03,32.01,9998.16,91.00
5104141,21.03,32.01,8749.36,93.00
5107141,21.04,32.02,8982.54,90.00
5110141,21.03,32.03,8762.17,89.00
5113141,21.03,32.03,8912.17,86.00
5116141,21.03,32.03,9035.87,90.00
5119141,21.03,32.03,9394.71,89.00
5122141,21.03,32.03,9233.46,89.00
5125141,21.04,32.03,12260.37,89.00
5128141,21.02,32.03,9066.23,88.00
5131141,21.03,32.05,10106.04,85.00
5134141,21.02,32.04,11426.64,87.00
5137141,21.03,32.06,10386.82,84.00
5140141,21.03,32.05,9634.29,87.00
5143141,21.03,32.06,10252.56,87.00
5146141,21.03,32.06,10671.77,87.00
5149141,21.03,32.06,8902.58,87.00
5152141,21.02,32.07,9912.21,86.00
5155141,21.03,32.07,9695.57,88.00
5158141,21.02,32.07,10293.22,89.00
5161141,21.02,32.07,10023.05,86.00
5164141,21.02,32.08,10732.67,86.00
5167141,21.02,32.07,9025.48,91.00
5170141,21.02,32.08,11962.66,85.00
5173141,21.02,32.08,11368.48,86.00
5176141,21.02,32.08,10696.81,87.00
5179141,21.01,32.08,13190.90,85.00
5182141,21.02,32.09,14327.88,85.00
5185141,21.02,32.08,12824.18,84.00
5188141,21.02,32.08,9946.44,83.00
5191141,21.02,32.08,9301.62,85.00
5194141,21.02,32.09,9353.50,85.00
5197141,21.01,32.09,10192.15,86.00
5200141,21.02,32.09,10349.75,86.00
5203141,21.01,32.09,10536.49,84.00
5206141,21.01,32.09,12451.47,86.00
5209141,21.01,32.09,11663.91,86.00
5212141,21.01,32.09,8919.69,88.00
5215141,21.01,32.08,11188.15,83.00
5218141,21.01,32.09,12276.33,84.00
5221141,21.01,32.09,15949.70,85.00
5224141,21.01,32.09,15053.97,84.00
5227141,21.01,32.09,17267.69,84.00
5230141,21.01,32.09,15352.20,84.00
5233141,21.01,32.09,13012.15,84.00
5236141,21.01,32.09,10383.83,84.00
5239141,21.00,32.09,20177.75,82.00
5242141,21.00,32.11,11914.41,90.00
5245141,21.00,32.09,13734.14,83.00
5248141,21.00,32.09,12998.61,95.00
5251141,21.00,32.11,10989.85,83.00
5254141,21.00,32.09,13707.51,83.00
5257141,21.01,32.11,10202.76,83.00
5260141,21.01,32.11,9574.47,83.00
5263141,21.00,32.11,10137.30,83.00
5266141,21.01,32.11,13632.69,84.00
5269141,21.00,32.11,13536.10,84.00
5272141,21.01,32.12,10952.88,82.00
5275141,21.01,32.12,10372.19,83.00
5278141,21.00,32.12,13434.97,84.00
5281141,21.00,32.12,10436.20,83.00
5284141,21.00,32.12,12936.75,83.00
5287141,21.00,32.11,9327.23,86.00
5290141,21.00,32.12,9082.90,84.00
5293141,21.00,32.12,10329.57,82.00
5296141,21.00,32.10,10711.29,83.00
5299141,21.00,32.11,10239.61,83.00
5302141,21.00,32.10,10326.82,83.00
5305141,21.00,32.10,10782.61,83.00
5308141,20.99,32.09,9625.94,83.00
5311141,20.99,32.10,10744.04,84.00
5314141,20.99,32.10,9743.50,83.00
5317141,21.00,32.09,9338.92,83.00
5320141,20.99,32.10,10404.08,84.00
5323141,20.99,32.09,10454.25,83.00
5326141,20.99,32.10,9933.62,84.00
5329141,20.99,32.10,9406.89,84.00
5332141,20.98,32.10,8117.70,84.00
5335141,20.99,32.10,11472.08,84.00
5338141,20.99,32.12,10689.17,86.00
5341141,20.99,32.10,8491.11,84.00
5344141,20.99,32.12,7627.19,83.00
5347141,20.99,32.12,8585.94,85.00
5350141,20.98,32.12,9297.30,87.00
5353141,20.98,32.12,9447.42,85.00
5356141,20.98,32.13,9610.40,85.00
5359141,20.98,32.12,8591.78,84.00
5362141,20.99,32.12,8579.41,86.00
5365141,20.99,32.13,9310.45,83.00
5368141,20.98,32.13,8502.63,85.00
5371141,20.98,32.13,8451.47,86.00
5374141,20.98,32.14,8494.47,86.00
5377141,20.98,32.14,8860.91,86.00
5380141,20.98,32.14,9737.46,86.00
5383141,20.98,32.14,9862.56,86.00
5386141,20.98,32.14,14457.73,87.00
5389141,20.98,32.14,12488.92,87.00
5392141,20.97,32.15,12749.27,87.00
5395141,20.98,32.15,9719.11,88.00
5398141,20.97,32.15,9206.58,87.00
5401141,20.98,32.15,9542.78,87.00
5404141,20.98,32.17,9574.85,88.00
5407141,20.97,32.16,9736.43,91.00
5410141,20.97,32.16,9028.53,89.00
5413141,20.97,32.16,10301.54,88.00
5416141,20.97,32.16,9555.80,86.00
5419141,20.97,32.18,9530.01,89.00
5422141,20.97,32.18,8676.08,90.00
5425141,20.97,32.18,8639.51,90.00
5428141,20.96,32.18,9607.14,91.00
5431141,20.97,32.19,9088.76,91.00
5434141,20.97,32.19,8914.26,92.00
5437141,20.97,32.19,8795.00,93.00
5440141,20.97,32.19,11759.15,92.00
5443141,20.97,32.20,11257.24,92.00
5446141,20.97,32.20,10787.62,93.00
5449141,20.97,32.20,9894.26,91.00
5452141,20.97,32.21,10916.37,95.00
5455141,20.97,32.21,11277.91,93.00
5458141,20.97,32.21,10512.67,93.00
5461141,20.97,32.23,10156.18,93.00
5464141,20.97,32.24,9847.26,96.00
5467141,20.98,32.25,10094.17,99.00
5470141,20.97,32.24,9606.44,95.00
5473141,20.97,32.24,9836.00,99.00
5476141,20.97,32.25,8786.59,95.00
5479141,20.97,32.25,10588.67,95.00
5482141,20.97,32.24,9137.31,95.00
5485141,20.96,32.25,9397.16,96.00
5488141,20.97,32.25,9725.07,96.00
5491141,20.96,32.24,9896.65,96.00
5494141,20.96,32.25,9834.92,96.00
5497141,20.97,32.25,8749.64,106.00
5500141,20.96,32.24,9877.03,98.00
5503141,20.97,32.25,9600.75,99.00
5506141,20.96,32.25,9919.11,98.00
5509141,20.96,32.24,9121.96,104.00
5512141,20.96,32.24,12383.58,100.00
5515141,20.96,32.24,8584.50,98.00
5518141,20.96,32.23,8990.15,99.00
5521141,20.96,32.23,9480.97,99.00
5524141,20.96,32.22,8558.10,99.00
5527141,20.96,32.22,9286.76,96.00
5530141,20.96,32.23,11172.96,96.00
5533141,20.96,32.21,10304.56,101.00
5536141,20.96,32.21,8661.68,101.00
5539141,20.96,32.20,9054.32,101.00
5542141,20.96,32.20,8536.90,101.00
5545141,20.95,32.21,8720.56,101.00
5548141,20.96,32.20,9910.61,101.00
5551141,20.96,32.20,9295.70,102.00
5554141,20.96,32.19,12254.37,99.00
5557141,20.95,32.19,10866.52,102.00
5560141,20.96,32.19,10322.48,102.00
5563141,20.96,32.18,10792.21,101.00
5566141,20.96,32.19,9308.49,103.00
5569141,20.96,32.19,8342.69,99.00
5572141,20.96,32.18,8549.97,103.00
5575141,20.95,32.19,8135.55,104.00
5578141,20.96,32.19,10503.95,105.00
5581141,20.95,32.18,8303.77,104.00
5584141,20.96,32.18,9075.42,104.00
5587141,20.96,32.18,9935.95,104.00
5590141,20.95,32.19,8506.10,105.00
5593141,20.95,32.18,8676.52,104.00
5596141,20.95,32.17,9117.26,105.00
5599141,20.95,32.18,11893.71,105.00
5602141,20.95,32.18,9995.12,105.00
5605141,20.95,32.16,8710.64,105.00
5608141,20.95,32.16,9295.31,104.00
5611141,20.95,32.16,9835.16,111.00
5614141,20.95,32.16,8300.15,106.00
5617141,20.95,32.16,8004.75,109.00
5620141,20.94,32.16,8726.83,107.00
5623141,20.95,32.16,14997.31,105.00
5626141,20.95,32.16,10782.19,106.00
5629141,20.95,32.15,11107.53,107.00
5632141,20.94,32.16,11458.36,107.00
5635141,20.95,32.11,10505.87,107.00
5638141,20.95,32.13,12514.20,107.00
5641141,20.95,32.14,10233.27,107.00
5644141,20.94,32.13,9210.50,108.00
5647141,20.95,32.11,8561.16,108.00
5650141,20.95,32.11,10418.66,109.00
5653141,20.94,32.11,10096.71,110.00
5656141,20.95,32.10,8920.33,109.00
5659141,20.95,32.10,8857.97,109.00
5662141,20.94,32.09,8663.28,109.00
5665141,20.94,32.10,10124.04,115.00
5668141,20.94,32.09,8696.88,110.00
5671141,20.95,32.09,9125.37,109.00
5674141,20.94,32.10,9296.03,110.00
5677141,20.94,32.09,9016.83,106.00
5680141,20.95,32.09,8616.29,111.00
5683141,20.94,32.09,9038.87,111.00
5686141,20.94,32.09,9040.68,109.00
5689141,20.94,32.09,8854.90,112.00
5692141,20.94,32.08,8683.64,111.00
5695141,20.93,32.08,8642.97,112.00
5698141,20.94,32.09,9635.07,112.00
5701141,20.94,32.09,10269.75,112.00
5704141,20.94,32.09,9532.93,112.00
5707141,20.94,32.06,8839.40,113.00
5710141,20.94,32.06,9527.21,114.00
5713141,20.94,32.06,10571.87,114.00
5716141,20.94,32.08,9955.59,114.00
5719141,20.94,32.08,9197.81,115.00
5722141,20.94,32.06,11336.19,115.00
5725141,20.93,32.06,9289.94,119.00
5728141,20.93,32.08,8494.29,115.00
5731141,20.93,32.08,9935.21,118.00
5734141,20.93,32.08,11303.42,115.00
5737141,20.93,32.06,13379.15,115.00
5740141,20.93,32.06,11560.98,116.00
5743141,20.93,32.05,10646.06,116.00
5746141,20.93,32.06,12190.82,123.00
5749141,20.93,32.06,17080.05,117.00
5752141,20.93,32.05,9108.77,118.00
5755141,20.93,32.05,14851.39,118.00
5758141,20.94,32.03,10009.61,118.00
5761141,20.94,32.04,9181.13,116.00
5764141,20.94,32.04,8496.55,119.00
5767141,20.93,32.04,9037.47,123.00
5770141,20.94,32.04,9668.72,120.00
5773141,20.94,32.04,10803.39,121.00
5776141,20.94,32.04,9657.00,120.00
5779141,20.94,32.04,10236.68,119.00
5782141,20.94,32.03,10023.69,121.00
5785141,20.94,32.03,9111.16,122.00
5788141,20.93,32.03,10025.45,122.00
5791141,20.94,32.03,9017.84,122.00
5794141,20.94,32.03,8830.04,122.00
5797141,20.94,32.04,11396.85,123.00
5800141,20.94,32.03,11934.66,123.00
5803141,20.94,32.01,10936.57,123.00
5806141,20.93,32.00,8991.51,123.00
5809141,20.93,32.01,9443.69,129.00
5812141,20.94,32.00,9108.67,126.00
5815141,20.93,32.00,10014.90,125.00
5818141,20.93,32.00,9614.14,124.00
5821141,20.94,32.00,9396.47,125.00
5824141,20.94,32.00,8890.98,124.00
5827141,20.94,32.00,8828.48,125.00
5830141,20.94,32.00,8859.82,125.00
5833141,20.93,32.01,8824.11,126.00
5836141,20.93,32.01,8815.52,125.00
5839141,20.94,32.01,8223.28,125.00
5842141,20.94,32.01,7783.85,126.00
5845141,20.93,32.01,9855.53,126.00
5848141,20.93,32.01,9121.93,133.00
5851141,20.94,32.01,10152.49,127.00
5854141,20.94,32.01,10130.61,127.00
5857141,20.93,32.01,11634.45,128.00
5860141,20.94,32.00,12020.04,132.00
5863141,20.93,32.01,12740.08,126.00
5866141,20.93,32.01,11525.69,141.00
5869141,20.93,32.01,9915.01,129.00
5872141,20.93,32.01,10049.18,126.00
5875141,20.93,32.01,17480.61,127.00
5878141,20.93,32.01,10558.11,127.00
5881141,20.93,32.01,10333.36,127.00
5884141,20.93,32.01,9710.21,127.00
5887141,20.93,32.03,10606.83,126.00
5890141,20.93,32.01,10804.37,126.00
5893141,20.93,32.01,9100.11,127.00
5896141,20.93,32.01,9817.48,126.00
5899141,20.93,32.03,8734.15,127.00
5902141,20.94,32.01,8324.34,126.00
5905141,20.94,32.01,8826.42,126.00
5908141,20.93,32.01,9555.33,127.00
5911141,20.93,32.00,8637.22,127.00
5914141,20.93,32.00,9950.48,126.00
5917141,20.93,32.00,9936.54,126.00
5920141,20.93,32.00,8876.67,126.00
5923141,20.93,31.99,8951.07,126.00
5926141,20.93,31.99,9396.79,125.00
5929141,20.93,31.99,10361.47,126.00
5932141,20.93,31.99,14086.77,126.00
5935141,20.93,31.99,9846.05,125.00
5938141,20.93,31.98,10536.09,126.00
5941141,20.93,31.99,10217.34,125.00
5944141,20.93,31.98,9729.94,125.00
5947141,20.93,31.98,9904.71,124.00
5950141,20.93,31.98,10206.99,124.00
5953141,20.93,31.98,10273.78,124.00
5956141,20.93,31.98,13040.50,124.00
5959141,20.93,31.98,10781.77,123.00
5962141,20.92,31.99,16217.34,123.00
5965141,20.93,31.99,10973.77,119.00
5968141,20.93,31.98,8789.25,131.00
5971141,20.93,31.98,11352.52,124.00
5974141,20.93,31.99,8860.29,122.00
5977141,20.92,31.98,9337.99,122.00
5980141,20.92,31.98,9798.09,121.00
5983141,20.93,31.98,9689.95,121.00
5986141,20.93,31.96,9353.80,121.00
5989141,20.93,31.98,11785.01,121.00
5992141,20.93,31.98,9928.72,121.00
5995141,20.93,31.96,9761.84,130.00
5998141,20.93,31.96,9554.00,121.00
6001141,20.93,31.96,9612.41,120.00
6004141,20.92,31.95,8758.91,119.00
6007141,20.93,31.95,9479.89,118.00
6010141,20.93,31.94,22548.45,118.00
6013141,20.93,31.93,9382.75,118.00
6016141,20.93,31.93,8225.86,121.00
6019141,20.93,31.92,8760.23,117.00
6022141,20.93,31.93,10931.74,117.00
6025141,20.93,31.90,9197.22,116.00
6028141,20.92,31.90,10874.58,116.00
6031141,20.93,31.90,9704.98,115.00
6034141,20.93,31.90,10118.08,115.00
6037141,20.92,31.90,8826.97,114.00
6040141,20.92,31.90,8443.95,115.00
6043141,20.92,31.89,8866.14,114.00
6046141,20.92,31.88,9837.45,113.00
6049141,20.92,31.88,9960.91,116.00
6052141,20.92,31.88,10083.02,115.00
6055141,20.92,31.88,9116.93,112.00
6058141,20.92,31.87,8621.04,113.00
6061141,20.92,31.88,11676.99,116.00
6064141,20.92,31.87,11086.68,112.00
6067141,20.91,31.85,12783.22,111.00
6070141,20.91,31.84,12850.84,114.00
6073141,20.91,31.85,11143.30,110.00
6076141,20.91,31.85,10808.56,109.00
6079141,20.91,31.84,10782.89,109.00
6082141,20.91,31.84,10289.62,108.00
6085141,20.92,31.84,11512.46,108.00
6088141,20.91,31.85,10333.75,107.00
6091141,20.91,31.85,13138.81,107.00
6094141,20.91,31.84,12928.33,106.00
6097141,20.91,31.84,9717.57,106.00
6100141,20.91,31.84,10853.63,106.00
6103141,20.91,31.84,8923.54,106.00
6106141,20.91,31.84,10835.61,105.00
6109141,20.91,31.84,10016.99,105.00
6112141,20.90,31.83,10215.18,104.00
6115141,20.91,31.83,10515.39,103.00
6118141,20.91,31.83,11440.71,103.00
6121141,20.90,31.83,9530.72,104.00
6124141,20.90,31.82,12076.07,104.00
6127141,20.90,31.81,12135.76,103.00
6130141,20.90,31.82,17571.05,103.00
6133141,20.90,31.80,10288.37,102.00
6136141,20.90,31.80,12520.59,104.00
6139141,20.90,31.82,12423.00,100.00
6142141,20.90,31.81,11236.16,101.00
6145141,20.90,31.80,9647.48,101.00
6148141,20.90,31.80,8942.54,100.00
6151141,20.89,31.79,10557.29,99.00
6154141,20.89,31.79,10084.53,102.00
6157141,20.90,31.78,9838.89,98.00
6160141,20.89,31.79,20026.41,98.00
6163141,20.89,31.79,10310.06,97.00
6166141,20.89,31.79,13839.03,97.00
6169141,20.90,31.78,10829.07,97.00
6172141,20.89,31.79,10098.12,97.00
6175141,20.89,31.78,8784.57,97.00
6178141,20.89,31.78,9320.41,96.00
6181141,20.89,31.77,9916.13,101.00
6184141,20.89,31.77,8739.91,94.00
6187141,20.90,31.77,9748.75,95.00
6190141,20.90,31.78,8383.87,94.00
6193141,20.90,31.78,12727.68,94.00
6196141,20.90,31.79,9601.56,93.00
6199141,20.90,31.79,12105.47,92.00
6202141,20.90,31.79,8607.46,93.00
6205141,20.90,31.79,10570.63,92.00
6208141,20.91,31.80,9279.65,94.00
6211141,20.90,31.82,10956.86,91.00
6214141,20.90,31.82,26093.48,91.00
6217141,20.90,31.82,12186.39,93.00
6220141,20.90,31.81,11538.93,91.00
6223141,20.90,31.83,9369.78,90.00
6226141,20.90,31.83,11057.07,90.00
6229141,20.90,31.83,11575.26,91.00
6232141,20.90,31.83,11444.32,107.00
6235141,20.90,31.83,10083.78,89.00
6238141,20.89,31.81,8702.23,98.00
6241141,20.89,31.83,9551.66,88.00
6244141,20.89,31.81,10862.08,88.00
6247141,20.89,31.83,9362.18,88.00
6250141,20.89,31.81,9992.96,93.00
6253141,20.89,31.81,9490.61,87.00
6256141,20.90,31.80,11085.15,87.00
6259141,20.89,31.79,10444.79,88.00
6262141,20.89,31.80,11084.53,87.00
6265141,20.89,31.79,10304.31,85.00
6268141,20.89,31.79,10043.87,86.00
6271141,20.89,31.79,9591.98,86.00
6274141,20.89,31.80,8950.34,84.00
6277141,20.89,31.79,9196.84,85.00
6280141,20.89,31.79,9205.91,83.00
6283141,20.88,31.79,11199.77,83.00
6286141,20.89,31.79,9501.70,84.00
6289141,20.88,31.79,10125.15,85.00
6292141,20.88,31.79,9682.29,84.00
6295141,20.88,31.79,9877.81,84.00
6298141,20.88,31.79,10747.35,85.00
6301141,20.88,31.79,11831.26,80.00
6304141,20.88,31.78,9818.52,83.00
6307141,20.88,31.78,10384.52,83.00
6310141,20.87,31.78,9436.29,82.00
6313141,20.87,31.78,10787.26,83.00
6316141,20.87,31.78,9277.67,82.00
6319141,20.88,31.78,10245.56,81.00
6322141,20.87,31.79,11886.97,84.00
6325141,20.87,31.79,10927.99,80.00
6328141,20.88,31.78,11769.24,81.00
6331141,20.88,31.78,9811.01,80.00
6334141,20.87,31.79,12583.78,80.00
6337141,20.87,31.78,13047.43,81.00
6340141,20.87,31.79,9030.33,81.00
6343141,20.87,31.79,10566.15,81.00
6346141,20.87,31.79,17595.53,80.00
6349141,20.87,31.78,10799.63,80.00
6352141,20.86,31.79,9909.22,80.00
6355141,20.86,31.79,10016.21,80.00
6358141,20.87,31.79,12045.46,80.00
6361141,20.86,31.79,12203.04,79.00
6364141,20.86,31.79,10974.08,80.00
6367141,20.86,31.79,10035.31,80.00
6370141,20.86,31.79,9444.59,73.00
6373141,20.86,31.79,9070.96,80.00
6376141,20.86,31.81,9070.96,81.00
6379141,20.87,31.80,9070.96,78.00
6382141,20.86,31.80,9070.96,79.00
6388677,20.86,31.82,0.00,91.00
6391677,20.86,31.82,18494.85,85.00
6394677,20.86,31.82,8220.83,79.00
6397677,20.86,31.84,8883.78,81.00
6400677,20.86,31.85,8147.45,83.00
6403677,20.86,31.85,10763.95,79.00
6406677,20.87,31.84,9521.53,82.00
6409677,20.87,31.84,11281.17,79.00
6412677,20.86,31.84,9573.04,79.00
6415677,20.86,31.82,10677.10,78.00
6418677,20.86,31.81,9901.15,82.00
6421677,20.86,31.81,9618.15,77.00
6424677,20.86,31.81,11514.88,79.00
6427677,20.85,31.81,9079.37,78.00
6430677,20.86,31.79,8771.20,78.00
6433677,20.85,31.81,9400.25,79.00
6436677,20.86,31.80,8704.06,78.00
6439677,20.85,31.79,9537.73,81.00
6442677,20.85,31.79,10120.67,79.00
6445677,20.85,31.79,9487.29,78.00
6448677,20.86,31.79,10167.46,78.00
6451677,20.86,31.80,21369.18,78.00
6454677,20.85,31.79,9547.75,82.00
6457677,20.85,31.77,9896.03,78.00
6460677,20.85,31.76,9582.81,78.00
6463677,20.85,31.76,9568.42,86.00
6466677,20.85,31.76,9356.51,77.00
6469677,20.85,31.76,9115.33,78.00
6472677,20.85,31.75,10472.73,78.00
6475677,20.85,31.75,17014.25,76.00
6478677,20.85,31.75,14675.75,79.00
6481677,20.84,31.74,10665.19,79.00
6484677,20.85,31.74,9863.05,79.00
6487677,20.85,31.75,8301.30,76.00
6490677,20.85,31.75,22951.49,82.00
6493677,20.84,31.74,9305.52,82.00
6496677,20.84,31.76,9870.23,85.00
6499677,20.84,31.76,11633.17,79.00
6502677,20.84,31.76,12140.49,84.00
6505677,20.84,31.76,10309.33,73.00
6508677,20.84,31.76,8370.58,84.00
6511677,20.85,31.76,9355.67,79.00
6514677,20.85,31.76,9622.96,79.00
6517677,20.84,31.76,11143.53,79.00
6520677,20.85,31.76,10563.69,80.00
6523677,20.84,31.76,10914.87,79.00
6526677,20.84,31.77,17670.37,79.00
6529677,20.84,31.77,10097.31,79.00
6532677,20.84,31.79,8368.13,80.00
6535677,20.84,31.77,8599.86,76.00
6538677,20.83,31.79,8211.41,80.00
6541677,20.84,31.79,9353.00,82.00
6544677,20.84,31.79,9275.06,79.00
6547677,20.84,31.79,8921.29,80.00
6550677,20.83,31.79,10656.11,79.00
6553677,20.84,31.79,9566.58,82.00
6556677,20.84,31.79,8966.46,80.00
6559677,20.83,31.77,10866.15,79.00
6562677,20.83,31.77,9013.71,81.00
6565677,20.83,31.77,9705.57,80.00
6568677,20.84,31.77,9392.85,79.00
6571677,20.83,31.76,8919.55,81.00
6574677,20.83,31.76,9176.95,81.00
6577677,20.83,31.76,8907.67,81.00
6580677,20.83,31.75,9899.24,82.00
6583677,20.83,31.74,8407.44,81.00
6586677,20.83,31.75,9767.54,82.00
6589677,20.83,31.76,8840.00,82.00
6592677,20.83,31.75,8857.94,82.00
6595677,20.83,31.76,9252.49,77.00
6598677,20.83,31.76,9439.95,82.00
6601677,20.83,31.75,8727.76,83.00
6604677,20.83,31.76,9357.47,81.00
6607677,20.82,31.77,8347.84,82.00
6610677,20.83,31.76,8963.78,83.00
6613677,20.83,31.76,8298.69,83.00
6616677,20.83,31.76,8539.51,82.00
6619677,20.83,31.76,8901.93,83.00
6622677,20.82,31.76,9530.40,84.00
6625677,20.82,31.75,11738.26,83.00
6628677,20.82,31.76,9540.95,84.00
6631677,20.83,31.74,10598.81,83.00
6634677,20.82,31.74,9342.20,88.00
6637677,20.82,31.74,8706.72,85.00
6640677,20.82,31.74,9599.30,85.00
6643677,20.83,31.71,9882.93,86.00
6646677,20.83,31.71,9695.94,86.00
6649677,20.82,31.72,15584.83,83.00
6652677,20.82,31.71,9327.42,86.00
6655677,20.82,31.69,9491.54,86.00
6658677,20.82,31.70,9651.93,84.00
6661677,20.82,31.70,9612.40,86.00
6664677,20.82,31.70,9615.21,89.00
6667677,20.82,31.70,8672.95,89.00
6670677,20.82,31.69,8813.01,89.00
6673677,20.82,31.66,10836.08,88.00
6676677,20.82,31.65,10364.10,89.00
6679677,20.82,31.66,9574.97,89.00
6682677,20.82,31.66,10251.93,89.00
6685677,20.82,31.66,9449.63,89.00
6688677,20.82,31.66,9540.25,90.00
6691677,20.82,31.64,12292.18,92.00
6694677,20.81,31.64,10715.80,91.00
6697677,20.82,31.64,10407.11,96.00
6700677,20.81,31.64,11875.25,99.00
6703677,20.82,31.62,9104.94,92.00
6706677,20.81,31.61,10987.81,91.00
6709677,20.81,31.61,10450.15,92.00
6712677,20.81,31.61,10457.06,92.00
6715677,20.81,31.60,8540.81,102.00
6718677,20.81,31.60,11370.29,94.00
6721677,20.81,31.60,9494.95,93.00
6724677,20.81,31.60,8666.93,93.00
6727677,20.81,31.60,9001.38,112.00
6730677,20.81,31.60,8775.21,94.00
6733677,20.80,31.60,10596.45,94.00
6736677,20.81,31.60,9433.27,95.00
6739677,20.81,31.60,9511.34,95.00
6742677,20.81,31.61,10656.50,95.00
6745677,20.81,31.60,9863.91,94.00
6748677,20.80,31.60,11104.43,95.00
6751677,20.81,31.60,10468.55,97.00
6754677,20.81,31.61,10371.73,97.00
6757677,20.81,31.60,10414.11,97.00
6760677,20.80,31.60,9465.17,97.00
6763677,20.80,31.61,9799.04,97.00
6766677,20.80,31.61,9806.70,97.00
6769677,20.80,31.59,9643.18,97.00
6772677,20.80,31.60,9295.00,101.00
6775677,20.80,31.59,9100.75,102.00
6778677,20.81,31.59,8517.98,98.00
6781677,20.81,31.55,9501.63,107.00
6784677,20.80,31.54,9554.23,95.00
6787677,20.80,31.54,9320.27,99.00
6790677,20.80,31.55,10657.13,98.00
6793677,20.80,31.55,9837.59,98.00
6796677,20.80,31.55,12006.27,99.00
6799677,20.80,31.55,9555.58,105.00
6802677,20.79,31.55,9011.71,100.00
6805677,20.80,31.55,9556.85,100.00
6808677,20.80,31.54,9207.20,100.00
6811677,20.81,31.53,9573.61,100.00
6814677,20.80,31.54,9335.12,101.00
6817677,20.80,31.54,9591.42,101.00
6820677,20.80,31.53,8434.46,101.00
6823677,20.80,31.54,8257.97,101.00
6826677,20.80,31.53,9216.93,101.00
6829677,20.80,31.51,8788.86,100.00
6832677,20.80,31.53,10122.61,103.00
6835677,20.80,31.51,10731.50,100.00
6838677,20.80,31.53,9127.72,101.00
6841677,20.81,31.53,10896.63,116.00
6844677,20.80,31.51,10408.37,102.00
6847677,20.80,31.53,11384.51,101.00
6850677,20.80,31.54,10373.44,101.00
6853677,20.80,31.53,9509.92,101.00
6856677,20.80,31.51,8434.43,103.00
6859677,20.80,31.53,9855.86,102.00
6862677,20.80,31.51,9461.86,103.00
6865677,20.79,31.51,10411.04,103.00
6868677,20.79,31.51,10364.17,102.00
6871677,20.80,31.50,9358.21,102.00
6874677,20.79,31.50,14802.63,106.00
6877677,20.80,31.50,13823.00,102.00
6880677,20.79,31.50,14092.60,104.00
6883677,20.79,31.48,12722.42,103.00
6886677,20.80,31.49,10961.27,104.00
6889677,20.79,31.49,9770.45,103.00
6892677,20.79,31.48,8873.98,127.00
6895677,20.80,31.48,8409.05,103.00
6898677,20.79,31.48,10432.30,104.00
6901677,20.79,31.46,9333.85,103.00
6904677,20.79,31.46,12151.23,104.00
6907677,20.79,31.46,9986.14,109.00
6910677,20.79,31.45,9451.23,104.00
6913677,20.79,31.45,9674.71,105.00
6916677,20.79,31.43,9451.62,104.00
6919677,20.80,31.43,9727.40,104.00
6922677,20.80,31.43,9965.55,104.00
6925677,20.79,31.43,9332.13,105.00
6928677,20.79,31.42,11005.75,105.00
6931677,20.80,31.40,8628.21,104.00
6934677,20.80,31.42,10978.29,108.00
6937677,20.79,31.42,8394.72,111.00
6940677,20.79,31.40,9997.11,105.00
6943677,20.80,31.40,10239.17,109.00
6946677,20.80,31.40,9944.95,107.00
6949677,20.80,31.40,9785.61,107.00
6952677,20.79,31.40,9947.56,107.00
6955677,20.79,31.39,11458.10,107.00
6958677,20.79,31.39,10070.95,108.00
6961677,20.79,31.39,13906.76,109.00
6964677,20.79,31.39,10451.82,108.00
6967677,20.79,31.39,10542.51,109.00
6970677,20.79,31.39,12571.74,109.00
6973677,20.79,31.38,12759.36,111.00
6976677,20.79,31.38,15572.00,111.00
6979677,20.79,31.38,12562.81,107.00
6982677,20.78,31.38,12982.67,110.00
6985677,20.79,31.38,11018.57,111.00
6988677,20.78,31.36,14144.79,115.00
6991677,20.79,31.38,26073.85,112.00
6994677,20.79,31.38,29529.95,114.00
6997677,20.79,31.35,16155.82,112.00
7000677,20.78,31.36,11987.99,113.00
7003677,20.79,31.38,14198.54,113.00
7006677,20.79,31.38,10175.88,113.00
7009677,20.79,31.38,8764.78,113.00
7012677,20.79,31.37,8781.14,119.00
7015677,20.79,31.38,10335.38,115.00
7018677,20.79,31.37,11333.60,115.00
7021677,20.79,31.35,9254.73,115.00
7024677,20.79,31.35,11954.46,116.00
7027677,20.79,31.35,11930.63,117.00
7030677,20.79,31.34,10329.78,116.00
7033677,20.78,31.34,10667.74,117.00
7036677,20.79,31.33,14932.89,117.00
7039677,20.79,31.34,11887.44,118.00
7042677,20.78,31.33,17551.68,118.00
7045677,20.79,31.32,14580.86,119.00
7048677,20.79,31.30,18172.99,121.00
7051677,20.79,31.29,12687.73,120.00
7054677,20.79,31.30,19797.06,120.00
7057677,20.79,31.28,14138.85,121.00
7060677,20.78,31.28,22424.68,121.00
7063677,20.79,31.28,12754.15,122.00
7066677,20.79,31.27,14690.06,123.00
7069677,20.78,31.27,12169.42,123.00
7072677,20.79,31.27,14030.56,123.00
7075677,20.79,31.25,18906.76,124.00
7078677,20.79,31.25,14094.38,121.00
7081677,20.79,31.25,14441.62,124.00
7084677,20.78,31.25,15054.75,125.00
7087677,20.79,31.25,18065.95,124.00
7090677,20.79,31.24,15647.39,125.00
7093677,20.78,31.24,14473.95,125.00
7096677,20.79,31.23,10269.73,126.00
7099677,20.79,31.24,16749.64,127.00
7102677,20.79,31.23,49332.10,127.00
7105677,20.78,31.24,11954.36,127.00
7108677,20.78,31.23,11929.10,128.00
7111677,20.78,31.23,14322.73,129.00
7114677,20.78,31.21,13970.76,129.00
7117677,20.79,31.21,13047.91,134.00
7120677,20.78,31.20,12179.06,130.00
7123677,20.78,31.19,15487.86,138.00
7126677,20.78,31.19,21452.69,131.00
7129677,20.78,31.19,15920.17,134.00
7132677,20.79,31.19,23116.75,132.00
7135677,20.78,31.18,15485.42,133.00
7138677,20.78,31.17,15618.43,134.00
7141677,20.78,31.17,14573.16,134.00
7144677,20.78,31.17,14580.53,131.00
7147677,20.79,31.16,13310.27,134.00
7150677,20.78,31.13,18029.87,136.00
7153677,20.78,31.13,19215.50,135.00
7156677,20.79,31.12,18285.54,151.00
7159677,20.78,31.11,14863.43,136.00
7162677,20.78,31.11,22931.14,137.00
7165677,20.78,31.11,20333.03,136.00
7168677,20.78,31.09,18501.48,137.00
7171677,20.78,31.11,17800.58,136.00
7174677,20.79,31.11,17552.29,137.00
7177677,20.79,31.09,16025.90,138.00
7180677,20.78,31.08,20330.77,137.00
7183677,20.79,31.09,15319.44,137.00
7186677,20.78,31.07,18572.33,138.00
7189677,20.78,31.07,19837.09,145.00
7192677,20.78,31.03,21890.01,134.00
7195677,20.79,31.01,24407.09,136.00
7198677,20.79,31.02,31152.98,136.00
7201677,20.79,31.03,24388.08,135.00
7204677,20.79,31.03,26738.32,136.00
7207677,20.79,31.03,38527.35,136.00
7210677,20.79,31.03,25738.79,136.00
7213677,20.79,31.02,23646.31,137.00
7216677,20.79,31.03,24865.30,138.00
7219677,20.79,31.05,19262.42,137.00
7222677,20.80,31.03,16185.11,135.00
7225677,20.80,31.03,19057.44,134.00
7228677,20.80,31.02,22656.46,136.00
7231677,20.79,31.02,19550.87,134.00
7234677,20.79,31.01,16598.22,136.00
7237677,20.79,31.01,19669.83,137.00
7240677,20.80,31.00,20172.41,133.00
7243677,20.80,30.98,14371.45,136.00
7246677,20.80,30.97,18507.27,133.00
7249677,20.80,30.96,19594.60,135.00
7252677,20.80,30.96,17072.69,131.00
7255677,20.80,30.95,17654.87,131.00
7258677,20.79,30.94,16626.72,131.00
7261677,20.79,30.95,16155.24,132.00
7264677,20.79,30.95,27846.98,132.00
7267677,20.79,30.95,18844.01,131.00
7270677,20.78,30.95,29629.35,130.00
7273677,20.79,30.96,16051.25,133.00
7276677,20.78,30.96,14486.88,130.00
7279677,20.78,30.97,16748.20,134.00
7282677,20.79,30.98,24458.13,129.00
7285677,20.78,31.00,15981.43,129.00
7288677,20.78,31.02,14272.42,129.00
7291677,20.78,31.02,15277.15,129.00
7294677,20.78,31.02,18133.32,130.00
7297677,20.78,31.03,12510.01,129.00
7300677,20.78,31.07,14297.90,129.00
7303677,20.78,31.07,17172.55,130.00
7306677,20.78,31.07,20276.75,125.00
7309677,20.78,31.11,11090.02,130.00
7312677,20.78,31.09,11512.67,129.00
7315677,20.78,31.09,15836.68,128.00
7318677,20.78,31.09,12651.92,126.00
7321677,20.78,31.09,14887.39,128.00
7324677,20.78,31.11,11392.94,128.00
7327677,20.78,31.11,11997.72,128.00
7330677,20.78,31.12,11985.64,129.00
7333677,20.78,31.12,11170.89,128.00
7336677,20.78,31.13,9080.12,127.00
7339677,20.78,31.12,9613.86,124.00
7342677,20.78,31.13,11662.56,127.00
7345677,20.78,31.13,12588.73,127.00
7348677,20.78,31.14,11914.47,126.00
7351677,20.78,31.14,15588.35,126.00
7354677,20.77,31.14,11828.13,125.00
7357677,20.77,31.14,10418.81,126.00
7360677,20.78,31.14,10535.19,125.00
7363677,20.78,31.17,14713.55,125.00
7366677,20.78,31.16,13721.28,123.00
7369677,20.78,31.17,12211.42,123.00
7372677,20.78,31.18,9821.49,123.00
7375677,20.78,31.18,12556.97,130.00
7378677,20.78,31.19,14883.85,125.00
7381677,20.78,31.20,18884.85,126.00
7384677,20.78,31.20,14506.61,122.00
7387677,20.78,31.20,22267.32,123.00
7390677,20.78,31.22,13640.08,122.00
7393677,20.78,31.22,27898.70,121.00
7396677,20.78,31.22,13196.00,120.00
7399677,20.78,31.23,14008.96,120.00
7402677,20.78,31.23,16348.03,116.00
7405677,20.78,31.23,12304.90,124.00
7408677,20.78,31.23,12293.07,121.00
7411677,20.78,31.24,21964.31,123.00
7414677,20.79,31.24,20385.28,119.00
7417677,20.79,31.24,23583.34,119.00
7420677,20.79,31.24,22550.53,125.00
7423677,20.78,31.25,14852.76,121.00
7426677,20.79,31.24,13431.70,120.00
7429677,20.78,31.25,12761.62,117.00
7432677,20.78,31.25,10974.92,119.00
7435677,20.78,31.27,18182.48,119.00
7438677,20.78,31.27,10359.08,120.00
7441677,20.78,31.27,16022.52,119.00
7444677,20.78,31.25,13132.72,122.00
7447677,20.78,31.25,14252.75,117.00
7450677,20.78,31.24,10572.96,117.00
7453677,20.78,31.23,17689.00,116.00
7456677,20.78,31.23,17580.19,117.00
7459677,20.78,31.23,15795.65,116.00
7462677,20.78,31.23,14677.08,116.00
7465677,20.78,31.22,15966.35,116.00
7468677,20.78,31.22,12652.34,112.00
7471677,20.78,31.21,16154.57,115.00
7474677,20.78,31.20,14845.42,115.00
7477677,20.78,31.19,13717.98,115.00
7480677,20.78,31.18,15836.19,116.00
7483677,20.78,31.17,11957.30,117.00
7486677,20.78,31.17,30565.16,116.00
7489677,20.78,31.17,9675.98,114.00
7492677,20.78,31.17,10583.07,115.00
7495677,20.78,31.17,10591.93,116.00
7498677,20.77,31.17,13053.87,115.00
7501677,20.78,31.17,13886.63,115.00
7504677,20.78,31.17,11531.31,115.00
7507677,20.78,31.16,11814.00,115.00
7510677,20.78,31.16,12864.80,114.00
7513677,20.77,31.16,10794.69,113.00
7516677,20.78,31.14,9859.10,114.00
7519677,20.78,31.16,10796.96,114.00
7522677,20.78,31.16,10894.40,114.00
7525677,20.78,31.17,13704.86,114.00
7528677,20.77,31.17,15943.78,116.00
7531677,20.78,31.18,19381.15,113.00
7534677,20.77,31.18,13362.41,115.00
7537677,20.77,31.18,11460.82,113.00
7540677,20.78,31.20,12692.85,114.00
7543677,20.77,31.19,17778.85,112.00
7546677,20.78,31.22,10983.23,113.00
7549677,20.77,31.23,15707.50,112.00
7552677,20.78,31.23,11922.46,111.00
7555677,20.78,31.22,12292.84,113.00
7558677,20.77,31.23,16924.90,111.00
7561677,20.78,31.24,12711.15,111.00
7564677,20.78,31.24,16054.26,111.00
7567677,20.78,31.27,12149.87,110.00
7570677,20.78,31.27,15612.26,110.00
7573677,20.78,31.27,14835.61,108.00
7576677,20.78,31.27,12427.70,111.00
7579677,20.78,31.25,13215.58,107.00
7582677,20.78,31.27,16510.50,107.00
7585677,20.77,31.24,15219.08,107.00
7588677,20.77,31.23,11555.81,106.00
7591677,20.77,31.23,12307.83,106.00
7594677,20.77,31.23,20644.99,105.00
7597677,20.77,31.23,16729.67,105.00
7600677,20.78,31.23,14004.10,105.00
7603677,20.78,31.22,12708.81,105.00
7606677,20.77,31.22,15475.90,103.00
7609677,20.78,31.22,14924.53,103.00
7612677,20.78,31.19,15422.61,101.00
7615677,20.78,31.19,15323.20,102.00
7618677,20.78,31.19,22665.56,100.00
7621677,20.77,31.17,20841.92,100.00
7624677,20.77,31.17,17770.54,101.00
7627677,20.78,31.16,18989.48,108.00
7630677,20.78,31.17,15378.87,98.00
7633677,20.78,31.18,16386.37,98.00
7636677,20.77,31.17,20492.70,98.00
7639677,20.77,31.17,11780.88,97.00
7642677,20.77,31.15,19659.31,93.00
7645677,20.77,31.16,18659.56,97.00
7648677,20.77,31.17,11141.54,96.00
7651677,20.77,31.17,16118.14,97.00
7654677,20.77,31.17,13625.81,96.00
7657677,20.77,31.17,13930.26,96.00
7660677,20.77,31.18,13165.52,94.00
7663677,20.77,31.18,12957.54,100.00
7666677,20.77,31.18,18075.26,95.00
7669677,20.77,31.19,13314.48,94.00
7672677,20.78,31.19,12009.04,94.00
7675677,20.77,31.19,15675.96,94.00
7678677,20.79,31.21,12939.26,94.00
7681677,20.79,31.19,18190.74,94.00
7684677,20.80,31.21,18851.67,94.00
7687677,20.81,31.21,16072.72,94.00
7690677,20.81,31.19,12877.70,95.00
7693677,20.81,31.21,17698.63,94.00
7696677,20.81,31.22,14796.83,94.00
7699677,20.81,31.23,18094.94,95.00
7702677,20.80,31.22,17432.93,94.00
7705677,20.81,31.23,13066.86,95.00
7708677,20.80,31.24,15288.70,97.00
7711677,20.81,31.24,17613.50,95.00
7714677,20.80,31.24,13355.61,99.00
7717677,20.80,31.23,17834.92,96.00
7720677,20.80,31.23,15747.61,95.00
7723677,20.79,31.23,14849.18,95.00
7726677,20.79,31.22,20027.27,96.00
7729677,20.79,31.21,17270.29,95.00
7732677,20.79,31.21,18983.59,94.00
7735677,20.79,31.19,18494.99,92.00
7738677,20.79,31.18,21479.03,95.00
7741677,20.79,31.18,19022.39,100.00
7744677,20.79,31.17,17701.87,95.00
7747677,20.79,31.17,26014.39,95.00
7750677,20.79,31.18,18951.54,95.00
7753677,20.78,31.18,15680.13,94.00
7756677,20.78,31.17,10785.48,94.00
7759677,20.78,31.17,12930.58,92.00
7762677,20.78,31.17,11294.22,100.00
7765677,20.78,31.17,14856.58,94.00
7768677,20.78,31.16,17046.60,91.00
7771677,20.78,31.14,21778.05,101.00
7774677,20.78,31.16,23620.52,94.00
7777677,20.78,31.16,23505.99,94.00
7780677,20.78,31.16,25694.64,88.00
7783677,20.78,31.17,17823.87,96.00
7786677,20.78,31.17,28074.92,93.00
7789677,20.78,31.17,17403.74,94.00
7792677,20.78,31.18,35109.99,93.00
7795677,20.77,31.18,36573.73,92.00
7798677,20.78,31.18,31030.48,93.00
7801677,20.78,31.18,25967.08,93.00
7804677,20.78,31.18,26753.64,96.00
7807677,20.78,31.17,21609.63,89.00
7810677,20.78,31.18,14898.07,90.00
7813677,20.78,31.18,21879.57,90.00
7816677,20.78,31.19,16554.89,89.00
7819677,20.79,31.18,26549.45,89.00
7822677,20.78,31.18,10939.42,93.00
7825677,20.78,31.18,19920.84,89.00
7828677,20.78,31.17,11053.24,93.00
7831677,20.78,31.17,23101.04,88.00
7834677,20.78,31.16,19221.17,87.00
7837677,20.78,31.14,17699.04,89.00
7840677,20.79,31.14,15856.63,87.00
7843677,20.79,31.16,11031.37,88.00
7846677,20.79,31.14,15947.16,88.00
7849677,20.80,31.14,15394.78,93.00
7852677,20.80,31.16,17457.29,88.00
7855677,20.80,31.16,15718.22,88.00
7858677,20.81,31.16,21110.08,89.00
7861677,20.81,31.18,18356.11,93.00
7864677,20.82,31.20,12558.50,89.00
7867677,20.82,31.18,12718.25,87.00
7870677,20.81,31.18,22172.54,90.00
7873677,20.82,31.20,21300.74,87.00
7876677,20.82,31.20,21106.28,87.00
7879677,20.82,31.20,13166.40,86.00
7882677,20.82,31.21,17337.72,87.00
7885677,20.82,31.22,15058.10,84.00
7888677,20.82,31.22,15779.12,86.00
7891677,20.81,31.22,23133.61,86.00
7894677,20.81,31.22,13685.38,86.00
7897677,20.81,31.22,20894.66,87.00
7900677,20.82,31.21,18306.70,95.00
7903677,20.81,31.19,23935.68,88.00
7906677,20.81,31.21,14026.22,88.00
7909677,20.81,31.21,15367.32,86.00
7912677,20.81,31.19,18000.25,92.00
7915677,20.80,31.19,12322.91,88.00
7918677,20.81,31.19,10538.80,87.00
7921677,20.79,31.18,20178.77,97.00
7924677,20.79,31.18,11463.16,87.00
7927677,20.79,31.21,20569.79,94.00
7930677,20.80,31.21,14765.15,89.00
7933677,20.79,31.21,26036.16,93.00
7936677,20.79,31.22,16547.72,86.00
7939677,20.79,31.21,18169.65,88.00
7942677,20.79,31.22,15226.44,86.00
7945677,20.79,31.21,15447.56,88.00
7948677,20.80,31.22,14976.10,90.00
7951677,20.79,31.22,16817.76,92.00
7954677,20.80,31.22,10366.89,87.00
7957677,20.80,31.22,11821.33,90.00
7960677,20.79,31.21,26927.06,89.00
7963677,20.79,31.21,21875.07,89.00
7966677,20.79,31.22,11601.62,89.00
7969677,20.79,31.22,18201.00,91.00
7972677,20.79,31.22,10932.94,90.00
7975677,20.79,31.23,11159.72,89.00
7978677,20.79,31.21,9048.62,90.00
7981677,20.80,31.19,11246.38,90.00
7984677,20.81,31.17,10128.38,90.00
7987677,20.82,31.17,9892.36,86.00
7990677,20.82,31.18,11160.84,92.00
7993677,20.82,31.16,9963.10,91.00
7996677,20.83,31.15,10040.14,91.00
7999677,20.83,31.15,10094.95,92.00
8002677,20.83,31.15,10146.54,96.00
8005677,20.83,31.15,11956.05,93.00
8008677,20.83,31.15,11923.21,91.00
8011677,20.83,31.15,12372.42,97.00
8014677,20.82,31.16,11341.64,93.00
8017677,20.83,31.15,10317.97,91.00
8020677,20.82,31.15,13938.25,95.00
8023677,20.82,31.15,12289.90,94.00
8026677,20.81,31.15,9908.16,94.00
8029677,20.81,31.15,12443.13,94.00
8032677,20.82,31.15,10201.87,94.00
8035677,20.82,31.15,8858.36,95.00
8038677,20.81,31.15,11337.46,95.00
8041677,20.81,31.16,13262.96,99.00
8044677,20.81,31.16,10755.30,96.00
8047677,20.81,31.16,10125.89,98.00
8050677,20.81,31.16,12014.84,96.00
8053677,20.82,31.16,10742.34,96.00
8056677,20.81,31.16,11488.51,104.00
8059677,20.82,31.16,12834.34,102.00
8062677,20.83,31.15,11014.87,97.00
8065677,20.83,31.13,12807.24,97.00
8068677,20.84,31.12,13343.10,98.00
8071677,20.84,31.11,14365.59,98.00
8074677,20.84,31.11,11046.69,98.00
8077677,20.84,31.11,12781.80,98.00
8080677,20.84,31.11,12095.51,99.00
8083677,20.84,31.11,11446.69,100.00
8086677,20.84,31.11,10637.24,100.00
8089677,20.84,31.12,13822.91,100.00
8092677,20.84,31.12,12196.78,101.00
8095677,20.84,31.11,10975.74,101.00
8098677,20.83,31.12,10714.15,101.00
8101677,20.83,31.13,10651.91,102.00
8104677,20.83,31.12,13261.42,102.00
8107677,20.83,31.13,12568.78,102.00
8110677,20.83,31.13,12552.37,104.00
8113677,20.83,31.12,11002.48,108.00
8116677,20.83,31.10,13327.92,104.00
8119677,20.83,31.12,13256.02,106.00
8122677,20.83,31.13,13776.22,105.00
8125677,20.83,31.11,9620.87,105.00
8128677,20.82,31.12,10216.26,105.00
8131677,20.83,31.12,12153.57,105.00
8134677,20.83,31.12,12393.39,120.00
8137677,20.83,31.12,23583.74,107.00
8140677,20.83,31.12,16139.92,107.00
8143677,20.83,31.12,14954.76,114.00
8146677,20.83,31.13,14358.27,115.00
8149677,20.83,31.13,18262.27,109.00
8152677,20.83,31.12,13094.88,109.00
8155677,20.84,31.13,13494.65,109.00
8158677,20.84,31.12,11588.91,109.00
8161677,20.84,31.13,12738.35,112.00
8164677,20.85,31.14,15154.51,110.00
8167677,20.85,31.12,14116.26,116.00
8170677,20.85,31.12,12250.55,113.00
8173677,20.85,31.14,11209.31,111.00
8176677,20.85,31.13,12682.95,114.00
8179677,20.84,31.15,18112.29,111.00
8182677,20.85,31.15,12984.63,114.00
8185677,20.84,31.15,13344.64,112.00
8188677,20.84,31.16,16107.75,113.00
8191677,20.85,31.16,14901.74,113.00
8194677,20.84,31.15,20016.64,114.00
8197677,20.84,31.16,14557.92,115.00
8200677,20.84,31.15,16134.71,114.00
8203677,20.83,31.16,15464.60,114.00
8206677,20.83,31.16,19467.30,114.00
8209677,20.83,31.15,12444.05,115.00
8212677,20.83,31.15,17091.54,114.00
8215677,20.83,31.13,23031.58,115.00
8218677,20.83,31.13,14951.19,115.00
8221677,20.83,31.15,15122.52,117.00
8224677,20.83,31.13,15927.28,115.00
8227677,20.83,31.12,15945.87,124.00
8230677,20.83,31.12,17422.04,116.00
8233677,20.83,31.12,12238.35,117.00
8236677,20.83,31.11,13029.60,117.00
8239677,20.83,31.11,17145.66,117.00
8242677,20.83,31.08,15462.36,118.00
8245677,20.83,31.09,15719.34,123.00
8248677,20.83,31.09,12003.63,116.00
8251677,20.83,31.09,20577.62,122.00
8254677,20.83,31.08,15805.79,120.00
8257677,20.83,31.10,16549.72,119.00
8260677,20.82,31.08,13458.90,119.00
8263677,20.82,31.10,16369.49,119.00
8266677,20.83,31.10,12089.66,120.00
8269677,20.83,31.09,13703.89,120.00
8272677,20.84,31.07,15128.87,120.00
8275677,20.84,31.07,14629.19,121.00
8278677,20.84,31.09,10916.80,121.00
8281677,20.83,31.09,12827.10,121.00
8284677,20.84,31.09,12189.92,122.00
8287677,20.84,31.10,11845.47,122.00
8290677,20.84,31.10,15590.12,125.00
8293677,20.84,31.10,10953.30,123.00
8296677,20.84,31.09,12703.22,123.00
8299677,20.84,31.07,16765.74,124.00
8302677,20.84,31.07,13646.57,124.00
8305677,20.84,31.07,12905.26,123.00
8308677,20.84,31.06,13856.61,124.00
8311677,20.84,31.06,17879.67,124.00
8314677,20.84,31.04,13733.27,125.00
8317677,20.84,31.04,17717.21,123.00
8320677,20.84,31.04,10998.89,124.00
8323677,20.85,31.02,13431.63,124.00
8326677,20.85,31.00,12885.46,124.00
8329677,20.86,30.96,17340.42,124.00
8332677,20.86,30.96,16695.54,125.00
8335677,20.86,30.96,17266.72,125.00
8338677,20.86,30.96,13537.35,125.00
8341677,20.86,30.96,14843.54,124.00
8344677,20.85,30.96,17281.01,125.00
8347677,20.86,30.98,14664.06,125.00
8350677,20.85,30.98,12883.01,127.00
8353677,20.85,30.96,12662.29,125.00
8356677,20.85,30.96,12252.14,125.00
8359677,20.85,30.98,14223.04,126.00
8362677,20.85,30.96,11884.84,125.00
8365677,20.86,30.96,14021.74,125.00
8368677,20.85,30.96,17759.06,125.00
8371677,20.85,30.95,13928.49,124.00
8374677,20.85,30.96,11470.41,125.00
8377677,20.85,30.96,12201.57,132.00
8380677,20.85,30.96,9495.60,125.00
8383677,20.85,30.96,13737.46,125.00
8386677,20.85,30.96,9059.90,139.00
8389677,20.85,30.95,10002.30,128.00
8392677,20.84,30.96,13623.50,121.00
8395677,20.85,30.96,11012.54,124.00
8398677,20.84,30.95,12784.59,125.00
8401677,20.84,30.96,11817.69,132.00
8404677,20.84,30.96,10964.90,125.00
8407677,20.85,30.98,11860.59,126.00
8410677,20.84,30.98,11202.11,137.00
8413677,20.84,30.97,12262.58,125.00
8416677,20.84,30.98,9209.82,126.00
8419677,20.85,30.99,11051.90,126.00
8422677,20.84,30.98,12193.12,126.00
8425677,20.84,30.98,10475.17,128.00
8428677,20.84,30.98,12066.88,141.00
8431677,20.84,30.96,10721.41,127.00
8434677,20.84,30.96,14174.30,127.00
8437677,20.84,30.96,11280.72,129.00
8440677,20.83,30.96,12896.59,134.00
8443677,20.83,30.95,9358.91,124.00
8446677,20.84,30.94,10874.53,127.00
8449677,20.84,30.95,11730.82,125.00
8452677,20.84,30.94,19973.03,128.00
8455677,20.84,30.95,20110.51,128.00
8458677,20.83,30.95,23739.44,128.00
8461677,20.84,30.96,14635.30,128.00
8464677,20.83,30.95,12270.22,129.00
8467677,20.84,30.95,12759.95,128.00
8470677,20.84,30.96,12818.00,128.00
8473677,20.83,30.96,14537.89,128.00
8476677,20.84,30.97,20286.68,129.00
8479677,20.84,30.96,17411.88,128.00
8482677,20.85,30.96,10560.81,129.00
8485677,20.85,30.96,13447.23,128.00
8488677,20.85,30.98,16537.00,137.00
8491677,20.85,30.98,14557.44,128.00
8494677,20.85,30.98,12415.82,129.00
8497677,20.85,30.98,11286.55,129.00
8500677,20.85,30.98,12905.24,129.00
8503677,20.86,30.99,15428.31,129.00
8506677,20.86,30.98,20028.38,129.00
8509677,20.85,30.98,13851.37,129.00
8512677,20.85,30.98,11473.32,129.00
8515677,20.85,30.96,12040.64,136.00
8518677,20.85,30.98,10698.36,130.00
8521677,20.85,30.98,12530.29,129.00
8524677,20.86,30.98,10277.73,130.00
8527677,20.86,30.98,12486.14,131.00
8530677,20.86,30.98,16137.37,134.00
8533677,20.86,30.98,13393.00,131.00
8536677,20.88,30.94,16128.45,131.00
8539677,20.88,30.94,13475.39,131.00
8542677,20.89,30.94,16234.61,131.00
8545677,20.89,30.95,18436.64,133.00
8548677,20.89,30.95,24412.11,131.00
8551677,20.89,30.94,36919.20,131.00
8554677,20.89,30.95,16809.88,131.00
8557677,20.89,30.95,15721.65,133.00
8560677,20.89,30.94,18582.54,135.00
8563677,20.89,30.95,15673.09,136.00
8566677,20.89,30.95,16271.99,132.00
8569677,20.89,30.94,19331.95,135.00
8572677,20.88,30.95,19209.84,136.00
8575677,20.88,30.97,23773.17,133.00
8578677,20.88,30.97,20541.78,133.00
8581677,20.88,30.93,20836.68,134.00
8584677,20.88,30.93,13807.37,133.00
8587677,20.88,30.92,17913.45,134.00
8590677,20.88,30.93,21910.04,134.00
8593677,20.88,30.92,20819.46,134.00
8596677,20.88,30.93,19679.28,134.00
8599677,20.88,30.90,27249.68,134.00
8602677,20.88,30.90,30874.64,134.00
8605677,20.88,30.90,32266.80,134.00
8608677,20.87,30.92,26976.58,134.00
8611677,20.87,30.92,23694.66,133.00
8614677,20.87,30.90,16709.73,133.00
8617677,20.88,30.92,28388.81,132.00
8620677,20.87,30.90,38090.51,136.00
8623677,20.88,30.90,29592.17,134.00
8626677,20.87,30.90,27941.06,134.00
8629677,20.88,30.89,27385.43,133.00
8632677,20.88,30.89,26622.19,139.00
8635677,20.87,30.90,21788.79,133.00
8638677,20.87,30.92,19003.39,130.00
8641677,20.87,30.90,22530.78,132.00
8644677,20.87,30.90,20940.55,133.00
8647677,20.87,30.90,27828.58,132.00
8650677,20.87,30.90,26267.40,133.00
8653677,20.87,30.90,25061.10,133.00
8656677,20.87,30.89,23581.37,132.00
8659677,20.86,30.89,21566.24,133.00
8662677,20.87,30.89,16165.71,132.00
8665677,20.87,30.88,16968.50,129.00
8668677,20.87,30.87,14452.94,131.00
8671677,20.87,30.87,13826.30,132.00
8674677,20.88,30.84,13248.60,132.00
8677677,20.88,30.84,18576.82,131.00
8680677,20.89,30.83,16530.07,134.00
8683677,20.90,30.82,17205.00,132.00
8686677,20.90,30.81,20921.50,129.00
8689677,20.90,30.82,19777.26,132.00
8692677,20.90,30.83,20320.03,133.00
8695677,20.90,30.82,22734.36,133.00
8698677,20.90,30.82,27493.11,135.00
8701677,20.90,30.82,25328.55,133.00
8704677,20.90,30.83,24812.40,134.00
8707677,20.90,30.83,22024.26,135.00
8710677,20.89,30.83,26112.08,134.00
8713677,20.90,30.83,25713.99,132.00
8716677,20.90,30.83,24312.43,135.00
8719677,20.90,30.83,24563.31,137.00
8722677,20.90,30.84,21608.88,136.00
8725677,20.90,30.83,26352.43,137.00
8728677,20.90,30.84,29721.42,136.00
8731677,20.90,30.84,32924.84,136.00
8734677,20.90,30.84,35231.09,137.00
8737677,20.90,30.84,36110.78,139.00
8740677,20.90,30.84,36481.76,137.00
8743677,20.90,30.84,40149.55,137.00
8746677,20.90,30.86,41136.12,137.00
8749677,20.90,30.86,37646.61,138.00
8752677,20.90,30.86,38839.92,139.00
8755677,20.89,30.87,42024.98,139.00
8758677,20.90,30.87,41031.58,145.00
8761677,20.90,30.87,46359.47,140.00
8764677,20.90,30.89,49089.00,141.00
8767677,20.90,30.91,49130.38,142.00
8770677,20.90,30.92,46743.21,142.00
8773677,20.90,30.92,46757.80,144.00
8776677,20.90,30.93,48613.67,144.00
8779677,20.90,30.94,48738.31,142.00
8782677,20.91,30.94,47587.74,143.00
8785677,20.91,30.94,41004.08,144.00
8788677,20.91,30.97,40860.12,145.00
8791677,20.90,30.97,41198.21,144.00
8794677,20.90,30.95,43027.97,146.00
8797677,20.90,30.97,42521.77,145.00
8800677,20.90,30.97,41828.94,145.00
8803677,20.90,30.98,46069.76,145.00
8806677,20.90,30.96,45990.20,145.00
8809677,20.90,30.96,43285.32,145.00
8812677,20.90,30.94,43262.50,144.00
8815677,20.90,30.94,45902.46,145.00
8818677,20.89,30.94,43342.04,147.00
8821677,20.90,30.94,42146.08,146.00
8824677,20.90,30.94,43819.64,147.00
8827677,20.91,30.94,41039.91,148.00
8830677,20.91,30.93,39316.71,147.00
8833677,20.90,30.94,40040.62,148.00
8836677,20.91,30.93,43370.80,148.00
8839677,20.91,30.92,45450.66,148.00
8842677,20.91,30.92,37834.61,149.00
8845677,20.91,30.91,31193.49,148.00
8848677,20.92,30.89,29316.52,148.00
8851677,20.92,30.87,34562.59,149.00
8854677,20.93,30.86,37254.94,152.00
8857677,20.94,30.85,39123.59,149.00
8860677,20.95,30.83,43790.56,149.00
8863677,20.96,30.82,45718.25,149.00
8866677,20.96,30.82,44971.80,149.00
8869677,20.97,30.81,44730.32,149.00
8872677,20.97,30.81,47726.04,152.00
8875677,20.97,30.81,47245.59,151.00
8878677,20.97,30.80,48730.88,149.00
8881677,20.98,30.80,49711.07,149.00
8884677,20.98,30.75,49696.46,156.00
8887677,20.99,30.75,49953.76,149.00
8890677,20.99,30.74,49992.43,149.00
8893677,20.99,30.75,49998.68,148.00
8896677,20.99,30.75,49566.26,148.00
8899677,21.00,30.75,49442.05,148.00
8902677,21.00,30.74,49871.34,148.00
8905677,21.00,30.74,49970.95,152.00
8908677,21.00,30.74,49994.39,153.00
8911677,21.00,30.74,49989.70,152.00
8914677,21.00,30.75,49997.90,146.00
8917677,21.00,30.74,49999.46,146.00
8920677,21.00,30.75,49999.46,155.00
8923677,21.01,30.74,49188.60,146.00
8926677,21.01,30.74,49820.95,143.00
8929677,21.01,30.74,49960.40,145.00
8932677,21.01,30.73,49991.26,146.00
8935677,21.01,30.73,49998.29,144.00
8938677,21.02,30.72,48975.47,147.00
8941677,21.03,30.72,49756.11,151.00
8944677,21.04,30.71,48979.27,146.00
8947677,21.04,30.71,49762.09,146.00
8950677,21.04,30.71,49945.96,146.00
8953677,21.04,30.71,49165.78,146.00
8956677,21.04,30.69,49806.53,146.00
8959677,21.04,30.69,49949.29,146.00
8962677,21.04,30.71,49989.31,147.00
8965677,21.04,30.71,49115.48,146.00
8968677,21.04,30.72,49815.71,144.00
8971677,21.04,30.72,49960.40,146.00
8974677,21.03,30.73,49099.54,150.00
8977677,21.04,30.72,49763.34,147.00
8980677,21.03,30.72,49933.45,146.00
8983677,21.03,30.73,49986.96,146.00
8986677,21.03,30.73,49468.71,143.00
8989677,21.02,30.74,49311.23,148.00
8992677,21.02,30.74,49386.03,148.00
8995677,21.02,30.74,49129.07,139.00
8998677,21.02,30.77,49647.90,148.00
9001677,21.02,30.75,47885.74,147.00
9004677,21.02,30.75,48598.41,148.00
9007677,21.02,30.74,47119.40,148.00
9010677,21.01,30.75,47945.56,155.00
9013677,21.02,30.75,49223.91,148.00
9016677,21.01,30.75,49905.35,147.00
9019677,21.01,30.75,45835.27,148.00
9022677,21.01,30.75,48420.15,145.00
9025677,21.02,30.73,45550.93,148.00
9028677,21.01,30.73,41420.16,147.00
9031677,21.00,30.74,42785.80,149.00
9034677,21.00,30.74,45349.59,147.00
9037677,21.00,30.74,47466.29,152.00
9040677,21.00,30.74,44316.14,147.00
9043677,20.99,30.74,44197.20,147.00
9046677,20.99,30.74,44429.21,148.00
9049677,20.99,30.74,46805.97,148.00
9052677,20.99,30.75,45840.79,146.00
9055677,20.99,30.74,48585.30,146.00
9058677,20.99,30.75,49680.54,146.00
9061677,20.99,30.75,48187.09,143.00
9064677,20.99,30.76,46886.96,151.00
9067677,20.98,30.75,46367.96,140.00
9070677,20.98,30.76,49729.54,150.00
9073677,20.98,30.76,48779.78,144.00
9076677,20.98,30.76,47754.21,143.00
9079677,20.98,30.76,44503.66,145.00
9082677,20.98,30.76,46937.90,144.00
9085677,20.98,30.78,48719.38,144.00
9088677,20.97,30.78,46966.07,146.00
9091677,20.97,30.76,47510.25,141.00
9094677,20.98,30.75,47434.58,142.00
9097677,20.99,30.74,45578.37,150.00
9100677,20.99,30.74,46729.93,139.00
9103677,20.99,30.75,45769.38,145.00
9106677,20.99,30.76,47281.98,145.00
9109677,20.99,30.74,45090.45,147.00
9112677,20.99,30.74,40962.74,161.00
9115677,20.99,30.74,37035.00,144.00
9118677,20.99,30.74,31171.39,145.00
9121677,21.00,30.74,35429.22,148.00
9124677,21.00,30.74,36611.19,144.00
9127677,21.00,30.75,42604.13,154.00
9130677,20.99,30.76,44082.25,145.00
9133677,20.99,30.76,47725.93,139.00
9136677,20.99,30.76,47464.02,143.00
9139677,20.99,30.76,49005.32,142.00
9142677,20.98,30.78,48686.57,142.00
9145677,20.99,30.78,47282.25,145.00
9148677,20.98,30.78,46299.93,145.00
9151677,20.98,30.78,38664.29,145.00
9154677,20.98,30.80,31889.29,142.00
9157677,20.98,30.80,25523.81,143.00
9160677,20.99,30.80,34585.91,143.00
9163677,20.98,30.80,35576.72,142.00
9166677,20.99,30.80,35698.67,142.00
9169677,20.99,30.80,33354.17,142.00
9172677,20.98,30.81,30134.51,145.00
9175677,20.99,30.81,31989.97,151.00
9178677,20.98,30.81,37762.73,148.00
9181677,20.98,30.81,33376.01,146.00
9184677,20.97,30.81,39590.43,144.00
9187677,20.97,30.81,38645.34,145.00
9190677,20.97,30.82,33797.89,145.00
9193677,20.98,30.81,33317.47,145.00
9196677,20.97,30.80,37327.58,145.00
9199677,20.97,30.80,28404.78,146.00
9202677,20.98,30.80,26527.61,146.00
9205677,20.97,30.80,21415.70,146.00
9208677,20.97,30.79,19135.08,146.00
9211677,20.97,30.80,14487.47,146.00
9214677,20.97,30.80,16499.01,146.00
9217677,20.97,30.80,21339.89,146.00
9220677,20.97,30.80,31464.20,145.00
9223677,20.97,30.80,44838.16,146.00
9226677,20.97,30.80,41417.79,147.00
9229677,20.96,30.79,42876.35,147.00
9232677,20.96,30.77,42315.49,147.00
9235677,20.97,30.77,40092.06,147.00
9238677,20.97,30.77,42073.31,148.00
9241677,20.98,30.76,45548.79,148.00
9244677,20.98,30.76,46625.54,148.00
9247677,20.99,30.75,43614.18,148.00
9250677,21.00,30.74,40510.00,148.00
9253677,21.01,30.73,39433.83,145.00
9256677,21.01,30.72,39438.91,146.00
9259677,21.02,30.71,38626.37,148.00
9262677,21.02,30.70,33935.95,149.00
9265677,21.02,30.70,26851.75,149.00
9268677,21.03,30.69,28010.09,149.00
9271677,21.03,30.69,25895.26,150.00
9274677,21.01,30.70,24869.59,151.00
9277677,21.02,30.69,24139.63,148.00
9280677,21.01,30.70,24918.78,143.00
9283677,21.01,30.69,25685.19,143.00
9286677,21.01,30.69,35884.23,145.00
9289677,21.01,30.68,37835.61,145.00
9292677,21.01,30.69,39205.01,145.00
9295677,21.01,30.68,39852.58,146.00
9298677,21.00,30.69,38704.63,144.00
9301677,21.01,30.68,34618.35,147.00
9304677,21.00,30.67,34484.21,145.00
9307677,21.00,30.67,30861.26,146.00
9310677,21.00,30.68,19937.66,144.00
9313677,21.00,30.68,13973.64,143.00
9316677,21.00,30.68,10978.98,143.00
9319677,21.00,30.68,10687.54,143.00
9322677,20.99,30.68,18259.86,145.00
9325677,20.99,30.67,11769.61,146.00
9328677,20.99,30.65,9636.82,144.00
9331677,20.99,30.65,17788.93,144.00
9334677,20.99,30.64,16113.60,144.00
9337677,20.99,30.64,12278.97,141.00
9340677,20.99,30.63,15852.97,142.00
9343677,20.99,30.63,16647.86,141.00
9346677,20.99,30.63,15719.30,138.00
9349677,20.99,30.62,14981.46,141.00
9352677,20.99,30.63,11697.71,142.00
9355677,20.98,30.63,18050.65,140.00
9358677,20.98,30.63,15798.09,147.00
9361677,20.98,30.63,11185.56,140.00
9364677,20.98,30.63,10813.74,141.00
9367677,20.98,30.62,31663.79,143.00
9370677,20.99,30.60,12916.45,141.00
9373677,20.99,30.59,14653.11,140.00
9376677,20.99,30.59,15396.63,139.00
9379677,21.00,30.58,12810.69,140.00
9382677,21.00,30.57,17638.43,140.00
9385677,21.02,30.54,11840.87,141.00
9388677,21.02,30.54,25831.75,138.00
9391677,21.03,30.55,18087.03,139.00
9394677,21.03,30.56,12354.89,138.00
9397677,21.03,30.56,14904.53,138.00
9400677,21.04,30.56,19845.82,139.00
9403677,21.04,30.56,12837.88,138.00
9406677,21.05,30.54,16922.27,140.00
9409677,21.05,30.55,13866.48,139.00
9412677,21.05,30.52,18396.96,139.00
9415677,21.05,30.54,10625.30,138.00
9418677,21.05,30.54,11354.16,140.00
9421677,21.05,30.55,20321.09,140.00
9424677,21.05,30.55,15640.28,140.00
9427677,21.04,30.54,14497.17,140.00
9430677,21.04,30.55,16412.42,140.00
9433677,21.04,30.55,14638.28,141.00
9436677,21.04,30.55,17842.86,141.00
9439677,21.04,30.55,10582.69,139.00
9442677,21.04,30.55,14836.76,139.00
9445677,21.04,30.53,15022.91,139.00
9448677,21.03,30.55,19566.33,140.00
9451677,21.03,30.53,15867.33,140.00
9454677,21.03,30.53,17204.60,136.00
9457677,21.03,30.53,13915.31,140.00
9460677,21.04,30.53,24022.78,145.00
9463677,21.03,30.55,10409.24,141.00
9466677,21.03,30.55,20655.83,142.00
9469677,21.03,30.55,21445.53,148.00
9472677,21.03,30.56,15598.44,142.00
9475677,21.02,30.54,15875.65,142.00
9478677,21.02,30.56,14943.27,143.00
9481677,21.03,30.53,18802.05,143.00
9484677,21.02,30.54,20008.26,145.00
9487677,21.02,30.54,15885.35,147.00
9490677,21.02,30.56,15183.48,146.00
9493677,21.01,30.56,17133.25,146.00
9496677,21.02,30.56,14595.18,145.00
9499677,21.01,30.57,12599.70,145.00
9502677,21.02,30.56,18854.68,146.00
9505677,21.01,30.56,19699.40,146.00
9508677,21.02,30.54,20628.65,147.00
9511677,21.01,30.56,11939.73,147.00
9514677,21.01,30.56,27720.05,147.00
9517677,21.01,30.57,17676.20,148.00
9520677,21.01,30.56,17100.06,148.00
9523677,21.01,30.56,16527.61,149.00
9526677,21.00,30.57,11383.14,148.00
9529677,21.00,30.56,16823.13,149.00
9532677,21.00,30.56,28815.95,157.00
9535677,21.01,30.56,14344.25,153.00
9538677,21.00,30.54,17051.49,151.00
9541677,21.00,30.53,16627.02,152.00
9544677,21.00,30.54,16795.01,152.00
9547677,21.01,30.54,10761.95,152.00
9550677,21.01,30.53,9994.36,153.00
9553677,21.02,30.53,8942.93,152.00
9556677,21.03,30.52,11154.06,153.00
9559677,21.03,30.52,8938.63,153.00
9562677,21.04,30.51,10113.52,154.00
9565677,21.04,30.52,9981.46,154.00
9568677,21.04,30.53,10004.33,154.00
9571677,21.03,30.55,14962.10,154.00
9574677,21.04,30.53,12735.36,153.00
9577677,21.05,30.54,21615.00,154.00
9580677,21.05,30.52,10941.79,154.00
9583677,21.06,30.52,10821.64,155.00
9586677,21.06,30.52,10713.20,155.00
9589677,21.07,30.52,10104.63,155.00
9592677,21.07,30.52,10005.72,156.00
9595677,21.06,30.52,11130.75,155.00
9598677,21.06,30.54,8871.80,156.00
9601677,21.06,30.54,12699.20,155.00
9604677,21.06,30.54,14110.11,156.00
9607677,21.06,30.52,13773.19,156.00
9610677,21.07,30.52,9429.78,155.00
9613677,21.07,30.50,10851.62,156.00
9616677,21.07,30.49,9516.24,157.00
9619677,21.07,30.50,9284.10,157.00
9622677,21.07,30.50,9450.75,156.00
9625677,21.07,30.50,9095.73,156.00
9628677,21.07,30.47,11702.70,158.00
9631677,21.07,30.47,10188.67,160.00
9634677,21.07,30.45,10378.18,155.00
9637677,21.07,30.45,9015.81,156.00
9640677,21.07,30.44,10164.11,156.00
9643677,21.08,30.43,11063.90,156.00
9646677,21.08,30.44,11626.08,156.00
9649677,21.08,30.44,10988.37,156.00
9652677,21.08,30.43,10074.00,156.00
9655677,21.09,30.44,8978.81,156.00
9658677,21.08,30.43,8861.60,156.00
9661677,21.08,30.44,9641.60,155.00
9664677,21.09,30.44,10087.85,156.00
9667677,21.09,30.44,9265.68,158.00
9670677,21.09,30.44,9289.60,156.00
9673677,21.08,30.44,8937.32,163.00
9676677,21.08,30.44,9711.09,156.00
9679677,21.08,30.46,9359.15,155.00
9682677,21.08,30.46,9149.17,156.00
9685677,21.07,30.45,9821.25,156.00
9688677,21.07,30.46,11186.09,156.00
9691677,21.07,30.47,9794.19,156.00
9694677,21.06,30.45,9785.80,156.00
9697677,21.07,30.45,11231.21,156.00
9700677,21.07,30.45,9046.06,156.00
9703677,21.07,30.46,10314.22,156.00
9706677,21.06,30.45,9931.87,155.00
9709677,21.07,30.45,14372.80,156.00
9712677,21.06,30.45,13919.33,156.00
9715677,21.05,30.45,10757.38,164.00
9718677,21.05,30.45,16512.47,157.00
9721677,21.06,30.45,16551.10,162.00
9724677,21.06,30.45,16507.53,156.00
9727677,21.06,30.45,9571.93,157.00
9730677,21.05,30.44,15694.10,163.00
9733677,21.06,30.41,13398.69,157.00
9736677,21.06,30.42,19690.72,156.00
9739677,21.07,30.40,12081.35,157.00
9742677,21.07,30.41,11597.27,157.00
9745677,21.08,30.38,16084.25,156.00
9748677,21.08,30.37,21098.55,156.00
9751677,21.09,30.38,18093.59,158.00
9754677,21.08,30.37,23645.24,157.00
9757677,21.09,30.35,16480.42,156.00
9760677,21.09,30.35,9947.58,159.00
9763677,21.09,30.35,12547.71,158.00
9766677,21.09,30.35,11508.87,161.00
9769677,21.10,30.37,15653.71,160.00
9772677,21.10,30.35,19322.85,160.00
9775677,21.10,30.35,12733.20,161.00
9778677,21.10,30.37,10020.91,160.00
9781677,21.10,30.38,16168.64,162.00
9784677,21.10,30.38,15608.45,162.00
9787677,21.10,30.39,14835.58,160.00
9790677,21.10,30.39,15475.23,161.00
9793677,21.09,30.39,25545.44,162.00
9796677,21.09,30.42,22547.78,162.00
9799677,21.09,30.40,19443.96,161.00
9802677,21.08,30.39,20568.49,162.00
9805677,21.09,30.40,20749.15,166.00
9808677,21.09,30.40,16486.85,162.00
9811677,21.08,30.40,31893.10,164.00
9814677,21.08,30.40,19982.28,163.00
9817677,21.08,30.41,24118.53,164.00
9820677,21.07,30.40,26231.18,164.00
9823677,21.08,30.40,26068.12,164.00
9826677,21.08,30.39,26188.49,165.00
9829677,21.07,30.38,27356.48,165.00
9832677,21.07,30.38,29736.61,165.00
9835677,21.07,30.36,29964.78,167.00
9838677,21.08,30.35,34801.40,167.00
9841677,21.07,30.35,34331.09,167.00
9844677,21.08,30.35,34338.07,168.00
9847677,21.07,30.35,34278.32,176.00
9850677,21.08,30.35,35261.70,169.00
9853677,21.07,30.34,33915.80,169.00
9856677,21.07,30.35,20285.68,168.00
9859677,21.07,30.35,21488.28,169.00
9862677,21.08,30.35,15017.80,169.00
9865677,21.07,30.36,17857.88,170.00
9868677,21.07,30.35,19857.44,170.00
9871677,21.07,30.35,21021.56,170.00
9874677,21.08,30.34,16356.68,171.00
9877677,21.08,30.34,16179.39,172.00
9880677,21.08,30.34,12254.84,172.00
9883677,21.07,30.34,14657.19,172.00
9886677,21.08,30.35,13367.25,173.00
9889677,21.07,30.35,13229.01,173.00
9892677,21.07,30.35,13120.03,173.00
9895677,21.07,30.34,14008.62,173.00
9898677,21.07,30.34,20654.81,173.00
9901677,21.07,30.33,22093.47,173.00
9904677,21.07,30.34,23087.31,173.00
9907677,21.07,30.34,30145.82,174.00
9910677,21.06,30.35,26267.51,174.00
9913677,21.06,30.35,27725.62,175.00
9916677,21.06,30.34,26788.43,174.00
9919677,21.06,30.35,27982.14,173.00
9922677,21.06,30.35,29178.90,173.00
9925677,21.05,30.35,26867.81,173.00
9928677,21.05,30.34,25953.25,172.00
9931677,21.05,30.34,22272.46,172.00
9934677,21.05,30.35,22841.72,172.00
9937677,21.05,30.34,19478.15,171.00
9940677,21.05,30.35,18289.27,171.00
9943677,21.05,30.35,23221.61,171.00
9946677,21.05,30.36,21632.54,170.00
9949677,21.05,30.36,19336.64,170.00
9952677,21.05,30.36,19379.99,177.00
9955677,21.05,30.36,18292.50,169.00
9958677,21.04,30.36,18414.07,169.00
9961677,21.04,30.35,18731.40,168.00
9964677,21.05,30.33,22671.06,168.00
9967677,21.06,30.30,20248.40,167.00
9970677,21.07,30.29,13311.52,167.00
9973677,21.07,30.30,11994.38,167.00
9976677,21.07,30.30,10567.79,167.00
9979677,21.08,30.30,14084.75,165.00
9982677,21.09,30.30,16237.33,165.00
9985677,21.10,30.29,17569.92,165.00
9988677,21.09,30.30,19187.84,164.00
9991677,21.10,30.30,18614.75,164.00
9994677,21.10,30.30,11017.98,163.00
9997677,21.10,30.30,12494.89,163.00
10000677,21.10,30.30,11618.84,163.00
10003677,21.10,30.30,18565.95,163.00
10006677,21.10,30.32,23525.88,162.00
10009677,21.10,30.27,26753.64,161.00
10012677,21.11,30.28,26745.85,165.00
10015677,21.11,30.27,25332.79,161.00
10018677,21.11,30.26,26128.23,161.00
10021677,21.12,30.27,26113.79,164.00
10024677,21.12,30.26,27478.56,164.00
10027677,21.12,30.25,30612.84,161.00
10030677,21.12,30.26,30154.34,161.00
10033677,21.12,30.27,28862.24,161.00
10036677,21.12,30.27,29378.44,161.00
10039677,21.12,30.28,34542.73,160.00
10042677,21.11,30.28,38149.45,161.00
10045677,21.11,30.28,37857.79,159.00
10048677,21.11,30.28,40013.12,159.00
10051677,21.11,30.28,37872.21,160.00
10054677,21.11,30.28,34852.07,159.00
10057677,21.10,30.28,34141.83,158.00
10060677,21.11,30.28,34613.12,160.00
10063677,21.10,30.28,35239.36,159.00
10066677,21.10,30.28,37862.93,159.00
10069677,21.10,30.28,37085.60,159.00
10072677,21.11,30.29,41463.46,159.00
10075677,21.11,30.28,40313.52,159.00
10078677,21.12,30.28,42799.49,159.00
10081677,21.12,30.27,46219.38,158.00
10084677,21.13,30.27,43467.59,166.00
10087677,21.13,30.27,44854.88,158.00
10090677,21.13,30.27,44617.74,159.00
10093677,21.14,30.27,44782.55,159.00
10096677,21.13,30.28,46512.35,160.00
10099677,21.13,30.29,46645.68,158.00
10102677,21.13,30.31,46733.28,161.00
10105677,21.13,30.31,43653.79,160.00
10108677,21.13,30.29,44962.59,158.00
10111677,21.13,30.31,47505.57,158.00
10114677,21.12,30.31,48485.39,158.00
10117677,21.12,30.31,48105.25,157.00
10120677,21.11,30.31,47468.19,161.00
10123677,21.11,30.32,45087.35,157.00
10126677,21.11,30.30,47869.20,156.00
10129677,21.11,30.32,45118.58,156.00
10132677,21.11,30.33,47009.52,172.00
10135677,21.10,30.33,46877.84,155.00
10138677,21.11,30.33,47945.55,156.00
10141677,21.10,30.32,43971.83,155.00
10144677,21.09,30.30,45243.92,155.00
10147677,21.09,30.32,46228.58,153.00
10150677,21.10,30.33,46509.40,161.00
10153677,21.09,30.32,47189.24,158.00
10156677,21.09,30.30,48604.93,156.00
10159677,21.09,30.30,46356.61,155.00
10162677,21.09,30.30,47782.46,156.00
10165677,21.09,30.30,44718.01,156.00
10168677,21.09,30.32,46056.15,156.00
10171677,21.09,30.32,47039.25,157.00
10174677,21.09,30.32,47086.96,156.00
10177677,21.09,30.32,48215.85,154.00
10180677,21.08,30.32,49280.46,157.00
10183677,21.09,30.29,49725.64,157.00
10186677,21.08,30.32,48961.57,157.00
10189677,21.08,30.33,49569.39,158.00
10192677,21.08,30.33,49199.01,158.00
10195677,21.08,30.35,48804.70,158.00
10198677,21.08,30.35,49344.77,157.00
10201677,21.08,30.36,49721.12,161.00
10204677,21.08,30.35,49898.83,157.00
10207677,21.07,30.34,49981.89,158.00
10210677,21.07,30.36,46461.36,157.00
10213677,21.07,30.35,48302.78,158.00
10216677,21.07,30.34,48390.95,158.00
10219677,21.07,30.34,49176.82,158.00
10222677,21.07,30.34,49322.12,159.00
10225677,21.07,30.34,49779.94,159.00
10228677,21.07,30.34,49922.16,159.00
10231677,21.06,30.34,48477.17,162.00
10234677,21.06,30.33,47885.30,160.00
10237677,21.06,30.33,44461.39,159.00
10240677,21.05,30.34,47891.69,161.00
10243677,21.06,30.33,47804.93,161.00
10246677,21.05,30.33,48226.87,162.00
10249677,21.05,30.33,43038.47,159.00
10252677,21.05,30.34,44080.89,161.00
10255677,21.04,30.33,46106.55,161.00
10258677,21.05,30.34,47559.46,161.00
10261677,21.04,30.34,48196.34,161.00
10264677,21.04,30.34,47163.91,160.00
10267677,21.04,30.34,46828.37,160.00
10270677,21.04,30.34,48329.17,160.00
10273677,21.04,30.33,49792.82,161.00
10276677,21.03,30.34,47216.25,161.00
10279677,21.03,30.34,49278.78,160.00
10282677,21.03,30.34,49239.51,159.00
10285677,21.02,30.34,49836.19,165.00
10288677,21.02,30.35,49358.99,159.00
10291677,21.02,30.32,49603.86,162.00
10294677,21.02,30.34,49189.59,159.00
10297677,21.01,30.36,48517.99,159.00
10300677,21.01,30.36,49048.88,158.00
10303677,21.02,30.36,49394.88,158.00
10306677,21.01,30.36,47533.59,159.00
10309677,21.01,30.36,48008.66,159.00
10312677,21.01,30.37,48710.40,158.00
10315677,21.01,30.37,48727.21,157.00
10318677,21.00,30.35,49198.29,156.00
10321677,21.00,30.35,40509.58,156.00
10324677,21.00,30.36,35275.11,156.00
10327677,21.00,30.35,37479.68,160.00
10330677,20.99,30.33,38514.30,157.00
10333677,20.99,30.33,41438.62,155.00
10336677,20.99,30.33,40635.69,155.00
10339677,20.99,30.35,43463.44,154.00
10342677,20.99,30.35,44998.55,154.00
10345677,20.99,30.35,44647.96,160.00
10348677,20.98,30.35,47489.97,155.00
10351677,20.98,30.35,47978.53,154.00
10354677,20.98,30.36,44358.78,154.00
10357677,20.98,30.36,44138.62,154.00
10360677,20.97,30.37,44590.83,154.00
10363677,20.98,30.37,42396.20,154.00
10366677,20.97,30.36,43491.25,159.00
10369677,20.97,30.36,45190.48,152.00
10372677,20.97,30.38,45418.92,152.00
10375677,20.97,30.38,48636.81,152.00
10378677,20.97,30.38,49707.92,152.00
10381677,20.97,30.38,49964.31,152.00
10384677,20.96,30.38,49675.30,153.00
10387677,20.96,30.39,48304.06,154.00
10390677,20.97,30.38,44602.02,161.00
10393677,20.96,30.39,44678.04,153.00
10396677,20.96,30.38,45673.11,153.00
10399677,20.96,30.38,44346.21,155.00
10402677,20.96,30.37,42372.54,156.00
10405677,20.96,30.38,45665.30,155.00
10408677,20.96,30.38,44240.86,156.00
10411677,20.97,30.36,43965.84,157.00
10414677,20.96,30.36,43385.62,158.00
10417677,20.96,30.37,42487.82,158.00
10420677,20.96,30.37,39769.59,159.00
10423677,20.96,30.36,43123.70,159.00
10426677,20.96,30.36,45601.16,160.00
10429677,20.96,30.34,44619.45,162.00
10432677,20.96,30.37,47850.34,161.00
10435677,20.96,30.37,48516.42,161.00
10438677,20.95,30.37,49064.84,163.00
10441677,20.95,30.37,48301.28,163.00
10444677,20.95,30.37,48146.88,164.00
10447677,20.95,30.38,49207.67,165.00
10450677,20.94,30.37,47493.75,165.00
10453677,20.95,30.38,47742.71,165.00
10456677,20.95,30.38,44501.51,166.00
10459677,20.95,30.39,45204.54,167.00
10462677,20.95,30.39,47567.84,167.00
10465677,20.94,30.39,44383.23,168.00
10468677,20.94,30.39,46339.55,169.00
10471677,20.94,30.39,48546.00,170.00
10474677,20.95,30.39,49343.61,169.00
10477677,20.94,30.39,48199.29,174.00
10480677,20.94,30.39,48840.91,171.00
10483677,20.94,30.39,47825.63,172.00
10486677,20.95,30.38,47239.70,172.00
10489677,20.95,30.38,46668.21,176.00
10492677,20.95,30.38,47980.32,175.00
10495677,20.95,30.38,46389.91,176.00
10498677,20.95,30.38,45559.34,176.00
10501677,20.94,30.38,46674.59,178.00
10504677,20.95,30.38,47168.52,182.00
10507677,20.96,30.37,48188.84,180.00
10510677,20.95,30.38,48194.30,183.00
10513677,20.95,30.39,47653.99,186.00
10516677,20.95,30.41,46814.78,184.00
10519677,20.95,30.42,45794.38,184.00
10522677,20.95,30.43,46183.77,184.00
10525677,20.95,30.43,46815.09,187.00
10528677,20.95,30.43,47012.40,187.00
10531677,20.95,30.43,47201.30,188.00
10534677,20.95,30.42,46280.79,193.00
10537677,20.95,30.43,44540.48,196.00
10540677,20.95,30.43,45111.13,191.00
10543677,20.95,30.42,46212.43,192.00
10546677,20.95,30.42,47713.13,192.00
10549677,20.95,30.43,46983.93,193.00
10552677,20.95,30.42,47488.91,193.00
10555677,20.95,30.43,48754.17,193.00
10558677,20.96,30.41,47562.47,193.00
10561677,20.96,30.43,46718.82,193.00
10564677,20.96,30.43,44501.55,192.00
10567677,20.97,30.46,45151.23,192.00
10570677,20.96,30.47,47221.67,191.00
10573677,20.96,30.48,49498.92,191.00
10576677,20.96,30.48,48756.10,196.00
10579677,20.96,30.45,45788.87,188.00
10582677,20.96,30.44,46015.09,188.00
10585677,20.96,30.43,43226.66,186.00
10588677,20.96,30.42,45089.30,186.00
10591677,20.96,30.41,43215.68,192.00
10594677,20.97,30.41,44802.34,182.00
10597677,20.97,30.41,48093.61,193.00
10600677,20.98,30.39,46467.06,179.00
10603677,20.97,30.41,47872.69,178.00
10606677,20.97,30.41,48836.32,176.00
10609677,20.97,30.41,47579.34,173.00
10612677,20.98,30.40,47302.59,186.00
10615677,20.98,30.40,46574.76,170.00
10618677,21.00,30.40,46391.76,169.00
10621677,21.00,30.40,46237.44,168.00
10624677,21.01,30.40,44077.32,166.00
10627677,21.01,30.40,43967.48,165.00
10630677,21.01,30.38,46819.12,162.00
10633677,21.01,30.38,47292.43,161.00
10636677,21.01,30.40,46949.10,160.00
10639677,21.01,30.41,49789.80,159.00
10642677,21.01,30.41,49694.36,160.00
10645677,21.00,30.42,49307.62,157.00
10648677,21.01,30.42,46961.73,155.00
10651677,21.01,30.42,48477.59,155.00
10654677,21.00,30.43,49630.32,154.00
10657677,21.00,30.45,49725.75,161.00
10660677,21.01,30.45,49987.36,153.00
10663677,21.00,30.45,49677.60,152.00
10666677,21.01,30.46,49877.20,151.00
10669677,21.01,30.45,49838.25,150.00
10672677,21.01,30.46,49570.97,150.00
10675677,21.02,30.45,49867.10,149.00
10678677,21.02,30.45,49057.04,149.00
10681677,21.03,30.45,49963.14,148.00
10684677,21.02,30.45,49646.73,147.00
10687677,21.02,30.46,49977.59,147.00
10690677,21.02,30.46,49995.56,148.00
10693677,21.02,30.46,49807.70,147.00
10696677,21.02,30.45,49984.39,154.00
10699677,21.02,30.46,49999.46,148.00
10702677,21.02,30.46,49411.04,148.00
10705677,21.02,30.46,49467.91,148.00
10708677,21.02,30.47,49303.18,148.00
10711677,21.01,30.48,45078.55,149.00
10714677,21.02,30.47,49206.89,148.00
10717677,21.02,30.47,49475.64,150.00
10720677,21.01,30.48,49961.57,153.00
10723677,21.01,30.47,49654.34,148.00
10726677,21.01,30.48,49988.53,149.00
10729677,21.01,30.48,49999.46,149.00
10732677,21.02,30.48,49999.46,149.00
10735677,21.01,30.48,49897.23,150.00
10738677,21.01,30.48,49541.84,149.00
10741677,21.01,30.48,49967.04,147.00
10744677,21.01,30.48,49725.41,150.00
10747677,21.01,30.48,49594.53,148.00
10750677,21.02,30.47,49980.50,152.00
10753677,21.03,30.47,49704.01,147.00
10756677,21.04,30.47,49338.72,147.00
10759677,21.04,30.47,49952.98,148.00
10762677,21.04,30.47,49998.68,147.00
10765677,21.04,30.47,49999.46,147.00
10768677,21.04,30.47,49999.46,147.00
10771677,21.04,30.47,49999.46,147.00
10777821,21.02,30.48,0.00,153.00
10780821,21.04,30.50,45789.47,151.00
10783821,21.03,30.51,49073.29,147.00
10786821,21.03,30.50,49748.17,147.00
10789821,21.02,30.51,49931.11,145.00
10792821,21.02,30.51,48954.93,143.00
10795821,21.02,30.52,48686.96,147.00
10798821,21.02,30.52,49436.96,147.00
10801821,21.02,30.51,48678.37,147.00
10804821,21.02,30.51,49981.11,147.00
10807821,21.02,30.52,49808.75,147.00
10810821,21.02,30.52,49988.34,140.00
10813821,21.01,30.52,49355.89,139.00
10816821,21.01,30.52,49796.88,138.00
10819821,21.01,30.53,49978.37,138.00
10822821,21.01,30.53,49934.34,134.00
10825821,21.01,30.54,49997.90,141.00
10828821,21.03,30.55,49999.46,136.00
10831821,21.04,30.56,49999.46,137.00
10834821,21.05,30.56,49999.46,135.00
10841568,21.04,30.56,0.00,140.00
10844568,21.06,30.56,49148.28,141.00
10847568,21.07,30.57,49921.29,135.00
10850568,21.08,30.56,49999.46,133.00
10853568,21.08,30.56,49999.46,131.00
10856568,21.07,30.59,49999.46,112.00
10859568,21.08,30.57,41146.54,120.00
10862568,21.08,30.84,49994.00,273.00
