Timestamp,Temperature (C),Humidity (%),Sound,Light
3000,20.36,36.67,0.00,86.00
6000,20.62,36.51,11403.05,92.00
9000,20.62,100.00,9999.62,82.00
12000,23.24,100.00,14267.84,83.00
15000,23.24,100.00,9922.69,84.00
18000,23.24,100.00,12747.13,84.00
21000,23.24,100.00,10171.18,84.00
24000,23.24,100.00,8214.50,91.00
27000,23.24,100.00,8112.47,83.00
30000,23.24,100.00,10238.65,84.00
33000,23.24,100.00,9064.38,82.00
36000,23.24,100.00,6887.95,82.00
39000,23.24,100.00,7468.44,83.00
42000,23.24,100.00,8151.47,82.00
45000,23.24,100.00,7207.45,82.00
48000,23.24,100.00,8889.91,82.00
51000,23.24,100.00,6366.63,81.00
54000,23.24,100.00,7537.16,81.00
57000,23.24,100.00,6715.03,81.00
60000,23.24,100.00,7194.43,80.00
63000,23.24,100.00,6225.13,84.00
66000,23.24,100.00,12324.29,81.00
69000,23.24,100.00,7305.85,81.00
72000,23.24,100.00,6471.60,106.00
75000,23.24,100.00,6670.30,88.00
78000,23.24,100.00,7784.16,78.00
81000,23.24,100.00,10851.81,78.00
84000,23.24,100.00,10972.02,82.00
87000,23.24,100.00,7735.96,77.00
90000,23.24,100.00,9904.43,76.00
93000,23.24,100.00,7716.31,76.00
96000,23.24,100.00,8815.18,76.00
99000,23.24,100.00,8417.34,77.00
102000,23.24,100.00,8490.98,83.00
105000,23.24,100.00,7004.85,76.00
108000,23.24,100.00,7830.09,101.00
111000,23.24,100.00,8501.79,76.00
114000,23.24,100.00,7860.96,80.00
117000,23.24,100.00,8358.18,79.00
120000,23.24,100.00,6979.11,76.00
123000,23.24,100.00,6559.54,76.00
126000,23.24,100.00,7416.62,76.00
129000,23.24,100.00,7331.23,72.00
132000,23.24,100.00,6931.10,76.00
135000,23.24,100.00,7123.57,77.00
138000,23.24,100.00,8060.94,77.00
141000,23.24,100.00,7910.61,77.00
144000,23.24,100.00,7708.22,82.00
147000,23.24,100.00,9160.40,76.00
150000,23.24,100.00,6382.14,76.00
153000,23.24,100.00,7384.98,76.00
156000,23.24,100.00,7955.45,75.00
159000,23.24,100.00,8323.57,101.00
162000,23.24,100.00,6679.11,76.00
165000,23.24,100.00,6605.76,75.00
168000,23.24,100.00,7146.40,74.00
171000,23.24,100.00,6768.67,76.00
174000,23.24,100.00,8146.97,69.00
177000,23.24,100.00,6816.33,74.00
180000,23.24,100.00,7255.23,75.00
183000,23.24,100.00,7946.16,75.00
186000,23.24,100.00,6773.67,75.00
189000,23.24,100.00,6748.83,76.00
192000,23.24,100.00,8293.35,75.00
195000,23.24,100.00,6696.10,76.00
198000,23.24,100.00,7460.00,76.00
201000,23.24,100.00,7465.22,76.00
204000,23.24,100.00,7980.07,76.00
207000,23.24,100.00,7055.84,77.00
210000,23.24,100.00,6503.27,77.00
213000,23.24,100.00,7345.14,77.00
216000,23.24,100.00,6580.45,78.00
219000,23.24,100.00,7831.90,78.00
222000,23.24,100.00,7485.00,77.00
225000,23.24,100.00,7333.45,77.00
228000,23.24,100.00,7085.72,78.00
231000,23.24,100.00,16888.50,78.00
234000,23.24,100.00,6587.30,78.00
237000,23.24,100.00,6967.28,77.00
240000,23.24,100.00,7815.84,70.00
243000,23.24,100.00,7645.81,77.00
246000,23.24,100.00,8106.07,78.00
249000,23.24,100.00,7482.59,76.00
252000,23.24,100.00,7324.86,79.00
255000,23.24,100.00,6704.58,76.00
258000,23.24,100.00,6524.89,71.00
261000,23.24,100.00,7334.28,77.00
264000,23.24,100.00,6627.23,77.00
267000,23.24,100.00,6435.07,77.00
270000,23.24,100.00,7374.47,103.00
273000,23.24,100.00,7004.61,78.00
276000,23.24,100.00,7768.14,59.00
279000,23.24,100.00,9023.02,78.00
282000,23.24,100.00,7688.59,79.00
285000,23.24,100.00,6248.02,80.00
288000,23.24,100.00,7781.45,81.00
291000,23.24,100.00,8238.47,80.00
294000,23.24,100.00,6963.26,87.00
297000,23.24,100.00,7157.94,82.00
300000,23.24,100.00,7777.54,84.00
303000,23.24,100.00,7312.95,84.00
306000,23.24,100.00,7229.52,85.00
309000,23.24,100.00,6824.74,94.00
312000,23.24,100.00,7593.96,86.00
315000,23.24,100.00,8685.69,93.00
318000,23.24,100.00,7607.84,89.00
321000,23.24,100.00,6774.88,90.00
324000,23.24,100.00,6180.33,73.00
327000,23.24,100.00,6713.99,93.00
330000,23.24,100.00,6587.34,94.00
333000,23.24,100.00,7180.93,99.00
336000,23.24,100.00,7476.09,97.00
339000,23.24,100.00,5605.26,97.00
342000,23.24,100.00,7891.92,97.00
345000,23.24,100.00,7130.78,98.00
348000,23.24,100.00,15405.71,98.00
351000,23.24,100.00,8525.06,98.00
354000,23.24,100.00,9116.46,97.00
357000,23.24,100.00,8184.88,97.00
360000,23.24,100.00,7021.44,96.00
363000,23.24,100.00,6403.26,95.00
366000,23.24,100.00,8987.55,94.00
369000,23.24,100.00,6150.67,94.00
372000,23.24,100.00,7610.04,71.00
375000,23.24,100.00,7817.27,93.00
378000,23.24,100.00,7315.74,92.00
381000,23.24,100.00,6584.73,92.00
384000,23.24,100.00,6902.20,91.00
387000,23.24,100.00,8559.57,116.00
390000,23.24,100.00,7268.23,98.00
393000,23.24,100.00,6905.42,91.00
396000,23.24,100.00,6161.89,89.00
399000,23.24,100.00,7687.36,89.00
402000,23.24,100.00,7047.23,88.00
405000,23.24,100.00,7186.06,64.00
408000,23.24,100.00,6799.59,87.00
411000,23.24,100.00,7556.96,87.00
414000,23.24,100.00,6115.07,84.00
417000,23.24,100.00,6461.55,86.00
420000,23.24,100.00,17546.77,86.00
423000,23.24,100.00,8097.00,86.00
426000,23.24,100.00,6854.14,85.00
429000,23.24,100.00,7350.30,79.00
432000,23.24,100.00,7745.66,85.00
435000,23.24,100.00,7268.91,84.00
438000,23.24,100.00,8640.39,89.00
441000,23.24,100.00,7729.57,87.00
444000,23.24,100.00,7549.43,82.00
447000,23.24,100.00,8741.32,82.00
450000,23.24,100.00,7216.63,82.00
453000,23.24,100.00,7896.27,82.00
456000,23.24,100.00,7139.96,82.00
459000,23.24,100.00,7348.33,81.00
462000,23.24,100.00,6542.59,81.00
465000,23.24,100.00,6841.89,82.00
468000,23.24,100.00,7411.36,74.00
471000,23.24,100.00,6425.75,81.00
474000,23.24,100.00,7083.75,84.00
477000,23.24,100.00,16223.37,81.00
480000,23.24,100.00,7095.10,81.00
483000,23.24,100.00,7281.30,82.00
486000,23.24,100.00,6773.63,82.00
489000,23.24,100.00,6574.00,134.00
492000,23.24,100.00,7247.40,84.00
495000,23.24,100.00,7400.86,83.00
498000,23.24,100.00,7089.59,77.00
501000,23.24,100.00,6870.26,84.00
504000,23.24,100.00,6600.90,84.00
507000,23.24,100.00,6032.87,83.00
510000,23.24,100.00,8367.73,83.00
513000,23.24,100.00,6699.81,83.00
516000,23.24,100.00,6458.57,83.00
519000,23.24,100.00,7109.05,84.00
522000,23.24,100.00,6579.00,83.00
525000,23.24,100.00,7294.33,84.00
528000,23.24,100.00,6821.53,83.00
531000,23.24,100.00,6984.21,82.00
534000,23.24,100.00,7709.13,83.00
537000,23.24,100.00,6828.64,81.00
540000,23.24,100.00,7105.92,106.00
543000,23.24,100.00,6877.99,81.00
546000,23.24,100.00,8072.18,81.00
549000,23.24,100.00,7440.93,81.00
552000,23.24,100.00,6960.61,81.00
555000,23.24,100.00,6578.59,81.00
558000,23.24,100.00,6821.51,81.00
561000,23.24,100.00,6587.17,81.00
564000,23.24,100.00,5653.99,82.00
567000,23.24,100.00,7221.81,82.00
570000,23.24,100.00,6721.83,81.00
573000,23.24,100.00,6764.62,82.00
576000,23.24,100.00,7230.92,81.00
579000,23.24,100.00,6567.94,81.00
582000,23.24,100.00,5990.56,80.00
585000,23.24,100.00,7712.37,81.00
588000,23.24,100.00,6717.15,81.00
591000,23.24,100.00,6498.86,82.00
594000,23.24,100.00,7451.25,81.00
597000,23.24,100.00,7018.11,82.00
600000,23.24,100.00,7297.49,82.00
603000,23.24,100.00,6754.28,105.00
606000,23.24,100.00,6471.36,83.00
609000,23.24,100.00,6990.22,89.00
612000,23.24,100.00,6981.72,84.00
615000,23.24,100.00,6602.42,84.00
618000,23.24,100.00,6509.16,84.00
621000,23.24,100.00,6676.51,85.00
624000,23.24,100.00,8108.70,85.00
627000,23.24,100.00,6755.14,86.00
630000,23.24,100.00,7606.44,87.00
633000,23.24,100.00,6937.42,86.00
636000,23.24,100.00,7449.78,79.00
639000,23.24,100.00,7349.13,85.00
642000,23.24,100.00,7430.34,78.00
645000,23.24,100.00,7706.45,85.00
648000,23.24,100.00,7780.65,86.00
651000,23.24,100.00,6855.30,93.00
654000,23.24,100.00,7523.21,61.00
657000,23.24,100.00,15771.47,84.00
660000,23.24,100.00,8008.84,89.00
663000,23.24,100.00,6590.17,84.00
666000,23.24,100.00,7340.02,84.00
669000,23.24,100.00,7662.43,91.00
672000,23.24,100.00,6812.05,85.00
675000,23.24,100.00,7617.16,84.00
678000,23.24,100.00,6555.51,84.00
681000,23.24,100.00,7842.75,84.00
684000,23.24,100.00,6653.45,84.00
687000,23.24,100.00,6932.65,84.00
690000,23.24,100.00,7300.65,84.00
693000,23.24,100.00,6859.88,92.00
696000,23.24,100.00,7844.96,82.00
699000,23.24,100.00,6570.15,80.00
702000,23.24,100.00,7736.15,82.00
705000,23.24,100.00,7449.38,81.00
708000,23.24,100.00,6696.42,86.00
711000,23.24,100.00,6594.47,82.00
714000,23.24,100.00,6621.24,81.00
717000,23.24,100.00,7985.27,80.00
720000,23.24,100.00,7799.10,81.00
723000,23.24,100.00,8601.71,80.00
726000,23.24,100.00,8283.60,81.00
729000,23.24,100.00,10290.87,80.00
732000,23.24,100.00,9885.19,79.00
735000,23.24,100.00,7451.69,75.00
738000,23.24,100.00,6740.82,85.00
741000,23.24,100.00,7167.09,79.00
744000,23.24,100.00,7749.19,85.00
747000,23.24,100.00,8153.32,78.00
750000,23.24,100.00,7482.44,79.00
753000,23.24,100.00,6838.07,79.00
756000,23.24,100.00,6406.51,79.00
759000,23.24,100.00,6425.27,78.00
762000,23.24,100.00,7323.65,78.00
765000,23.24,100.00,5730.83,79.00
768000,23.24,100.00,6640.00,82.00
771000,23.24,100.00,6020.67,77.00
774000,23.24,100.00,6799.92,79.00
777000,23.24,100.00,7537.66,87.00
780000,23.24,100.00,6427.19,83.00
783000,23.24,100.00,7141.77,79.00
786000,23.24,100.00,7051.53,80.00
789000,23.24,100.00,7694.81,78.00
792000,23.24,100.00,8241.59,78.00
795000,23.24,100.00,6705.35,78.00
798000,23.24,100.00,7731.39,79.00
801000,23.24,100.00,7437.58,79.00
804000,23.24,100.00,6793.71,124.00
807000,23.24,100.00,7514.37,78.00
810000,23.24,100.00,6697.42,79.00
813000,23.24,100.00,7198.71,86.00
816000,23.24,100.00,6611.36,78.00
819000,23.24,100.00,7668.83,78.00
822000,23.24,100.00,7586.04,78.00
825000,23.24,100.00,5893.61,77.00
828000,23.24,100.00,7439.03,77.00
831000,23.24,100.00,6735.90,76.00
834000,23.24,100.00,6982.67,75.00
837000,23.24,100.00,9827.01,77.00
840000,23.24,100.00,7501.27,75.00
843000,23.24,100.00,7443.83,76.00
846000,23.24,100.00,6209.07,74.00
849000,23.24,100.00,6330.73,73.00
852000,23.24,100.00,6754.07,66.00
855000,23.24,100.00,6096.22,72.00
858000,23.24,100.00,6935.91,73.00
861000,23.24,100.00,6809.96,72.00
864000,23.24,100.00,6965.91,71.00
867000,23.24,100.00,6070.44,75.00
870000,23.24,100.00,6115.74,73.00
873000,23.24,100.00,6143.48,71.00
876000,23.24,100.00,6877.57,73.00
879000,23.24,100.00,6644.39,74.00
882000,23.24,100.00,7123.34,73.00
885000,23.24,100.00,6996.26,75.00
888000,23.24,100.00,5613.40,75.00
891000,23.24,100.00,6707.55,75.00
894000,23.24,100.00,6753.31,75.00
897000,23.24,100.00,8104.98,84.00
900000,23.24,100.00,7111.55,76.00
903000,23.24,100.00,7300.96,77.00
906000,23.24,100.00,8053.84,96.00
909000,23.24,100.00,7172.15,79.00
912000,23.24,100.00,6339.80,78.00
915000,23.24,100.00,6517.92,80.00
918000,23.24,100.00,6751.61,80.00
921000,23.24,100.00,8061.89,79.00
924000,23.24,100.00,6717.75,74.00
927000,23.24,100.00,7335.29,68.00
930000,23.24,100.00,7841.66,73.00
933000,23.24,100.00,5873.81,69.00
936000,23.24,100.00,6327.73,69.00
939000,23.24,100.00,5867.00,70.00
942000,23.24,100.00,8368.66,69.00
945000,23.24,100.00,6537.02,70.00
948000,23.24,100.00,7141.60,71.00
951000,23.24,100.00,6635.37,70.00
954000,23.24,100.00,6914.24,71.00
957000,23.24,100.00,6880.26,71.00
960000,23.24,100.00,7653.95,70.00
963000,23.24,100.00,7810.46,70.00
966000,23.24,100.00,7604.00,70.00
969000,23.24,100.00,6511.16,70.00
972000,23.24,100.00,6303.59,70.00
975000,23.24,100.00,6881.70,73.00
978000,23.24,100.00,6478.29,73.00
981000,23.24,100.00,8265.64,70.00
984000,23.24,100.00,6378.22,70.00
987000,23.24,100.00,6005.63,68.00
990000,23.24,100.00,6250.61,61.00
993000,23.24,100.00,6746.57,68.00
996000,23.24,100.00,7239.32,63.00
999000,23.24,100.00,6071.50,67.00
1002000,23.24,100.00,7118.24,67.00
1005000,23.24,100.00,6308.72,67.00
1008000,23.24,100.00,6166.53,67.00
1011000,23.24,100.00,6959.59,67.00
1014000,23.24,100.00,6585.72,68.00
1017000,23.24,100.00,6111.69,62.00
1020000,23.24,100.00,7443.83,67.00
1023000,23.24,100.00,7543.07,65.00
1026000,23.24,100.00,6608.98,67.00
1029000,23.24,100.00,7011.73,64.00
1032000,23.24,100.00,7236.86,66.00
1035000,23.24,100.00,7680.24,74.00
1038000,23.24,100.00,6241.41,90.00
1041000,23.24,100.00,6812.34,65.00
1044000,23.24,100.00,6516.98,65.00
1047000,23.24,100.00,7440.30,66.00
1050000,23.24,100.00,6657.60,65.00
1053000,23.24,100.00,8583.61,66.00
1056000,23.24,100.00,6527.47,65.00
1059000,23.24,100.00,6022.49,64.00
1062000,23.24,100.00,6673.41,64.00
1065000,23.24,100.00,7141.74,65.00
1068000,23.24,100.00,6787.72,64.00
1071000,23.24,100.00,8771.61,59.00
1074000,23.24,100.00,8367.34,65.00
1077000,23.24,100.00,6930.02,64.00
1080000,23.24,100.00,6622.26,63.00
1083000,23.24,100.00,7232.65,64.00
1086000,23.24,100.00,6031.57,70.00
1089000,23.24,100.00,6407.89,63.00
1092000,23.24,100.00,6383.64,65.00
1095000,23.24,100.00,8183.09,40.00
1098000,23.24,100.00,6918.75,63.00
1101000,23.24,100.00,6432.48,63.00
1104000,23.24,100.00,7145.58,64.00
1107000,23.24,100.00,6463.03,63.00
1110000,23.24,100.00,7245.88,63.00
1113000,23.24,100.00,6641.58,55.00
1116000,23.24,100.00,7163.85,63.00
1119000,23.24,100.00,7292.17,63.00
1122000,23.24,100.00,6249.76,63.00
1125000,23.24,100.00,6644.78,62.00
1128000,23.24,100.00,6366.83,62.00
1131000,23.24,100.00,6774.58,60.00
1134000,23.24,100.00,8323.32,61.00
1137000,23.24,100.00,5934.29,61.00
1140000,23.24,100.00,8094.29,60.00
1143000,23.24,100.00,6523.64,60.00
1146000,23.24,100.00,7090.56,59.00
1149000,23.24,100.00,6642.61,58.00
1152000,23.24,100.00,7837.07,56.00
1155000,23.24,100.00,7590.52,58.00
1158000,23.24,100.00,7872.69,58.00
1161000,23.24,100.00,8462.86,59.00
1164000,23.24,100.00,7204.41,62.00
1167000,23.24,100.00,6470.65,52.00
1170000,23.24,100.00,6152.99,58.00
1173000,23.24,100.00,8315.64,58.00
1176000,23.24,100.00,8550.51,60.00
1179000,23.24,100.00,8628.96,59.00
1182000,23.24,100.00,7909.10,60.00
1185000,23.24,100.00,7342.92,58.00
1188000,23.24,100.00,5904.63,58.00
1191000,23.24,100.00,5895.28,57.00
1194000,23.24,100.00,5895.28,57.00
1197000,23.24,100.00,5895.28,36.00
1202944,18.78,38.28,0.00,62.00
1205944,19.04,38.18,7280.40,60.00
1208944,19.05,38.15,6184.94,58.00
1211944,19.06,38.11,5966.11,59.00
1214944,19.07,38.10,6933.76,64.00
1217944,19.07,38.10,6768.31,84.00
1220944,19.07,38.10,7331.79,61.00
1223944,19.08,38.10,5791.24,60.00
1226944,19.08,38.08,7122.99,59.00
1229944,19.07,38.08,6255.40,61.00
1232944,19.08,38.07,5828.00,69.00
1235944,19.08,38.05,7324.41,62.00
1238944,19.08,38.05,6723.04,63.00
1241944,19.08,38.05,5978.62,63.00
1244944,19.08,38.05,5951.06,64.00
1247944,19.08,38.05,6562.59,63.00
1250944,19.08,38.04,7071.47,65.00
1253944,19.08,38.04,5787.40,64.00
1256944,19.09,38.03,6631.13,65.00
1259944,19.09,38.02,6604.45,64.00
1262944,19.09,38.03,6617.18,45.00
1265944,19.09,38.02,6266.73,63.00
1268944,19.09,38.03,6271.86,62.00
1271944,19.08,38.02,6294.11,68.00
1274944,19.09,38.01,6570.56,62.00
1277944,19.09,38.02,6511.65,67.00
1280944,19.09,38.03,6769.88,61.00
1283944,19.09,38.02,6950.32,59.00
1286944,19.09,38.01,7055.63,58.00
1289944,19.09,38.02,6411.41,65.00
1292944,19.09,38.01,7074.29,62.00
1295944,19.08,38.01,6834.37,57.00
1298944,19.08,38.02,5713.41,56.00
1301944,19.08,38.02,5982.61,56.00
1304944,19.08,38.02,6102.52,56.00
1307944,19.09,38.01,6691.03,61.00
1310944,19.08,38.03,5666.43,60.00
1313944,19.08,38.02,6315.55,56.00
1316944,19.08,38.03,7407.98,34.00
1319944,19.08,38.02,6413.24,55.00
1322944,19.08,38.03,8347.08,55.00
1325944,19.08,38.04,6345.14,56.00
1328944,19.08,38.03,7607.84,55.00
1331944,19.08,38.04,6909.83,56.00
1334944,19.08,38.04,7213.31,65.00
1337944,19.08,38.05,6812.91,56.00
1340944,19.07,38.05,6321.27,64.00
1343944,19.08,38.05,5656.52,57.00
1346944,19.07,38.07,6716.62,55.00
1349944,19.07,38.06,6143.65,56.00
1352944,19.07,38.05,7003.13,55.00
1355944,19.07,38.05,6942.00,62.00
1358944,19.07,38.05,6412.91,57.00
1361944,19.07,38.06,6439.68,57.00
1364944,19.08,38.05,6615.68,33.00
1367944,19.08,38.05,6796.05,57.00
1370944,19.08,38.04,5954.74,56.00
1373944,19.08,38.05,5517.74,56.00
1376944,19.08,38.04,5693.70,56.00
1379944,19.08,38.03,5239.47,56.00
1382944,19.08,38.04,7204.77,55.00
1385944,19.09,38.03,7543.46,55.00
1388944,19.08,38.03,6736.88,58.00
1391944,19.08,38.03,7278.21,55.00
1394944,19.08,38.05,6373.92,55.00
1397944,19.08,38.05,6219.06,55.00
1400944,19.09,38.03,6022.08,55.00
1403944,19.08,38.03,7302.06,49.00
1406944,19.08,38.03,7131.68,56.00
1409944,19.08,38.03,6548.61,56.00
1412944,19.09,38.04,5858.38,56.00
1415944,19.08,38.05,5703.46,58.00
1418944,19.08,38.04,6824.76,56.00
1421944,19.08,38.04,6815.08,56.00
1424944,19.08,38.03,7023.01,57.00
1427944,19.07,38.04,7063.87,75.00
1430944,19.08,38.04,6643.68,60.00
1433944,19.07,38.04,5626.24,57.00
1436944,19.07,38.05,5612.03,57.00
1439944,19.07,38.06,5776.86,57.00
1442944,19.07,38.05,6445.10,57.00
1445944,19.07,38.06,6479.79,57.00
1448944,19.07,38.06,7209.94,58.00
1451944,19.06,38.05,7015.12,57.00
1454944,19.07,38.08,6484.96,56.00
1457944,19.07,38.06,6130.65,57.00
1460944,19.07,38.06,6741.89,58.00
1463944,19.07,38.05,6550.51,75.00
1466944,19.06,38.05,8206.50,57.00
1469944,19.06,38.06,7952.70,56.00
1472944,19.06,38.06,7025.37,56.00
1475944,19.06,38.08,6550.16,56.00
1478944,19.06,38.06,6659.11,49.00
1481944,19.06,38.06,6554.34,53.00
1484944,19.06,38.08,6730.84,55.00
1487944,19.06,38.08,6772.75,58.00
1490944,19.05,38.06,5893.54,56.00
1493944,19.05,38.06,6501.18,32.00
1496944,19.05,38.06,6219.40,54.00
1499944,19.05,38.08,5903.70,54.00
1502944,19.04,38.09,5930.61,53.00
1505944,19.04,38.07,6511.82,52.00
1508944,19.05,38.08,7324.88,44.00
1511944,19.05,38.09,7139.38,52.00
1514944,19.05,38.09,6537.63,52.00
1517944,19.05,38.10,7357.46,51.00
1520944,19.05,38.09,5791.87,48.00
1523944,19.04,38.09,6066.60,53.00
1526944,19.05,38.09,6777.59,75.00
1529944,19.04,38.09,6262.71,52.00
1532944,19.05,38.10,5972.95,49.00
1535944,19.04,38.09,7546.46,50.00
1538944,19.04,38.10,6853.61,50.00
1541944,19.04,38.09,7124.27,50.00
1544944,19.04,38.09,6309.02,52.00
1547944,19.04,38.09,6319.38,51.00
1550944,19.04,38.10,5969.04,54.00
1553944,19.05,38.09,5763.25,49.00
1556944,19.05,38.10,6513.04,51.00
1559944,19.05,38.11,6321.01,48.00
1562944,19.04,38.09,6280.26,53.00
1565944,19.04,38.10,6277.18,49.00
1568944,19.05,38.10,6298.87,47.00
1571944,19.05,38.10,6746.38,50.00
1574944,19.05,38.09,6058.40,50.00
1577944,19.05,38.09,7600.29,50.00
1580944,19.06,38.10,6424.38,49.00
1583944,19.05,38.10,6154.86,49.00
1586944,19.05,38.09,7110.82,48.00
1589944,19.05,38.08,7011.27,50.00
1592944,19.05,38.09,6716.74,40.00
1595944,19.06,38.11,6880.24,47.00
1598944,19.05,38.09,6586.62,47.00
1601944,19.05,38.09,6136.60,47.00
1604944,19.05,38.08,6687.60,48.00
1607944,19.05,38.10,5625.96,48.00
1610944,19.05,38.10,6330.85,46.00
1613944,19.04,38.10,6539.95,42.00
1616944,19.05,38.08,7125.03,46.00
1619944,19.05,38.10,6066.44,46.00
1622944,19.04,38.09,6454.24,47.00
1625944,19.04,38.10,5549.16,91.00
1628944,19.04,38.10,6267.80,47.00
1631944,19.04,38.11,6108.14,47.00
1634944,19.04,38.13,5525.96,42.00
1637944,19.04,38.11,6720.39,48.00
1640944,19.03,38.12,5559.93,48.00
1643944,19.03,38.13,5712.19,47.00
1646944,19.03,38.13,6312.33,43.00
1649944,19.03,38.12,5148.22,43.00
1652944,19.02,38.12,6257.43,47.00
1655944,19.03,38.12,6104.68,49.00
1658944,19.02,38.12,5536.32,47.00
1661944,19.03,38.13,7213.26,53.00
1664944,19.03,38.12,6287.47,50.00
1667944,19.03,38.15,6683.28,49.00
1670944,19.03,38.17,5403.02,50.00
1673944,19.03,38.15,6269.78,48.00
1676944,19.03,38.15,7651.85,49.00
1679944,19.03,38.15,5826.10,50.00
1682944,19.02,38.16,13843.59,49.00
1685944,19.02,38.16,6353.22,48.00
1688944,19.03,38.17,6564.33,73.00
1691944,19.03,38.16,6843.26,46.00
1694944,19.02,38.16,6553.37,53.00
1697944,19.02,38.16,6135.77,48.00
1700944,19.02,38.15,6471.58,46.00
1703944,19.03,38.15,6415.85,45.00
1706944,19.03,38.13,6106.91,47.00
1709944,19.03,38.13,6265.17,46.00
1712944,19.03,38.13,5881.15,28.00
1715944,19.03,38.13,5922.17,45.00
1718944,19.03,38.16,6544.32,46.00
1721944,19.03,38.17,10056.96,70.00
1724944,19.03,38.17,6239.48,46.00
1727944,19.02,38.18,6418.05,46.00
1730944,19.02,38.16,6624.35,44.00
1733944,19.02,38.15,6865.30,46.00
1736944,19.02,38.15,7871.12,46.00
1739944,19.02,38.14,7312.83,44.00
1742944,19.02,38.16,5745.59,51.00
1745944,19.02,38.16,5804.25,43.00
1748944,19.02,38.17,5725.76,44.00
1751944,19.02,38.16,7156.50,44.00
1754944,19.02,38.17,6714.86,43.00
1757944,19.02,38.17,6376.50,43.00
1760944,19.01,38.17,7114.51,44.00
1763944,19.02,38.18,6517.56,44.00
1766944,19.02,38.17,6009.93,43.00
1769944,19.01,38.18,6591.75,43.00
1772944,19.01,38.18,5864.01,44.00
1775944,19.01,38.19,6252.78,43.00
1778944,19.01,38.19,5714.43,45.00
1781944,19.01,38.19,6778.40,50.00
1784944,19.00,38.19,6613.95,44.00
1787944,19.01,38.18,5293.84,46.00
1790944,19.01,38.19,6076.77,46.00
1793944,19.00,38.20,6018.14,44.00
1796944,19.00,38.21,5441.37,45.00
1799944,19.00,38.22,6840.43,46.00
1802944,19.00,38.23,5582.20,46.00
1805944,18.99,38.23,6199.80,45.00
1808944,18.99,38.24,5994.07,46.00
1811944,18.99,38.24,6104.08,45.00
1814944,18.99,38.24,6404.67,46.00
1817944,18.99,38.24,5695.49,44.00
1820944,18.98,38.25,5554.71,47.00
1823944,18.98,38.24,7248.95,44.00
1826944,18.98,38.24,6835.92,46.00
1829944,18.99,38.24,6124.20,45.00
1832944,18.98,38.25,6334.03,46.00
1835944,18.99,38.25,5837.52,44.00
1838944,18.99,38.25,6413.75,43.00
1841944,18.98,38.26,5799.45,43.00
1844944,18.98,38.25,6750.70,43.00
1847944,18.98,38.26,5784.67,43.00
1850944,18.99,38.26,5951.20,43.00
1853944,18.98,38.25,5887.69,43.00
1856944,18.98,38.26,6144.95,42.00
1859944,18.98,38.27,6023.91,42.00
1862944,18.98,38.27,6183.71,42.00
1865944,18.98,38.27,6727.96,42.00
1868944,18.98,38.26,6693.82,42.00
1871944,18.98,38.27,5886.99,42.00
1874944,18.97,38.27,6575.74,42.00
1877944,18.97,38.26,6963.37,42.00
1880944,18.98,38.27,7532.32,38.00
1883944,18.97,38.27,7036.02,40.00
1886944,18.97,38.27,6475.93,48.00
1889944,18.97,38.26,6361.16,46.00
1892944,18.97,38.27,6418.83,40.00
1895944,18.97,38.29,6115.88,42.00
1898944,18.96,38.30,6605.90,41.00
1901944,18.96,38.31,6390.74,40.00
1904944,18.96,38.30,5778.91,35.00
1907944,18.96,38.31,7073.69,41.00
1910944,18.96,38.31,6336.54,41.00
1913944,18.96,38.30,6237.69,42.00
1916944,18.96,38.30,5557.37,42.00
1919944,18.95,38.31,5510.29,42.00
1922944,18.95,38.32,6445.45,42.00
1925944,18.95,38.32,5886.02,51.00
1928944,18.95,38.32,6320.82,44.00
1931944,18.95,38.32,6111.29,42.00
1934944,18.95,38.32,5710.58,44.00
1937944,18.95,38.32,5892.85,45.00
1940944,18.94,38.32,6423.15,46.00
1943944,18.94,38.31,6437.33,45.00
1946944,18.94,38.32,6806.09,44.00
1949944,18.95,38.33,5982.15,45.00
1952944,18.95,38.33,6758.63,44.00
1955944,18.95,38.33,6001.64,46.00
1958944,18.95,38.33,6236.02,44.00
1961944,18.95,38.34,7066.95,51.00
1964944,18.95,38.33,5551.58,44.00
1967944,18.95,38.34,5808.48,43.00
1970944,18.95,38.33,6747.19,45.00
1973944,18.95,38.33,6775.10,44.00
1976944,18.95,38.34,5774.12,65.00
1979944,18.95,38.34,5507.05,43.00
1982944,18.95,38.33,6306.48,43.00
1985944,18.95,38.32,5727.42,46.00
1988944,18.95,38.33,6330.15,42.00
1991944,18.95,38.34,6120.19,42.00
1994944,18.95,38.32,5945.85,42.00
1997944,18.95,38.32,6109.56,41.00
2000944,18.96,38.31,6260.30,41.00
2003944,18.95,38.32,18786.68,42.00
2006944,18.95,38.32,6159.65,41.00
2009944,18.95,38.31,8151.42,52.00
2012944,18.95,38.32,6335.19,53.00
2015944,18.95,38.33,6192.71,53.00
2018944,18.96,38.32,6797.87,53.00
2021944,18.96,38.33,11139.21,53.00
2024944,18.95,38.32,6724.35,53.00
2027944,18.96,38.31,6257.72,52.00
2030944,18.96,38.30,8056.81,53.00
2033944,18.96,38.30,7194.38,53.00
2036944,18.96,38.31,7784.46,52.00
2039944,18.96,38.32,8419.04,52.00
2042944,18.96,38.31,7273.10,52.00
2045944,18.96,38.33,7188.78,51.00
2048944,18.96,38.32,7400.03,46.00
2051944,18.95,38.32,6963.02,75.00
2054944,18.95,38.33,8072.02,51.00
2057944,18.95,38.32,8245.37,50.00
2060944,18.95,38.32,10888.77,48.00
2063944,18.95,38.33,6379.25,46.00
2066944,18.95,38.33,9121.57,51.00
2069944,18.95,38.32,10180.17,56.00
2072944,18.95,38.33,23193.05,48.00
2075944,18.95,38.34,6482.69,53.00
2078944,18.95,38.33,6810.20,50.00
2081944,18.95,38.34,11247.33,50.00
2084944,18.94,38.34,8674.63,52.00
2087944,18.94,38.34,12055.39,68.00
2090944,18.93,38.34,24921.13,53.00
2093944,18.93,38.37,18241.91,50.00
2096944,18.93,38.37,7543.05,50.00
2099944,18.93,38.35,9174.66,53.00
2102944,18.93,38.38,8526.97,50.00
2105944,18.93,38.37,6733.17,49.00
2108944,18.92,38.37,9303.90,51.00
2111944,18.92,38.37,8937.41,50.00
2114944,18.93,38.39,6502.04,49.00
2117944,18.93,38.40,12953.96,49.00
2120944,18.93,38.40,13111.28,49.00
2123944,18.94,38.42,6778.13,49.00
2126944,18.93,38.42,7108.29,68.00
2129944,18.93,38.43,11477.80,51.00
2132944,18.93,38.44,13549.05,50.00
2135944,18.93,38.43,7962.13,51.00
2138944,18.93,38.45,7334.82,51.00
2141944,18.93,38.48,9787.56,53.00
2144944,18.93,38.50,9407.90,51.00
2147944,18.94,38.50,15401.41,53.00
2150944,18.93,38.51,8309.97,53.00
2153944,18.93,38.51,6583.04,52.00
2156944,18.93,38.51,7083.70,60.00
2159944,18.93,38.50,8954.99,52.00
2162944,18.94,38.49,6189.37,53.00
2165944,18.94,38.48,8068.44,52.00
2168944,18.94,38.49,6574.17,52.00
2171944,18.94,38.50,6464.87,61.00
2174944,18.93,38.54,13652.45,52.00
2177944,18.94,38.52,6682.51,56.00
2180944,18.93,38.54,7689.65,51.00
2183944,18.93,38.52,7947.63,50.00
2186944,18.94,38.51,6575.09,51.00
2189944,18.94,38.51,5847.41,49.00
2192944,18.93,38.50,6770.50,50.00
2195944,18.94,38.51,7104.80,49.00
2198944,18.94,38.51,6978.77,50.00
2201944,18.94,38.51,7513.66,57.00
2204944,18.94,38.54,12218.34,56.00
2207944,18.94,38.54,6541.84,49.00
2210944,18.94,38.56,6664.17,50.00
2213944,18.93,38.60,10804.71,49.00
2216944,18.94,38.63,6912.11,49.00
2219944,18.94,38.62,12104.86,49.00
2222944,18.95,38.61,7560.20,49.00
2225944,18.95,38.61,6615.12,49.00
2228944,18.94,38.63,6675.32,51.00
2231944,18.95,38.61,7281.33,48.00
2234944,18.95,38.60,7369.17,57.00
2237944,18.95,38.59,6344.88,51.00
2240944,18.96,38.56,6943.44,48.00
2243944,18.96,38.56,6696.54,49.00
2246944,18.96,38.58,6912.54,50.00
2249944,18.96,38.58,6494.83,49.00
2252944,18.97,38.59,7346.42,49.00
2255944,18.96,38.61,7191.66,51.00
2258944,18.96,38.60,7281.42,49.00
2261944,18.96,38.61,6298.54,51.00
2264944,18.97,38.59,6996.91,50.00
2267944,18.96,38.61,6061.79,49.00
2270944,18.97,38.59,7824.96,49.00
2273944,18.97,38.58,6874.22,50.00
2276944,18.97,38.58,7750.33,50.00
2279944,18.97,38.58,6647.00,51.00
2282944,18.97,38.60,6383.97,28.00
2285944,18.97,38.61,6940.12,50.00
2288944,18.97,38.61,6884.16,51.00
2291944,18.97,38.66,7869.28,51.00
2294944,18.97,38.66,7576.01,50.00
2297944,18.97,38.67,7524.64,51.00
2300944,18.97,38.68,6685.34,51.00
2303944,18.98,38.67,7267.71,52.00
2306944,18.98,38.65,6082.33,51.00
2309944,18.98,38.67,6566.08,52.00
2312944,18.98,38.69,7519.17,51.00
2315944,18.99,38.70,6644.14,52.00
2318944,18.98,38.71,38996.73,49.00
2321944,18.98,38.72,7064.97,51.00
2324944,18.99,38.73,6838.07,75.00
2327944,18.98,38.73,6947.62,45.00
2330944,18.98,38.72,6425.80,49.00
2333944,18.98,38.75,5615.23,50.00
2336944,18.98,38.75,6732.29,50.00
2339944,18.98,38.73,6266.16,50.00
2342944,18.98,38.73,6598.04,49.00
2345944,18.98,38.77,6689.09,49.00
2348944,18.98,38.78,5832.62,50.00
2351944,18.98,38.78,5771.92,48.00
2354944,18.98,38.77,6822.76,50.00
2357944,18.98,38.79,6466.74,49.00
2360944,18.98,38.78,6123.47,50.00
2363944,18.98,38.78,6309.96,50.00
2366944,18.98,38.81,7484.80,49.00
2369944,18.98,38.84,6241.36,49.00
2372944,18.98,38.85,6585.43,45.00
2375944,18.98,38.84,5880.16,47.00
2378944,18.98,38.88,6413.99,49.00
2381944,18.98,38.87,5976.89,49.00
2384944,18.99,38.87,5880.08,50.00
2387944,18.98,38.89,6207.09,48.00
2390944,18.98,38.88,6240.23,50.00
2393944,18.98,38.87,6221.58,48.00
2396944,18.98,38.87,6155.04,44.00
2399944,18.98,38.87,5961.55,49.00
2402944,18.98,38.88,6413.70,48.00
2405944,18.98,38.88,7099.33,40.00
2408944,18.98,38.87,6407.53,49.00
2411944,18.98,38.86,6457.74,46.00
2414944,18.98,38.86,6644.81,47.00
2417944,18.98,38.85,6632.94,55.00
2420944,18.98,38.86,5770.22,48.00
2423944,18.98,38.87,6893.19,48.00
2426944,18.98,38.88,6387.87,52.00
2429944,18.98,38.89,6517.18,46.00
2432944,18.98,38.89,5453.32,49.00
2435944,18.98,38.89,6261.44,48.00
2438944,18.98,38.88,6017.32,43.00
2441944,18.97,38.89,5810.24,43.00
2444944,18.97,38.90,6038.89,48.00
2447944,18.97,38.91,6116.54,43.00
2450944,18.96,38.94,5768.40,42.00
2453944,18.96,38.94,6124.54,48.00
2456944,18.96,38.95,5973.87,51.00
2459944,18.96,38.94,5913.02,47.00
2462944,18.96,38.95,5983.44,47.00
2465944,18.95,38.95,6271.61,47.00
2468944,18.95,38.95,5902.81,47.00
2471944,18.95,38.94,6111.87,50.00
2474944,18.95,38.95,6833.42,47.00
2477944,18.94,38.96,5926.84,53.00
2480944,18.95,38.96,6329.08,47.00
2483944,18.94,38.98,6384.48,48.00
2486944,18.94,38.97,6951.01,23.00
2489944,18.93,38.98,6093.34,47.00
2492944,18.93,38.97,6096.22,47.00
2495944,18.94,38.98,5386.23,49.00
2498944,18.93,38.98,6489.62,47.00
2501944,18.93,38.97,5856.48,46.00
2504944,18.93,38.98,6715.02,48.00
2507944,18.93,38.98,6073.37,30.00
2510944,18.93,38.97,6368.46,47.00
2513944,18.93,38.98,6195.43,49.00
2516944,18.92,38.98,6006.02,52.00
2519944,18.93,38.98,6256.57,48.00
2522944,18.93,38.98,7507.12,49.00
2525944,18.92,38.99,5829.29,49.00
2528944,18.91,39.01,5861.23,48.00
2531944,18.91,38.99,6101.86,53.00
2534944,18.91,39.01,6755.65,53.00
2537944,18.91,38.99,6145.87,55.00
2540944,18.91,38.99,6317.01,48.00
2543944,18.91,38.99,8559.24,50.00
2546944,18.90,38.99,5781.69,31.00
2549944,18.90,38.99,6899.76,53.00
2552944,18.91,38.98,5776.90,49.00
2555944,18.90,38.99,6201.89,45.00
2558944,18.90,39.01,6759.34,50.00
2561944,18.90,39.01,7637.68,50.00
2564944,18.89,38.99,5811.10,49.00
2567944,18.90,38.99,6350.71,50.00
2570944,18.90,39.02,6010.24,48.00
2573944,18.89,39.03,5925.81,48.00
2576944,18.90,39.03,6039.73,49.00
2579944,18.89,39.03,6278.73,58.00
2582944,18.89,39.02,6269.00,48.00
2585944,18.90,39.02,6028.07,49.00
2588944,18.90,39.03,6193.22,53.00
2591944,18.90,39.03,7327.55,30.00
2594944,18.90,39.03,6527.92,49.00
2597944,18.89,39.02,6240.70,58.00
2600944,18.90,39.03,6499.44,55.00
2603944,18.90,39.02,7229.66,50.00
2606944,18.89,39.02,8294.10,49.00
2609944,18.89,39.02,6381.99,49.00
2612944,18.89,39.03,6850.92,49.00
2615944,18.89,39.04,6640.41,49.00
2618944,18.89,39.02,6290.88,51.00
2621944,18.88,39.04,7377.99,48.00
2624944,18.88,39.03,6927.69,50.00
2627944,18.89,39.04,6376.26,51.00
2630944,18.88,39.03,5434.92,51.00
2633944,18.88,39.02,5672.01,55.00
2636944,18.89,39.02,6707.82,52.00
2639944,18.88,39.02,6347.21,51.00
2642944,18.89,39.02,6151.69,53.00
2645944,18.89,39.02,6273.08,51.00
2648944,18.89,39.00,5726.56,51.00
2651944,18.89,39.02,6174.29,52.00
2654944,18.89,38.99,6373.94,52.00
2657944,18.89,39.00,6326.74,52.00
2660944,18.89,38.99,5535.18,50.00
2663944,18.89,39.00,6646.51,52.00
2666944,18.89,39.00,6606.59,53.00
2669944,18.90,38.99,5936.26,50.00
2672944,18.90,38.98,6791.41,52.00
2675944,18.89,38.98,7058.53,71.00
2678944,18.89,38.98,6943.95,52.00
2681944,18.89,38.98,5754.79,53.00
2684944,18.90,38.97,6543.20,52.00
2687944,18.90,38.97,6236.99,52.00
2690944,18.89,38.97,6220.83,52.00
2693944,18.89,38.98,6138.85,52.00
2696944,18.89,38.98,6148.96,46.00
2699944,18.89,38.98,6019.12,51.00
2702944,18.89,38.98,6270.49,53.00
2705944,18.89,38.97,6483.02,51.00
2708944,18.88,38.96,6352.67,50.00
2711944,18.89,38.97,6061.18,42.00
2714944,18.88,38.96,7131.27,50.00
2717944,18.89,38.96,7147.78,50.00
2720944,18.89,38.97,6043.39,50.00
2723944,18.88,38.96,6535.11,49.00
2726944,18.88,38.97,7403.89,49.00
2729944,18.88,38.97,6074.97,50.00
2732944,18.88,38.98,6296.15,43.00
2735944,18.88,38.98,6043.00,49.00
2738944,18.88,38.99,5551.21,49.00
2741944,18.88,38.99,6320.99,60.00
2744944,18.88,38.98,6549.13,44.00
2747944,18.88,38.98,5898.08,67.00
2750944,18.87,38.98,5926.31,51.00
2753944,18.87,38.98,7206.54,46.00
2756944,18.87,38.98,5869.86,47.00
2759944,18.87,38.98,6807.05,51.00
2762944,18.87,38.98,6279.85,47.00
2765944,18.86,38.98,6640.07,49.00
2768944,18.86,38.99,6541.24,47.00
2771944,18.86,38.99,6127.48,49.00
2774944,18.86,38.99,6283.48,47.00
2777944,18.86,39.00,6364.60,48.00
2780944,18.86,39.00,7693.93,56.00
2783944,18.86,38.99,6919.50,46.00
2786944,18.85,39.00,6236.55,47.00
2789944,18.85,38.99,7106.92,46.00
2792944,18.85,39.00,5844.16,45.00
2795944,18.85,39.00,7459.48,46.00
2798944,18.86,39.00,6054.17,49.00
2801944,18.86,39.00,7042.50,45.00
2804944,18.86,38.99,8249.01,46.00
2807944,18.85,39.00,5932.87,45.00
2810944,18.85,39.01,6497.66,40.00
2813944,18.85,38.99,5936.94,52.00
2816944,18.86,38.99,6460.77,46.00
2819944,18.85,38.98,7094.82,50.00
2822944,18.85,38.98,6939.51,46.00
2825944,18.85,38.99,6702.66,47.00
2828944,18.85,38.99,7132.08,48.00
2831944,18.85,38.99,7465.14,47.00
2834944,18.85,38.98,7210.77,47.00
2837944,18.85,38.99,6901.17,47.00
2840944,18.84,38.99,6879.42,25.00
2843944,18.85,38.99,6259.16,48.00
2846944,18.85,39.00,6682.74,46.00
2849944,18.84,39.00,6747.99,47.00
2852944,18.84,39.01,6586.16,48.00
2855944,18.83,39.01,6875.81,49.00
2858944,18.83,39.01,6672.19,48.00
2861944,18.84,39.00,7079.23,71.00
2864944,18.83,39.01,6867.60,47.00
2867944,18.83,39.02,7031.23,47.00
2870944,18.83,39.02,7161.44,47.00
2873944,18.83,39.01,7732.80,47.00
2876944,18.83,39.02,7304.25,49.00
2879944,18.83,39.04,6616.91,47.00
2882944,18.82,39.02,8082.06,51.00
2885944,18.82,39.02,7373.82,46.00
2888944,18.82,39.02,6190.39,46.00
2891944,18.82,39.05,6822.66,46.00
2894944,18.82,39.03,7356.29,48.00
2897944,18.82,39.05,8483.20,45.00
2900944,18.81,39.03,6503.35,46.00
2903944,18.81,39.04,8106.33,46.00
2906944,18.82,39.03,6982.80,44.00
2909944,18.81,39.03,7654.29,46.00
2912944,18.81,39.03,7919.91,44.00
2915944,18.81,39.02,8053.65,45.00
2918944,18.81,39.03,6576.38,46.00
2921944,18.81,39.04,6689.57,47.00
2924944,18.81,39.04,6959.50,44.00
2927944,18.81,39.04,6164.19,21.00
2930944,18.81,39.03,6509.89,43.00
2933944,18.81,39.03,5886.46,43.00
2936944,18.81,39.03,5941.56,43.00
2939944,18.81,39.03,5833.05,44.00
2942944,18.82,39.05,5536.26,43.00
2945944,18.81,39.02,6730.79,44.00
2948944,18.81,39.04,7341.93,21.00
2951944,18.81,39.03,6328.42,43.00
2954944,18.82,39.01,5775.81,40.00
2957944,18.81,39.01,6685.91,45.00
2960944,18.81,39.01,7025.68,44.00
2963944,18.81,39.02,6095.48,43.00
2966944,18.82,39.02,6831.41,21.00
2969944,18.82,39.01,7100.97,48.00
2972944,18.82,39.01,7597.63,43.00
2975944,18.82,39.01,7327.33,42.00
2978944,18.82,39.00,5994.43,44.00
2981944,18.81,39.01,6630.02,43.00
2984944,18.82,39.01,7646.64,42.00
2987944,18.82,39.01,7925.29,43.00
2990944,18.82,39.00,6814.74,49.00
2993944,18.82,39.00,6809.69,42.00
2996944,18.82,39.00,6673.93,41.00
2999944,18.82,39.00,10767.31,42.00
3002944,18.82,39.01,7328.36,41.00
3005944,18.82,39.01,6122.44,42.00
3008944,18.81,39.01,6914.41,46.00
3011944,18.81,39.01,6554.26,40.00
3014944,18.81,39.01,6668.31,41.00
3017944,18.81,39.01,6850.69,41.00
3020944,18.81,39.00,7213.85,41.00
3023944,18.81,39.00,6668.31,42.00
3026944,18.81,39.00,7725.43,41.00
3029944,18.81,39.01,7939.87,43.00
3032944,18.81,39.01,6731.65,43.00
3035944,18.81,39.01,7448.40,44.00
3038944,18.81,39.00,7028.13,88.00
3041944,18.81,39.01,6782.17,44.00
3044944,18.81,39.00,7980.39,46.00
3047944,18.82,39.01,6825.67,43.00
3050944,18.81,39.01,6789.46,25.00
3053944,18.81,39.00,6741.58,43.00
3056944,18.81,39.00,6714.05,22.00
3059944,18.82,39.00,6649.95,44.00
3062944,18.82,39.00,6273.37,45.00
3065944,18.82,39.01,6223.76,43.00
3068944,18.82,39.00,6316.11,44.00
3071944,18.81,39.00,5919.76,43.00
3074944,18.82,39.00,6218.80,39.00
3077944,18.82,38.99,6721.02,43.00
3080944,18.82,39.00,9865.93,44.00
3083944,18.82,39.01,6672.58,44.00
3086944,18.82,39.01,7681.92,43.00
3089944,18.81,39.01,6104.24,45.00
3092944,18.82,39.01,6215.29,43.00
3095944,18.81,39.00,7178.79,45.00
3098944,18.81,39.00,6848.81,48.00
3101944,18.81,39.00,7069.60,45.00
3104944,18.81,38.99,6644.31,44.00
3107944,18.81,38.97,6864.72,50.00
3110944,18.81,39.00,7134.76,35.00
3113944,18.81,39.00,6821.86,44.00
3116944,18.81,39.00,5944.27,36.00
3119944,18.81,39.00,6508.28,46.00
3122944,18.81,39.00,5790.00,51.00
3125944,18.80,39.00,5645.42,62.00
3128944,18.80,38.98,6164.91,45.00
3131944,18.79,38.98,6702.17,44.00
3134944,18.80,39.00,6701.69,46.00
3137944,18.80,39.01,6619.87,44.00
3140944,18.80,39.00,6448.76,46.00
3143944,18.79,39.01,6403.69,45.00
3146944,18.79,39.00,6632.16,43.00
3149944,18.80,39.00,5932.33,46.00
3152944,18.80,39.01,6415.85,45.00
3155944,18.79,39.01,5687.51,45.00
3158944,18.79,39.00,6009.14,46.00
3161944,18.79,39.01,6009.54,46.00
3164944,18.79,39.01,6577.56,46.00
3167944,18.79,39.01,6162.89,46.00
3170944,18.79,39.01,6280.09,46.00
3173944,18.79,39.02,6508.25,46.00
3176944,18.79,39.03,6709.46,45.00
3179944,18.79,39.01,7085.81,46.00
3182944,18.78,39.01,6289.31,46.00
3185944,18.79,39.01,6722.58,46.00
3188944,18.79,39.01,6728.19,41.00
3191944,18.79,39.02,6828.81,44.00
3194944,18.79,39.01,5769.55,45.00
3197944,18.79,39.02,5648.86,46.00
3200944,18.79,39.03,5992.59,43.00
3203944,18.79,39.01,5950.34,44.00
3206944,18.78,39.01,5599.27,43.00
3209944,18.79,39.02,6155.07,44.00
3212944,18.78,39.02,5721.71,44.00
3215944,18.78,39.02,7188.53,46.00
3218944,18.78,39.02,6069.56,34.00
3221944,18.78,39.02,5966.64,33.00
3224944,18.78,39.02,7449.67,34.00
3227944,18.78,39.02,5948.21,34.00
3230944,18.78,39.02,7927.85,34.00
3233944,18.78,39.03,5887.46,35.00
3236944,18.78,39.02,6668.87,33.00
3239944,18.78,39.03,5920.98,34.00
3242944,18.78,39.02,6414.73,36.00
3245944,18.78,39.02,5972.06,35.00
3248944,18.78,39.03,6169.48,29.00
3251944,18.78,39.04,6521.95,36.00
3254944,18.78,39.03,6408.97,35.00
3257944,18.78,39.03,6483.09,34.00
3260944,18.78,39.02,6567.38,33.00
3263944,18.78,39.03,7039.26,34.00
3266944,18.78,39.02,6505.03,36.00
3269944,18.78,39.03,6273.24,34.00
3272944,18.78,39.03,5590.83,36.00
3275944,18.78,39.04,6416.38,35.00
3278944,18.78,39.03,5858.91,32.00
3281944,18.78,39.04,6725.28,35.00
3284944,18.78,39.02,6530.30,32.00
3287944,18.78,39.02,7513.80,34.00
3290944,18.78,39.02,6549.89,57.00
3293944,18.78,39.01,7144.13,30.00
3296944,18.78,39.02,6279.21,33.00
3299944,18.78,39.01,6597.10,32.00
3302944,18.78,39.02,6734.33,33.00
3305944,18.78,39.01,7109.46,33.00
3308944,18.78,39.02,6883.90,36.00
3311944,18.78,39.02,5690.85,32.00
3314944,18.78,39.01,6521.22,32.00
3317944,18.78,39.03,6202.91,33.00
3320944,18.78,39.02,5873.72,9.00
3323944,18.78,39.01,6415.83,35.00
3326944,18.78,39.03,7196.00,31.00
3329944,18.78,39.03,6298.48,32.00
3332944,18.78,39.01,6188.61,35.00
3335944,18.77,39.03,5972.59,32.00
3338944,18.78,39.04,6430.47,55.00
3341944,18.78,39.02,7082.80,34.00
3344944,18.78,39.02,7250.16,34.00
3347944,18.77,39.03,5851.15,34.00
3350944,18.77,39.03,7015.86,34.00
3353944,18.78,39.04,7289.63,34.00
3356944,18.77,39.04,7601.04,37.00
3359944,18.78,39.03,5608.55,35.00
3362944,18.78,39.04,7220.50,60.00
3365944,18.77,39.02,7043.96,35.00
3368944,18.78,39.03,6628.41,35.00
3371944,18.78,39.03,6033.62,35.00
3374944,18.78,39.02,7462.29,36.00
3377944,18.77,39.02,7151.45,60.00
3380944,18.78,39.03,6487.06,38.00
3383944,18.77,39.02,6509.60,36.00
3386944,18.77,39.03,6192.64,38.00
3389944,18.77,39.03,6107.51,16.00
3392944,18.77,39.03,6969.70,38.00
3395944,18.77,39.02,6351.91,40.00
3398944,18.76,39.02,5925.69,38.00
3401944,18.76,39.02,5914.37,37.00
3404944,18.78,39.02,6470.73,38.00
3407944,18.76,39.03,6765.66,38.00
3410944,18.76,39.04,6053.26,38.00
3413944,18.76,39.03,6247.39,37.00
3416944,18.76,39.04,6539.63,15.00
3419944,18.76,39.03,6561.04,38.00
3422944,18.76,39.02,6117.81,58.00
3425944,18.76,39.02,7164.92,38.00
3428944,18.76,39.03,5882.89,30.00
3431944,18.76,39.02,6339.78,37.00
3434944,18.76,39.02,6953.86,37.00
3437944,18.76,39.00,6687.57,40.00
3440944,18.77,38.99,7039.39,37.00
3443944,18.76,38.99,6523.60,37.00
3446944,18.76,39.00,6459.88,37.00
3449944,18.76,39.02,6823.32,35.00
3452944,18.77,39.01,5833.08,34.00
3455944,18.77,39.01,7081.04,37.00
3458944,18.77,39.02,7360.14,38.00
3461944,18.76,38.99,6599.30,36.00
3464944,18.76,39.00,6140.81,35.00
3467944,18.77,39.02,6177.84,36.00
3470944,18.77,39.01,6652.26,35.00
3473944,18.76,39.00,7627.62,36.00
3476944,18.77,39.02,7665.75,35.00
3479944,18.77,39.01,6802.06,36.00
3482944,18.77,39.02,5694.92,36.00
3485944,18.77,39.03,6435.09,34.00
3488944,18.76,39.03,6295.53,58.00
3491944,18.77,39.02,6667.37,35.00
3494944,18.76,39.02,6579.69,35.00
3497944,18.76,39.02,6408.94,35.00
3500944,18.76,39.02,7370.15,36.00
3503944,18.77,39.01,5911.35,58.00
3506944,18.76,39.02,7587.77,35.00
3509944,18.76,39.02,6139.00,34.00
3512944,18.77,39.01,6869.64,35.00
3515944,18.77,39.01,6585.84,41.00
3518944,18.77,39.01,6500.88,39.00
3521944,18.77,39.02,7121.69,34.00
3524944,18.77,39.01,7054.04,36.00
3527944,18.76,39.00,7157.54,34.00
3530944,18.77,39.01,7289.23,35.00
3533944,18.77,39.01,6668.01,33.00
3536944,18.77,39.02,7639.78,35.00
3539944,18.77,39.01,6155.46,25.00
3542944,18.77,38.99,6824.63,39.00
3545944,18.77,38.99,7277.67,35.00
3548944,18.77,38.99,6628.57,39.00
3551944,18.77,38.99,8236.85,35.00
3554944,18.76,38.99,7448.96,35.00
3557944,18.77,38.99,6451.70,36.00
3560944,18.76,38.99,6930.01,37.00
3563944,18.77,39.01,6734.25,37.00
3566944,18.77,39.01,7880.91,41.00
3569944,18.77,39.01,6554.31,39.00
3572944,18.76,39.00,5937.79,40.00
3575944,18.76,38.99,6097.53,40.00
3578944,18.77,38.99,5986.16,42.00
3581944,18.76,39.00,6318.17,42.00
3584944,18.76,39.00,6907.52,41.00
3587944,18.76,39.00,6735.36,41.00
3590944,18.76,39.02,6037.45,41.00
3593944,18.76,39.02,5872.20,41.00
3596944,18.76,39.02,6771.73,19.00
3599944,18.76,39.02,6781.84,40.00
3602944,18.76,39.03,7435.82,41.00
3605944,18.76,39.03,6440.60,66.00
3608944,18.76,39.03,6907.61,40.00
3611944,18.76,39.03,6085.19,40.00
3614944,18.76,39.03,6538.05,40.00
3617944,18.76,39.02,6598.79,41.00
3620944,18.76,39.02,6789.44,41.00
3623944,18.76,39.02,6768.14,39.00
3626944,18.76,39.03,6385.02,40.00
3629944,18.76,39.03,6652.15,46.00
3632944,18.76,39.03,6444.19,38.00
3635944,18.75,39.04,6899.42,38.00
3638944,18.75,39.04,6102.18,35.00
3641944,18.76,39.04,6564.60,36.00
3644944,18.75,39.03,6228.22,37.00
3647944,18.75,39.04,6182.44,37.00
3650944,18.75,39.03,5504.44,37.00
3653944,18.75,39.04,5785.58,36.00
3656944,18.74,39.04,6136.45,36.00
3659944,18.75,39.05,6307.69,41.00
3662944,18.75,39.05,6486.85,35.00
3665944,18.74,39.05,7378.27,35.00
3668944,18.74,39.06,6820.14,37.00
3671944,18.74,39.05,6789.56,34.00
3674944,18.74,39.06,5724.85,34.00
3677944,18.74,39.06,6090.45,28.00
3680944,18.74,39.05,6166.87,35.00
3683944,18.74,39.05,6165.22,35.00
3686944,18.75,39.06,6300.37,34.00
3689944,18.74,39.05,6116.07,33.00
3692944,18.75,39.05,6982.49,34.00
3695944,18.75,39.05,6698.32,34.00
3698944,18.75,39.04,6020.11,34.00
3701944,18.75,39.04,5883.95,39.00
3704944,18.75,39.04,6026.26,35.00
3707944,18.75,39.04,6393.29,33.00
3710944,18.75,39.04,6689.14,34.00
3713944,18.74,39.04,6981.40,37.00
3716944,18.75,39.04,5700.66,37.00
3719944,18.75,39.04,6453.69,35.00
3722944,18.75,39.04,5953.23,34.00
3725944,18.75,39.04,6904.57,35.00
3728944,18.75,39.04,8014.59,43.00
3731944,18.74,39.04,6228.11,45.00
3734944,18.75,39.04,6345.39,36.00
3737944,18.75,39.04,6384.83,44.00
3740944,18.74,39.05,6150.67,38.00
3743944,18.75,39.04,6362.55,39.00
3746944,18.75,39.03,6894.81,38.00
3749944,18.75,39.04,5818.27,44.00
3752944,18.75,39.02,6569.23,39.00
3755944,18.75,39.03,6405.81,40.00
3758944,18.75,39.03,6878.49,42.00
3761944,18.75,39.03,6704.42,40.00
3764944,18.75,39.05,6194.85,42.00
3767944,18.75,39.05,23129.20,42.00
3770944,18.74,39.04,7330.90,67.00
3773944,18.75,39.03,5974.24,22.00
3776944,18.75,39.05,6418.44,44.00
3779944,18.75,39.04,6332.45,42.00
3782944,18.75,39.05,6856.00,43.00
3785944,18.75,39.04,6347.93,52.00
3788944,18.74,39.06,6457.39,45.00
3791944,18.74,39.05,7746.39,42.00
3794944,18.74,39.05,8318.42,46.00
3797944,18.74,39.05,7144.56,47.00
3800944,18.74,39.05,6792.03,46.00
3803944,18.75,39.06,6656.66,47.00
3806944,18.75,39.05,6099.39,51.00
3809944,18.75,39.05,6931.70,47.00
3812944,18.75,39.06,6789.59,24.00
3815944,18.75,39.04,6014.61,46.00
3818944,18.75,39.05,6056.33,48.00
3821944,18.75,39.05,5652.47,45.00
3824944,18.74,39.06,7681.16,46.00
3827944,18.74,39.06,6606.04,45.00
3830944,18.75,39.06,6355.67,46.00
3833944,18.75,39.06,6229.23,45.00
3836944,18.75,39.06,6567.98,46.00
3839944,18.75,39.06,6444.93,44.00
3842944,18.75,39.05,6040.98,46.00
3845944,18.75,39.04,6450.83,47.00
3848944,18.75,39.05,6539.06,45.00
3851944,18.74,39.05,6201.23,45.00
3854944,18.75,39.05,7242.64,47.00
3857944,18.75,39.06,7477.75,45.00
3860944,18.75,39.06,7336.61,45.00
3863944,18.75,39.08,6450.38,45.00
3866944,18.75,39.08,6756.92,46.00
3869944,18.74,39.08,6789.89,43.00
3872944,18.74,39.08,6544.45,45.00
3875944,18.74,39.08,5881.72,42.00
3878944,18.74,39.09,6638.38,43.00
3881944,18.74,39.08,7192.37,36.00
3884944,18.74,39.08,6281.33,40.00
3887944,18.74,39.08,6411.03,87.00
3890944,18.74,39.08,6497.01,42.00
3893944,18.74,39.08,7392.40,42.00
3896944,18.73,39.09,6115.29,41.00
3899944,18.73,39.06,6869.08,41.00
3902944,18.73,39.08,6798.37,37.00
3905944,18.73,39.09,6944.85,42.00
3908944,18.73,39.09,6519.54,41.00
3911944,18.72,39.09,6368.66,42.00
3914944,18.72,39.08,5841.14,42.00
3917944,18.72,39.08,7705.71,41.00
3920944,18.72,39.11,8184.73,34.00
3923944,18.71,39.10,7194.31,41.00
3926944,18.71,39.11,6542.12,42.00
3929944,18.71,39.12,6668.62,42.00
3932944,18.71,39.11,6363.81,41.00
3935944,18.71,39.11,6378.59,40.00
3938944,18.70,39.11,6599.84,41.00
3941944,18.70,39.12,6794.63,45.00
3944944,18.70,39.12,7123.81,51.00
3947944,18.71,39.12,6322.34,67.00
3950944,18.70,39.12,6393.34,43.00
3953944,18.70,39.12,6169.32,42.00
3956944,18.70,39.12,7875.38,44.00
3959944,18.70,39.12,5754.55,44.00
3962944,18.70,39.11,6960.17,45.00
3965944,18.70,39.11,5835.00,47.00
3968944,18.70,39.13,6194.89,53.00
3971944,18.70,39.13,6324.25,46.00
3974944,18.70,39.13,6401.81,47.00
3977944,18.69,39.16,6300.75,47.00
3980944,18.70,39.16,5942.04,50.00
3983944,18.69,39.14,6469.62,46.00
3986944,18.69,39.14,6744.71,46.00
3989944,18.69,39.13,6176.75,47.00
3992944,18.69,39.13,6062.08,48.00
3995944,18.69,39.13,5858.14,48.00
3998944,18.69,39.13,5931.24,53.00
4001944,18.70,39.12,6103.65,48.00
4004944,18.70,39.13,6089.58,47.00
4007944,18.70,39.14,6034.48,49.00
4010944,18.69,39.13,6500.95,50.00
4013944,18.70,39.14,5987.96,49.00
4016944,18.70,39.13,6591.71,39.00
4019944,18.70,39.13,6257.50,44.00
4022944,18.70,39.12,5773.91,57.00
4025944,18.70,39.13,5674.08,48.00
4028944,18.70,39.13,5075.71,48.00
4031944,18.69,39.12,6077.13,53.00
4034944,18.69,39.13,5834.32,47.00
4037944,18.70,39.14,5757.32,70.00
4040944,18.69,39.14,6039.53,53.00
4043944,18.69,39.14,6024.41,52.00
4046944,18.69,39.14,6165.77,52.00
4049944,18.69,39.16,5864.10,76.00
4052944,18.69,39.16,5763.84,54.00
4055944,18.69,39.16,6252.52,55.00
4058944,18.69,39.17,5889.77,56.00
4061944,18.69,39.16,6486.17,58.00
4064944,18.69,39.16,6287.52,58.00
4067944,18.69,39.14,6795.59,60.00
4070944,18.69,39.14,6689.97,61.00
4073944,18.69,39.14,6302.75,61.00
4076944,18.70,39.16,5929.63,60.00
4079944,18.70,39.16,6489.80,63.00
4082944,18.70,39.16,5234.54,60.00
4085944,18.70,39.16,5536.21,64.00
4088944,18.70,39.16,5464.14,63.00
4091944,18.70,39.14,6146.10,63.00
4094944,18.70,39.16,6100.44,64.00
4097944,18.70,39.14,6016.87,63.00
4100944,18.70,39.16,6063.31,62.00
4103944,18.70,39.14,6031.24,70.00
4106944,18.70,39.16,5578.84,65.00
4109944,18.70,39.14,5888.58,65.00
4112944,18.70,39.14,5655.23,68.00
4115944,18.71,39.15,5500.34,65.00
4118944,18.71,39.13,6502.90,71.00
4121944,18.70,39.13,6571.61,65.00
4124944,18.70,39.14,5356.01,65.00
4127944,18.70,39.13,6061.93,66.00
4130944,18.70,39.14,6077.37,65.00
4133944,18.71,39.15,6150.69,66.00
4136944,18.70,39.16,5976.15,66.00
4139944,18.71,39.13,6027.61,66.00
4142944,18.70,39.14,5738.00,66.00
4145944,18.70,39.14,5626.32,65.00
4148944,18.71,39.12,6194.76,65.00
4151944,18.70,39.14,7056.28,64.00
4154944,18.70,39.12,6967.07,64.00
4157944,18.71,39.13,6280.57,64.00
4160944,18.71,39.13,5737.43,83.00
4163944,18.71,39.13,6557.60,64.00
4166944,18.71,39.13,6208.42,63.00
4169944,18.71,39.13,6135.61,61.00
4172944,18.71,39.15,6420.94,62.00
4175944,18.71,39.15,5852.11,60.00
4178944,18.70,39.14,6517.06,60.00
4181944,18.71,39.13,5642.27,60.00
4184944,18.70,39.13,15011.93,57.00
4187944,18.70,39.13,5793.15,57.00
4190944,18.70,39.13,5883.83,57.00
4193944,18.70,39.14,5532.31,34.00
4196944,18.70,39.12,5809.09,58.00
4199944,18.69,39.13,5787.53,57.00
4202944,18.69,39.14,5395.59,56.00
4205944,18.70,39.14,5745.97,58.00
4208944,18.69,39.16,5405.10,57.00
4211944,18.69,39.17,5519.59,55.00
4214944,18.69,39.17,5713.31,56.00
4217944,18.69,39.16,5587.73,56.00
4220944,18.69,39.18,4916.03,57.00
4223944,18.69,39.18,5944.56,56.00
4226944,18.69,39.17,5763.49,54.00
4229944,18.68,39.18,5631.53,75.00
4232944,18.68,39.17,6855.75,57.00
4235944,18.68,39.18,5876.01,57.00
4238944,18.69,39.18,5343.98,56.00
4241944,18.69,39.17,6091.19,58.00
4244944,18.68,39.17,5769.44,57.00
4247944,18.69,39.18,6200.27,58.00
4250944,18.69,39.17,5151.71,58.00
4253944,18.69,39.17,5168.80,59.00
4256944,18.69,39.17,5990.41,63.00
4259944,18.69,39.18,6491.80,61.00
4262944,18.69,39.17,16029.58,62.00
4265944,18.68,39.17,5540.33,61.00
4268944,18.69,39.17,5288.15,65.00
4271944,18.68,39.18,5551.37,63.00
4274944,18.68,39.19,5499.15,62.00
4277944,18.68,39.17,5801.72,63.00
4280944,18.68,39.18,5187.03,59.00
4283944,18.67,39.19,6213.10,65.00
4286944,18.68,39.18,5722.70,64.00
4289944,18.68,39.19,5680.02,63.00
4292944,18.67,39.19,5835.04,71.00
4295944,18.67,39.19,5692.60,82.00
4298944,18.68,39.20,6259.89,63.00
4301944,18.67,39.20,5131.97,65.00
4304944,18.68,39.21,5414.47,63.00
4307944,18.67,39.21,6487.56,63.00
4310944,18.67,39.21,5582.50,61.00
4313944,18.67,39.20,5109.14,63.00
4316944,18.67,39.21,5421.61,58.00
4319944,18.67,39.21,5338.46,59.00
4322944,18.67,39.21,5488.26,58.00
4325944,18.67,39.21,5755.55,82.00
4328944,18.67,39.21,5533.82,57.00
4331944,18.67,39.21,5667.49,59.00
4334944,18.67,39.21,5460.08,37.00
4337944,18.67,39.21,5563.56,53.00
4340944,18.67,39.20,7566.29,54.00
4343944,18.67,39.20,6696.49,53.00
4346944,18.67,39.20,12984.74,61.00
4349944,18.67,39.21,6352.95,55.00
4352944,18.67,39.21,6524.89,52.00
4355944,18.67,39.21,6175.75,52.00
4358944,18.67,39.21,6096.64,31.00
4361944,18.67,39.23,5557.70,47.00
4364944,18.67,39.24,6113.35,52.00
4367944,18.67,39.24,6324.06,60.00
4370944,18.67,39.24,6128.18,54.00
4373944,18.67,39.24,6546.21,55.00
4376944,18.67,39.25,5220.71,56.00
4379944,18.66,39.25,6629.57,56.00
4382944,18.66,39.25,5754.28,54.00
4385944,18.66,39.25,5839.08,57.00
4388944,18.66,39.25,7328.45,58.00
4391944,18.66,39.25,7154.12,58.00
4394944,18.66,39.25,5959.06,60.00
4397944,18.66,39.26,6598.37,79.00
4400944,18.66,39.26,6858.88,63.00
4403944,18.66,39.26,5528.63,68.00
4406944,18.66,39.26,6176.31,62.00
4409944,18.65,39.26,5860.04,62.00
4412944,18.66,39.25,5864.24,62.00
4415944,18.65,39.26,6377.25,62.00
4418944,18.65,39.26,6553.74,68.00
4421944,18.65,39.26,6326.61,63.00
4424944,18.65,39.24,5911.89,64.00
4427944,18.65,39.26,5802.52,62.00
4430944,18.65,39.25,5711.66,62.00
4433944,18.65,39.25,6420.95,62.00
4436944,18.65,39.24,5782.02,87.00
4439944,18.64,39.25,6179.82,39.00
4442944,18.64,39.26,5742.12,61.00
4445944,18.65,39.26,5534.28,61.00
4448944,18.65,39.26,5168.13,60.00
4451944,18.65,39.27,5255.16,58.00
4454944,18.65,39.26,6407.26,61.00
4457944,18.64,39.27,5433.93,58.00
4460944,18.64,39.28,6406.97,57.00
4463944,18.64,39.27,5922.59,57.00
4466944,18.64,39.28,5863.89,57.00
4469944,18.64,39.28,6230.96,56.00
4472944,18.64,39.28,5701.33,57.00
4475944,18.64,39.28,5579.36,55.00
4478944,18.64,39.30,6743.95,55.00
4481944,18.64,39.30,6346.41,54.00
4484944,18.64,39.28,5547.93,36.00
4487944,18.64,39.30,6414.99,54.00
4490944,18.63,39.29,6095.68,54.00
4493944,18.64,39.30,6175.37,56.00
4496944,18.64,39.32,6969.13,54.00
4499944,18.64,39.32,5498.96,60.00
4502944,18.64,39.33,5872.08,62.00
4505944,18.63,39.31,5801.04,56.00
4508944,18.62,39.31,5943.33,56.00
4511944,18.62,39.32,6191.54,56.00
4514944,18.62,39.31,6198.42,64.00
4517944,18.63,39.31,6535.98,56.00
4520944,18.62,39.31,5951.22,59.00
4523944,18.63,39.31,6022.67,59.00
4526944,18.62,39.32,6277.36,60.00
4529944,18.62,39.32,6145.98,61.00
4532944,18.61,39.34,5872.45,62.00
4535944,18.61,39.34,5769.46,60.00
4538944,18.61,39.33,5509.34,63.00
4541944,18.60,39.34,6434.62,63.00
4544944,18.61,39.34,6474.45,63.00
4547944,18.61,39.34,5268.70,63.00
4550944,18.61,39.34,5961.00,64.00
4553944,18.61,39.37,5900.19,59.00
4556944,18.61,39.35,5914.09,63.00
4559944,18.61,39.34,6082.06,57.00
4562944,18.62,39.34,5633.18,64.00
4565944,18.62,39.34,6220.98,64.00
4568944,18.62,39.34,6115.34,46.00
4571944,18.63,39.33,5995.94,64.00
4574944,18.62,39.33,5884.45,64.00
4577944,18.62,39.33,5754.34,65.00
4580944,18.63,39.33,6625.33,65.00
4583944,18.63,39.33,6175.55,66.00
4586944,18.63,39.33,6013.51,43.00
4589944,18.63,39.33,6774.30,65.00
4592944,18.62,39.33,6402.65,65.00
4595944,18.63,39.32,5421.87,65.00
4598944,18.63,39.32,5540.42,57.00
4601944,18.63,39.33,5664.57,64.00
4604944,18.63,39.33,6612.33,65.00
4607944,18.63,39.33,5715.17,64.00
4610944,18.62,39.33,5235.57,63.00
4613944,18.62,39.33,5856.00,64.00
4616944,18.62,39.33,5494.41,63.00
4619944,18.62,39.34,5742.63,62.00
4622944,18.61,39.33,6020.80,61.00
4625944,18.62,39.33,5511.94,60.00
4628944,18.62,39.33,5363.30,58.00
4631944,18.61,39.34,5130.65,58.00
4634944,18.61,39.35,5117.09,56.00
4637944,18.62,39.34,5552.39,55.00
4640944,18.61,39.34,5391.09,64.00
4643944,18.61,39.34,5477.21,53.00
4646944,18.60,39.35,6093.33,53.00
4649944,18.61,39.35,6732.90,54.00
4652944,18.61,39.35,6204.57,53.00
4655944,18.61,39.35,6212.61,53.00
4658944,18.61,39.35,5939.99,54.00
4661944,18.61,39.37,6242.14,53.00
4664944,18.60,39.37,5923.09,54.00
4667944,18.60,39.36,5452.03,59.00
4670944,18.60,39.38,5166.59,58.00
4673944,18.60,39.37,5544.23,35.00
4676944,18.60,39.35,6205.74,58.00
4679944,18.60,39.36,6663.86,59.00
4682944,18.60,39.37,5934.27,60.00
4685944,18.60,39.36,6219.03,39.00
4688944,18.60,39.36,5826.10,62.00
4691944,18.60,39.35,5668.78,63.00
4694944,18.60,39.35,5964.20,64.00
4697944,18.61,39.37,5380.65,64.00
4700944,18.60,39.37,6238.57,65.00
4703944,18.60,39.37,5499.49,43.00
4706944,18.60,39.38,5554.26,59.00
4709944,18.61,39.38,5378.76,67.00
4712944,18.61,39.38,5933.89,61.00
4715944,18.60,39.36,5993.63,66.00
4718944,18.61,39.37,6574.47,67.00
4721944,18.61,39.38,7138.79,66.00
4724944,18.61,39.38,6455.23,66.00
4727944,18.61,39.37,5228.01,71.00
4730944,18.60,39.35,6906.56,66.00
4733944,18.61,39.35,6067.82,64.00
4736944,18.61,39.35,6144.56,70.00
4739944,18.61,39.35,6061.85,64.00
4742944,18.61,39.37,5700.03,41.00
4745944,18.60,39.35,6152.52,63.00
4748944,18.60,39.37,7341.73,61.00
4751944,18.60,39.37,7388.80,61.00
4754944,18.60,39.35,6034.48,60.00
4757944,18.60,39.38,6394.21,60.00
4760944,18.60,39.38,5874.56,60.00
4763944,18.60,39.37,5674.15,58.00
4766944,18.60,39.38,5499.37,58.00
4769944,18.59,39.38,6036.89,57.00
4772944,18.59,39.38,6001.74,57.00
4775944,18.59,39.38,6507.17,55.00
4778944,18.59,39.38,6076.87,54.00
4781944,18.58,39.38,6038.05,32.00
4784944,18.59,39.38,6293.16,54.00
4787944,18.59,39.39,5769.67,52.00
4790944,18.59,39.40,6247.93,52.00
4793944,18.59,39.38,6197.83,51.00
4796944,18.59,39.39,6561.11,52.00
4799944,18.59,39.39,5784.29,51.00
4802944,18.59,39.38,5737.29,50.00
4805944,18.59,39.40,6583.19,51.00
4808944,18.59,39.38,5652.31,49.00
4811944,18.59,39.38,5727.50,26.00
4814944,18.59,39.38,5769.12,50.00
4817944,18.59,39.39,5767.24,48.00
4820944,18.59,39.39,11641.35,47.00
4823944,18.59,39.40,6230.19,47.00
4826944,18.58,39.42,6129.05,46.00
4829944,18.58,39.42,6258.53,45.00
4832944,18.58,39.42,5658.58,45.00
4835944,18.58,39.39,6985.48,44.00
4838944,18.58,39.40,8079.04,43.00
4841944,18.58,39.40,8154.38,42.00
4844944,18.58,39.42,6565.85,47.00
4847944,18.58,39.42,6248.93,41.00
4850944,18.57,39.42,6453.12,40.00
4853944,18.58,39.42,5264.01,41.00
4856944,18.57,39.42,4925.20,40.00
4859944,18.58,39.41,7118.70,39.00
4862944,18.58,39.42,6081.12,38.00
4865944,18.57,39.45,6340.52,38.00
4868944,18.58,39.45,5693.13,40.00
4871944,18.58,39.44,5562.33,38.00
4874944,18.58,39.44,6344.11,37.00
4877944,18.58,39.44,6075.16,37.00
4880944,18.58,39.44,6110.75,36.00
4883944,18.58,39.42,5910.03,38.00
4886944,18.58,39.42,5320.44,39.00
4889944,18.58,39.42,5526.77,38.00
4892944,18.58,39.42,6084.77,35.00
4895944,18.58,39.42,5153.31,34.00
4898944,18.58,39.42,6213.84,38.00
4901944,18.58,39.42,5953.84,38.00
4904944,18.58,39.42,5215.91,16.00
4907944,18.58,39.44,5831.69,35.00
4910944,18.58,39.44,6036.22,34.00
4913944,18.58,39.45,6263.94,34.00
4916944,18.58,39.44,6155.54,35.00
4919944,18.58,39.44,5598.37,35.00
4922944,18.58,39.45,5722.37,35.00
4925944,18.58,39.45,5454.45,35.00
4928944,18.58,39.44,5715.94,36.00
4931944,18.59,39.42,5536.20,35.00
4934944,18.58,39.44,6142.84,35.00
4937944,18.58,39.44,5593.62,41.00
4940944,18.58,39.44,6116.06,33.00
4943944,18.58,39.45,5493.15,34.00
4946944,18.59,39.44,5882.43,36.00
4949944,18.59,39.44,5297.01,32.00
4952944,18.58,39.46,5687.62,34.00
4955944,18.58,39.45,6293.72,35.00
4958944,18.58,39.44,5603.25,35.00
4961944,18.58,39.45,5469.19,39.00
4964944,18.58,39.45,6512.42,33.00
4967944,18.58,39.45,5785.92,34.00
4970944,18.58,39.45,5681.33,33.00
4973944,18.58,39.44,6709.11,34.00
4976944,18.57,39.46,6404.57,34.00
4979944,18.57,39.45,6493.88,32.00
4982944,18.58,39.45,7705.85,36.00
4985944,18.57,39.45,6724.68,51.00
4988944,18.57,39.45,6194.16,33.00
4991944,18.57,39.46,6262.22,33.00
4994944,18.57,39.45,5859.64,33.00
4997944,18.57,39.45,5419.87,33.00
5000944,18.57,39.46,5596.06,43.00
5003944,18.57,39.45,5802.47,34.00
5006944,18.57,39.46,5979.64,33.00
5009944,18.57,39.46,5338.01,41.00
5012944,18.56,39.46,6692.57,35.00
5015944,18.57,39.46,5377.91,35.00
5018944,18.56,39.47,5612.52,38.00
5021944,18.56,39.49,6256.24,37.00
5024944,18.56,39.48,5779.62,35.00
5027944,18.56,39.48,6295.02,36.00
5030944,18.56,39.48,5430.20,36.00
5033944,18.57,39.47,6138.86,38.00
5036944,18.57,39.46,6430.37,36.00
5039944,18.56,39.48,5204.38,37.00
5042944,18.56,39.46,5503.20,37.00
5045944,18.56,39.47,5089.84,37.00
5048944,18.57,39.47,5699.75,38.00
5051944,18.56,39.48,5394.72,32.00
5054944,18.57,39.47,5657.75,37.00
5057944,18.56,39.47,5807.50,37.00
5060944,18.57,39.47,5591.34,36.00
5063944,18.56,39.47,5994.56,37.00
5066944,18.56,39.48,6493.67,44.00
5069944,18.56,39.47,5535.38,39.00
5072944,18.56,39.48,5314.53,38.00
5075944,18.55,39.47,5697.21,46.00
5078944,18.56,39.48,5782.92,35.00
5081944,18.56,39.47,5539.42,36.00
5084944,18.56,39.48,5830.23,37.00
5087944,18.56,39.48,5824.23,37.00
5090944,18.55,39.49,5538.12,32.00
5093944,18.55,39.49,6396.37,37.00
5096944,18.55,39.49,6077.43,39.00
5099944,18.55,39.51,6062.93,37.00
5102944,18.55,39.51,6097.92,37.00
5105944,18.55,39.51,6166.97,39.00
5108944,18.55,39.53,6311.92,20.00
5111944,18.55,39.53,5596.52,39.00
5114944,18.54,39.53,6471.21,30.00
5117944,18.54,39.53,5249.51,38.00
5120944,18.55,39.54,5247.12,39.00
5123944,18.54,39.53,6526.32,38.00
5126944,18.54,39.53,5721.26,39.00
5129944,18.54,39.53,5270.15,40.00
5132944,18.54,39.54,6034.85,35.00
5135944,18.54,39.54,5920.13,40.00
5138944,18.53,39.54,5458.12,41.00
5141944,18.53,39.55,6478.40,41.00
5144944,18.53,39.55,6523.81,43.00
5147944,18.54,39.54,5518.88,41.00
5150944,18.54,39.56,6405.57,41.00
5153944,18.54,39.56,6075.02,41.00
5156944,18.53,39.56,5857.92,44.00
5159944,18.54,39.58,5381.08,41.00
5162944,18.54,39.56,5655.84,44.00
5165944,18.53,39.58,5373.97,43.00
5168944,18.54,39.58,5744.22,43.00
5171944,18.54,39.56,5579.72,43.00
5174944,18.53,39.56,5688.15,43.00
5177944,18.54,39.56,5070.14,44.00
5180944,18.54,39.58,5148.71,44.00
5183944,18.53,39.58,5731.28,43.00
5186944,18.53,39.58,5318.89,43.00
5189944,18.53,39.58,6047.08,43.00
5192944,18.53,39.58,5671.64,43.00
5195944,18.53,39.58,5802.61,24.00
5198944,18.53,39.58,5656.05,48.00
5201944,18.53,39.59,5242.00,43.00
5204944,18.52,39.58,5506.45,42.00
5207944,18.53,39.59,5545.68,42.00
5210944,18.53,39.59,6007.06,41.00
5213944,18.52,39.59,6444.76,41.00
5216944,18.53,39.58,6589.23,41.00
5219944,18.53,39.56,6172.18,39.00
5222944,18.53,39.56,6114.48,45.00
5225944,18.53,39.56,5770.15,41.00
5228944,18.54,39.56,6691.06,40.00
5231944,18.53,39.56,6475.05,45.00
5234944,18.54,39.56,8116.35,41.00
5237944,18.54,39.56,9790.39,43.00
5240944,18.54,39.56,6675.31,40.00
5243944,18.54,39.56,5646.66,39.00
5246944,18.54,39.56,7452.71,39.00
5249944,18.54,39.58,5260.83,42.00
5252944,18.53,39.56,5872.53,41.00
5255944,18.53,39.55,6268.39,40.00
5258944,18.53,39.56,6521.35,40.00
5261944,18.52,39.56,7043.10,41.00
5264944,18.53,39.56,5651.82,30.00
5267944,18.53,39.56,7394.29,31.00
5270944,18.54,39.56,6989.52,17.00
5273944,18.53,39.55,6910.01,39.00
5276944,18.53,39.58,7170.49,39.00
5279944,18.53,39.55,6983.72,37.00
5282944,18.53,39.55,6126.79,41.00
5285944,18.53,39.56,6286.71,39.00
5288944,18.53,39.58,5904.24,40.00
5291944,18.53,39.58,6623.32,44.00
5294944,18.53,39.58,6049.43,35.00
5297944,18.53,39.59,7398.66,40.00
5300944,18.53,39.58,6491.40,41.00
5303944,18.53,39.58,6346.47,39.00
5306944,18.53,39.59,5570.36,47.00
5309944,18.53,39.59,5881.47,38.00
5312944,18.53,39.59,5521.42,39.00
5315944,18.52,39.58,6016.23,41.00
5318944,18.53,39.59,6626.90,41.00
5321944,18.52,39.58,5407.10,41.00
5324944,18.52,39.58,5853.45,43.00
5327944,18.52,39.59,6999.43,42.00
5330944,18.52,39.59,6762.09,41.00
5333944,18.52,39.59,20581.82,41.00
5336944,18.53,39.58,6411.14,40.00
5339944,18.53,39.60,6209.58,46.00
5342944,18.52,39.59,5483.12,63.00
5345944,18.52,39.60,5527.65,35.00
5348944,18.52,39.60,6083.20,42.00
5351944,18.52,39.59,5762.24,41.00
5354944,18.52,39.59,5928.50,44.00
5357944,18.52,39.59,6203.26,41.00
5360944,18.52,39.59,6640.12,42.00
5363944,18.52,39.60,5901.10,41.00
5366944,18.52,39.60,6156.03,48.00
5369944,18.51,39.60,5435.82,51.00
5372944,18.51,39.61,5941.73,41.00
5375944,18.51,39.61,6119.12,42.00
5378944,18.51,39.62,5748.40,42.00
5381944,18.52,39.62,6267.96,47.00
5384944,18.51,39.62,5908.87,41.00
5387944,18.51,39.61,6019.92,40.00
5390944,18.51,39.61,5977.63,41.00
5393944,18.50,39.61,5860.84,40.00
5396944,18.51,39.61,6228.75,41.00
5399944,18.51,39.61,5419.82,44.00
5402944,18.50,39.62,5454.83,40.00
5405944,18.50,39.62,5739.73,41.00
5408944,18.50,39.62,5875.89,38.00
5411944,18.50,39.63,5175.76,39.00
5414944,18.50,39.61,5844.64,37.00
5417944,18.50,39.63,5342.95,39.00
5420944,18.50,39.63,5475.56,37.00
5423944,18.50,39.62,5836.07,39.00
5426944,18.50,39.62,5110.77,38.00
5429944,18.50,39.62,5296.60,45.00
5432944,18.50,39.63,5423.39,37.00
5435944,18.50,39.63,5297.83,38.00
5438944,18.50,39.62,5507.00,38.00
5441944,18.51,39.61,5087.05,37.00
5444944,18.51,39.61,5337.14,37.00
5447944,18.51,39.60,5563.61,38.00
5450944,18.51,39.61,6065.53,36.00
5453944,18.51,39.61,5898.06,37.00
5456944,18.51,39.61,5594.29,36.00
5459944,18.51,39.62,5111.95,36.00
5462944,18.51,39.62,6497.29,36.00
5465944,18.51,39.61,5532.65,35.00
5468944,18.51,39.62,5621.90,36.00
5471944,18.51,39.61,6389.74,35.00
5474944,18.51,39.62,7047.45,36.00
5477944,18.50,39.61,6311.48,43.00
5480944,18.50,39.62,5849.83,35.00
5483944,18.51,39.62,5424.07,35.00
5486944,18.50,39.62,5901.23,32.00
5489944,18.51,39.63,5988.53,33.00
5492944,18.50,39.63,5209.13,35.00
5495944,18.50,39.65,5726.50,37.00
5498944,18.50,39.65,6602.33,33.00
5501944,18.50,39.65,5935.70,34.00
5504944,18.50,39.63,5802.32,42.00
5507944,18.50,39.65,6252.77,33.00
5510944,18.50,39.63,5708.72,38.00
5513944,18.49,39.65,6019.43,34.00
5516944,18.50,39.65,5583.38,33.00
5519944,18.50,39.65,6073.49,36.00
5522944,18.49,39.65,5867.61,13.00
5525944,18.49,39.65,5333.01,34.00
5528944,18.49,39.63,5751.58,39.00
5531944,18.49,39.65,5642.12,31.00
5534944,18.49,39.65,5544.60,35.00
5537944,18.50,39.65,5705.27,38.00
5540944,18.50,39.63,5636.63,38.00
5543944,18.50,39.63,5381.33,36.00
5546944,18.49,39.63,5977.85,37.00
5549944,18.49,39.65,5716.21,38.00
5552944,18.50,39.65,6171.34,38.00
5555944,18.50,39.66,6340.46,38.00
5558944,18.50,39.65,5912.41,44.00
5561944,18.50,39.65,5241.70,39.00
5564944,18.50,39.65,5967.82,40.00
5567944,18.50,39.65,5553.55,40.00
5570944,18.50,39.65,5583.52,38.00
5573944,18.50,39.66,5006.99,39.00
5576944,18.50,39.63,5353.33,39.00
5579944,18.50,39.65,5105.70,40.00
5582944,18.50,39.65,5201.25,41.00
5585944,18.50,39.65,5843.80,38.00
5588944,18.50,39.65,5532.96,39.00
5591944,18.50,39.65,5549.59,44.00
5594944,18.49,39.65,5735.76,38.00
5597944,18.50,39.67,5561.93,37.00
5600944,18.49,39.66,6111.99,37.00
5603944,18.49,39.66,5295.42,40.00
5606944,18.49,39.66,6318.79,17.00
5609944,18.49,39.66,5071.22,34.00
5612944,18.49,39.66,6133.95,35.00
5615944,18.49,39.66,5331.67,35.00
5618944,18.49,39.67,4774.38,39.00
5621944,18.48,39.67,6122.73,31.00
5624944,18.49,39.66,4970.22,40.00
5627944,18.48,39.66,5235.38,35.00
5630944,18.49,39.65,5390.22,35.00
5633944,18.49,39.67,5509.16,32.00
5636944,18.48,39.67,5320.15,33.00
5639944,18.48,39.67,5530.89,33.00
5642944,18.48,39.67,6725.17,31.00
5645944,18.48,39.68,6090.37,31.00
5648944,18.48,39.67,5879.40,32.00
5651944,18.48,39.68,5464.21,55.00
5654944,18.48,39.68,6808.72,31.00
5657944,18.48,39.68,6090.56,30.00
5660944,18.48,39.69,5446.95,31.00
5663944,18.47,39.70,4907.41,29.00
5666944,18.48,39.70,5542.72,30.00
5669944,18.48,39.70,5415.12,30.00
5672944,18.48,39.69,5189.71,29.00
5675944,18.48,39.69,6787.24,29.00
5678944,18.48,39.71,7145.54,28.00
5681944,18.48,39.71,5930.08,30.00
5684944,18.49,39.69,5846.42,20.00
5687944,18.48,39.68,5543.69,32.00
5690944,18.48,39.70,5245.94,29.00
5693944,18.48,39.68,5736.58,6.00
5696944,18.48,39.68,7093.53,28.00
5699944,18.48,39.68,6707.09,27.00
5702944,18.48,39.70,5480.96,28.00
5705944,18.48,39.69,5047.99,30.00
5708944,18.47,39.70,5944.28,28.00
5711944,18.48,39.69,6067.74,29.00
5714944,18.48,39.72,7109.74,28.00
5717944,18.48,39.70,6101.95,25.00
5720944,18.48,39.69,5212.08,28.00
5723944,18.48,39.68,5217.25,29.00
5726944,18.48,39.68,5567.71,25.00
5729944,18.48,39.69,5332.39,30.00
5732944,18.48,39.68,6282.32,8.00
5735944,18.48,39.69,5622.01,27.00
5738944,18.48,39.68,5787.42,27.00
5741944,18.48,39.69,5328.80,17.00
5744944,18.48,39.71,5457.54,28.00
5747944,18.48,39.71,5913.58,29.00
5750944,18.48,39.72,6176.55,28.00
5753944,18.48,39.71,5666.90,29.00
5756944,18.48,39.70,6031.64,28.00
5759944,18.48,39.72,5438.60,28.00
5762944,18.48,39.72,6831.15,27.00
5765944,18.48,39.70,5504.08,28.00
5768944,18.48,39.69,5198.08,29.00
5771944,18.48,39.69,5435.04,27.00
5774944,18.48,39.69,5147.44,28.00
5777944,18.48,39.72,5547.01,27.00
5780944,18.48,39.72,6292.02,27.00
5783944,18.48,39.70,5558.23,30.00
5786944,18.47,39.70,5951.38,26.00
5789944,18.48,39.72,5647.44,19.00
5792944,18.47,39.72,6157.88,28.00
5795944,18.47,39.72,5580.42,27.00
5798944,18.48,39.73,5309.89,26.00
5801944,18.47,39.73,5809.01,35.00
5804944,18.48,39.72,5754.48,28.00
5807944,18.48,39.72,5336.10,28.00
5810944,18.48,39.72,5842.46,28.00
5813944,18.47,39.73,5226.83,30.00
5816944,18.47,39.73,5605.73,28.00
5819944,18.47,39.73,4658.77,24.00
5822944,18.47,39.73,5195.63,27.00
5825944,18.47,39.73,5237.69,28.00
5828944,18.47,39.73,5107.97,29.00
5831944,18.47,39.73,5499.93,33.00
5834944,18.47,39.73,5384.72,30.00
5837944,18.47,39.72,6404.91,31.00
5840944,18.47,39.72,6603.35,25.00
5843944,18.47,39.73,4948.92,28.00
5846944,18.47,39.73,5658.18,27.00
5849944,18.47,39.73,5647.94,28.00
5852944,18.47,39.73,5399.13,28.00
5855944,18.46,39.73,5145.54,35.00
5858944,18.46,39.74,5649.60,26.00
5861944,18.47,39.73,5594.96,28.00
5864944,18.46,39.73,6044.07,29.00
5867944,18.46,39.75,5323.13,28.00
5870944,18.46,39.74,6469.15,25.00
5873944,18.46,39.73,5578.52,35.00
5876944,18.46,39.73,6088.30,26.00
5879944,18.46,39.73,5667.58,29.00
5882944,18.46,39.71,5609.93,25.00
5885944,18.46,39.73,5324.11,26.00
5888944,18.46,39.75,5877.52,26.00
5891944,18.46,39.75,5993.92,31.00
5894944,18.46,39.75,5707.26,27.00
5897944,18.46,39.75,5763.07,27.00
5900944,18.46,39.75,6214.37,26.00
5903944,18.45,39.74,6451.06,25.00
5906944,18.46,39.75,5700.12,29.00
5909944,18.46,39.74,5607.50,23.00
5912944,18.45,39.75,6074.84,24.00
5915944,18.45,39.75,5036.75,26.00
5918944,18.45,39.75,4872.26,24.00
5921944,18.46,39.74,5657.90,22.00
5924944,18.46,39.75,5863.09,13.00
5927944,18.45,39.76,6126.27,20.00
5930944,18.45,39.75,6445.94,22.00
5933944,18.45,39.75,5696.76,2.00
5936944,18.45,39.76,6096.18,25.00
5939944,18.45,39.76,5840.45,20.00
5942944,18.45,39.76,5878.08,22.00
5945944,18.45,39.77,4906.74,21.00
5948944,18.45,39.77,5757.50,21.00
5951944,18.45,39.77,4899.08,17.00
5954944,18.45,39.77,5819.53,2.00
5957944,18.44,39.77,6334.13,22.00
5960944,18.44,39.77,5308.94,18.00
5963944,18.45,39.79,5929.37,0.00
5966944,18.45,39.79,6039.71,44.00
5969944,18.45,39.80,5878.86,22.00
5972944,18.45,39.79,5651.79,20.00
5975944,18.45,39.79,5993.72,20.00
5978944,18.45,39.79,7421.31,0.00
5981944,18.44,39.79,5311.82,21.00
5984944,18.44,39.77,6167.51,20.00
5987944,18.44,39.77,6482.57,19.00
5990944,18.44,39.79,5746.82,20.00
5993944,18.45,39.77,6713.95,25.00
5996944,18.44,39.77,6044.83,18.00
5999944,18.44,39.79,6056.97,18.00
6002944,18.44,39.80,6202.52,18.00
6005944,18.44,39.79,5500.72,20.00
6008944,18.44,39.79,5585.71,21.00
6011944,18.44,39.79,5770.44,20.00
6014944,18.44,39.79,5605.51,21.00
6017944,18.44,39.79,5198.43,0.00
6020944,18.44,39.77,5202.15,18.00
6023944,18.43,39.79,4949.44,17.00
6026944,18.43,39.79,5096.43,0.00
6029944,18.44,39.80,5553.70,11.00
6032944,18.44,39.79,5465.19,23.00
6035944,18.43,39.79,5233.95,23.00
6038944,18.43,39.80,5483.28,23.00
6041944,18.43,39.81,6095.74,16.00
6044944,18.43,39.80,6024.95,14.00
6047944,18.43,39.80,5705.30,20.00
6050944,18.43,39.80,5309.64,17.00
6053944,18.43,39.80,5579.22,42.00
6056944,18.43,39.80,6544.54,41.00
6059944,18.43,39.80,5890.65,25.00
6062944,18.43,39.79,5882.20,16.00
6065944,18.43,39.80,5812.02,18.00
6068944,18.43,39.81,6131.13,26.00
6071944,18.42,39.80,5140.62,19.00
6074944,18.43,39.81,6651.35,10.00
6077944,18.43,39.81,5205.43,19.00
6080944,18.43,39.81,5401.92,36.00
6083944,18.43,39.80,5537.47,17.00
6086944,18.43,39.82,5902.12,16.00
6089944,18.43,39.81,5583.70,19.00
6092944,18.43,39.80,5358.27,17.00
6095944,18.43,39.81,6306.98,18.00
6098944,18.42,39.82,5394.28,17.00
6101944,18.42,39.82,6561.01,16.00
6104944,18.42,39.82,5183.27,15.00
6107944,18.42,39.82,5391.45,21.00
6110944,18.42,39.84,6435.10,15.00
6113944,18.42,39.83,5724.59,16.00
6116944,18.43,39.84,5940.65,15.00
6119944,18.42,39.83,5631.00,21.00
6122944,18.42,39.83,5961.75,19.00
6125944,18.43,39.83,6532.01,20.00
6128944,18.43,39.84,5915.35,17.00
6131944,18.43,39.83,6307.37,20.00
6134944,18.43,39.83,5749.25,16.00
6137944,18.43,39.83,5111.20,20.00
6140944,18.43,39.83,5651.96,11.00
6143944,18.43,39.82,6046.99,13.00
6146944,18.43,39.82,5587.30,14.00
6149944,18.43,39.83,5109.91,17.00
6152944,18.43,39.82,5871.72,17.00
6155944,18.43,39.82,5562.08,20.00
6158944,18.43,39.82,5414.54,15.00
6161944,18.43,39.83,6188.82,12.00
6164944,18.44,39.81,6535.47,16.00
6167944,18.43,39.81,6265.19,20.00
6170944,18.43,39.81,5947.44,36.00
6173944,18.44,39.80,6053.33,13.00
6176944,18.43,39.80,6286.00,14.00
6179944,18.43,39.81,5967.75,14.00
6182944,18.44,39.79,6609.85,7.00
6185944,18.44,39.80,6191.22,15.00
6188944,18.44,39.82,6789.29,18.00
6191944,18.43,39.82,6586.19,0.00
6194944,18.43,39.82,6609.44,10.00
6197944,18.43,39.81,5800.27,17.00
6200944,18.42,39.81,6057.98,8.00
6203944,18.42,39.81,5619.84,16.00
6206944,18.42,39.81,5607.84,20.00
6209944,18.43,39.81,5146.71,32.00
6212944,18.42,39.82,5797.44,14.00
6215944,18.42,39.82,5453.42,13.00
6218944,18.42,39.81,5469.37,15.00
6221944,18.42,39.81,5549.59,13.00
6224944,18.42,39.81,28841.33,12.00
6227944,18.41,39.82,7173.52,13.00
6230944,18.42,39.83,5970.20,14.00
6233944,18.40,39.83,6021.32,13.00
6236944,18.41,39.83,5948.96,17.00
6239944,18.41,39.83,6430.80,13.00
6242944,18.41,39.83,5484.41,13.00
6245944,18.41,39.84,6914.61,17.00
6248944,18.41,39.84,6328.87,18.00
6251944,18.41,39.84,6517.82,10.00
6254944,18.41,39.83,6512.34,15.00
6257944,18.41,39.83,5908.77,13.00
6260944,18.40,39.83,5556.14,0.00
6263944,18.41,39.83,6054.70,12.00
6266944,18.41,39.84,5863.34,15.00
6269944,18.41,39.84,5331.60,13.00
6272944,18.40,39.84,6078.14,13.00
6275944,18.41,39.83,5775.88,18.00
6278944,18.41,39.83,5176.03,17.00
6281944,18.41,39.83,4896.46,16.00
6284944,18.41,39.83,6131.87,16.00
6287944,18.41,39.83,4819.08,15.00
6290944,18.41,39.83,6023.47,17.00
6293944,18.41,39.83,6129.55,14.00
6296944,18.41,39.82,6366.77,13.00
6299944,18.41,39.83,5419.11,17.00
6302944,18.41,39.83,5412.36,11.00
6305944,18.41,39.82,5697.20,16.00
6308944,18.42,39.82,5486.30,12.00
6311944,18.42,39.81,5317.69,13.00
6314944,18.42,39.81,6343.54,12.00
6317944,18.42,39.82,6732.92,15.00
6320944,18.41,39.82,6121.36,15.00
6323944,18.42,39.82,5531.56,23.00
6326944,18.42,39.83,5327.94,21.00
6329944,18.42,39.82,5047.13,19.00
6332944,18.42,39.82,6176.53,19.00
6335944,18.42,39.82,6340.89,20.00
6338944,18.42,39.82,5473.96,9.00
6341944,18.42,39.82,5275.98,17.00
6344944,18.43,39.82,5739.98,18.00
6347944,18.43,39.82,5674.68,19.00
6350944,18.42,39.82,5907.69,19.00
6353944,18.42,39.82,5044.59,18.00
6356944,18.42,39.82,5456.92,15.00
6359944,18.41,39.83,5447.20,20.00
6362944,18.41,39.83,5043.53,16.00
6365944,18.41,39.83,5196.10,19.00
6368944,18.41,39.82,4946.17,18.00
6371944,18.42,39.82,5188.44,14.00
6374944,18.41,39.82,5790.23,16.00
6377944,18.41,39.82,5258.82,17.00
6380944,18.41,39.83,6162.69,16.00
6383944,18.40,39.84,5991.10,15.00
6386944,18.40,39.84,5461.89,10.00
6389944,18.41,39.83,5754.41,14.00
6392944,18.41,39.83,5964.02,19.00
6395944,18.41,39.84,6452.68,14.00
6398944,18.41,39.84,7318.01,16.00
6401944,18.41,39.84,5328.38,17.00
6404944,18.41,39.84,5340.28,17.00
6407944,18.41,39.84,5530.65,16.00
6410944,18.41,39.84,6046.78,14.00
6413944,18.40,39.87,5769.73,17.00
6416944,18.40,39.84,5548.43,14.00
6419944,18.40,39.83,5509.60,11.00
6422944,18.40,39.84,5717.41,17.00
6425944,18.41,39.84,5431.91,15.00
6428944,18.40,39.85,7322.03,15.00
6431944,18.41,39.84,5534.73,17.00
6434944,18.40,39.84,5625.60,18.00
6437944,18.40,39.83,5746.33,14.00
6440944,18.40,39.84,5938.66,14.00
6443944,18.40,39.84,6252.90,20.00
6446944,18.40,39.84,6193.78,13.00
6449944,18.40,39.84,5569.29,17.00
6452944,18.40,39.84,5476.15,13.00
6455944,18.41,39.84,5651.88,14.00
6458944,18.41,39.83,5811.90,15.00
6461944,18.41,39.84,5724.20,20.00
6464944,18.41,39.84,5550.91,17.00
6467944,18.41,39.84,6708.44,18.00
6470944,18.41,39.84,6191.50,17.00
6473944,18.41,39.83,5707.50,14.00
6476944,18.41,39.83,5421.51,12.00
6479944,18.42,39.83,5197.02,39.00
6482944,18.42,39.84,6345.07,15.00
6485944,18.41,39.82,6267.60,17.00
6488944,18.41,39.83,5927.80,15.00
6491944,18.41,39.83,6198.49,26.00
6494944,18.42,39.83,5757.73,17.00
6497944,18.41,39.83,6329.12,15.00
6500944,18.41,39.84,5399.00,23.00
6503944,18.41,39.83,6367.36,22.00
6506944,18.42,39.83,5893.76,19.00
6509944,18.41,39.83,5581.89,18.00
6512944,18.41,39.83,6175.69,19.00
6515944,18.41,39.83,5732.88,19.00
6518944,18.41,39.83,6213.17,19.00
6521944,18.40,39.84,6226.72,15.00
6524944,18.40,39.83,5873.15,21.00
6527944,18.40,39.84,5945.80,0.00
6530944,18.40,39.84,5654.78,15.00
6533944,18.40,39.83,6008.44,14.00
6536944,18.40,39.84,5799.99,16.00
6539944,18.40,39.85,5999.59,17.00
6542944,18.40,39.85,5269.92,19.00
6545944,18.40,39.87,5823.15,8.00
6548944,18.39,39.87,6648.21,11.00
6551944,18.40,39.87,6262.09,20.00
6554944,18.39,39.88,6267.83,0.00
6557944,18.39,39.87,6594.27,19.00
6560944,18.39,39.87,6724.46,6.00
6563944,18.39,39.85,6082.03,14.00
6566944,18.39,39.87,5832.56,19.00
6569944,18.39,39.87,5639.45,34.00
6572944,18.39,39.87,6523.70,16.00
6575944,18.39,39.87,7460.95,5.00
6578944,18.39,39.87,7456.26,17.00
6581944,18.39,39.87,7664.28,14.00
6584944,18.39,39.86,6402.28,17.00
6587944,18.39,39.88,8293.05,19.00
6590944,18.39,39.87,6527.91,17.00
6593944,18.39,39.88,6107.01,10.00
6596944,18.39,39.88,5556.77,15.00
6599944,18.39,39.88,5970.94,14.00
6602944,18.39,39.86,5390.03,21.00
6605944,18.39,39.85,5193.88,13.00
6608944,18.39,39.86,5860.04,13.00
6611944,18.38,39.88,5688.68,18.00
6614944,18.39,39.89,5599.25,15.00
6617944,18.39,39.88,5933.24,14.00
6620944,18.38,39.89,5630.95,16.00
6623944,18.38,39.88,6062.71,20.00
6626944,18.38,39.89,6842.41,14.00
6629944,18.38,39.89,6143.16,16.00
6632944,18.37,39.89,6127.68,19.00
6635944,18.38,39.89,7215.33,15.00
6638944,18.38,39.89,6708.87,19.00
6641944,18.38,39.89,6992.18,35.00
6644944,18.38,39.89,6009.37,16.00
6647944,18.38,39.89,6011.30,8.00
6650944,18.38,39.89,5301.15,20.00
6653944,18.38,39.89,5297.67,19.00
6656944,18.37,39.90,6038.74,18.00
6659944,18.37,39.90,4804.37,10.00
6662944,18.37,39.90,5566.30,15.00
6665944,18.37,39.89,5629.50,19.00
6668944,18.38,39.89,5626.03,24.00
6671944,18.38,39.89,5161.28,21.00
6674944,18.38,39.89,5514.86,18.00
6677944,18.38,39.89,5592.84,19.00
6680944,18.38,39.88,4897.48,20.00
6683944,18.38,39.89,5568.32,19.00
6686944,18.38,39.89,5037.54,15.00
6689944,18.38,39.90,5627.57,15.00
6692944,18.37,39.90,5576.49,17.00
6695944,18.37,39.91,5995.70,17.00
6698944,18.37,39.91,5959.11,15.00
6701944,18.37,39.91,6479.09,17.00
6704944,18.38,39.91,5934.60,17.00
6707944,18.38,39.91,6001.40,33.00
6710944,18.38,39.90,5111.44,17.00
6713944,18.38,39.90,10821.93,13.00
6716944,18.38,39.90,5239.87,14.00
6719944,18.38,39.89,6032.84,13.00
6722944,18.37,39.88,6139.04,18.00
6725944,18.37,39.90,6623.14,11.00
6728944,18.38,39.90,6922.41,12.00
6731944,18.37,39.90,19458.09,17.00
6734944,18.38,39.90,5458.98,18.00
6737944,18.38,39.89,5721.49,7.00
6740944,18.38,39.90,9925.26,25.00
6743944,18.38,39.92,5492.36,16.00
6746944,18.37,39.90,5360.92,13.00
6749944,18.37,39.91,5344.10,18.00
6752944,18.37,39.91,5166.62,17.00
6755944,18.37,39.91,5774.77,19.00
6758944,18.37,39.92,6731.14,0.00
6761944,18.37,39.94,5418.59,15.00
6764944,18.37,39.94,5133.38,21.00
6767944,18.36,39.93,5650.60,14.00
6770944,18.36,39.94,5935.04,19.00
6773944,18.37,39.95,5481.04,18.00
6776944,18.37,39.94,5604.55,16.00
6779944,18.36,39.95,6241.70,24.00
6782944,18.36,39.95,5776.30,20.00
6785944,18.36,39.96,5456.22,19.00
6788944,18.36,39.96,6320.50,7.00
6791944,18.36,39.96,5193.29,22.00
6794944,18.36,39.95,5457.54,18.00
6797944,18.37,39.96,6183.62,16.00
6800944,18.36,39.95,5712.95,17.00
6803944,18.37,39.96,5338.08,0.00
6806944,18.36,39.95,4965.84,15.00
6809944,18.36,39.95,5859.04,14.00
6812944,18.37,39.94,5347.44,17.00
6815944,18.36,39.94,5342.63,16.00
6818944,18.37,39.94,5531.72,15.00
6821944,18.37,39.94,6324.30,19.00
6824944,18.37,39.94,5274.26,10.00
6827944,18.37,39.92,5393.59,13.00
6830944,18.36,39.92,5480.93,17.00
6833944,18.36,39.92,5474.00,15.00
6836944,18.36,39.92,5997.64,14.00
6839944,18.36,39.94,5494.10,14.00
6842944,18.36,39.92,5304.28,16.00
6845944,18.36,39.92,5756.38,14.00
6848944,18.36,39.92,5264.01,14.00
6851944,18.36,39.92,5689.93,13.00
6854944,18.36,39.92,4999.38,14.00
6857944,18.36,39.91,5801.51,19.00
6860944,18.36,39.91,5469.40,18.00
6863944,18.37,39.92,6039.24,12.00
6866944,18.37,39.91,5076.96,17.00
6869944,18.37,39.91,5603.89,16.00
6872944,18.37,39.91,4966.33,14.00
6875944,18.36,39.90,5600.08,18.00
6878944,18.36,39.92,5735.22,17.00
6881944,18.36,39.92,5970.64,13.00
6884944,18.36,39.92,6039.73,13.00
6887944,18.36,39.92,6085.03,16.00
6890944,18.36,39.92,5413.36,13.00
6893944,18.36,39.92,6460.44,12.00
6896944,18.36,39.94,5515.61,11.00
6899944,18.36,39.94,6160.08,13.00
6902944,18.36,39.92,5021.66,11.00
6905944,18.36,39.92,7048.40,14.00
6908944,18.36,39.94,14054.04,13.00
6911944,18.36,39.93,5443.40,14.00
6914944,18.36,39.93,6274.84,16.00
6917944,18.36,39.93,5842.02,12.00
6920944,18.36,39.94,5935.65,15.00
6923944,18.37,39.94,5698.81,14.00
6926944,18.37,39.92,5243.38,16.00
6929944,18.37,39.94,6161.09,20.00
6932944,18.36,39.92,6275.80,13.00
6935944,18.36,39.92,5167.37,17.00
6938944,18.36,39.92,5438.51,26.00
6941944,18.36,39.92,6184.28,14.00
6944944,18.37,39.94,5813.56,16.00
6947944,18.36,39.92,6616.93,14.00
6950944,18.36,39.92,6043.39,14.00
6953944,18.36,39.92,5399.39,15.00
6956944,18.36,39.92,5440.13,38.00
6959944,18.36,39.92,5461.65,14.00
6962944,18.36,39.93,5324.48,17.00
6965944,18.36,39.92,5622.45,12.00
6968944,18.35,39.93,6272.24,19.00
6971944,18.36,39.93,5123.12,17.00
6974944,18.36,39.95,7822.49,24.00
6977944,18.36,39.95,5794.94,19.00
6980944,18.36,39.97,5251.83,26.00
6983944,18.36,39.95,5606.96,14.00
6986944,18.35,39.96,5199.30,14.00
6989944,18.35,39.96,6089.04,6.00
6992944,18.35,39.93,9275.92,14.00
6995944,18.35,39.93,6435.81,0.00
6998944,18.35,39.95,6093.73,16.00
7001944,18.35,39.96,6006.28,16.00
7004944,18.35,39.96,5852.94,15.00
7007944,18.35,39.96,5911.65,14.00
7010944,18.35,39.96,5952.25,17.00
7013944,18.35,39.95,5610.62,40.00
7016944,18.35,39.96,5839.95,16.00
7019944,18.35,39.95,6925.05,19.00
7022944,18.35,39.96,6885.85,13.00
7025944,18.35,39.96,6836.80,17.00
7028944,18.34,39.97,5441.43,18.00
7031944,18.34,39.97,5477.66,19.00
7034944,18.34,39.97,5484.19,20.00
7037944,18.34,39.98,6135.56,17.00
7040944,18.34,39.97,6162.00,0.00
7043944,18.34,39.96,5594.80,15.00
7046944,18.33,39.97,6354.74,15.00
7049944,18.34,39.97,5865.90,15.00
7052944,18.33,39.98,6185.73,22.00
7055944,18.33,39.97,6880.05,18.00
7058944,18.33,39.98,5204.91,18.00
7061944,18.33,39.98,5581.99,18.00
7064944,18.33,39.98,5622.47,18.00
7067944,18.33,39.98,5199.33,18.00
7070944,18.33,39.97,6145.72,17.00
7073944,18.33,39.97,6505.05,21.00
7076944,18.33,39.98,5481.67,14.00
7079944,18.33,39.97,5818.05,15.00
7082944,18.33,39.98,5886.80,14.00
7085944,18.34,39.98,5743.88,18.00
7088944,18.33,39.99,4861.46,14.00
7091944,18.33,39.99,5795.64,16.00
7094944,18.33,39.99,5636.21,8.00
7097944,18.33,39.98,7147.00,18.00
7100944,18.33,39.97,6738.37,16.00
7103944,18.33,39.97,7125.06,21.00
7106944,18.33,39.98,6561.85,19.00
7109944,18.33,39.98,5960.50,20.00
7112944,18.33,39.99,6208.18,23.00
7115944,18.33,39.98,5613.81,16.00
7118944,18.33,39.98,5930.45,34.00
7121944,18.33,39.98,6424.38,17.00
7124944,18.32,39.99,5960.28,16.00
7127944,18.33,39.99,5568.00,16.00
7130944,18.33,39.99,5651.54,20.00
7133944,18.32,39.99,6331.09,17.00
7136944,18.33,40.02,6497.33,23.00
7139944,18.32,40.00,5748.81,19.00
7142944,18.32,40.00,5752.54,19.00
7145944,18.32,40.02,5893.39,0.00
7148944,18.33,40.00,6448.52,20.00
7151944,18.32,40.00,5392.44,18.00
7154944,18.32,40.00,5912.96,15.00
7157944,18.32,40.00,25799.15,16.00
7160944,18.33,40.02,5739.13,12.00
7163944,18.33,40.02,5773.08,20.00
7166944,18.32,40.02,5190.19,16.00
7169944,18.33,40.00,5993.15,19.00
7172944,18.33,40.02,5857.79,19.00
7175944,18.33,40.00,5585.49,23.00
7178944,18.33,40.00,5920.19,20.00
7181944,18.33,39.99,6162.55,16.00
7184944,18.33,40.01,5655.58,17.00
7187944,18.33,39.99,5551.30,19.00
7190944,18.33,39.98,5579.79,18.00
7193944,18.33,39.98,6423.96,18.00
7196944,18.33,39.99,6483.53,19.00
7199944,18.33,39.98,6075.01,17.00
7202944,18.32,39.99,6394.65,18.00
7205944,18.33,40.00,6082.40,17.00
7208944,18.33,39.99,5855.53,15.00
7211944,18.33,40.00,6898.93,17.00
7214944,18.32,40.00,5395.24,16.00
7217944,18.32,39.99,5325.46,15.00
7220944,18.32,40.00,5941.02,21.00
7223944,18.32,39.99,6588.38,17.00
7226944,18.32,40.02,6471.42,20.00
7229944,18.33,40.03,5965.22,17.00
7232944,18.32,40.00,5686.49,15.00
7235944,18.32,40.00,5401.30,16.00
7238944,18.33,40.00,6309.06,18.00
7241944,18.33,40.00,6271.23,20.00
7244944,18.33,40.00,5585.04,22.00
7247944,18.33,39.98,6093.58,20.00
7250944,18.33,39.99,6443.05,19.00
7253944,18.33,39.98,5928.51,22.00
7256944,18.33,39.99,6118.68,15.00
7259944,18.33,39.98,5608.69,24.00
7262944,18.33,39.98,6068.56,0.00
7265944,18.33,39.97,6024.54,18.00
7268944,18.33,39.98,5147.00,16.00
7271944,18.33,39.98,5530.85,17.00
7274944,18.33,39.99,5795.88,14.00
7277944,18.33,39.98,6176.46,20.00
7280944,18.33,39.97,5789.12,18.00
7283944,18.33,39.99,5829.11,14.00
7286944,18.33,39.98,5644.37,18.00
7289944,18.33,39.98,6012.66,19.00
7292944,18.33,39.99,7158.69,17.00
7295944,18.33,39.99,5732.54,20.00
7298944,18.33,40.00,5025.68,17.00
7301944,18.33,40.00,6450.79,23.00
7304944,18.33,40.00,5678.36,19.00
7307944,18.33,39.98,5457.17,21.00
7310944,18.33,40.00,5441.06,19.00
7313944,18.33,39.99,5154.86,22.00
7316944,18.33,39.99,5319.22,17.00
7319944,18.33,39.99,5371.07,18.00
7322944,18.33,39.97,5539.36,18.00
7325944,18.33,39.98,6153.64,19.00
7328944,18.34,39.97,4700.16,21.00
7331944,18.34,39.96,6093.74,25.00
7334944,18.34,39.96,5375.24,23.00
7337944,18.34,39.96,4563.65,19.00
7340944,18.34,39.97,5075.08,17.00
7343944,18.34,39.96,5089.99,18.00
7346944,18.34,39.95,5258.93,20.00
7349944,18.33,39.96,4813.95,21.00
7352944,18.33,39.97,5219.40,19.00
7355944,18.33,39.97,5418.76,19.00
7358944,18.33,39.96,5858.93,20.00
7361944,18.34,39.96,5975.41,20.00
7364944,18.33,39.97,5224.64,17.00
7367944,18.33,39.97,5776.40,21.00
7370944,18.34,39.97,5148.90,26.00
7373944,18.34,39.97,6390.16,26.00
7376944,18.33,39.97,5379.24,13.00
7379944,18.33,39.96,5594.71,20.00
7382944,18.33,39.98,5792.31,17.00
7385944,18.33,39.97,5243.77,18.00
7388944,18.33,39.98,5636.68,21.00
7391944,18.33,39.98,5979.71,27.00
7394944,18.33,39.99,5891.41,18.00
7397944,18.33,39.98,5469.55,18.00
7400944,18.33,39.98,6005.87,18.00
7403944,18.33,40.00,6432.80,19.00
7406944,18.33,40.00,6475.86,18.00
7409944,18.33,40.00,5865.04,16.00
7412944,18.33,40.00,5598.06,17.00
7415944,18.33,40.00,5663.76,18.00
7418944,18.33,39.99,5127.19,21.00
7421944,18.33,40.01,5184.75,17.00
7424944,18.33,39.99,5826.89,17.00
7427944,18.33,39.99,6231.92,16.00
7430944,18.33,39.99,5798.65,18.00
7433944,18.33,39.98,6975.82,20.00
7436944,18.33,40.00,6330.38,17.00
7439944,18.33,39.99,5964.12,14.00
7442944,18.33,39.99,6430.94,17.00
7445944,18.33,39.99,5650.27,7.00
7448944,18.32,39.99,5799.18,14.00
7451944,18.32,40.00,6140.02,11.00
7454944,18.32,40.00,7374.69,16.00
7457944,18.32,40.02,7626.97,13.00
7460944,18.32,40.02,5938.36,18.00
7463944,18.32,40.03,6271.06,12.00
7466944,18.32,40.02,7231.01,19.00
7469944,18.32,40.02,6012.57,12.00
7472944,18.31,40.02,6320.77,11.00
7475944,18.32,40.00,6326.81,13.00
7478944,18.32,40.02,6149.76,11.00
7481944,18.32,40.02,6979.49,14.00
7484944,18.32,40.00,5887.42,37.00
7487944,18.32,40.03,5562.16,11.00
7490944,18.32,40.03,5798.61,17.00
7493944,18.32,40.03,5996.42,11.00
7496944,18.32,40.02,6068.68,16.00
7499944,18.32,40.02,5621.51,20.00
7502944,18.32,40.02,5589.21,8.00
7505944,18.32,40.02,5809.66,14.00
7508944,18.32,40.02,6551.18,14.00
7511944,18.32,40.00,5905.98,10.00
7514944,18.32,40.02,6763.81,10.00
7517944,18.32,40.03,6139.03,14.00
7520944,18.32,40.02,6491.58,15.00
7523944,18.32,40.02,6679.27,19.00
7526944,18.32,40.02,6627.17,6.00
7529944,18.32,40.02,6473.06,10.00
7532944,18.31,40.02,7167.21,12.00
7535944,18.32,40.03,7980.61,11.00
7538944,18.31,40.03,8169.87,12.00
7541944,18.31,40.02,6719.66,13.00
7544944,18.31,40.03,5846.18,13.00
7547944,18.32,40.03,6971.70,10.00
7550944,18.32,40.02,6404.67,17.00
7553944,18.32,40.02,5452.78,22.00
7556944,18.32,40.03,5515.76,14.00
7559944,18.31,40.03,6227.23,21.00
7562944,18.32,40.03,5005.79,14.00
7565944,18.32,40.03,5295.30,12.00
7568944,18.32,40.04,5722.20,7.00
7571944,18.32,40.03,6562.66,13.00
7574944,18.31,40.04,6516.55,13.00
7577944,18.31,40.02,6233.06,13.00
7580944,18.31,40.03,6102.62,12.00
7583944,18.31,40.03,6075.86,13.00
7586944,18.31,40.03,6521.44,13.00
7589944,18.31,40.04,5230.70,13.00
7592944,18.31,40.03,5744.81,13.00
7595944,18.31,40.04,5837.99,15.00
7598944,18.30,40.03,6003.94,9.00
7601944,18.31,40.04,6191.48,14.00
7604944,18.30,40.04,6083.44,12.00
7607944,18.30,40.04,5403.94,14.00
7610944,18.31,40.04,5201.82,14.00
7613944,18.30,40.04,5328.24,11.00
7616944,18.30,40.05,5405.49,13.00
7619944,18.30,40.05,4684.17,14.00
7622944,18.30,40.04,5540.63,10.00
7625944,18.30,40.05,5909.77,17.00
7628944,18.31,40.05,5528.74,16.00
7631944,18.31,40.04,6285.40,14.00
7634944,18.31,40.04,5736.06,15.00
7637944,18.32,40.03,4988.87,0.00
7640944,18.31,40.03,5585.72,11.00
7643944,18.31,40.03,6505.85,10.00
7646944,18.31,40.03,6242.30,9.00
7649944,18.31,40.03,5425.38,14.00
7652944,18.31,40.03,5645.15,8.00
7655944,18.31,40.03,6068.53,11.00
7658944,18.31,40.04,5633.02,14.00
7661944,18.30,40.04,6208.06,15.00
7664944,18.30,40.04,5985.40,23.00
7667944,18.30,40.03,6089.39,6.00
7670944,18.31,40.04,6716.48,18.00
7673944,18.31,40.03,6963.45,13.00
7676944,18.30,40.03,6842.83,11.00
7679944,18.31,40.02,5837.67,12.00
7682944,18.31,40.04,6659.76,15.00
7685944,18.31,40.03,5999.64,36.00
7688944,18.31,40.04,5570.15,15.00
7691944,18.31,40.04,5879.30,15.00
7694944,18.30,40.04,4888.94,6.00
7697944,18.30,40.05,6317.36,11.00
7700944,18.30,40.05,5932.73,14.00
7703944,18.30,40.05,6102.63,23.00
7706944,18.30,40.04,6120.96,10.00
7709944,18.29,40.05,6560.59,15.00
7712944,18.29,40.05,6686.79,15.00
7715944,18.30,40.06,6143.00,17.00
7718944,18.29,40.05,6723.37,18.00
7721944,18.30,40.05,6180.25,10.00
7724944,18.29,40.06,6241.48,8.00
7727944,18.29,40.07,6498.27,15.00
7730944,18.29,40.07,6105.50,13.00
7733944,18.29,40.07,6085.43,18.00
7736944,18.29,40.07,6385.25,0.00
7739944,18.30,40.06,6280.46,13.00
7742944,18.29,40.06,6433.92,14.00
7745944,18.29,40.06,5471.67,16.00
7748944,18.29,40.06,5699.54,15.00
7751944,18.29,40.06,6041.29,12.00
7754944,18.29,40.06,6165.80,11.00
7757944,18.29,40.07,6482.22,14.00
7760944,18.29,40.07,6348.32,37.00
7763944,18.29,40.06,6644.01,15.00
7766944,18.29,40.06,5986.23,21.00
7769944,18.29,40.06,5478.01,12.00
7772944,18.29,40.06,5788.15,16.00
7775944,18.29,40.06,7369.72,16.00
7778944,18.29,40.06,6543.05,11.00
7781944,18.29,40.06,5454.91,10.00
7784944,18.29,40.06,5833.08,13.00
7787944,18.29,40.06,5454.25,20.00
7790944,18.29,40.06,5413.73,15.00
7793944,18.29,40.06,6070.91,13.00
7796944,18.29,40.06,6468.27,14.00
7799944,18.29,40.07,5052.19,18.00
7802944,18.29,40.07,5226.76,18.00
7805944,18.29,40.07,5722.54,11.00
7808944,18.29,40.07,5438.33,12.00
7811944,18.30,40.06,6011.70,12.00
7814944,18.30,40.06,6230.61,15.00
7817944,18.30,40.07,6418.70,15.00
7820944,18.29,40.06,6264.12,8.00
7823944,18.30,40.06,7043.68,18.00
7826944,18.30,40.05,7603.45,32.00
7829944,18.30,40.06,7519.82,13.00
7832944,18.30,40.06,5990.22,11.00
7835944,18.29,40.03,5550.01,17.00
7838944,18.30,40.04,5697.32,11.00
7841944,18.30,40.05,6172.96,15.00
7844944,18.29,40.04,6520.49,17.00
7847944,18.29,40.04,6614.83,10.00
7850944,18.29,40.04,6241.78,13.00
7853944,18.29,40.04,6276.20,22.00
7856944,18.30,40.04,6100.63,16.00
7859944,18.30,40.05,5328.32,17.00
7862944,18.30,40.05,6684.41,19.00
7865944,18.29,40.06,5698.71,13.00
7868944,18.30,40.06,5468.98,14.00
7871944,18.29,40.05,5933.97,11.00
7874944,18.29,40.05,6019.59,22.00
7877944,18.30,40.05,5453.23,17.00
7880944,18.30,40.05,5937.35,15.00
7883944,18.30,40.05,5360.42,13.00
7886944,18.30,40.05,6492.41,14.00
7889944,18.29,40.05,6521.16,14.00
7892944,18.30,40.05,5644.87,22.00
7895944,18.29,40.05,5577.52,10.00
7898944,18.30,40.05,5613.34,9.00
7901944,18.30,40.05,5239.35,15.00
7904944,18.30,40.05,5498.55,11.00
7907944,18.29,40.04,5579.51,10.00
7910944,18.30,40.06,6032.97,13.00
7913944,18.30,40.05,5545.43,12.00
7916944,18.30,40.05,6163.17,3.00
7919944,18.29,40.05,6045.96,13.00
7922944,18.30,40.05,5228.30,10.00
7925944,18.29,40.06,5008.22,12.00
7928944,18.29,40.05,5636.55,8.00
7931944,18.29,40.06,6184.74,13.00
7934944,18.29,40.07,5631.86,14.00
7937944,18.29,40.06,6146.89,0.00
7940944,18.30,40.06,6010.72,8.00
7943944,18.29,40.07,6161.11,34.00
7946944,18.29,40.06,5230.35,19.00
7949944,18.29,40.06,5382.01,12.00
7952944,18.30,40.05,5976.58,17.00
7955944,18.29,40.05,6271.26,6.00
7958944,18.29,40.05,5824.24,11.00
7961944,18.29,40.05,5435.72,14.00
7964944,18.30,40.05,5879.31,6.00
7967944,18.30,40.05,5533.28,11.00
7970944,18.30,40.06,6195.49,3.00
7973944,18.30,40.05,5716.46,10.00
7976944,18.30,40.05,7172.74,12.00
7979944,18.29,40.04,8965.75,8.00
7982944,18.30,40.05,6672.30,16.00
7985944,18.30,40.05,6364.70,6.00
7988944,18.30,40.05,6976.75,6.00
7991944,18.30,40.05,6583.10,7.00
7994944,18.30,40.06,6655.35,7.00
7997944,18.30,40.05,6800.83,9.00
8000944,18.31,40.05,6349.94,5.00
8003944,18.30,40.05,7038.02,28.00
8006944,18.30,40.05,6220.94,14.00
8009944,18.30,40.04,5988.45,10.00
8012944,18.30,40.04,6158.28,8.00
8015944,18.31,40.04,5767.90,6.00
8018944,18.31,40.03,5320.32,11.00
8021944,18.30,40.03,5840.68,7.00
8024944,18.30,40.01,6675.32,12.00
8027944,18.30,40.03,5395.17,12.00
8030944,18.31,40.04,6197.62,13.00
8033944,18.31,40.04,6476.72,7.00
8036944,18.30,40.04,6146.17,12.00
8039944,18.30,40.03,5402.05,6.00
8042944,18.30,40.03,6609.70,15.00
8045944,18.30,40.04,5542.51,12.00
8048944,18.30,40.04,6137.33,12.00
8051944,18.30,40.04,6304.48,13.00
8054944,18.30,40.04,5046.76,11.00
8057944,18.30,40.05,5598.65,7.00
8060944,18.29,40.05,5326.97,15.00
8063944,18.30,40.04,5844.91,11.00
8066944,18.29,40.05,5614.78,10.00
8069944,18.30,40.05,4980.69,27.00
8072944,18.29,40.05,5318.30,14.00
8075944,18.29,40.05,5479.61,7.00
8078944,18.30,40.06,5391.32,6.00
8081944,18.29,40.06,5918.09,18.00
8084944,18.29,40.05,5158.00,14.00
8087944,18.30,40.05,4999.08,17.00
8090944,18.30,40.05,5195.89,10.00
8093944,18.29,40.04,5724.98,7.00
8096944,18.30,40.05,6100.59,7.00
8099944,18.30,40.06,5754.33,4.00
8102944,18.29,40.05,5163.43,10.00
8105944,18.29,40.05,6103.69,10.00
8108944,18.29,40.06,5831.30,2.00
8111944,18.29,40.05,6178.11,10.00
8114944,18.29,40.06,5628.70,11.00
8117944,18.29,40.06,5487.90,7.00
8120944,18.29,40.05,4834.62,7.00
8123944,18.29,40.06,5324.79,6.00
8126944,18.29,40.06,6227.46,9.00
8129944,18.29,40.05,5497.66,8.00
8132944,18.29,40.05,5262.38,13.00
8135944,18.29,40.05,5784.40,11.00
8138944,18.29,40.05,5503.94,7.00
8141944,18.29,40.06,5757.36,12.00
8144944,18.29,40.07,5759.19,8.00
8147944,18.28,40.07,5551.25,12.00
8150944,18.28,40.07,5186.84,0.00
8153944,18.28,40.07,5515.33,12.00
8156944,18.28,40.07,5819.72,0.00
8159944,18.28,40.07,5671.55,12.00
8162944,18.28,40.07,6610.73,8.00
8165944,18.29,40.07,5485.14,11.00
8168944,18.29,40.07,5333.82,7.00
8171944,18.28,40.07,5323.47,13.00
8174944,18.29,40.06,5429.77,11.00
8177944,18.28,40.07,5596.37,7.00
8180944,18.29,40.07,5982.12,4.00
8183944,18.28,40.07,5919.45,30.00
8186944,18.28,40.07,5245.09,11.00
8189944,18.28,40.07,5563.26,9.00
8192944,18.28,40.06,5943.63,7.00
8195944,18.28,40.06,5267.61,9.00
8198944,18.28,40.08,5948.55,13.00
8201944,18.27,40.08,7111.51,19.00
8204944,18.28,40.10,6376.31,19.00
8207944,18.27,40.10,8805.02,9.00
8210944,18.27,40.10,6413.74,12.00
8213944,18.27,40.08,6240.29,11.00
8216944,18.27,40.10,6145.48,12.00
8219944,18.27,40.10,6130.19,11.00
8222944,18.27,40.08,5774.26,8.00
8225944,18.27,40.08,5613.75,34.00
8228944,18.27,40.10,5433.83,8.00
8231944,18.27,40.08,5369.67,7.00
8234944,18.27,40.10,5561.26,8.00
8237944,18.27,40.10,5477.04,12.00
8240944,18.27,40.10,5439.29,17.00
8243944,18.26,40.11,5517.94,7.00
8246944,18.26,40.11,5853.52,7.00
8249944,18.27,40.11,6162.88,8.00
8252944,18.26,40.11,4989.55,33.00
8255944,18.27,40.10,5704.23,13.00
8258944,18.26,40.12,5789.62,9.00
8261944,18.27,40.11,5100.08,8.00
8264944,18.27,40.11,5919.09,6.00
8267944,18.27,40.10,5488.21,11.00
8270944,18.27,40.10,5487.84,11.00
8273944,18.27,40.11,5327.37,8.00
8276944,18.26,40.11,5587.66,7.00
8279944,18.27,40.11,5020.41,15.00
8282944,18.26,40.11,4680.72,8.00
8285944,18.27,40.11,5674.43,7.00
8288944,18.26,40.11,5594.71,13.00
8291944,18.27,40.11,4974.25,6.00
8294944,18.27,40.11,5142.14,12.00
8297944,18.26,40.09,6123.33,9.00
8300944,18.26,40.11,5630.52,4.00
8303944,18.26,40.12,5861.72,10.00
8306944,18.26,40.12,6062.15,10.00
8309944,18.26,40.11,9754.91,6.00
8312944,18.26,40.11,6036.75,4.00
8315944,18.27,40.11,6033.97,14.00
8318944,18.27,40.11,5900.49,8.00
8321944,18.27,40.11,5218.74,11.00
8324944,18.26,40.12,6038.29,10.00
8327944,18.26,40.12,5557.60,13.00
8330944,18.26,40.11,5885.98,5.00
8333944,18.26,40.12,5985.67,7.00
8336944,18.26,40.11,5776.68,7.00
8339944,18.26,40.13,5758.58,12.00
8342944,18.26,40.14,6285.97,16.00
8345944,18.26,40.14,5118.24,0.00
8348944,18.25,40.14,6042.48,10.00
8351944,18.25,40.14,5883.70,5.00
8354944,18.26,40.13,6385.82,10.00
8357944,18.25,40.13,5152.67,12.00
8360944,18.26,40.13,5919.95,8.00
8363944,18.26,40.13,5946.51,11.00
8366944,18.26,40.13,6337.23,3.00
8369944,18.26,40.12,6286.05,14.00
8372944,18.26,40.13,6169.11,7.00
8375944,18.26,40.13,5429.39,10.00
8378944,18.26,40.12,5587.90,11.00
8381944,18.26,40.12,6371.36,7.00
8384944,18.26,40.12,5652.36,10.00
8387944,18.25,40.13,7256.09,10.00
8390944,18.25,40.13,7951.84,12.00
8393944,18.25,40.13,6438.90,4.00
8396944,18.25,40.14,6512.38,8.00
8399944,18.25,40.13,6544.14,11.00
8402944,18.26,40.13,6745.90,6.00
8405944,18.26,40.13,6726.74,11.00
8408944,18.26,40.13,7335.87,10.00
8411944,18.26,40.14,9146.82,10.00
8414944,18.26,40.14,6350.48,11.00
8417944,18.26,40.13,5833.23,12.00
8420944,18.26,40.12,6066.26,13.00
8423944,18.27,40.12,7245.89,12.00
8426944,18.27,40.12,6255.56,11.00
8429944,18.27,40.12,5998.56,11.00
8432944,18.27,40.12,6138.12,6.00
8435944,18.27,40.12,5589.72,9.00
8438944,18.27,40.12,6855.99,8.00
8441944,18.26,40.13,6524.68,10.00
8444944,18.26,40.14,9124.17,7.00
8447944,18.26,40.13,9287.75,6.00
8450944,18.26,40.13,6773.03,8.00
8453944,18.26,40.13,6013.32,9.00
8456944,18.26,40.12,7840.71,17.00
8459944,18.26,40.12,7589.55,8.00
8462944,18.26,40.11,6461.03,7.00
8465944,18.26,40.12,6769.44,7.00
8468944,18.26,40.12,6661.60,7.00
8471944,18.25,40.13,6258.02,9.00
8474944,18.26,40.12,7211.06,12.00
8477944,18.26,40.12,6488.36,10.00
8480944,18.26,40.12,6597.25,12.00
8483944,18.25,40.12,6889.64,13.00
8486944,18.25,40.12,6449.14,11.00
8489944,18.26,40.13,6284.38,10.00
8492944,18.25,40.13,6930.30,10.00
8495944,18.25,40.13,6997.39,12.00
8498944,18.25,40.14,6997.39,6.00
8501944,18.25,40.13,6997.39,8.00
8504944,18.25,40.13,6997.39,11.00
8511071,18.24,40.13,0.00,7.00
8514071,18.26,40.13,5818.59,11.00
8517071,18.26,40.14,5860.72,6.00
8520071,18.26,40.14,5531.05,16.00
8523071,18.25,40.14,5651.32,12.00
8526071,18.26,40.13,5745.43,8.00
8529071,18.26,40.14,5685.00,11.00
8532071,18.26,40.15,6472.88,7.00
8535071,18.26,40.16,5998.76,10.00
8538071,18.26,40.15,5758.60,7.00
8541071,18.26,40.14,6015.12,9.00
8544071,18.26,40.14,6325.28,13.00
8547071,18.26,40.14,7390.18,8.00
8550071,18.26,40.13,5755.46,9.00
8553071,18.26,40.13,5613.60,12.00
8556071,18.26,40.14,6166.67,7.00
8559071,18.26,40.14,7846.86,10.00
8562071,18.26,40.15,7045.71,6.00
8565071,18.26,40.15,5720.71,6.00
8568071,18.26,40.15,5485.44,28.00
8571071,18.25,40.17,5635.30,11.00
8574071,18.25,40.17,5560.99,10.00
8577071,18.25,40.17,6146.08,6.00
8580071,18.25,40.17,6901.94,8.00
8583071,18.25,40.18,5892.93,16.00
8586071,18.25,40.18,6475.62,4.00
8589071,18.24,40.18,6217.41,0.00
8592071,18.25,40.19,5440.46,0.00
8595071,18.24,40.17,6240.29,6.00
8598071,18.25,40.18,6276.61,6.00
8601071,18.25,40.18,5677.30,6.00
8604071,18.25,40.18,6529.55,5.00
8607071,18.24,40.18,5471.12,11.00
8610071,18.24,40.18,5745.76,4.00
8613071,18.24,40.19,5541.73,9.00
8616071,18.24,40.19,5450.32,7.00
8619071,18.25,40.20,5599.46,13.00
8622071,18.24,40.20,5624.34,4.00
8625071,18.24,40.20,5679.73,11.00
8628071,18.24,40.19,6166.75,12.00
8631071,18.24,40.19,5950.08,10.00
8634071,18.25,40.17,5735.67,5.00
8637071,18.24,40.19,6329.31,9.00
8640071,18.24,40.19,6268.52,6.00
8643071,18.24,40.19,6021.42,0.00
8646071,18.24,40.20,6085.46,12.00
8649071,18.24,40.19,5746.03,8.00
8652071,18.24,40.19,6420.07,5.00
8655071,18.24,40.18,6638.25,7.00
8658071,18.24,40.18,6401.22,9.00
8661071,18.24,40.18,6124.98,8.00
8664071,18.24,40.18,6376.79,5.00
8667071,18.25,40.18,5933.61,11.00
8670071,18.24,40.18,5892.21,5.00
8673071,18.24,40.18,6416.93,6.00
8676071,18.24,40.19,6166.30,10.00
8679071,18.24,40.19,6267.89,4.00
8682071,18.24,40.19,5805.28,6.00
8685071,18.24,40.20,6272.98,15.00
8688071,18.24,40.19,6227.51,9.00
8691071,18.24,40.19,6511.55,6.00
8694071,18.24,40.20,5970.50,10.00
8697071,18.24,40.20,6466.16,6.00
8700071,18.23,40.21,17595.14,8.00
8703071,18.24,40.20,6198.24,4.00
8706071,18.23,40.20,6449.54,9.00
8709071,18.23,40.20,5751.69,0.00
8712071,18.23,40.19,6037.63,11.00
8715071,18.24,40.20,5745.59,14.00
8718071,18.24,40.21,6107.39,11.00
8721071,18.23,40.20,5739.53,9.00
8724071,18.23,40.20,6119.74,8.00
8727071,18.23,40.19,5275.85,11.00
8730071,18.23,40.21,5735.63,3.00
8733071,18.23,40.21,5928.42,0.00
8736071,18.23,40.21,6185.33,0.00
8739071,18.23,40.21,6485.46,5.00
8742071,18.23,40.21,6144.17,8.00
8745071,18.22,40.22,6085.83,3.00
8748071,18.23,40.22,6243.02,9.00
8751071,18.23,40.21,5704.36,12.00
8754071,18.23,40.21,6333.60,9.00
8757071,18.23,40.21,5200.48,11.00
8760071,18.23,40.21,5585.86,8.00
8763071,18.23,40.22,6630.12,14.00
8766071,18.23,40.21,5804.14,11.00
8769071,18.24,40.21,5851.69,10.00
8772071,18.23,40.21,5729.38,6.00
8775071,18.23,40.21,6191.01,8.00
8778071,18.23,40.21,6260.35,0.00
8781071,18.23,40.21,6275.54,8.00
8784071,18.23,40.21,6167.60,4.00
8787071,18.23,40.21,6184.26,30.00
8790071,18.23,40.20,5386.60,5.00
8793071,18.23,40.20,6212.18,9.00
8796071,18.24,40.21,6736.76,6.00
8799071,18.24,40.21,5717.03,4.00
8802071,18.24,40.23,6635.56,4.00
8805071,18.24,40.21,6018.60,5.00
8808071,18.24,40.21,5764.95,5.00
8811071,18.24,40.20,6568.23,7.00
8814071,18.24,40.21,6423.71,9.00
8817071,18.24,40.21,7388.61,10.00
8820071,18.25,40.20,6346.21,10.00
8823071,18.24,40.21,6726.69,9.00
8826071,18.24,40.21,6835.07,2.00
8829071,18.24,40.20,7359.70,4.00
8832071,18.24,40.20,6413.96,11.00
8835071,18.24,40.20,6315.43,4.00
8838071,18.24,40.20,6237.09,5.00
8841071,18.24,40.19,5745.78,8.00
8844071,18.24,40.19,5887.45,10.00
8847071,18.24,40.20,7291.26,8.00
8850071,18.25,40.20,6276.70,0.00
8853071,18.24,40.20,6061.48,9.00
8856071,18.24,40.20,5874.59,8.00
8859071,18.24,40.21,5558.71,10.00
8862071,18.24,40.20,6176.71,10.00
8865071,18.24,40.21,6260.73,12.00
8868071,18.24,40.21,7046.76,2.00
8871071,18.24,40.20,6853.79,9.00
8874071,18.24,40.20,8337.75,4.00
8877071,18.24,40.20,7822.89,0.00
8880071,18.24,40.20,6535.69,15.00
8883071,18.24,40.19,6275.47,12.00
8886071,18.24,40.20,6143.27,5.00
8889071,18.24,40.21,5520.87,10.00
8892071,18.24,40.20,6363.84,8.00
8895071,18.24,40.21,6057.09,11.00
8898071,18.24,40.23,6330.09,9.00
8901071,18.24,40.23,6309.09,2.00
8904071,18.24,40.23,5957.21,0.00
8907071,18.25,40.23,5639.12,12.00
8910071,18.24,40.21,5831.19,7.00
8913071,18.24,40.21,7024.05,0.00
8916071,18.24,40.21,6160.80,10.00
8919071,18.24,40.21,5265.70,3.00
8922071,18.23,40.21,5662.72,9.00
8925071,18.23,40.21,5286.83,8.00
8928071,18.24,40.23,6417.64,10.00
8931071,18.24,40.24,6949.08,5.00
8934071,18.23,40.22,6591.92,4.00
8937071,18.23,40.24,6314.16,5.00
8940071,18.23,40.21,5763.50,6.00
8943071,18.24,40.21,5660.75,16.00
8946071,18.24,40.23,5365.78,3.00
8949071,18.24,40.21,5990.21,5.00
8952071,18.24,40.23,5755.33,15.00
8955071,18.24,40.23,6067.55,5.00
8958071,18.24,40.23,5754.28,12.00
8961071,18.24,40.23,5765.50,8.00
8964071,18.24,40.23,6731.02,2.00
8967071,18.25,40.21,5985.72,9.00
8970071,18.24,40.21,5988.93,4.00
8973071,18.24,40.20,6256.97,7.00
8976071,18.25,40.20,5822.25,10.00
8979071,18.24,40.20,5817.64,8.00
8982071,18.24,40.21,5723.61,4.00
8985071,18.25,40.21,5884.01,1.00
8988071,18.24,40.21,5821.45,7.00
8991071,18.25,40.21,5681.51,2.00
8994071,18.25,40.23,6116.49,10.00
8997071,18.24,40.21,6605.54,4.00
9000071,18.24,40.21,5983.67,7.00
9003071,18.24,40.21,6928.77,4.00
9006071,18.25,40.21,6647.74,7.00
9009071,18.25,40.20,6505.24,1.00
9012071,18.25,40.21,5791.33,0.00
9015071,18.25,40.21,6715.46,3.00
9018071,18.24,40.21,6778.77,2.00
9021071,18.24,40.21,5852.30,10.00
9024071,18.24,40.21,6475.45,11.00
9027071,18.24,40.21,5949.88,9.00
9030071,18.24,40.20,5585.72,10.00
9033071,18.24,40.21,5636.65,8.00
9036071,18.24,40.23,6333.87,0.00
9039071,18.24,40.23,6090.66,3.00
9042071,18.24,40.23,5833.33,25.00
9045071,18.24,40.23,6209.78,8.00
9048071,18.24,40.24,5610.14,8.00
9051071,18.24,40.24,6440.34,3.00
9054071,18.24,40.24,5439.88,9.00
9057071,18.24,40.23,6651.70,1.00
9060071,18.24,40.24,5960.43,7.00
9063071,18.23,40.25,6476.53,9.00
9066071,18.24,40.25,5273.68,4.00
9069071,18.23,40.24,6398.98,5.00
9072071,18.23,40.23,5984.57,10.00
9075071,18.24,40.24,5565.82,9.00
9078071,18.23,40.24,7303.39,8.00
9081071,18.23,40.24,6529.02,10.00
9084071,18.23,40.24,6414.24,9.00
9087071,18.23,40.26,6866.06,9.00
9090071,18.24,40.27,6336.83,0.00
9093071,18.23,40.26,5842.36,8.00
9096071,18.23,40.25,6431.02,12.00
9099071,18.23,40.25,5688.98,4.00
9102071,18.23,40.25,6272.36,13.00
9105071,18.23,40.25,6803.62,7.00
9108071,18.23,40.25,6627.09,16.00
9111071,18.24,40.25,6697.08,8.00
9114071,18.23,40.26,5896.93,5.00
9117071,18.23,40.26,6552.77,4.00
9120071,18.24,40.26,6173.61,3.00
9123071,18.23,40.26,5396.86,5.00
9126071,18.23,40.26,6064.83,7.00
9129071,18.24,40.25,6020.88,2.00
9132071,18.24,40.25,6996.29,5.00
9135071,18.24,40.25,6030.30,9.00
9138071,18.23,40.25,6671.17,9.00
9141071,18.24,40.25,6842.45,8.00
9144071,18.24,40.25,6020.92,5.00
9147071,18.24,40.25,7358.07,4.00
9150071,18.24,40.24,6573.17,2.00
9153071,18.24,40.24,6376.79,7.00
9156071,18.24,40.25,6959.63,2.00
9159071,18.23,40.25,7517.76,4.00
9162071,18.24,40.25,7367.17,4.00
9165071,18.24,40.24,7380.64,2.00
9168071,18.24,40.25,6965.76,12.00
9171071,18.23,40.25,7007.85,4.00
9174071,18.24,40.24,6478.55,9.00
9177071,18.24,40.24,6214.39,13.00
9180071,18.24,40.24,7221.32,5.00
9183071,18.24,40.23,6674.49,3.00
9186071,18.24,40.24,6748.47,9.00
9189071,18.25,40.24,6625.88,3.00
9192071,18.24,40.25,6657.29,10.00
9195071,18.24,40.24,6344.85,0.00
9198071,18.24,40.24,5531.95,1.00
9201071,18.24,40.24,6575.29,9.00
9204071,18.24,40.24,5679.41,7.00
9207071,18.24,40.23,6403.94,4.00
9210071,18.24,40.24,6130.74,2.00
9213071,18.23,40.24,6778.15,4.00
9216071,18.23,40.25,6741.58,7.00
9219071,18.24,40.24,6692.63,0.00
9222071,18.24,40.25,5738.25,8.00
9225071,18.23,40.24,5846.56,3.00
9228071,18.24,40.25,5907.82,0.00
9231071,18.24,40.25,5719.54,24.00
9234071,18.24,40.25,5832.65,0.00
9237071,18.24,40.24,6114.81,3.00
9240071,18.24,40.25,5829.41,9.00
9243071,18.23,40.26,5363.29,9.00
9246071,18.24,40.26,6211.41,8.00
9249071,18.24,40.26,5953.23,10.00
9252071,18.24,40.26,5678.90,14.00
9255071,18.24,40.25,6542.72,10.00
9258071,18.24,40.25,6056.65,7.00
9261071,18.24,40.24,6932.65,8.00
9264071,18.24,40.24,6171.24,8.00
9267071,18.24,40.24,6239.66,3.00
9270071,18.23,40.26,6883.49,5.00
9273071,18.23,40.26,6098.18,7.00
9276071,18.23,40.25,6217.80,11.00
9279071,18.23,40.26,5765.26,1.00
9282071,18.23,40.27,6230.69,2.00
9285071,18.23,40.27,6110.16,8.00
9288071,18.23,40.29,5750.22,4.00
9291071,18.23,40.29,5478.11,4.00
9294071,18.23,40.27,6937.81,7.00
9297071,18.23,40.27,6617.60,1.00
9300071,18.23,40.27,8003.37,3.00
9303071,18.24,40.27,6192.25,24.00
9306071,18.24,40.26,6075.06,9.00
9309071,18.23,40.26,5560.54,3.00
9312071,18.23,40.27,6796.29,12.00
9315071,18.23,40.27,5596.55,7.00
9318071,18.23,40.29,6136.78,8.00
9321071,18.23,40.29,5689.83,8.00
9324071,18.23,40.26,5669.29,10.00
9327071,18.22,40.29,5848.47,3.00
9330071,18.22,40.27,6644.01,4.00
9333071,18.22,40.29,6126.52,7.00
9336071,18.22,40.29,6274.36,7.00
9339071,18.23,40.30,6126.59,5.00
9342071,18.23,40.29,5936.07,0.00
9345071,18.22,40.29,5884.94,4.00
9348071,18.23,40.29,6117.02,7.00
9351071,18.23,40.29,6743.56,9.00
9354071,18.22,40.29,6708.86,8.00
9357071,18.22,40.29,6374.14,9.00
9360071,18.22,40.30,6489.57,0.00
9363071,18.22,40.30,5795.86,7.00
9366071,18.22,40.29,6297.15,12.00
9369071,18.22,40.29,5997.95,3.00
9372071,18.22,40.29,6235.55,12.00
9375071,18.22,40.30,6143.39,13.00
9378071,18.22,40.31,5687.19,4.00
9381071,18.22,40.31,6100.66,2.00
9384071,18.22,40.32,5948.99,7.00
9387071,18.22,40.32,6758.70,3.00
9390071,18.22,40.31,5974.23,2.00
9393071,18.23,40.31,5991.16,7.00
9396071,18.22,40.30,5785.75,7.00
9399071,18.22,40.30,6507.39,8.00
9402071,18.22,40.30,6422.74,8.00
9405071,18.22,40.31,6081.42,9.00
9408071,18.22,40.32,6699.18,0.00
9411071,18.23,40.31,5684.22,8.00
9414071,18.23,40.31,5598.48,9.00
9417071,18.23,40.30,6140.22,13.00
9420071,18.23,40.30,5998.05,29.00
9423071,18.23,40.30,5233.67,4.00
9426071,18.23,40.30,6183.97,13.00
9429071,18.23,40.29,5243.39,9.00
9432071,18.23,40.29,6229.03,26.00
9435071,18.23,40.29,6445.01,3.00
9438071,18.23,40.27,5634.42,4.00
9441071,18.23,40.27,6370.36,4.00
9444071,18.23,40.27,6230.74,9.00
9447071,18.24,40.26,6701.64,9.00
9450071,18.23,40.27,5532.94,7.00
9453071,18.23,40.27,6381.13,9.00
9456071,18.23,40.27,6010.60,3.00
9459071,18.23,40.27,6023.86,7.00
9462071,18.23,40.27,5856.62,11.00
9465071,18.24,40.27,6203.94,2.00
9468071,18.23,40.27,5845.84,6.00
9471071,18.23,40.29,5947.94,11.00
9474071,18.23,40.30,5906.58,15.00
9477071,18.23,40.30,6735.51,4.00
9480071,18.23,40.29,5438.47,3.00
9483071,18.22,40.31,5632.19,3.00
9486071,18.22,40.30,6202.02,3.00
9489071,18.22,40.31,5930.54,4.00
9492071,18.23,40.31,5649.86,29.00
9495071,18.22,40.32,5815.66,9.00
9498071,18.22,40.31,5902.96,0.00
9501071,18.23,40.32,6595.97,7.00
9504071,18.22,40.32,6094.88,4.00
9507071,18.23,40.32,5649.26,24.00
9510071,18.23,40.32,6329.88,3.00
9513071,18.22,40.31,6066.14,7.00
9516071,18.23,40.31,7266.75,10.00
9519071,18.22,40.31,6055.22,8.00
9522071,18.23,40.29,5952.33,10.00
9525071,18.23,40.30,6603.50,7.00
9528071,18.23,40.30,6227.61,7.00
9531071,18.23,40.30,6039.69,3.00
9534071,18.22,40.29,7127.56,7.00
9537071,18.23,40.30,6331.28,3.00
9540071,18.23,40.31,6064.39,8.00
9543071,18.22,40.30,5962.91,9.00
9546071,18.22,40.30,5872.48,8.00
9549071,18.22,40.31,6019.44,4.00
9552071,18.22,40.30,5705.54,8.00
9555071,18.22,40.30,5701.04,9.00
9558071,18.21,40.31,6220.52,7.00
9561071,18.22,40.31,6727.63,29.00
9564071,18.22,40.30,6261.85,3.00
9567071,18.22,40.28,5993.94,10.00
9570071,18.22,40.30,6807.45,0.00
9573071,18.22,40.30,6325.97,3.00
9576071,18.22,40.31,6030.71,8.00
9579071,18.22,40.32,5972.40,2.00
9582071,18.22,40.32,6139.63,3.00
9585071,18.21,40.31,5737.43,6.00
9588071,18.22,40.31,5819.17,9.00
9591071,18.22,40.32,6559.84,9.00
9594071,18.22,40.32,6800.46,6.00
9597071,18.21,40.31,5550.12,4.00
9600071,18.22,40.31,5485.72,12.00
9603071,18.22,40.31,5877.12,6.00
9606071,18.22,40.32,6017.12,0.00
9609071,18.22,40.32,6614.66,7.00
9612071,18.22,40.32,6095.83,3.00
9615071,18.21,40.33,5745.98,6.00
9618071,18.21,40.33,5591.83,10.00
9621071,18.21,40.33,5905.89,7.00
9624071,18.21,40.33,5770.55,6.00
9627071,18.21,40.33,5382.48,7.00
9630071,18.21,40.33,5367.53,5.00
9633071,18.22,40.32,5496.07,8.00
9636071,18.22,40.32,5383.07,8.00
9639071,18.22,40.31,6207.47,2.00
9642071,18.22,40.31,5358.29,3.00
9645071,18.22,40.31,5926.19,3.00
9648071,18.22,40.31,5404.07,7.00
9651071,18.22,40.31,5486.31,3.00
9654071,18.22,40.32,5358.77,49.00
9657071,18.22,40.31,5421.39,2.00
9660071,18.22,40.32,5843.67,3.00
9663071,18.22,40.31,6479.72,8.00
9666071,18.22,40.31,5831.04,3.00
9669071,18.21,40.31,5791.55,0.00
9672071,18.21,40.32,6011.41,1.00
9675071,18.21,40.32,5901.54,10.00
9678071,18.21,40.32,5573.13,0.00
9681071,18.21,40.32,5688.70,6.00
9684071,18.22,40.33,5698.10,3.00
9687071,18.21,40.32,5582.75,0.00
9690071,18.21,40.32,5885.40,3.00
9693071,18.21,40.32,5539.04,0.00
9696071,18.21,40.32,5445.06,3.00
9699071,18.20,40.33,5818.54,10.00
9702071,18.21,40.33,5858.09,8.00
9705071,18.20,40.34,5531.72,2.00
9708071,18.20,40.35,6015.41,4.00
9711071,18.20,40.34,5833.42,1.00
9714071,18.20,40.35,6354.46,0.00
9717071,18.20,40.33,5545.93,2.00
9720071,18.20,40.32,5544.95,7.00
9723071,18.20,40.33,5883.07,0.00
9726071,18.20,40.34,5876.01,4.00
9729071,18.21,40.36,5868.79,2.00
9732071,18.20,40.34,6440.51,28.00
9735071,18.21,40.36,6007.21,8.00
9738071,18.21,40.34,6447.70,7.00
9741071,18.21,40.34,5536.78,0.00
9744071,18.21,40.34,5694.69,10.00
9747071,18.21,40.34,6395.44,8.00
9750071,18.21,40.36,6444.31,3.00
9753071,18.21,40.36,6203.65,6.00
9756071,18.21,40.34,5338.49,7.00
9759071,18.21,40.34,6023.09,3.00
9762071,18.21,40.34,5549.98,9.00
9765071,18.21,40.34,5527.25,5.00
9768071,18.21,40.34,5904.12,7.00
9771071,18.21,40.33,6369.69,2.00
9774071,18.22,40.34,7055.03,2.00
9777071,18.21,40.33,6122.89,0.00
9780071,18.21,40.33,7308.50,9.00
9783071,18.21,40.33,6870.53,2.00
9786071,18.21,40.32,7053.96,6.00
9789071,18.21,40.33,6077.18,3.00
9792071,18.20,40.33,6261.31,2.00
9795071,18.21,40.34,6493.20,0.00
9798071,18.21,40.33,6219.94,9.00
9801071,18.21,40.34,5808.14,0.00
9804071,18.21,40.34,6305.05,8.00
9807071,18.21,40.34,6383.62,2.00
9810071,18.21,40.33,6186.87,6.00
9813071,18.21,40.33,5765.75,9.00
9816071,18.21,40.32,5652.29,7.00
9819071,18.21,40.32,5701.30,0.00
9822071,18.21,40.32,5521.47,7.00
9825071,18.22,40.32,5955.64,7.00
9828071,18.21,40.32,6043.98,3.00
9831071,18.21,40.32,5812.67,0.00
9834071,18.21,40.32,5362.21,2.00
9837071,18.21,40.32,6773.79,12.00
9840071,18.21,40.34,6745.18,8.00
9843071,18.21,40.33,5891.79,7.00
9846071,18.21,40.33,6428.94,1.00
9849071,18.21,40.32,6589.40,3.00
9852071,18.21,40.32,6147.93,7.00
9855071,18.21,40.33,6177.38,2.00
9858071,18.21,40.32,7116.28,3.00
9861071,18.20,40.34,5549.88,0.00
9864071,18.20,40.34,5840.72,7.00
9867071,18.20,40.34,6992.87,12.00
9870071,18.20,40.35,5693.58,7.00
9873071,18.20,40.37,6162.36,6.00
9876071,18.21,40.37,5710.14,2.00
9879071,18.20,40.35,5871.55,8.00
9882071,18.21,40.36,5555.17,6.00
9885071,18.20,40.35,6296.17,10.00
9888071,18.20,40.35,5809.73,2.00
9891071,18.20,40.35,6197.27,6.00
9894071,18.20,40.34,6707.47,6.00
9897071,18.20,40.34,6111.05,12.00
9900071,18.20,40.33,6078.35,7.00
9903071,18.20,40.33,5708.18,0.00
9906071,18.20,40.34,6477.16,7.00
9909071,18.19,40.33,5555.13,8.00
9912071,18.20,40.34,5735.48,9.00
9915071,18.19,40.34,6172.78,2.00
9918071,18.20,40.35,5690.87,8.00
9921071,18.19,40.34,6385.95,0.00
9924071,18.19,40.33,5933.53,8.00
9927071,18.19,40.33,7496.97,0.00
9930071,18.20,40.34,6637.32,1.00
9933071,18.19,40.35,5922.99,8.00
9936071,18.20,40.34,6397.38,8.00
9939071,18.19,40.35,5782.32,3.00
9942071,18.19,40.35,5788.65,6.00
9945071,18.19,40.37,7530.20,3.00
9948071,18.19,40.37,6267.74,1.00
9951071,18.19,40.37,5536.39,6.00
9954071,18.19,40.37,5449.19,6.00
9957071,18.18,40.37,5843.94,7.00
9960071,18.19,40.38,5631.49,2.00
9963071,18.18,40.37,5541.74,12.00
9966071,18.19,40.38,5842.29,12.00
9969071,18.18,40.38,5695.48,1.00
9972071,18.18,40.39,5661.07,8.00
9975071,18.17,40.40,5747.63,10.00
9978071,18.18,40.39,5474.35,5.00
9981071,18.18,40.38,5892.23,0.00
9984071,18.18,40.39,5687.18,0.00
9987071,18.18,40.38,5756.08,8.00
9990071,18.17,40.39,5749.29,9.00
9993071,18.18,40.39,5484.26,9.00
9996071,18.17,40.40,5588.43,0.00
9999071,18.17,40.40,5718.01,7.00
10002071,18.17,40.40,5571.59,1.00
10005071,18.17,40.40,5847.19,1.00
10008071,18.17,40.40,5412.19,5.00
10011071,18.17,40.41,5840.51,1.00
10014071,18.16,40.41,5564.93,0.00
10017071,18.16,40.41,5955.46,8.00
10020071,18.16,40.41,5850.03,8.00
10023071,18.16,40.41,6198.22,3.00
10026071,18.17,40.40,6076.85,0.00
10029071,18.16,40.41,5421.10,0.00
10032071,18.16,40.42,5533.76,6.00
10035071,18.16,40.44,5565.51,5.00
10038071,18.16,40.42,5048.38,8.00
10041071,18.16,40.42,5023.13,3.00
10044071,18.16,40.42,6029.43,0.00
10047071,18.15,40.41,6282.78,9.00
10050071,18.15,40.42,6293.25,6.00
10053071,18.16,40.44,5898.35,2.00
10056071,18.16,40.45,5593.06,6.00
10059071,18.16,40.45,5196.37,6.00
10062071,18.16,40.44,5928.30,8.00
10065071,18.16,40.44,6054.81,8.00
10068071,18.16,40.42,5421.29,6.00
10071071,18.16,40.44,5838.31,13.00
10074071,18.16,40.41,5431.22,11.00
10077071,18.16,40.42,5695.44,7.00
10080071,18.15,40.44,5240.69,11.00
10083071,18.16,40.42,6175.83,12.00
10086071,18.16,40.44,5877.41,0.00
10089071,18.16,40.42,6209.77,2.00
10092071,18.16,40.42,5717.01,6.00
10095071,18.16,40.42,5507.50,7.00
10098071,18.16,40.42,6169.40,5.00
10101071,18.16,40.42,5862.38,0.00
10104071,18.17,40.44,5542.96,6.00
10107071,18.17,40.42,5743.98,7.00
10110071,18.17,40.44,5726.95,0.00
10113071,18.16,40.44,5885.37,7.00
10116071,18.17,40.42,6372.44,9.00
10119071,18.17,40.44,5893.64,7.00
10122071,18.17,40.44,6169.99,0.00
10125071,18.17,40.42,6329.08,7.00
10128071,18.17,40.42,5593.39,9.00
10131071,18.17,40.41,6000.95,0.00
10134071,18.17,40.42,6027.15,6.00
10137071,18.17,40.42,5874.32,6.00
10140071,18.16,40.42,6509.16,9.00
10143071,18.17,40.41,6670.29,8.00
10146071,18.17,40.42,6765.19,10.00
10149071,18.17,40.41,7026.88,7.00
10152071,18.17,40.40,7249.55,2.00
10155071,18.17,40.39,7070.41,5.00
10158071,18.18,40.39,7810.09,0.00
10161071,18.17,40.40,7360.49,2.00
10164071,18.17,40.40,8215.75,1.00
10167071,18.17,40.40,6427.58,1.00
10170071,18.17,40.40,6029.87,2.00
10173071,18.17,40.41,5971.21,6.00
10176071,18.17,40.40,7125.70,3.00
10179071,18.17,40.40,6849.49,0.00
10182071,18.18,40.40,7009.50,0.00
10185071,18.17,40.40,6238.83,6.00
10188071,18.17,40.40,6924.36,6.00
10191071,18.17,40.40,5798.20,11.00
10194071,18.17,40.39,7063.26,3.00
10197071,18.16,40.40,5983.89,7.00
10200071,18.17,40.40,6871.61,14.00
10203071,18.17,40.40,6575.68,1.00
10206071,18.17,40.41,6472.33,7.00
10209071,18.17,40.41,8419.01,1.00
10212071,18.17,40.40,7692.50,7.00
10215071,18.17,40.40,7640.29,8.00
10218071,18.17,40.40,6617.74,8.00
10221071,18.17,40.40,5137.10,1.00
10224071,18.16,40.41,7474.54,3.00
10227071,18.17,40.41,6026.69,11.00
10230071,18.16,40.41,6660.90,6.00
10233071,18.16,40.42,6571.79,7.00
10236071,18.17,40.41,6616.38,7.00
10239071,18.17,40.42,6078.59,3.00
10242071,18.17,40.41,6016.34,0.00
10245071,18.17,40.41,8622.52,8.00
10248071,18.17,40.40,6394.91,1.00
10251071,18.17,40.40,8385.52,1.00
10254071,18.17,40.40,6174.27,6.00
10257071,18.17,40.40,5900.65,7.00
10260071,18.17,40.40,7149.84,2.00
10263071,18.17,40.41,6189.98,0.00
10266071,18.17,40.41,6503.79,5.00
10269071,18.17,40.40,6450.14,3.00
10272071,18.16,40.41,6262.63,9.00
10275071,18.16,40.41,6210.21,6.00
10278071,18.17,40.42,6218.59,8.00
10281071,18.16,40.42,6214.32,2.00
10284071,18.16,40.42,7050.82,1.00
10287071,18.17,40.42,6475.67,7.00
10290071,18.17,40.41,7019.03,1.00
10293071,18.17,40.42,7643.56,6.00
10296071,18.16,40.41,7088.03,7.00
10299071,18.16,40.41,6439.68,6.00
10302071,18.16,40.41,5875.86,1.00
10305071,18.17,40.40,6089.05,5.00
10308071,18.16,40.40,6058.54,8.00
10311071,18.16,40.41,6629.28,12.00
10314071,18.17,40.40,5510.33,6.00
10317071,18.17,40.41,9519.62,0.00
10320071,18.17,40.40,5808.04,6.00
10323071,18.17,40.40,6763.27,10.00
10326071,18.17,40.39,6283.82,0.00
10329071,18.17,40.40,6553.98,7.00
10332071,18.17,40.40,6702.74,12.00
10335071,18.17,40.41,6197.20,2.00
10338071,18.17,40.41,6361.19,6.00
10341071,18.17,40.41,6542.26,7.00
10344071,18.16,40.42,5753.35,8.00
10347071,18.16,40.41,6369.82,6.00
10350071,18.16,40.42,6120.30,7.00
10353071,18.16,40.42,6346.61,3.00
10356071,18.17,40.42,7836.22,7.00
10359071,18.16,40.40,6706.78,0.00
10362071,18.16,40.40,6219.79,8.00
10365071,18.17,40.40,7418.26,2.00
10368071,18.16,40.40,6366.11,6.00
10371071,18.16,40.41,6748.08,0.00
10374071,18.17,40.40,6008.16,2.00
10377071,18.16,40.41,6551.56,7.00
10380071,18.16,40.41,5953.58,0.00
10383071,18.16,40.42,5863.38,7.00
10386071,18.17,40.41,6023.44,1.00
10389071,18.16,40.44,5691.96,6.00
10392071,18.16,40.41,6158.82,0.00
10395071,18.16,40.41,5642.08,5.00
10398071,18.16,40.42,6229.63,2.00
10401071,18.16,40.41,7474.01,0.00
10404071,18.16,40.41,7573.60,2.00
10407071,18.17,40.40,7161.30,0.00
10410071,18.16,40.41,6814.87,3.00
10413071,18.17,40.41,6961.39,6.00
10416071,18.17,40.41,6172.25,3.00
10419071,18.16,40.41,6011.98,10.00
10422071,18.16,40.44,5770.51,1.00
10425071,18.16,40.42,5812.66,6.00
10428071,18.16,40.42,5611.38,6.00
10431071,18.16,40.44,6237.66,1.00
10434071,18.16,40.42,5472.13,8.00
10437071,18.15,40.42,5799.94,0.00
10440071,18.15,40.44,5803.56,7.00
10443071,18.16,40.42,6017.36,8.00
10446071,18.15,40.43,5744.76,1.00
10449071,18.15,40.43,6204.66,2.00
10452071,18.15,40.43,6396.59,2.00
10455071,18.14,40.45,5435.50,1.00
10458071,18.15,40.46,6027.04,5.00
10461071,18.15,40.45,6452.62,7.00
10464071,18.15,40.46,5853.96,0.00
10467071,18.14,40.46,6018.57,9.00
10470071,18.15,40.46,5738.50,1.00
10473071,18.14,40.45,6449.02,10.00
10476071,18.14,40.45,6564.43,7.00
10479071,18.15,40.46,6489.44,7.00
10482071,18.15,40.47,6218.43,0.00
10485071,18.14,40.45,6237.09,8.00
10488071,18.15,40.45,6779.48,7.00
10491071,18.15,40.45,6786.27,7.00
10494071,18.15,40.45,6417.75,1.00
10497071,18.15,40.46,6846.09,7.00
10500071,18.15,40.45,7060.29,0.00
10503071,18.15,40.45,7159.55,7.00
10506071,18.15,40.46,6877.72,10.00
10509071,18.15,40.45,7863.45,0.00
10512071,18.15,40.45,8104.62,0.00
10515071,18.14,40.45,9550.72,0.00
10518071,18.14,40.45,8257.76,0.00
10521071,18.15,40.45,7679.92,0.00
10524071,18.14,40.45,7552.62,0.00
10527071,18.15,40.45,7053.51,5.00
10530071,18.15,40.45,8719.51,13.00
10533071,18.15,40.45,7070.06,2.00
10536071,18.15,40.44,6483.08,6.00
10539071,18.15,40.43,7635.25,9.00
10542071,18.15,40.43,6957.20,9.00
10545071,18.15,40.43,6693.54,0.00
10548071,18.15,40.43,6884.31,8.00
10551071,18.15,40.43,6335.53,4.00
10554071,18.15,40.45,6028.79,7.00
10557071,18.15,40.45,7842.83,11.00
10560071,18.15,40.45,7007.12,0.00
10563071,18.15,40.43,5944.21,9.00
10566071,18.15,40.44,7295.47,0.00
10569071,18.16,40.44,7099.08,0.00
10572071,18.15,40.43,6649.01,5.00
10575071,18.15,40.44,6830.65,6.00
10578071,18.16,40.44,6942.24,7.00
10581071,18.15,40.42,6570.90,5.00
10584071,18.15,40.43,6838.34,5.00
10587071,18.15,40.42,6701.80,4.00
10590071,18.14,40.43,7098.11,1.00
10593071,18.15,40.43,7175.75,9.00
10596071,18.15,40.43,7290.90,0.00
10599071,18.15,40.45,6160.48,2.00
10602071,18.15,40.43,6512.67,1.00
10605071,18.15,40.43,6519.81,2.00
10608071,18.15,40.45,6418.32,0.00
10611071,18.14,40.45,6832.58,7.00
10614071,18.14,40.45,6255.36,5.00
10617071,18.15,40.45,6781.87,8.00
10620071,18.14,40.46,6697.89,0.00
10623071,18.14,40.46,6408.28,2.00
10626071,18.14,40.46,6039.49,2.00
10629071,18.14,40.47,5715.00,2.00
10632071,18.14,40.48,6496.33,7.00
10635071,18.13,40.48,6062.97,3.00
10638071,18.14,40.47,6355.95,6.00
10641071,18.14,40.46,5747.10,6.00
10644071,18.13,40.48,6481.02,0.00
10647071,18.13,40.48,6461.46,8.00
10650071,18.13,40.48,6002.80,8.00
10653071,18.13,40.48,6506.84,1.00
10656071,18.13,40.49,7115.80,3.00
10659071,18.13,40.48,6242.71,11.00
10662071,18.13,40.48,7942.50,6.00
10665071,18.13,40.49,6562.24,1.00
10668071,18.13,40.48,7235.89,5.00
10671071,18.13,40.49,6597.15,6.00
10674071,18.13,40.49,6344.32,6.00
10677071,18.13,40.49,7381.93,0.00
10680071,18.13,40.49,6209.96,6.00
10683071,18.13,40.49,6525.56,5.00
10686071,18.13,40.51,5886.42,6.00
10689071,18.13,40.49,7218.33,6.00
10692071,18.13,40.49,7445.19,8.00
10695071,18.13,40.49,5961.64,7.00
10698071,18.14,40.49,7218.34,5.00
10701071,18.13,40.51,6620.19,27.00
10704071,18.13,40.49,7720.46,0.00
10707071,18.13,40.51,6943.36,4.00
10710071,18.12,40.50,6513.79,2.00
10713071,18.12,40.49,7165.31,0.00
10716071,18.12,40.49,6706.56,1.00
10719071,18.12,40.49,6812.51,8.00
10722071,18.12,40.50,7871.77,7.00
10725071,18.12,40.52,6437.11,6.00
10728071,18.12,40.52,7154.93,5.00
10731071,18.12,40.50,6468.89,5.00
10734071,18.13,40.52,6581.21,2.00
10737071,18.12,40.52,5945.27,0.00
10740071,18.12,40.52,6829.43,8.00
10743071,18.12,40.52,6889.99,3.00
10746071,18.12,40.53,7464.43,7.00
10749071,18.12,40.53,6072.19,1.00
10752071,18.13,40.53,6455.54,26.00
10755071,18.13,40.53,6266.17,5.00
10758071,18.12,40.52,6191.29,9.00
10761071,18.13,40.53,7314.06,1.00
10764071,18.12,40.53,6460.05,0.00
10767071,18.13,40.53,6417.59,2.00
10770071,18.12,40.53,6046.19,10.00
10773071,18.12,40.53,6525.08,2.00
10776071,18.12,40.53,6681.94,1.00
10779071,18.12,40.52,6128.75,6.00
10782071,18.12,40.52,6159.38,7.00
10785071,18.12,40.53,6682.69,0.00
10788071,18.12,40.54,6741.63,6.00
10791071,18.12,40.53,6607.02,5.00
10794071,18.12,40.53,6427.55,0.00
10797071,18.11,40.54,6795.36,2.00
10800071,18.11,40.54,6674.93,6.00
10803071,18.11,40.54,6806.47,27.00
10806071,18.11,40.54,5793.10,1.00
10809071,18.11,40.55,6045.51,7.00
10812071,18.11,40.54,6931.97,8.00
10815071,18.11,40.54,6407.93,0.00
10818071,18.11,40.55,7893.03,2.00
10821071,18.11,40.55,6460.41,7.00
10824071,18.10,40.54,6630.32,7.00
10827071,18.11,40.55,6050.57,7.00
10830071,18.10,40.55,6201.95,7.00
10833071,18.10,40.54,5683.95,0.00
10836071,18.10,40.55,6235.76,7.00
10839071,18.10,40.56,5849.54,5.00
10842071,18.11,40.58,5529.39,10.00
10845071,18.10,40.56,6330.10,0.00
10848071,18.10,40.58,6065.09,5.00
10851071,18.10,40.58,5560.17,5.00
10854071,18.10,40.58,6150.42,5.00
10857071,18.11,40.58,6882.11,6.00
10860071,18.10,40.58,6203.10,5.00
10863071,18.10,40.58,6128.90,6.00
10866071,18.11,40.58,6660.77,11.00
10869071,18.11,40.55,6587.68,7.00
10872071,18.10,40.56,7258.10,1.00
10875071,18.11,40.56,6903.99,2.00
10878071,18.10,40.55,7327.74,0.00
10881071,18.11,40.55,6404.89,8.00
10884071,18.11,40.56,6482.40,0.00
10887071,18.11,40.55,6864.39,1.00
10890071,18.11,40.56,6132.59,0.00
10893071,18.11,40.55,6438.29,0.00
10896071,18.11,40.55,6638.78,4.00
10899071,18.12,40.55,6453.59,11.00
10902071,18.12,40.55,6278.27,0.00
10905071,18.12,40.55,6358.80,0.00
10908071,18.12,40.55,5866.25,11.00
10911071,18.12,40.53,5934.77,5.00
10914071,18.12,40.53,7267.06,6.00
10917071,18.12,40.53,6702.12,22.00
10920071,18.12,40.53,7629.98,7.00
10923071,18.12,40.54,7297.93,0.00
10926071,18.13,40.53,6107.69,14.00
10929071,18.13,40.53,6621.68,8.00
10932071,18.12,40.54,6404.62,7.00
10935071,18.13,40.53,5898.10,2.00
10938071,18.13,40.54,7139.34,7.00
10941071,18.13,40.54,6293.15,7.00
10944071,18.13,40.53,7000.67,7.00
10947071,18.13,40.54,6740.04,2.00
10950071,18.13,40.52,6171.72,1.00
10953071,18.12,40.53,6728.05,5.00
10956071,18.13,40.52,6782.31,6.00
10959071,18.14,40.52,6227.12,6.00
10962071,18.13,40.53,6257.03,0.00
10965071,18.13,40.52,6356.78,7.00
10968071,18.13,40.52,7172.83,7.00
10971071,18.12,40.52,6535.87,2.00
10974071,18.12,40.52,6472.70,5.00
10977071,18.13,40.52,6501.00,0.00
10980071,18.13,40.51,5869.70,0.00
10983071,18.12,40.50,7321.17,5.00
10986071,18.12,40.50,6570.95,8.00
10989071,18.12,40.52,6975.98,6.00
10992071,18.12,40.52,6347.63,0.00
10995071,18.12,40.50,8102.81,5.00
10998071,18.12,40.53,5996.50,11.00
11001071,18.12,40.53,6584.61,5.00
11004071,18.11,40.52,6778.50,5.00
11007071,18.11,40.51,6894.11,6.00
11010071,18.12,40.53,7508.89,5.00
11013071,18.11,40.53,8634.98,5.00
11016071,18.11,40.53,6663.98,5.00
11019071,18.11,40.54,6759.79,7.00
11022071,18.11,40.53,7282.56,5.00
11025071,18.11,40.53,6679.05,4.00
11028071,18.11,40.53,6325.99,3.00
11031071,18.11,40.53,5670.89,0.00
11034071,18.11,40.53,6112.22,1.00
11037071,18.11,40.53,6738.18,0.00
11040071,18.11,40.53,6168.84,9.00
11043071,18.11,40.53,6205.34,22.00
11046071,18.11,40.54,6249.94,1.00
11049071,18.12,40.53,6306.66,5.00
11052071,18.11,40.53,5791.68,2.00
11055071,18.11,40.53,6198.73,5.00
11058071,18.12,40.52,7101.11,7.00
11061071,18.12,40.52,6780.58,0.00
11064071,18.11,40.51,5717.15,2.00
11067071,18.12,40.53,6088.05,7.00
11070071,18.11,40.53,5902.69,5.00
11073071,18.11,40.54,6778.13,6.00
11076071,18.11,40.54,6175.81,0.00
11079071,18.11,40.54,7035.17,7.00
11082071,18.11,40.53,5857.59,2.00
11085071,18.11,40.53,8576.24,1.00
11088071,18.11,40.53,6896.60,1.00
11091071,18.11,40.53,5549.32,0.00
11094071,18.10,40.54,6003.29,1.00
11097071,18.10,40.54,5616.49,4.00
11100071,18.10,40.54,6385.96,5.00
11103071,18.10,40.54,6349.11,5.00
11106071,18.10,40.54,7562.30,5.00
11109071,18.10,40.55,6992.37,12.00
11112071,18.10,40.54,6226.83,0.00
11115071,18.10,40.55,6505.71,1.00
11118071,18.10,40.55,5006.63,0.00
11121071,18.10,40.55,6382.13,7.00
11124071,18.10,40.55,5472.24,6.00
11127071,18.10,40.55,5695.87,7.00
11130071,18.10,40.54,5359.37,9.00
11133071,18.09,40.54,5651.47,8.00
11136071,18.10,40.54,6027.26,9.00
11139071,18.10,40.54,6150.16,0.00
11142071,18.09,40.55,5949.62,0.00
11145071,18.09,40.54,6414.30,1.00
11148071,18.09,40.54,6005.60,10.00
11151071,18.10,40.55,5910.58,5.00
11154071,18.09,40.54,5669.64,0.00
11157071,18.09,40.54,5575.85,10.00
11160071,18.09,40.56,5720.12,0.00
11163071,18.09,40.55,5168.58,7.00
11166071,18.09,40.55,5049.94,2.00
11169071,18.09,40.55,5365.10,0.00
11172071,18.09,40.54,5916.44,5.00
11175071,18.09,40.55,5140.23,0.00
11178071,18.10,40.55,5466.84,2.00
11181071,18.10,40.54,5073.79,3.00
11184071,18.10,40.54,5734.64,6.00
11187071,18.09,40.54,5495.05,7.00
11190071,18.09,40.55,4942.45,6.00
11193071,18.09,40.54,5082.76,6.00
11196071,18.09,40.53,5569.52,6.00
11199071,18.09,40.53,6184.42,5.00
11202071,18.10,40.53,5410.28,1.00
11205071,18.10,40.53,5439.43,1.00
11208071,18.09,40.54,6424.44,1.00
11211071,18.09,40.53,5367.97,2.00
11214071,18.09,40.52,4777.23,8.00
11217071,18.10,40.53,5481.65,5.00
11220071,18.10,40.53,4804.15,8.00
11223071,18.09,40.54,5232.21,5.00
11226071,18.09,40.54,5844.46,2.00
11229071,18.09,40.53,5980.29,6.00
11232071,18.09,40.54,5149.37,6.00
11235071,18.09,40.54,5605.63,2.00
11238071,18.09,40.54,5407.86,0.00
11241071,18.09,40.53,5603.40,6.00
11244071,18.09,40.53,5394.71,1.00
11247071,18.09,40.53,5671.52,7.00
11250071,18.10,40.53,5222.76,0.00
11253071,18.10,40.53,5717.41,2.00
11256071,18.10,40.53,5577.92,0.00
11259071,18.10,40.53,5757.60,11.00
11262071,18.10,40.51,5526.44,0.00
11265071,18.10,40.51,6928.05,1.00
11268071,18.10,40.53,6929.07,9.00
11271071,18.10,40.51,6637.24,5.00
11274071,18.10,40.51,5740.93,0.00
11277071,18.10,40.51,5528.68,0.00
11280071,18.10,40.53,5042.02,10.00
11283071,18.10,40.51,5386.75,0.00
11286071,18.10,40.51,5114.94,1.00
11289071,18.10,40.51,5530.66,8.00
11292071,18.10,40.51,5688.84,2.00
11295071,18.10,40.53,5449.78,0.00
11298071,18.10,40.51,4995.95,2.00
11301071,18.10,40.53,6755.21,8.00
11304071,18.10,40.53,5532.45,11.00
11307071,18.10,40.51,5478.65,0.00
11310071,18.09,40.51,5644.47,7.00
11313071,18.10,40.51,6038.15,7.00
11316071,18.10,40.53,5330.11,3.00
11319071,18.09,40.53,5512.72,7.00
11322071,18.10,40.53,5129.96,1.00
11325071,18.09,40.53,5529.18,11.00
11328071,18.09,40.53,5342.06,8.00
11331071,18.09,40.53,5697.70,7.00
11334071,18.09,40.53,6162.58,9.00
11337071,18.09,40.53,5028.00,0.00
11340071,18.09,40.53,5262.29,0.00
11343071,18.08,40.51,9837.75,0.00
11346071,18.09,40.53,8268.08,1.00
11349071,18.09,40.54,5203.01,0.00
11352071,18.09,40.53,5989.81,27.00
11355071,18.08,40.52,5735.28,27.00
11358071,18.09,40.52,5281.82,0.00
11361071,18.09,40.53,5630.41,0.00
11364071,18.09,40.53,6104.57,0.00
11367071,18.09,40.53,6159.69,6.00
11370071,18.10,40.51,5660.46,6.00
11373071,18.09,40.54,6231.05,6.00
11376071,18.09,40.53,5791.27,5.00
11379071,18.09,40.53,5760.97,0.00
11382071,18.09,40.54,5642.72,21.00
11385071,18.09,40.54,5283.93,1.00
11388071,18.09,40.54,6184.99,4.00
11391071,18.09,40.54,5595.28,0.00
11394071,18.09,40.54,6839.29,26.00
11397071,18.09,40.54,5887.08,11.00
11400071,18.09,40.54,5563.37,7.00
11403071,18.10,40.54,5654.72,1.00
11406071,18.10,40.53,7972.82,0.00
11409071,18.10,40.51,6324.35,7.00
11412071,18.10,40.51,5923.96,0.00
11415071,18.10,40.51,5529.27,3.00
11418071,18.09,40.53,4870.28,7.00
11421071,18.10,40.53,5581.87,5.00
11424071,18.10,40.53,5692.14,1.00
11427071,18.09,40.54,5384.99,2.00
11430071,18.10,40.51,7097.98,0.00
11433071,18.09,40.53,5129.38,1.00
11436071,18.10,40.53,4447.84,0.00
11439071,18.09,40.53,5086.33,2.00
11442071,18.10,40.51,4722.48,3.00
11445071,18.10,40.50,5180.39,13.00
11448071,18.10,40.50,5252.24,2.00
11451071,18.10,40.53,4976.53,2.00
11454071,18.10,40.53,5687.83,5.00
11457071,18.10,40.51,6646.24,5.00
11460071,18.10,40.51,6258.58,4.00
11463071,18.10,40.51,7492.40,4.00
11466071,18.10,40.51,6393.65,1.00
11469071,18.10,40.51,6422.73,2.00
11472071,18.11,40.51,5971.63,12.00
11475071,18.10,40.50,6150.17,6.00
11478071,18.10,40.49,6370.15,6.00
11481071,18.10,40.49,6871.56,0.00
11484071,18.11,40.49,6297.10,7.00
11487071,18.11,40.49,6485.14,7.00
11490071,18.11,40.49,5111.16,1.00
11493071,18.11,40.49,5614.61,5.00
11496071,18.10,40.49,4879.80,5.00
11499071,18.10,40.49,5850.67,0.00
11502071,18.10,40.49,5464.18,11.00
11505071,18.10,40.49,5943.68,27.00
11508071,18.10,40.49,5299.20,27.00
11511071,18.10,40.50,5325.94,5.00
11514071,18.10,40.49,5171.81,7.00
11517071,18.10,40.48,5072.29,6.00
11520071,18.10,40.48,5858.48,0.00
11523071,18.10,40.49,6263.15,7.00
11526071,18.10,40.49,5789.61,6.00
11529071,18.10,40.49,5470.07,1.00
11532071,18.10,40.49,5639.48,1.00
11535071,18.10,40.48,5055.69,0.00
11538071,18.11,40.48,5645.15,9.00
11541071,18.11,40.48,5230.69,4.00
11544071,18.11,40.47,5643.17,1.00
11547071,18.11,40.48,5090.93,0.00
11550071,18.11,40.46,5551.06,5.00
11553071,18.11,40.46,5602.43,6.00
11556071,18.11,40.46,6280.21,8.00
11559071,18.11,40.46,6088.88,0.00
11562071,18.11,40.44,5489.12,5.00
11565071,18.12,40.43,5731.90,13.00
11568071,18.12,40.42,5221.27,2.00
11571071,18.12,40.43,5932.58,1.00
11574071,18.12,40.43,5866.24,5.00
11577071,18.12,40.43,7646.97,0.00
11580071,18.12,40.43,6806.43,0.00
11583071,18.12,40.42,7142.52,7.00
11586071,18.12,40.42,8014.04,6.00
11589071,18.12,40.42,6179.57,9.00
11592071,18.12,40.42,6193.52,5.00
11595071,18.11,40.42,6406.75,0.00
11598071,18.11,40.42,5487.91,6.00
11601071,18.11,40.42,6015.29,13.00
11604071,18.12,40.42,5875.55,5.00
11607071,18.12,40.44,5825.10,0.00
11610071,18.12,40.42,5837.93,0.00
11613071,18.12,40.42,6334.12,11.00
11616071,18.11,40.42,5969.64,1.00
11619071,18.11,40.42,6399.35,2.00
11622071,18.11,40.42,6185.32,0.00
11625071,18.11,40.42,6452.94,12.00
11628071,18.11,40.43,7922.32,0.00
11631071,18.11,40.42,6952.46,0.00
11634071,18.11,40.43,6255.06,27.00
11637071,18.11,40.43,6533.81,7.00
11640071,18.11,40.43,6261.75,2.00
11643071,18.11,40.43,6129.37,8.00
11646071,18.11,40.43,5847.10,6.00
11649071,18.11,40.43,6556.00,27.00
11652071,18.12,40.42,6093.46,1.00
11655071,18.11,40.43,6920.21,0.00
11658071,18.11,40.43,5805.51,7.00
11661071,18.11,40.43,10062.34,10.00
11664071,18.11,40.43,5600.86,0.00
11667071,18.11,40.44,5293.13,1.00
11670071,18.11,40.44,6232.99,2.00
11673071,18.11,40.44,5265.85,10.00
11676071,18.11,40.44,5932.85,6.00
11679071,18.10,40.44,5943.83,2.00
11682071,18.10,40.43,6003.13,7.00
11685071,18.11,40.43,5683.72,6.00
11688071,18.11,40.43,5987.71,2.00
11691071,18.10,40.43,5696.09,2.00
11694071,18.10,40.44,5464.78,7.00
11697071,18.11,40.44,6394.10,2.00
11700071,18.11,40.43,5433.13,0.00
11703071,18.10,40.43,5314.66,9.00
11706071,18.10,40.43,6215.99,4.00
11709071,18.10,40.44,5923.80,2.00
11712071,18.10,40.43,5732.94,2.00
11715071,18.10,40.43,6036.78,6.00
11718071,18.10,40.44,6761.90,6.00
11721071,18.10,40.44,6291.30,5.00
11724071,18.10,40.43,5979.50,0.00
11727071,18.10,40.42,5663.94,2.00
11730071,18.10,40.42,5716.88,0.00
11733071,18.10,40.42,6321.05,7.00
11736071,18.10,40.42,6187.02,2.00
11739071,18.10,40.43,5458.61,11.00
11742071,18.10,40.42,5243.51,1.00
11745071,18.10,40.42,5890.72,8.00
11748071,18.10,40.42,7087.15,6.00
11751071,18.10,40.42,7563.80,5.00
11754071,18.10,40.42,6111.53,10.00
11757071,18.10,40.42,5454.67,9.00
11760071,18.10,40.41,5485.22,5.00
11763071,18.10,40.41,6376.58,0.00
11766071,18.10,40.41,6249.35,6.00
11769071,18.10,40.41,6062.60,27.00
11772071,18.10,40.42,6044.06,6.00
11775071,18.10,40.41,5194.85,2.00
11778071,18.10,40.42,5594.95,1.00
11781071,18.10,40.43,6082.89,0.00
11784071,18.10,40.43,5677.08,4.00
11787071,18.10,40.43,5736.34,3.00
11790071,18.09,40.43,5960.19,0.00
11793071,18.09,40.43,5830.89,0.00
11796071,18.09,40.43,5793.86,6.00
11799071,18.09,40.44,5435.53,0.00
11802071,18.09,40.44,5496.25,1.00
11805071,18.08,40.43,5324.25,2.00
11808071,18.08,40.44,6164.70,6.00
11811071,18.08,40.44,4862.39,7.00
11814071,18.08,40.44,5449.56,5.00
11817071,18.08,40.44,5962.90,0.00
11820071,18.08,40.44,5637.82,0.00
11823071,18.08,40.44,5069.95,7.00
11826071,18.08,40.44,5435.39,1.00
11829071,18.08,40.44,6265.63,7.00
11832071,18.08,40.44,6860.66,5.00
11835071,18.08,40.44,7254.10,0.00
11838071,18.09,40.45,7498.98,6.00
11841071,18.08,40.44,6657.77,7.00
11844071,18.08,40.44,6313.98,0.00
11847071,18.08,40.45,6345.12,1.00
11850071,18.08,40.45,6456.50,9.00
11853071,18.08,40.44,6097.70,8.00
11856071,18.07,40.44,5854.97,7.00
11859071,18.08,40.44,5878.89,0.00
11862071,18.08,40.44,5670.26,0.00
11865071,18.09,40.44,6051.37,7.00
11868071,18.09,40.43,6471.48,7.00
11871071,18.09,40.43,5891.53,2.00
11874071,18.09,40.43,6375.68,0.00
11877071,18.09,40.43,5767.81,6.00
11880071,18.10,40.42,5719.81,6.00
11883071,18.09,40.42,6974.44,0.00
11886071,18.09,40.42,6550.29,5.00
11889071,18.09,40.42,5678.48,2.00
11892071,18.09,40.42,5855.03,7.00
11895071,18.09,40.41,6157.70,12.00
11898071,18.10,40.41,6159.11,0.00
11901071,18.09,40.41,5728.11,6.00
11904071,18.09,40.39,5816.01,0.00
11907071,18.09,40.41,6889.83,0.00
11910071,18.09,40.42,6392.28,8.00
11913071,18.08,40.42,5626.64,2.00
11916071,18.09,40.40,6096.22,22.00
11919071,18.09,40.41,6371.08,1.00
11922071,18.09,40.42,6582.74,1.00
11925071,18.08,40.42,5614.99,1.00
11928071,18.09,40.42,5314.92,0.00
11931071,18.09,40.42,5883.69,23.00
11934071,18.09,40.43,5940.00,5.00
11937071,18.09,40.42,5607.55,0.00
11940071,18.08,40.42,6499.17,2.00
11943071,18.09,40.42,6059.41,6.00
11946071,18.09,40.42,5954.35,6.00
11949071,18.09,40.41,6061.78,6.00
11952071,18.09,40.42,6363.02,2.00
11955071,18.08,40.42,6819.98,0.00
11958071,18.09,40.42,6160.40,11.00
11961071,18.08,40.42,6347.71,27.00
11964071,18.09,40.42,6159.60,5.00
11967071,18.08,40.42,6359.16,7.00
11970071,18.09,40.42,6171.42,2.00
11973071,18.08,40.42,7026.64,6.00
11976071,18.09,40.40,6416.91,7.00
11979071,18.09,40.42,5596.75,7.00
11982071,18.09,40.42,4963.46,1.00
11985071,18.08,40.40,5037.26,0.00
11988071,18.08,40.42,5203.36,0.00
11991071,18.08,40.42,4974.87,10.00
11994071,18.08,40.42,6337.90,1.00
11997071,18.09,40.42,6083.61,7.00
12000071,18.08,40.43,6007.79,0.00
12003071,18.08,40.43,6692.66,8.00
12006071,18.08,40.42,6989.33,1.00
12009071,18.08,40.42,7178.11,11.00
12012071,18.08,40.43,6240.45,1.00
12015071,18.07,40.42,6611.65,6.00
12018071,18.07,40.43,5388.53,6.00
12021071,18.07,40.44,5566.89,11.00
12024071,18.07,40.44,5527.60,6.00
12027071,18.07,40.44,5246.86,1.00
12030071,18.07,40.45,12921.84,6.00
12033071,18.07,40.45,5839.80,5.00
12036071,18.07,40.45,5799.46,11.00
12039071,18.07,40.44,5872.49,2.00
12042071,18.07,40.44,4685.84,7.00
12045071,18.07,40.45,5056.70,0.00
12048071,18.07,40.45,5274.93,5.00
12051071,18.07,40.44,5464.91,1.00
12054071,18.07,40.45,5420.22,1.00
12057071,18.06,40.44,5799.46,7.00
12060071,18.06,40.45,5741.28,2.00
12063071,18.07,40.45,5743.72,1.00
12066071,18.06,40.44,6295.94,0.00
12069071,18.07,40.45,6067.08,13.00
12072071,18.07,40.45,5445.62,6.00
12075071,18.06,40.45,6598.29,7.00
12078071,18.06,40.45,5885.60,12.00
12081071,18.07,40.45,5085.67,1.00
12084071,18.07,40.46,6258.95,9.00
12087071,18.06,40.46,5170.96,7.00
12090071,18.06,40.45,5273.21,0.00
12093071,18.07,40.45,6062.31,2.00
12096071,18.07,40.45,5033.26,11.00
12099071,18.07,40.45,5589.77,2.00
12102071,18.07,40.44,5567.53,5.00
12105071,18.08,40.44,5852.42,1.00
12108071,18.08,40.44,5701.01,5.00
12111071,18.08,40.44,5722.37,7.00
12114071,18.08,40.44,5389.03,26.00
12117071,18.09,40.43,5530.96,2.00
12120071,18.09,40.43,6099.30,6.00
12123071,18.09,40.43,6906.10,2.00
12126071,18.08,40.43,5353.51,0.00
12129071,18.08,40.42,5893.68,1.00
12132071,18.08,40.43,5762.44,6.00
12135071,18.09,40.42,5349.59,0.00
12138071,18.08,40.40,5349.20,0.00
12141071,18.09,40.41,5977.28,0.00
12144071,18.08,40.42,6082.87,11.00
12147071,18.09,40.42,4650.50,2.00
12150071,18.08,40.40,5240.07,0.00
12153071,18.08,40.40,5094.30,11.00
12156071,18.08,40.40,5523.91,6.00
12159071,18.08,40.40,5115.67,1.00
12162071,18.08,40.39,5246.35,6.00
12165071,18.09,40.40,5737.34,6.00
12168071,18.09,40.40,6098.23,0.00
12171071,18.08,40.40,5588.70,7.00
12174071,18.08,40.39,5110.47,6.00
12177071,18.07,40.39,5027.52,1.00
12180071,18.08,40.39,5716.30,10.00
12183071,18.08,40.40,5108.95,0.00
12186071,18.08,40.39,5508.43,0.00
12189071,18.08,40.39,5285.52,0.00
12192071,18.08,40.39,4958.63,0.00
12195071,18.08,40.39,5639.69,0.00
12198071,18.08,40.39,5582.71,2.00
12201071,18.08,40.39,5906.82,0.00
12204071,18.08,40.39,5260.82,8.00
12207071,18.08,40.39,5506.23,4.00
12210071,18.07,40.39,5396.27,2.00
12213071,18.08,40.40,4777.97,12.00
12216071,18.08,40.40,5433.94,0.00
12219071,18.08,40.40,6172.10,0.00
12222071,18.08,40.40,6244.76,6.00
12225071,18.08,40.39,4900.86,6.00
12228071,18.08,40.38,4918.41,0.00
12231071,18.08,40.38,5353.52,8.00
12234071,18.08,40.38,5718.15,5.00
12237071,18.07,40.38,5461.35,5.00
12240071,18.08,40.39,5180.84,2.00
12243071,18.08,40.38,5684.51,11.00
12246071,18.08,40.38,5556.48,1.00
12249071,18.08,40.37,5154.70,2.00
12252071,18.08,40.37,5826.55,6.00
12255071,18.08,40.38,5369.29,6.00
12258071,18.09,40.38,4672.74,1.00
12261071,18.08,40.38,5641.24,7.00
12264071,18.08,40.38,6098.83,9.00
12267071,18.09,40.37,5566.12,5.00
12270071,18.09,40.38,5874.41,0.00
12273071,18.10,40.37,5529.72,6.00
12276071,18.09,40.37,5566.50,9.00
12279071,18.10,40.37,5857.80,5.00
12282071,18.10,40.37,6445.97,0.00
12285071,18.10,40.37,5646.66,2.00
12288071,18.09,40.37,5618.58,5.00
12291071,18.10,40.37,5743.00,1.00
12294071,18.09,40.36,5592.73,4.00
12297071,18.09,40.37,5644.55,2.00
12300071,18.10,40.36,5302.52,2.00
12303071,18.09,40.34,5174.07,5.00
12306071,18.09,40.35,5419.91,0.00
12309071,18.09,40.35,5519.71,8.00
12312071,18.09,40.34,5608.55,1.00
12315071,18.09,40.34,5681.79,3.00
12318071,18.09,40.34,5612.87,6.00
12321071,18.09,40.36,4993.15,5.00
12324071,18.09,40.36,6135.08,7.00
12327071,18.09,40.36,5492.15,9.00
12330071,18.09,40.36,5911.95,1.00
12333071,18.09,40.36,4882.50,7.00
12336071,18.09,40.36,5467.26,10.00
12339071,18.08,40.36,5294.47,6.00
12342071,18.09,40.36,6503.67,15.00
12345071,18.08,40.36,5511.29,0.00
12348071,18.08,40.36,5700.81,0.00
12351071,18.08,40.37,5248.04,6.00
12354071,18.08,40.37,5256.52,6.00
12357071,18.08,40.37,5369.80,6.00
12360071,18.08,40.37,5277.71,21.00
12363071,18.08,40.36,5272.61,0.00
12366071,18.08,40.38,5685.34,0.00
12369071,18.09,40.37,5585.94,7.00
12372071,18.08,40.36,5296.35,1.00
12375071,18.08,40.36,5599.20,2.00
12378071,18.08,40.37,5027.81,1.00
12381071,18.08,40.37,5425.47,0.00
12384071,18.08,40.37,4827.32,21.00
12387071,18.08,40.36,4943.05,7.00
12390071,18.08,40.37,5271.07,7.00
12393071,18.08,40.37,4843.50,1.00
12396071,18.08,40.37,5132.21,1.00
12399071,18.08,40.38,5528.45,1.00
12402071,18.07,40.38,5234.06,6.00
12405071,18.07,40.37,5369.37,7.00
12408071,18.07,40.38,5456.52,6.00
12411071,18.07,40.37,4859.70,0.00
12414071,18.08,40.38,4971.34,11.00
12417071,18.07,40.37,5036.65,0.00
12420071,18.07,40.38,5329.46,5.00
12423071,18.07,40.38,5525.11,0.00
12426071,18.07,40.37,4770.64,1.00
12429071,18.07,40.37,5121.83,9.00
12432071,18.07,40.37,5182.07,0.00
12435071,18.07,40.37,5836.57,0.00
12438071,18.07,40.36,4940.01,7.00
12441071,18.07,40.34,5700.79,8.00
12444071,18.07,40.36,6199.93,7.00
12447071,18.07,40.37,6509.54,2.00
12450071,18.08,40.36,6214.69,2.00
12453071,18.08,40.37,6820.57,6.00
12456071,18.07,40.36,5775.42,8.00
12459071,18.07,40.37,5805.88,1.00
12462071,18.08,40.36,4961.27,11.00
12465071,18.08,40.36,5335.21,1.00
12468071,18.07,40.38,5211.17,2.00
12471071,18.07,40.38,5010.97,10.00
12474071,18.07,40.37,4968.14,0.00
12477071,18.07,40.37,4949.64,0.00
12480071,18.07,40.35,5295.98,0.00
12483071,18.07,40.37,5154.97,7.00
12486071,18.07,40.37,5310.47,6.00
12489071,18.07,40.37,5987.97,6.00
12492071,18.07,40.37,5591.35,6.00
12495071,18.07,40.36,5408.12,10.00
12498071,18.07,40.37,5489.14,26.00
12501071,18.06,40.38,4820.80,3.00
12504071,18.07,40.38,5531.54,0.00
12507071,18.07,40.38,5575.53,6.00
12510071,18.07,40.37,5654.42,0.00
12513071,18.07,40.37,5913.60,9.00
12516071,18.07,40.37,5675.79,3.00
12519071,18.07,40.36,5000.61,10.00
12522071,18.07,40.37,5877.33,9.00
12525071,18.07,40.38,7178.31,6.00
12528071,18.07,40.36,6685.73,5.00
12531071,18.07,40.38,6351.10,0.00
12534071,18.07,40.36,5335.41,26.00
12537071,18.07,40.36,5910.65,0.00
12540071,18.07,40.36,5087.25,0.00
12543071,18.08,40.37,5321.37,8.00
12546071,18.07,40.38,5578.67,6.00
12549071,18.07,40.38,5718.79,10.00
12552071,18.08,40.37,5370.61,5.00
12555071,18.07,40.37,5364.30,6.00
12558071,18.07,40.36,5030.60,0.00
12561071,18.08,40.36,5731.80,11.00
12564071,18.08,40.37,5176.77,0.00
12567071,18.08,40.36,4988.85,5.00
12570071,18.07,40.37,5478.94,8.00
12573071,18.08,40.37,5122.96,5.00
12576071,18.08,40.36,4879.52,7.00
12579071,18.08,40.36,5016.73,0.00
12582071,18.08,40.37,5267.90,26.00
12585071,18.08,40.36,4730.46,0.00
12588071,18.08,40.34,4967.02,1.00
12591071,18.08,40.34,5229.61,6.00
12594071,18.09,40.33,4961.68,8.00
12597071,18.09,40.34,5108.58,0.00
12600071,18.09,40.34,5219.74,0.00
12603071,18.09,40.34,5400.90,2.00
12606071,18.08,40.33,5778.59,0.00
12609071,18.08,40.33,5145.06,5.00
12612071,18.08,40.34,5581.37,8.00
12615071,18.08,40.34,5210.24,2.00
12618071,18.09,40.33,5551.21,2.00
12621071,18.08,40.33,5548.81,0.00
12624071,18.08,40.33,5003.65,7.00
12627071,18.09,40.34,5859.82,0.00
12630071,18.08,40.33,6261.48,0.00
12633071,18.08,40.33,5961.93,0.00
12636071,18.08,40.36,6558.62,5.00
12639071,18.08,40.36,5030.89,10.00
12642071,18.08,40.34,5101.10,0.00
12645071,18.07,40.33,5170.71,11.00
12648071,18.07,40.34,5405.63,6.00
12651071,18.08,40.34,5972.16,7.00
12654071,18.08,40.36,5386.37,6.00
12657071,18.07,40.37,5196.04,6.00
12660071,18.08,40.34,5860.40,6.00
12663071,18.07,40.36,5514.94,7.00
12666071,18.07,40.37,4799.86,0.00
12669071,18.07,40.37,5549.89,1.00
12672071,18.07,40.38,5307.80,7.00
12675071,18.07,40.37,5920.85,6.00
12678071,18.07,40.37,4820.87,5.00
12681071,18.07,40.37,5670.29,1.00
12684071,18.07,40.36,5922.45,10.00
12687071,18.07,40.36,5831.23,5.00
12690071,18.08,40.36,5674.93,7.00
12693071,18.07,40.36,6118.40,0.00
12696071,18.08,40.36,6373.57,6.00
12699071,18.07,40.37,6500.82,1.00
12702071,18.07,40.38,6371.91,6.00
12705071,18.07,40.36,5851.89,7.00
12708071,18.07,40.37,6251.53,0.00
12711071,18.07,40.37,5662.95,6.00
12714071,18.07,40.37,5623.46,9.00
12717071,18.07,40.37,5005.15,2.00
12720071,18.07,40.37,5916.67,1.00
12723071,18.06,40.37,5165.85,0.00
12726071,18.07,40.38,5133.13,27.00
12729071,18.07,40.38,5226.81,7.00
12732071,18.07,40.38,5069.12,6.00
12735071,18.07,40.38,5387.41,2.00
12738071,18.07,40.36,6067.45,1.00
12741071,18.07,40.37,5322.91,6.00
12744071,18.07,40.36,5898.63,0.00
12747071,18.08,40.37,6123.13,0.00
12750071,18.08,40.36,6400.01,5.00
12753071,18.07,40.36,6272.47,0.00
12756071,18.08,40.36,5848.21,0.00
12759071,18.09,40.37,5779.39,7.00
12762071,18.09,40.34,5348.83,0.00
12765071,18.09,40.34,6255.54,0.00
12768071,18.09,40.33,6286.46,0.00
12771071,18.08,40.34,5963.31,7.00
12774071,18.08,40.33,5636.54,0.00
12777071,18.08,40.33,6020.47,8.00
12780071,18.08,40.34,6182.16,5.00
12783071,18.09,40.33,5444.48,8.00
12786071,18.09,40.33,5413.67,11.00
12789071,18.08,40.33,5610.05,6.00
12792071,18.09,40.33,6674.65,2.00
12795071,18.09,40.33,5260.54,0.00
12798071,18.08,40.33,5289.81,6.00
12801071,18.08,40.33,5413.07,7.00
12804071,18.09,40.33,5290.29,11.00
12807071,18.09,40.33,5236.85,1.00
12810071,18.09,40.33,4883.42,4.00
12813071,18.09,40.33,5189.80,0.00
12816071,18.08,40.32,4705.01,11.00
12819071,18.09,40.32,4996.66,13.00
12822071,18.08,40.32,6792.90,5.00
12825071,18.09,40.31,6355.07,7.00
12828071,18.08,40.31,5072.97,0.00
12831071,18.09,40.32,6336.67,6.00
12834071,18.09,40.32,5937.03,0.00
12837071,18.09,40.31,6334.99,1.00
12840071,18.09,40.32,5553.80,7.00
12843071,18.08,40.32,5277.74,5.00
12846071,18.09,40.32,4908.70,6.00
12849071,18.08,40.32,6782.29,0.00
12852071,18.09,40.32,6099.17,0.00
12855071,18.08,40.32,5940.06,0.00
12858071,18.09,40.32,6954.25,0.00
12861071,18.08,40.32,5449.60,7.00
12864071,18.08,40.32,5366.94,5.00
12867071,18.08,40.32,5728.00,5.00
12870071,18.08,40.32,6439.50,6.00
12873071,18.08,40.32,7615.80,7.00
12876071,18.08,40.32,6246.61,0.00
12879071,18.08,40.32,6112.09,5.00
12882071,18.08,40.32,5822.24,5.00
12885071,18.08,40.33,5221.56,0.00
12888071,18.07,40.32,5454.32,0.00
12891071,18.07,40.33,5650.17,4.00
12894071,18.07,40.33,6261.12,1.00
12897071,18.07,40.34,6391.37,7.00
12900071,18.07,40.33,5428.21,8.00
12903071,18.07,40.34,6830.65,7.00
12906071,18.06,40.33,7226.41,0.00
12909071,18.06,40.34,6416.80,11.00
12912071,18.06,40.34,5746.41,6.00
12915071,18.06,40.35,5280.59,6.00
12918071,18.06,40.34,6565.82,0.00
12921071,18.07,40.34,5521.45,0.00
12924071,18.06,40.34,5552.42,7.00
12927071,18.07,40.34,5586.32,6.00
12930071,18.06,40.34,5849.19,7.00
12933071,18.07,40.34,5424.20,6.00
12936071,18.07,40.33,5548.91,2.00
12939071,18.07,40.33,5912.87,2.00
12942071,18.07,40.33,6380.10,0.00
12945071,18.07,40.34,5509.56,1.00
12948071,18.07,40.34,6191.85,5.00
12951071,18.07,40.33,5753.80,7.00
12954071,18.07,40.34,5560.58,2.00
12957071,18.07,40.33,6587.14,6.00
12960071,18.07,40.33,6448.48,13.00
12963071,18.08,40.32,6174.82,3.00
12966071,18.08,40.32,5604.83,1.00
12969071,18.07,40.33,5833.56,0.00
12972071,18.07,40.33,5829.70,0.00
12975071,18.07,40.32,5622.39,2.00
12978071,18.07,40.33,5438.72,7.00
12981071,18.08,40.33,5459.62,0.00
12984071,18.07,40.32,5175.47,8.00
12987071,18.08,40.31,5409.97,2.00
12990071,18.08,40.31,5948.08,7.00
12993071,18.08,40.32,6163.85,1.00
12996071,18.08,40.31,5304.47,0.00
12999071,18.07,40.32,5338.31,6.00
13002071,18.08,40.32,5411.06,6.00
13005071,18.07,40.32,6134.89,0.00
13008071,18.07,40.32,5298.79,1.00
13011071,18.08,40.31,5718.45,0.00
13014071,18.07,40.31,5777.02,0.00
13017071,18.08,40.31,5738.16,2.00
13020071,18.08,40.31,5358.78,2.00
13023071,18.07,40.31,5427.84,2.00
13026071,18.07,40.32,5053.91,2.00
13029071,18.07,40.32,5535.70,10.00
13032071,18.08,40.31,5887.32,2.00
13035071,18.07,40.31,6404.28,0.00
13038071,18.08,40.31,5161.92,5.00
13041071,18.07,40.31,5035.14,0.00
13044071,18.08,40.31,5562.84,1.00
13047071,18.08,40.31,5626.73,0.00
13050071,18.07,40.32,4489.73,3.00
13053071,18.07,40.31,6083.88,0.00
13056071,18.07,40.31,5444.22,2.00
13059071,18.07,40.28,6012.32,0.00
13062071,18.07,40.31,5626.81,1.00
13065071,18.07,40.31,5390.88,0.00
13068071,18.07,40.32,5452.77,6.00
13071071,18.07,40.32,5409.40,3.00
13074071,18.06,40.32,5668.34,2.00
13077071,18.07,40.32,5634.89,7.00
13080071,18.06,40.31,5390.92,3.00
13083071,18.07,40.32,5294.44,8.00
13086071,18.07,40.31,5646.13,9.00
13089071,18.06,40.33,5583.97,1.00
13092071,18.07,40.33,5182.09,0.00
13095071,18.07,40.32,5621.68,11.00
13098071,18.07,40.31,5855.35,2.00
13101071,18.07,40.31,5041.80,1.00
13104071,18.07,40.32,5924.06,0.00
13107071,18.07,40.32,5221.33,6.00
13110071,18.08,40.31,5814.46,1.00
13113071,18.07,40.32,5190.85,7.00
13116071,18.07,40.33,5009.31,2.00
13119071,18.07,40.31,5457.89,6.00
13122071,18.07,40.31,4854.68,0.00
13125071,18.07,40.32,5206.57,7.00
13128071,18.07,40.31,6033.24,10.00
13131071,18.07,40.31,5682.91,1.00
13134071,18.07,40.31,6158.06,6.00
13137071,18.06,40.31,5658.06,0.00
13140071,18.07,40.31,5514.29,2.00
13143071,18.07,40.33,5003.48,0.00
13146071,18.06,40.32,4973.45,6.00
13149071,18.06,40.32,5010.38,6.00
13152071,18.06,40.33,4969.17,2.00
13155071,18.06,40.32,5443.96,1.00
13158071,18.06,40.33,5140.77,1.00
13161071,18.06,40.33,5755.22,2.00
13164071,18.06,40.33,5479.87,7.00
13167071,18.05,40.34,5872.09,5.00
13170071,18.06,40.33,5352.68,1.00
13173071,18.06,40.33,6279.27,2.00
13176071,18.05,40.33,5305.72,2.00
13179071,18.05,40.33,5021.37,7.00
13182071,18.06,40.34,5724.30,4.00
13185071,18.05,40.34,5581.72,8.00
13188071,18.05,40.34,5925.17,5.00
13191071,18.06,40.34,6042.71,5.00
13194071,18.05,40.34,5819.92,7.00
13197071,18.05,40.35,6098.57,2.00
13200071,18.05,40.35,5652.41,11.00
13203071,18.05,40.35,5190.34,1.00
13206071,18.05,40.35,5280.19,5.00
13209071,18.05,40.37,4994.95,10.00
13212071,18.05,40.37,5669.09,6.00
13215071,18.05,40.35,5544.37,10.00
13218071,18.05,40.35,5848.37,2.00
13221071,18.05,40.35,5558.75,0.00
13224071,18.05,40.35,5502.03,7.00
13227071,18.05,40.35,5136.51,0.00
13230071,18.05,40.35,5076.91,0.00
13233071,18.05,40.35,5513.36,7.00
13236071,18.04,40.35,5318.08,1.00
13239071,18.05,40.35,5393.49,7.00
13242071,18.04,40.35,5403.16,6.00
13245071,18.04,40.35,6006.38,11.00
13248071,18.04,40.35,5920.80,1.00
13251071,18.04,40.35,5732.78,1.00
13254071,18.05,40.35,6033.87,0.00
13257071,18.05,40.35,5702.50,0.00
13260071,18.04,40.36,5999.40,6.00
13263071,18.04,40.35,5125.81,0.00
13266071,18.04,40.36,5867.83,0.00
13269071,18.04,40.36,5809.85,6.00
13272071,18.04,40.37,6325.45,7.00
13275071,18.05,40.38,5638.08,1.00
13278071,18.05,40.37,5790.35,5.00
13281071,18.04,40.36,5303.96,2.00
13284071,18.04,40.36,5660.84,1.00
13287071,18.04,40.37,5918.18,7.00
13290071,18.04,40.36,5275.21,5.00
13293071,18.04,40.36,5367.85,0.00
13296071,18.04,40.36,5682.65,5.00
13299071,18.04,40.35,5982.54,7.00
13302071,18.04,40.35,6078.64,0.00
13305071,18.04,40.36,6615.02,1.00
13308071,18.04,40.36,6029.70,0.00
13311071,18.04,40.36,5356.08,0.00
13314071,18.04,40.36,5440.78,0.00
13317071,18.04,40.37,5347.21,6.00
13320071,18.04,40.38,6193.39,2.00
13323071,18.03,40.36,6577.13,0.00
13326071,18.04,40.35,8204.61,0.00
13329071,18.04,40.36,6150.96,6.00
13332071,18.04,40.38,6835.68,6.00
13335071,18.04,40.36,6201.08,1.00
13338071,18.03,40.38,6281.06,1.00
13341071,18.03,40.39,6586.11,2.00
13344071,18.04,40.38,5811.14,5.00
13347071,18.04,40.36,6010.98,1.00
13350071,18.03,40.38,6048.56,0.00
13353071,18.04,40.38,5185.58,6.00
13356071,18.03,40.38,5660.09,0.00
13359071,18.04,40.37,5848.61,0.00
13362071,18.04,40.36,6508.49,1.00
13365071,18.04,40.36,6222.96,6.00
13368071,18.04,40.37,6686.39,26.00
13371071,18.04,40.37,5857.67,5.00
13374071,18.04,40.35,6707.90,6.00
13377071,18.04,40.35,6427.35,6.00
13380071,18.05,40.35,6913.18,0.00
13383071,18.05,40.34,6122.94,1.00
13386071,18.04,40.34,5458.21,12.00
13389071,18.05,40.34,6339.01,2.00
13392071,18.04,40.33,5778.49,0.00
13395071,18.04,40.34,5715.48,0.00
13398071,18.04,40.34,5137.42,13.00
13401071,18.04,40.34,6125.85,2.00
13404071,18.04,40.34,5244.38,1.00
13407071,18.04,40.34,7110.58,6.00
13410071,18.04,40.34,6618.93,11.00
13413071,18.04,40.33,6146.27,2.00
13416071,18.04,40.34,6339.35,1.00
13419071,18.04,40.34,5802.72,9.00
13422071,18.04,40.33,5703.02,7.00
13425071,18.04,40.33,5428.17,7.00
13428071,18.04,40.33,5480.37,11.00
13431071,18.04,40.33,5823.96,0.00
13434071,18.04,40.34,5350.27,7.00
13437071,18.04,40.34,6828.05,7.00
13440071,18.04,40.34,6556.48,0.00
13443071,18.04,40.34,5809.03,0.00
13446071,18.04,40.33,6764.83,0.00
13449071,18.04,40.33,5747.65,9.00
13452071,18.04,40.33,5790.75,0.00
13455071,18.04,40.33,7341.34,7.00
13458071,18.04,40.33,6817.64,2.00
13461071,18.04,40.33,5908.75,6.00
13464071,18.04,40.32,5622.12,0.00
13467071,18.04,40.33,5767.54,6.00
13470071,18.04,40.33,25012.82,7.00
13473071,18.04,40.32,5932.92,6.00
13476071,18.05,40.32,6193.91,0.00
13479071,18.04,40.32,6107.41,6.00
13482071,18.05,40.32,6647.30,1.00
13485071,18.04,40.32,5769.55,7.00
13488071,18.04,40.32,6121.68,6.00
13491071,18.04,40.30,6238.64,6.00
13494071,18.04,40.32,7154.67,2.00
13497071,18.04,40.30,6093.10,6.00
13500071,18.04,40.30,5479.60,6.00
13503071,18.04,40.32,7110.66,5.00
13506071,18.04,40.30,5648.28,5.00
13509071,18.05,40.30,6882.60,8.00
13512071,18.05,40.30,7500.42,0.00
13515071,18.04,40.30,6283.28,7.00
13518071,18.05,40.30,8799.76,6.00
13521071,18.05,40.32,6495.11,2.00
13524071,18.04,40.30,5320.05,5.00
13527071,18.05,40.30,10090.87,5.00
13530071,18.05,40.29,5475.25,0.00
13533071,18.05,40.32,4901.49,7.00
13536071,18.05,40.30,5555.79,6.00
13539071,18.05,40.29,6260.57,2.00
13542071,18.05,40.30,5767.25,6.00
13545071,18.05,40.29,6196.36,6.00
13548071,18.05,40.29,6716.82,10.00
13551071,18.05,40.29,5886.35,5.00
13554071,18.05,40.29,6486.99,6.00
13557071,18.05,40.29,9896.84,5.00
13560071,18.05,40.29,5980.50,8.00
13563071,18.04,40.29,6853.30,11.00
13566071,18.05,40.29,6933.15,2.00
13569071,18.05,40.29,8183.15,12.00
13572071,18.05,40.29,6177.62,5.00
13575071,18.05,40.28,6572.01,5.00
13578071,18.05,40.29,6445.99,0.00
13581071,18.05,40.29,7498.64,0.00
13584071,18.05,40.28,6280.16,8.00
13587071,18.05,40.29,5680.54,6.00
13590071,18.05,40.28,6123.36,1.00
13593071,18.05,40.28,6258.92,7.00
13596071,18.04,40.29,6929.65,8.00
13599071,18.04,40.29,7627.63,10.00
13602071,18.04,40.29,5334.13,6.00
13605071,18.04,40.29,5789.35,0.00
13608071,18.04,40.29,7907.11,0.00
13611071,18.04,40.29,5757.95,10.00
13614071,18.04,40.29,6017.04,6.00
13617071,18.04,40.29,5693.61,0.00
13620071,18.04,40.29,5522.50,2.00
13623071,18.04,40.30,5618.34,0.00
13626071,18.03,40.29,5692.55,1.00
13629071,18.03,40.30,5793.62,5.00
13632071,18.03,40.30,5117.14,7.00
13635071,18.03,40.32,6111.94,5.00
13638071,18.03,40.31,7392.71,6.00
13641071,18.03,40.31,5783.85,1.00
13644071,18.03,40.33,5762.02,6.00
13647071,18.03,40.33,6124.62,8.00
13650071,18.03,40.33,5648.42,6.00
13653071,18.02,40.31,4989.58,4.00
13656071,18.03,40.31,5477.30,0.00
13659071,18.03,40.33,5567.08,4.00
13662071,18.03,40.31,5592.93,0.00
13665071,18.02,40.30,5928.92,1.00
13668071,18.02,40.31,4609.32,0.00
13671071,18.02,40.31,5634.09,6.00
13674071,18.03,40.31,5200.93,9.00
13677071,18.02,40.31,5191.65,0.00
13680071,18.02,40.31,5500.76,0.00
13683071,18.03,40.31,5537.16,8.00
13686071,18.02,40.33,5461.07,1.00
13689071,18.02,40.33,6094.88,9.00
13692071,18.02,40.33,5828.40,3.00
13695071,18.02,40.33,5292.02,0.00
13698071,18.02,40.33,6430.02,5.00
13701071,18.02,40.33,6450.09,10.00
13704071,18.02,40.33,6086.44,7.00
13707071,18.02,40.33,5834.68,5.00
13710071,18.02,40.33,5768.17,7.00
13713071,18.01,40.31,5697.23,10.00
13716071,18.02,40.31,5613.60,0.00
13719071,18.02,40.31,5054.70,7.00
13722071,18.02,40.33,5423.82,1.00
13725071,18.02,40.31,5700.64,1.00
13728071,18.02,40.33,5514.57,0.00
13731071,18.02,40.33,6319.71,5.00
13734071,18.02,40.31,6175.03,11.00
13737071,18.02,40.31,5635.86,0.00
13740071,18.02,40.30,5811.85,10.00
13743071,18.02,40.30,5760.04,0.00
13746071,18.02,40.33,5348.17,5.00
13749071,18.02,40.30,5093.47,10.00
13752071,18.02,40.30,5942.46,2.00
13755071,18.02,40.30,6156.91,8.00
13758071,18.02,40.29,5982.26,0.00
13761071,18.02,40.30,7434.21,5.00
13764071,18.03,40.31,7606.85,1.00
13767071,18.02,40.30,6297.38,2.00
13770071,18.02,40.31,5763.68,7.00
13773071,18.02,40.33,5115.94,7.00
13776071,18.03,40.31,5749.61,0.00
13779071,18.02,40.30,5493.15,0.00
13782071,18.03,40.31,5971.75,6.00
13785071,18.02,40.30,5224.40,0.00
13788071,18.02,40.30,5906.90,5.00
13791071,18.03,40.30,5375.05,6.00
13794071,18.03,40.30,5236.23,2.00
13797071,18.02,40.29,5943.09,10.00
13800071,18.03,40.29,5260.70,7.00
13803071,18.02,40.29,5269.86,7.00
13806071,18.03,40.28,6088.21,2.00
13809071,18.02,40.30,5153.63,5.00
13812071,18.02,40.29,5431.91,5.00
13815071,18.02,40.29,5426.63,0.00
13818071,18.02,40.29,5792.31,5.00
13821071,18.02,40.30,5680.36,0.00
13824071,18.00,40.30,5293.29,0.00
13827071,18.01,40.30,4861.66,0.00
13830071,18.02,40.30,5805.36,0.00
13833071,18.02,40.30,5203.36,10.00
13836071,18.02,40.29,5284.31,6.00
13839071,18.02,40.29,5387.63,1.00
13842071,18.02,40.29,5504.42,1.00
13845071,18.02,40.29,5992.72,1.00
13848071,18.01,40.30,6452.93,6.00
13851071,18.02,40.30,5554.88,8.00
13854071,18.02,40.30,5266.34,11.00
13857071,18.01,40.30,6171.78,6.00
13860071,18.01,40.30,5502.65,4.00
13863071,18.01,40.30,5999.06,7.00
13866071,18.02,40.30,6255.16,6.00
13869071,18.01,40.30,6176.00,0.00
13872071,18.02,40.30,5093.73,2.00
13875071,18.02,40.30,5389.31,9.00
13878071,18.02,40.30,5527.75,0.00
13881071,18.01,40.29,5309.30,11.00
13884071,18.01,40.29,5705.59,0.00
13887071,18.01,40.29,5344.91,6.00
13890071,18.02,40.29,5002.47,6.00
13893071,18.01,40.29,5919.11,0.00
13896071,18.01,40.29,5620.01,11.00
13899071,18.01,40.29,5454.99,5.00
13902071,18.01,40.30,6225.25,5.00
13905071,18.01,40.29,7080.40,5.00
13908071,18.01,40.30,5754.23,0.00
13911071,18.01,40.30,6718.39,5.00
13914071,18.01,40.30,6296.32,2.00
13917071,18.01,40.31,6031.43,5.00
13920071,18.01,40.30,6582.79,0.00
13923071,18.01,40.30,5552.31,1.00
13926071,18.00,40.30,5517.29,6.00
13929071,18.00,40.31,5702.29,7.00
13932071,18.00,40.31,5458.08,12.00
13935071,18.01,40.30,5451.03,6.00
13938071,18.01,40.31,5451.23,1.00
13941071,18.00,40.30,5516.35,1.00
13944071,18.00,40.30,5321.52,6.00
13947071,18.00,40.30,5193.89,5.00
13950071,18.00,40.30,4912.72,5.00
13953071,18.01,40.30,5440.50,26.00
13956071,18.00,40.31,5561.97,0.00
13959071,18.00,40.30,5226.02,8.00
13962071,18.00,40.31,6116.00,5.00
13965071,18.00,40.30,5387.85,1.00
13968071,18.01,40.30,6728.48,0.00
13971071,18.01,40.29,5750.72,0.00
13974071,18.01,40.28,5998.53,1.00
13977071,18.01,40.29,5122.74,2.00
13980071,18.01,40.28,6036.80,2.00
13983071,18.01,40.29,5095.95,6.00
13986071,18.01,40.28,5742.74,7.00
13989071,18.02,40.29,5984.12,1.00
13992071,18.02,40.28,6110.22,0.00
13995071,18.02,40.28,6374.54,8.00
13998071,18.03,40.28,9230.38,13.00
14001071,18.03,40.28,7284.60,1.00
14004071,18.03,40.28,5997.93,5.00
14007071,18.02,40.27,6514.55,4.00
14010071,18.03,40.28,6296.63,24.00
14013071,18.02,40.27,5812.39,7.00
14016071,18.02,40.25,6221.42,5.00
14019071,18.02,40.27,5240.86,8.00
14022071,18.02,40.27,5721.12,10.00
14025071,18.02,40.25,6070.52,0.00
14028071,18.02,40.25,5603.58,1.00
14031071,18.02,40.25,5606.45,6.00
14034071,18.02,40.25,5541.29,2.00
14037071,18.02,40.25,6201.09,0.00
14040071,18.02,40.25,5274.29,7.00
14043071,18.02,40.25,5701.46,2.00
14046071,18.02,40.25,6628.87,6.00
14049071,18.02,40.25,5767.09,2.00
14052071,18.02,40.25,6180.76,0.00
14055071,18.02,40.27,5035.49,0.00
14058071,18.02,40.27,5614.22,7.00
14061071,18.02,40.25,5556.38,5.00
14064071,18.02,40.25,6082.75,7.00
14067071,18.02,40.27,6223.40,0.00
14070071,18.02,40.24,5694.59,0.00
14073071,18.02,40.25,5477.28,7.00
14076071,18.02,40.24,6779.83,1.00
14079071,18.02,40.24,5499.18,5.00
14082071,18.02,40.24,5467.46,6.00
14085071,18.03,40.24,5869.35,10.00
14088071,18.02,40.23,5346.02,0.00
14091071,18.02,40.24,5803.11,6.00
14094071,18.03,40.24,5272.81,7.00
14097071,18.03,40.23,6038.07,0.00
14100071,18.03,40.23,6120.57,8.00
14103071,18.03,40.22,6253.21,7.00
14106071,18.03,40.22,5617.85,5.00
14109071,18.03,40.23,5561.06,7.00
14112071,18.03,40.23,6045.49,2.00
14115071,18.03,40.23,6357.08,2.00
14118071,18.03,40.22,5571.17,0.00
14121071,18.02,40.23,5182.85,7.00
14124071,18.02,40.23,5797.81,0.00
14127071,18.02,40.23,5278.74,11.00
14130071,18.02,40.23,5145.09,7.00
14133071,18.03,40.23,5427.83,1.00
14136071,18.03,40.23,6170.90,6.00
14139071,18.02,40.22,5695.92,0.00
14142071,18.03,40.22,5433.34,8.00
14145071,18.03,40.23,6006.74,0.00
14148071,18.03,40.22,5455.14,8.00
14151071,18.02,40.22,5300.57,7.00
14154071,18.03,40.22,6390.56,7.00
14157071,18.03,40.22,6305.43,1.00
14160071,18.03,40.21,6413.05,7.00
14163071,18.03,40.22,6261.65,0.00
14166071,18.03,40.21,6155.99,7.00
14169071,18.03,40.21,5921.72,5.00
14172071,18.03,40.21,5294.02,0.00
14175071,18.03,40.19,5173.08,0.00
14178071,18.03,40.19,5469.18,0.00
14181071,18.02,40.21,5314.60,5.00
14184071,18.03,40.19,5233.76,0.00
14187071,18.03,40.21,5641.90,6.00
14190071,18.03,40.19,5431.62,6.00
14193071,18.03,40.19,5559.45,6.00
14196071,18.03,40.19,6077.15,5.00
14199071,18.03,40.19,5746.80,7.00
14202071,18.03,40.19,5331.92,0.00
14205071,18.02,40.21,4785.13,0.00
14208071,18.03,40.21,5552.66,2.00
14211071,18.03,40.21,4935.59,6.00
14214071,18.03,40.21,5314.09,1.00
14217071,18.03,40.21,5517.12,6.00
14220071,18.02,40.21,5510.50,26.00
14223071,18.03,40.21,5620.24,6.00
14226071,18.03,40.21,5393.20,2.00
14229071,18.03,40.21,5313.74,0.00
14232071,18.03,40.21,5574.69,0.00
14235071,18.02,40.21,5720.80,3.00
14238071,18.02,40.22,6338.02,7.00
14241071,18.03,40.21,5415.64,5.00
14244071,18.03,40.19,5590.47,1.00
14247071,18.03,40.21,5406.77,2.00
14250071,18.02,40.19,5765.42,0.00
14253071,18.03,40.22,6645.88,7.00
14256071,18.02,40.22,5815.70,0.00
14259071,18.03,40.21,5241.63,2.00
14262071,18.03,40.21,5348.03,5.00
14265071,18.02,40.21,5911.93,8.00
14268071,18.03,40.19,5491.43,2.00
14271071,18.03,40.19,5208.97,0.00
14274071,18.02,40.19,5471.07,9.00
14277071,18.02,40.19,6155.55,0.00
14280071,18.02,40.19,6169.92,1.00
14283071,18.02,40.19,5621.03,0.00
14286071,18.03,40.21,5730.54,13.00
14289071,18.02,40.21,5611.08,9.00
14292071,18.03,40.21,5086.84,1.00
14295071,18.02,40.19,6497.59,1.00
14298071,18.02,40.21,6270.28,5.00
14301071,18.03,40.22,5941.84,0.00
14304071,18.03,40.19,4603.01,7.00
14307071,18.02,40.19,5336.69,0.00
14310071,18.02,40.22,5902.15,8.00
14313071,18.03,40.21,5212.16,6.00
14316071,18.02,40.19,5217.83,6.00
14319071,18.02,40.21,6160.06,2.00
14322071,18.02,40.21,5675.39,1.00
14325071,18.02,40.21,5484.64,1.00
14328071,18.02,40.19,6411.50,7.00
14331071,18.01,40.21,6116.29,0.00
14334071,18.01,40.19,5905.49,8.00
14337071,18.01,40.19,6863.38,7.00
14340071,18.01,40.19,7220.66,1.00
14343071,18.01,40.19,6009.34,1.00
14346071,18.02,40.19,5518.90,0.00
14349071,18.02,40.19,5088.36,7.00
14352071,18.02,40.19,5697.88,5.00
14355071,18.01,40.19,5827.26,0.00
14358071,18.02,40.19,5755.59,2.00
14361071,18.01,40.18,6259.31,5.00
14364071,18.01,40.19,5775.59,7.00
14367071,18.02,40.19,5540.46,11.00
14370071,18.01,40.21,5742.28,6.00
14373071,18.01,40.21,5615.96,0.00
14376071,18.00,40.22,5207.86,8.00
14379071,18.01,40.21,4919.94,9.00
14382071,18.01,40.21,5440.24,2.00
14385071,18.01,40.21,5697.55,0.00
14388071,18.01,40.21,5053.42,7.00
14391071,18.01,40.22,6501.42,0.00
14394071,18.01,40.19,5421.11,8.00
14397071,18.01,40.19,6345.56,1.00
14400071,18.01,40.22,5210.87,6.00
14403071,18.01,40.22,5071.95,10.00
14406071,18.01,40.22,5310.97,7.00
14409071,18.01,40.22,6320.19,0.00
14412071,18.00,40.20,5745.10,1.00
14415071,18.00,40.22,5642.95,2.00
14418071,18.01,40.22,5269.85,0.00
14421071,18.00,40.20,5195.32,0.00
14424071,18.00,40.22,5474.35,12.00
14427071,18.00,40.20,5596.34,1.00
14430071,18.00,40.22,5329.52,0.00
14433071,18.00,40.22,5637.18,7.00
14436071,18.01,40.20,5450.91,1.00
14439071,18.01,40.20,6233.03,2.00
14442071,18.00,40.20,5801.15,6.00
14445071,18.00,40.20,5082.35,6.00
14448071,18.00,40.22,5614.10,1.00
14451071,18.00,40.22,5461.98,2.00
14454071,18.00,40.23,5033.53,2.00
14457071,18.00,40.23,5488.31,7.00
14460071,18.00,40.22,5883.87,1.00
14463071,17.99,40.22,5400.26,2.00
14466071,18.00,40.22,5209.68,5.00
14469071,17.99,40.23,5556.13,0.00
14472071,17.99,40.23,5772.34,5.00
14475071,17.99,40.22,6053.79,1.00
14478071,17.99,40.23,5732.68,5.00
14481071,17.99,40.23,5492.66,0.00
14484071,17.99,40.24,5636.19,5.00
14487071,17.99,40.24,6352.89,1.00
14490071,17.98,40.24,4999.31,2.00
14493071,17.98,40.24,5266.50,10.00
14496071,17.99,40.24,5084.33,6.00
14499071,17.99,40.24,5160.27,5.00
14502071,17.99,40.24,5167.09,5.00
14505071,17.98,40.24,5286.21,6.00
14508071,17.98,40.24,5683.60,2.00
14511071,17.99,40.23,6181.18,4.00
14514071,17.98,40.23,4976.88,7.00
14517071,17.99,40.24,5321.80,5.00
14520071,17.99,40.23,6218.07,0.00
14523071,17.99,40.24,5921.24,1.00
14526071,17.99,40.24,5606.02,2.00
14529071,17.99,40.24,5480.06,1.00
14532071,17.99,40.21,5444.47,0.00
14535071,17.99,40.23,5459.06,7.00
14538071,17.99,40.23,5939.68,0.00
14541071,17.99,40.23,5147.08,2.00
14544071,17.99,40.23,5082.36,0.00
14547071,17.99,40.23,5666.98,7.00
14550071,18.00,40.22,5862.69,6.00
14553071,18.00,40.22,6503.29,6.00
14556071,18.00,40.20,5674.51,8.00
14559071,18.00,40.20,5178.79,0.00
14562071,18.01,40.19,6539.12,5.00
14565071,18.01,40.19,5285.95,5.00
14568071,18.00,40.19,4981.91,1.00
14571071,18.00,40.19,5984.94,6.00
14574071,18.00,40.19,5254.81,5.00
14577071,18.01,40.17,5224.61,5.00
14580071,18.01,40.18,5662.89,0.00
14583071,18.01,40.19,4903.58,8.00
14586071,18.01,40.18,5600.99,2.00
14589071,18.01,40.17,5842.84,11.00
14592071,18.01,40.17,5540.56,7.00
14595071,18.01,40.18,4891.29,6.00
14598071,18.01,40.17,5438.12,0.00
14601071,18.02,40.16,5103.44,7.00
14604071,18.02,40.16,5496.81,8.00
14607071,18.02,40.16,6507.34,0.00
14610071,18.02,40.16,5960.98,7.00
14613071,18.03,40.15,5775.85,12.00
14616071,18.03,40.15,5094.24,4.00
14619071,18.03,40.15,6337.92,3.00
14622071,18.03,40.15,5333.14,0.00
14625071,18.02,40.13,6071.71,27.00
14628071,18.03,40.15,6140.53,0.00
14631071,18.03,40.13,5138.61,6.00
14634071,18.02,40.13,5558.16,5.00
14637071,18.03,40.13,5164.34,7.00
14640071,18.02,40.13,5120.47,25.00
14643071,18.02,40.15,5068.49,11.00
14646071,18.02,40.13,5257.79,1.00
14649071,18.02,40.13,6306.87,6.00
14652071,18.02,40.14,5712.08,7.00
14655071,18.02,40.16,6400.41,8.00
14658071,18.01,40.14,5799.41,7.00
14661071,18.02,40.14,4945.06,5.00
14664071,18.02,40.16,5519.41,0.00
14667071,18.02,40.16,5077.62,6.00
14670071,18.01,40.16,5452.61,26.00
14673071,18.01,40.17,5471.46,6.00
14676071,18.01,40.14,5677.72,0.00
14679071,18.02,40.16,5777.13,2.00
14682071,18.01,40.14,6392.31,0.00
14685071,18.02,40.14,5274.51,5.00
14688071,18.02,40.16,5641.47,0.00
14691071,18.01,40.16,5433.71,5.00
14694071,18.01,40.16,6830.83,5.00
14697071,18.02,40.14,7194.74,1.00
14700071,18.02,40.14,6052.83,5.00
14703071,18.02,40.14,6443.17,2.00
14706071,18.02,40.13,6049.24,6.00
14709071,18.02,40.16,5101.59,6.00
14712071,18.01,40.16,5136.02,5.00
14715071,18.01,40.14,5417.46,0.00
14718071,18.01,40.14,5885.09,2.00
14721071,18.01,40.16,5998.40,8.00
14724071,18.01,40.16,7552.48,0.00
14727071,18.00,40.17,5699.75,5.00
14730071,18.01,40.17,5705.53,0.00
14733071,18.01,40.17,6005.69,1.00
14736071,18.01,40.16,5517.85,0.00
14739071,18.01,40.17,6184.00,12.00
14742071,18.01,40.17,6580.84,6.00
14745071,18.01,40.17,6127.05,7.00
14748071,18.00,40.18,4997.16,0.00
14751071,18.01,40.17,5316.88,6.00
14754071,18.00,40.16,5055.91,2.00
14757071,18.00,40.17,5447.89,6.00
14760071,18.01,40.17,5628.00,26.00
14763071,18.01,40.16,5414.72,0.00
14766071,18.01,40.16,5267.20,6.00
14769071,18.01,40.17,5967.37,0.00
14772071,18.01,40.16,5730.31,0.00
14775071,18.01,40.17,5393.46,1.00
14778071,18.01,40.16,5448.91,6.00
14781071,18.01,40.16,5381.52,0.00
14784071,18.01,40.14,5649.95,5.00
14787071,18.01,40.14,5675.86,6.00
14790071,18.01,40.14,4841.88,2.00
14793071,18.01,40.14,5496.66,8.00
14796071,18.01,40.14,6108.46,1.00
14799071,18.01,40.14,5010.22,1.00
14802071,18.01,40.16,5778.38,5.00
14805071,18.01,40.16,5651.32,2.00
14808071,18.01,40.14,5530.23,0.00
14811071,18.01,40.14,4832.84,6.00
14814071,18.01,40.16,5276.64,6.00
14817071,18.01,40.16,5346.43,5.00
14820071,18.01,40.16,5843.08,9.00
14823071,18.00,40.16,5545.93,7.00
14826071,18.00,40.14,5268.63,4.00
14829071,18.01,40.16,5602.91,0.00
14832071,18.00,40.17,5735.32,0.00
14835071,18.00,40.17,6132.26,4.00
14838071,18.00,40.17,6238.21,1.00
14841071,17.99,40.17,6000.72,6.00
14844071,18.00,40.17,6042.41,7.00
14847071,17.99,40.17,5424.38,1.00
14850071,17.99,40.17,5890.26,2.00
14853071,17.99,40.18,4697.47,6.00
14856071,17.99,40.17,5262.83,0.00
14859071,17.99,40.17,5746.35,26.00
14862071,17.99,40.17,5267.05,0.00
14865071,17.99,40.17,5697.03,2.00
14868071,17.99,40.18,5860.74,2.00
14871071,17.99,40.15,5550.44,0.00
14874071,17.99,40.17,5490.02,5.00
14877071,17.99,40.17,5258.33,2.00
14880071,17.98,40.15,5775.36,0.00
14883071,17.99,40.17,5933.17,1.00
14886071,17.99,40.17,5987.11,0.00
14889071,18.00,40.18,5989.86,8.00
14892071,17.99,40.18,5125.65,7.00
14895071,17.99,40.18,5396.41,4.00
14898071,17.99,40.18,5824.27,7.00
14901071,17.99,40.19,5208.76,7.00
14904071,17.99,40.19,5961.72,9.00
14907071,17.99,40.17,5625.29,2.00
14910071,17.99,40.19,5471.83,5.00
14913071,17.99,40.18,5201.69,5.00
14916071,17.99,40.18,4907.06,27.00
14919071,17.99,40.19,4839.29,5.00
14922071,17.98,40.18,5187.26,23.00
14925071,17.98,40.19,5763.89,1.00
14928071,17.98,40.19,5312.52,5.00
14931071,17.98,40.20,5253.00,0.00
14934071,17.99,40.19,5345.11,6.00
14937071,17.98,40.19,5683.82,0.00
14940071,17.98,40.19,4966.89,5.00
14943071,17.98,40.19,5859.80,10.00
14946071,17.98,40.20,5583.26,7.00
14949071,17.98,40.20,5772.09,5.00
14952071,17.98,40.20,5257.51,7.00
14955071,17.98,40.19,5207.71,5.00
14958071,17.98,40.19,4827.59,0.00
14961071,17.98,40.20,5354.35,8.00
14964071,17.98,40.20,5481.35,5.00
14967071,17.98,40.19,4798.45,1.00
14970071,17.99,40.19,4866.99,9.00
14973071,17.98,40.20,5694.61,1.00
14976071,17.99,40.18,6196.82,6.00
14979071,17.99,40.19,5905.10,6.00
14982071,17.99,40.18,4878.74,9.00
14985071,17.99,40.19,5926.26,6.00
14988071,17.98,40.18,6310.70,7.00
14991071,17.99,40.18,5237.35,0.00
14994071,17.98,40.18,5541.25,11.00
14997071,17.99,40.18,5571.95,2.00
15000071,17.99,40.19,5624.26,1.00
15003071,17.99,40.18,5946.84,3.00
15006071,17.99,40.18,5396.58,5.00
15009071,17.99,40.18,5588.69,2.00
15012071,17.99,40.17,5172.63,1.00
15015071,17.99,40.18,5070.69,0.00
15018071,17.99,40.17,4880.66,0.00
15021071,17.99,40.18,5695.98,6.00
15024071,17.99,40.18,5572.45,1.00
15027071,17.98,40.17,5098.12,0.00
15030071,17.98,40.17,5282.77,8.00
15033071,17.98,40.17,4831.20,6.00
15036071,17.98,40.18,5395.73,2.00
15039071,17.99,40.17,6266.41,5.00
15042071,17.98,40.18,6074.88,0.00
15045071,17.98,40.18,5534.46,0.00
15048071,17.98,40.18,4901.84,5.00
15051071,17.98,40.19,5736.90,10.00
15054071,17.98,40.18,5098.86,7.00
15057071,17.98,40.18,5525.32,5.00
15060071,17.98,40.18,5849.15,7.00
15063071,17.97,40.18,6367.92,0.00
15066071,17.98,40.18,5460.92,6.00
15069071,17.98,40.18,5545.89,0.00
15072071,17.98,40.17,5680.45,6.00
15075071,17.98,40.17,6074.01,6.00
15078071,17.98,40.17,5356.79,5.00
15081071,17.98,40.17,5581.68,0.00
15084071,17.98,40.17,5278.91,1.00
15087071,17.98,40.17,4998.53,1.00
15090071,17.98,40.18,5903.20,1.00
15093071,17.98,40.17,6156.48,0.00
15096071,17.98,40.17,5538.44,0.00
15099071,17.98,40.17,6150.23,6.00
15102071,17.99,40.17,6041.70,0.00
15105071,17.98,40.17,5763.41,3.00
15108071,17.98,40.17,5291.93,0.00
15111071,17.98,40.17,5381.43,6.00
15114071,17.98,40.17,5518.70,7.00
15117071,17.98,40.17,5692.56,0.00
15120071,17.98,40.17,5694.33,0.00
15123071,17.98,40.18,4902.01,7.00
15126071,17.98,40.18,5505.69,0.00
15129071,17.98,40.18,5770.90,10.00
15132071,17.98,40.18,5812.95,0.00
15135071,17.98,40.17,6693.56,6.00
15138071,17.98,40.17,5030.38,8.00
15141071,17.98,40.17,5173.87,0.00
15144071,17.98,40.15,6265.87,0.00
15147071,17.99,40.15,5957.07,6.00
15150071,17.99,40.15,6109.52,0.00
15153071,17.99,40.15,6054.80,27.00
15156071,17.99,40.15,6177.74,0.00
15159071,17.99,40.14,7337.18,6.00
15162071,17.99,40.15,6581.33,0.00
15165071,17.99,40.15,5637.13,14.00
15168071,17.99,40.14,5821.55,5.00
15171071,17.99,40.15,5275.20,10.00
15174071,17.99,40.15,5859.89,14.00
15177071,17.99,40.14,5868.16,0.00
15180071,18.00,40.13,5599.40,7.00
15183071,17.99,40.15,5988.02,2.00
15186071,17.99,40.15,5179.77,0.00
15189071,17.99,40.15,6243.74,1.00
15192071,17.99,40.17,5465.22,7.00
15195071,17.98,40.17,5882.10,5.00
15198071,17.99,40.17,5485.19,6.00
15201071,17.99,40.15,6224.87,1.00
15204071,17.99,40.17,6035.77,6.00
15207071,17.98,40.17,5881.93,10.00
15210071,17.99,40.15,6610.82,0.00
15213071,17.99,40.15,6857.24,0.00
15216071,17.98,40.15,6163.51,0.00
15219071,17.98,40.17,5582.70,5.00
15222071,17.98,40.17,5523.23,6.00
15225071,17.98,40.17,4932.06,0.00
15228071,17.98,40.15,5486.46,0.00
15231071,17.98,40.17,5895.73,6.00
15234071,17.98,40.15,5760.14,13.00
15237071,17.98,40.17,5606.86,2.00
15240071,17.98,40.17,5784.16,1.00
15243071,17.98,40.17,5474.44,1.00
15246071,17.99,40.15,5848.52,7.00
15249071,17.98,40.15,6906.58,2.00
15252071,17.99,40.15,5485.50,6.00
15255071,17.98,40.15,5574.30,1.00
15258071,17.99,40.15,6148.30,5.00
15261071,17.98,40.17,6495.61,5.00
15264071,17.98,40.17,5148.17,1.00
15267071,17.98,40.17,5880.95,8.00
15270071,17.98,40.18,6018.23,7.00
15273071,17.98,40.17,5079.03,11.00
15276071,17.98,40.15,6453.88,6.00
15279071,17.98,40.17,5113.42,1.00
15282071,17.99,40.15,5207.55,2.00
15285071,17.99,40.15,5211.53,6.00
15288071,17.99,40.17,5635.43,6.00
15291071,17.99,40.17,5284.29,0.00
15294071,17.99,40.15,5237.78,6.00
15297071,17.98,40.15,5304.95,22.00
15300071,17.99,40.15,5430.93,1.00
15303071,17.98,40.15,5637.73,9.00
15306071,17.99,40.14,5172.93,0.00
15309071,17.98,40.17,5729.42,1.00
15312071,17.99,40.15,5827.37,0.00
15315071,17.99,40.17,5847.00,6.00
15318071,17.99,40.14,5411.48,3.00
15321071,17.99,40.14,5843.48,2.00
15324071,17.99,40.13,6286.67,10.00
15327071,17.99,40.14,5578.45,5.00
15330071,17.99,40.14,6088.80,0.00
15333071,17.99,40.14,5370.48,7.00
15336071,17.99,40.14,5238.73,1.00
15339071,18.00,40.13,5101.37,5.00
15342071,18.00,40.13,5314.95,1.00
15345071,17.99,40.13,6139.35,2.00
15348071,17.99,40.14,5590.21,7.00
15351071,17.99,40.13,4729.67,7.00
15354071,17.99,40.13,6182.40,5.00
15357071,18.00,40.13,5779.38,0.00
15360071,17.99,40.14,5878.79,2.00
15363071,17.99,40.13,5406.12,5.00
15366071,17.99,40.13,5147.74,0.00
15369071,17.99,40.13,5300.29,6.00
15372071,17.99,40.13,5750.19,7.00
15375071,17.99,40.13,5969.85,6.00
15378071,17.99,40.13,4922.94,6.00
15381071,17.99,40.14,6569.90,2.00
15384071,17.99,40.13,5875.03,1.00
15387071,17.99,40.14,5354.77,7.00
15390071,17.99,40.14,5069.34,6.00
15393071,17.99,40.14,6282.26,1.00
15396071,17.99,40.13,5142.20,0.00
15399071,17.99,40.13,5066.31,5.00
15402071,17.99,40.13,6377.47,0.00
15405071,17.99,40.13,5430.27,0.00
15408071,17.99,40.12,5045.43,7.00
15411071,17.99,40.12,5730.00,1.00
15414071,17.99,40.13,5466.92,7.00
15417071,18.00,40.13,5499.05,0.00
15420071,17.99,40.13,5389.03,2.00
15423071,18.00,40.13,5256.08,0.00
15426071,18.00,40.12,5774.56,1.00
15429071,17.99,40.12,5383.87,6.00
15432071,17.99,40.13,5756.19,6.00
15435071,18.00,40.12,5304.82,5.00
15438071,17.99,40.12,5538.94,1.00
15441071,17.99,40.11,5753.16,0.00
15444071,17.99,40.12,5751.66,2.00
15447071,18.00,40.11,5717.04,11.00
15450071,17.99,40.12,6369.66,24.00
15453071,17.99,40.12,7208.28,6.00
15456071,17.99,40.12,6057.42,6.00
15459071,17.99,40.11,6144.48,0.00
15462071,17.99,40.11,5574.66,0.00
15465071,17.99,40.12,5764.98,8.00
15468071,17.99,40.12,4860.77,1.00
15471071,17.99,40.12,5332.80,1.00
15474071,17.99,40.13,5300.00,1.00
15477071,17.99,40.12,6082.79,9.00
15480071,17.99,40.13,5672.26,8.00
15483071,17.99,40.13,6212.53,6.00
15486071,17.99,40.12,5755.87,13.00
15489071,17.99,40.12,6031.56,9.00
15492071,17.98,40.13,6122.73,2.00
15495071,17.98,40.13,6160.04,7.00
15498071,17.98,40.12,5815.56,1.00
15501071,17.98,40.13,5790.46,1.00
15504071,17.97,40.13,5385.92,6.00
15507071,17.98,40.15,5840.25,2.00
15510071,17.98,40.15,5664.58,7.00
15513071,17.97,40.15,6284.42,0.00
15516071,17.98,40.15,6402.76,7.00
15519071,17.98,40.15,6339.79,11.00
15522071,17.98,40.15,5716.93,0.00
15525071,17.98,40.14,5865.52,5.00
15528071,17.98,40.14,5206.57,5.00
15531071,17.98,40.14,5586.42,2.00
15534071,17.98,40.13,5645.88,1.00
15537071,17.98,40.14,5461.79,0.00
15540071,17.98,40.13,5953.27,11.00
15543071,17.97,40.13,5798.27,27.00
15546071,17.98,40.13,5421.32,26.00
15549071,17.97,40.14,5885.81,5.00
15552071,17.97,40.13,5505.51,0.00
15555071,17.98,40.13,6550.99,11.00
15558071,17.98,40.13,6456.44,2.00
15561071,17.98,40.13,6056.68,0.00
15564071,17.97,40.13,5314.22,0.00
15567071,17.98,40.14,5566.28,7.00
15570071,17.98,40.14,6054.69,0.00
15573071,17.97,40.14,6510.11,2.00
15576071,17.97,40.14,6664.66,0.00
15579071,17.97,40.15,6654.46,0.00
15582071,17.98,40.14,6654.46,0.00
15585071,17.97,40.14,6654.46,6.00
15590958,17.97,40.14,0.00,7.00
15593958,17.97,40.15,5399.08,2.00
15596958,17.98,40.15,5412.44,7.00
15599958,17.97,40.14,5455.90,1.00
15602958,17.98,40.14,6157.62,0.00
15605958,17.97,40.14,5075.24,6.00
15608958,17.98,40.14,5637.63,2.00
15611958,17.97,40.14,4769.76,0.00
15614958,17.98,40.14,5530.18,21.00
15617958,17.98,40.14,5579.80,1.00
15620958,17.97,40.14,5713.95,0.00
15623958,17.97,40.14,4598.22,0.00
15626958,17.98,40.14,5112.08,5.00
15629958,17.97,40.14,5892.69,5.00
15632958,17.98,40.14,5497.21,12.00
15635958,17.97,40.14,5716.74,2.00
15638958,17.97,40.14,5280.96,6.00
15641958,17.97,40.13,5584.27,1.00
15644958,17.97,40.13,5946.45,2.00
15647958,17.97,40.14,5593.58,4.00
15650958,17.96,40.14,6119.00,4.00
15653958,17.96,40.14,5986.93,7.00
15656958,17.96,40.15,6146.04,0.00
15659958,17.96,40.15,5482.84,0.00
15662958,17.96,40.15,5219.19,0.00
15665958,17.97,40.14,5506.82,0.00
15668958,17.96,40.15,5832.35,0.00
15671958,17.96,40.15,5279.34,1.00
15674958,17.96,40.15,5382.20,7.00
15677958,17.95,40.15,6004.18,8.00
15680958,17.96,40.15,4905.35,1.00
15683958,17.95,40.14,5016.30,0.00
15686958,17.95,40.14,5479.41,0.00
15689958,17.96,40.14,5659.70,0.00
15692958,17.96,40.14,5762.24,5.00
15695958,17.96,40.13,5214.78,0.00
15698958,17.96,40.13,5537.80,6.00
15701958,17.95,40.14,5334.42,0.00
15704958,17.95,40.14,5593.35,9.00
15707958,17.96,40.13,5467.04,8.00
15710958,17.95,40.14,5275.91,6.00
15713958,17.95,40.14,5963.60,10.00
15716958,17.95,40.14,5640.41,6.00
15719958,17.95,40.15,5954.44,0.00
15722958,17.96,40.14,5118.46,9.00
15725958,17.95,40.14,6252.26,4.00
15728958,17.95,40.14,5337.26,0.00
15731958,17.96,40.15,5742.70,5.00
15734958,17.96,40.13,5599.60,1.00
15737958,17.96,40.14,5348.84,2.00
15740958,17.96,40.13,5905.36,7.00
15743958,17.96,40.12,5366.05,8.00
15746958,17.96,40.12,6135.70,5.00
15749958,17.96,40.12,5515.63,9.00
15752958,17.97,40.12,5751.21,6.00
15755958,17.96,40.12,5450.58,0.00
15758958,17.96,40.10,5324.40,2.00
15761958,17.96,40.12,5991.89,0.00
15764958,17.96,40.12,5465.79,6.00
15767958,17.95,40.13,6030.49,7.00
15770958,17.96,40.12,5810.26,1.00
15773958,17.96,40.12,5298.63,17.00
15776958,17.96,40.12,4659.15,11.00
15779958,17.96,40.12,5095.73,26.00
15782958,17.96,40.12,5373.09,0.00
15785958,17.97,40.12,5334.65,7.00
15788958,17.96,40.12,5272.98,0.00
15791958,17.96,40.12,5482.94,10.00
15794958,17.96,40.10,4918.34,6.00
15797958,17.96,40.12,6102.53,0.00
15800958,17.95,40.12,5614.33,0.00
15803958,17.95,40.12,6768.13,6.00
15806958,17.96,40.10,8025.96,0.00
15809958,17.96,40.10,5216.31,5.00
15812958,17.95,40.10,6059.55,0.00
15815958,17.95,40.10,5925.82,1.00
15818958,17.96,40.12,5227.89,23.00
15821958,17.96,40.10,5192.85,0.00
15824958,17.95,40.12,5092.85,17.00
15827958,17.96,40.10,5350.67,9.00
15830958,17.96,40.12,5451.07,8.00
15833958,17.96,40.10,5235.36,0.00
15836958,17.96,40.10,5251.04,6.00
15839958,17.97,40.10,5400.65,7.00
15842958,17.97,40.09,5814.17,4.00
15845958,17.98,40.09,5132.98,8.00
15848958,17.97,40.09,5286.99,6.00
15851958,17.97,40.09,4805.10,5.00
15854958,17.97,40.09,6183.43,8.00
15857958,17.97,40.08,6097.31,2.00
15860958,17.97,40.08,5217.03,1.00
15863958,17.98,40.08,5069.37,1.00
15866958,17.98,40.08,5359.70,7.00
15869958,17.98,40.07,5898.97,5.00
15872958,17.97,40.07,6171.01,2.00
15875958,17.98,40.07,5241.59,0.00
15878958,17.97,40.07,5025.47,3.00
15881958,17.98,40.07,6066.02,6.00
15884958,17.98,40.06,5826.51,6.00
15887958,17.98,40.07,5763.65,6.00
15890958,17.98,40.06,5583.68,6.00
15893958,17.98,40.05,5542.25,0.00
15896958,17.98,40.04,5224.80,0.00
15899958,17.98,40.05,5040.24,2.00
15902958,17.98,40.05,5895.91,0.00
15905958,17.98,40.04,5218.37,7.00
15908958,17.98,40.04,5529.08,6.00
15911958,17.98,40.04,5444.86,6.00
15914958,17.98,40.04,5531.13,1.00
15917958,17.97,40.06,5283.53,2.00
15920958,17.97,40.04,4673.37,2.00
15923958,17.97,40.04,5625.34,8.00
15926958,17.97,40.06,5356.22,7.00
15929958,17.97,40.06,5403.27,6.00
15932958,17.97,40.06,6300.52,6.00
15935958,17.97,40.06,5565.22,6.00
15938958,17.96,40.06,6121.87,0.00
15941958,17.96,40.07,6111.25,11.00
15944958,17.96,40.07,5479.86,1.00
15947958,17.96,40.05,5453.01,7.00
15950958,17.96,40.07,5636.15,4.00
15953958,17.96,40.06,5344.37,10.00
15956958,17.96,40.05,6450.32,6.00
15959958,17.96,40.05,6437.38,1.00
15962958,17.95,40.05,6208.92,4.00
15965958,17.95,40.07,5768.54,1.00
15968958,17.95,40.05,5898.04,5.00
15971958,17.95,40.07,5605.69,5.00
15974958,17.95,40.07,5646.77,5.00
15977958,17.94,40.08,5164.97,6.00
15980958,17.94,40.08,4717.14,5.00
15983958,17.94,40.08,4668.93,0.00
15986958,17.94,40.07,5588.23,0.00
15989958,17.94,40.07,5298.37,0.00
15992958,17.94,40.08,5644.42,5.00
15995958,17.94,40.09,6175.76,1.00
15998958,17.94,40.08,5440.75,11.00
16001958,17.94,40.07,5837.97,0.00
16004958,17.94,40.07,6453.30,0.00
16007958,17.94,40.08,5273.34,7.00
16010958,17.94,40.08,5444.28,7.00
16013958,17.94,40.08,4997.37,1.00
16016958,17.93,40.08,5519.71,0.00
16019958,17.94,40.08,5714.24,8.00
16022958,17.94,40.09,6536.75,1.00
16025958,17.93,40.08,11912.62,2.00
16028958,17.93,40.09,5441.49,10.00
16031958,17.93,40.08,6052.44,6.00
16034958,17.93,40.09,5752.62,6.00
16037958,17.93,40.09,5363.21,1.00
16040958,17.93,40.09,5705.38,1.00
16043958,17.93,40.10,5880.29,0.00
16046958,17.93,40.10,5457.79,0.00
16049958,17.92,40.10,5767.23,2.00
16052958,17.92,40.10,5605.09,6.00
16055958,17.93,40.10,5315.34,7.00
16058958,17.92,40.09,5630.75,1.00
16061958,17.92,40.09,6599.14,7.00
16064958,17.92,40.09,5234.95,0.00
16067958,17.93,40.10,5706.79,7.00
16070958,17.93,40.09,5534.72,1.00
16073958,17.93,40.09,6014.42,0.00
16076958,17.93,40.08,5015.03,0.00
16079958,17.92,40.09,5437.52,0.00
16082958,17.93,40.09,4883.37,0.00
16085958,17.92,40.10,5868.25,4.00
16088958,17.92,40.09,4743.42,27.00
16091958,17.92,40.09,5650.65,1.00
16094958,17.92,40.08,5526.83,7.00
16097958,17.93,40.08,5982.15,5.00
16100958,17.93,40.08,5381.54,0.00
16103958,17.92,40.09,5442.45,2.00
16106958,17.92,40.08,6956.05,6.00
16109958,17.92,40.09,6490.22,5.00
16112958,17.92,40.09,5064.33,1.00
16115958,17.92,40.09,6248.33,0.00
16118958,17.92,40.09,6000.88,0.00
16121958,17.92,40.09,5749.23,8.00
16124958,17.92,40.09,5906.20,6.00
16127958,17.92,40.09,4929.62,0.00
16130958,17.92,40.11,5434.78,0.00
16133958,17.92,40.10,5475.57,8.00
16136958,17.92,40.09,5114.43,0.00
16139958,17.91,40.09,7703.60,0.00
16142958,17.92,40.09,5694.66,5.00
16145958,17.91,40.10,5308.31,6.00
16148958,17.91,40.09,4759.45,8.00
16151958,17.91,40.10,5324.49,0.00
16154958,17.91,40.10,4835.17,1.00
16157958,17.92,40.10,6333.79,1.00
16160958,17.91,40.09,6016.68,7.00
16163958,17.91,40.09,5567.61,12.00
16166958,17.91,40.09,5053.72,14.00
16169958,17.91,40.10,5510.64,1.00
16172958,17.91,40.09,5530.48,4.00
16175958,17.91,40.10,4792.75,8.00
16178958,17.91,40.08,5653.18,6.00
16181958,17.91,40.08,5589.54,1.00
16184958,17.91,40.09,5037.44,0.00
16187958,17.91,40.09,5397.68,1.00
16190958,17.91,40.09,5423.93,27.00
16193958,17.91,40.09,5037.82,0.00
16196958,17.91,40.07,5931.96,0.00
16199958,17.91,40.08,5188.06,22.00
16202958,17.91,40.08,5039.31,7.00
16205958,17.91,40.06,4493.72,5.00
16208958,17.91,40.06,5682.86,0.00
16211958,17.91,40.06,5685.62,2.00
16214958,17.91,40.06,4841.34,1.00
16217958,17.92,40.06,6436.07,10.00
16220958,17.91,40.06,5904.82,0.00
16223958,17.92,40.06,5122.86,9.00
16226958,17.92,40.05,5780.07,1.00
16229958,17.91,40.05,5363.93,1.00
16232958,17.91,40.05,5856.97,1.00
16235958,17.91,40.05,5246.14,0.00
16238958,17.91,40.05,5249.59,0.00
16241958,17.91,40.06,6039.92,0.00
16244958,17.91,40.05,5651.55,5.00
16247958,17.91,40.05,6244.33,7.00
16250958,17.91,40.05,6486.41,2.00
16253958,17.91,40.05,5965.61,6.00
16256958,17.92,40.05,5026.93,7.00
16259958,17.92,40.04,5502.15,0.00
16262958,17.92,40.04,4813.51,6.00
16265958,17.92,40.05,5361.11,0.00
16268958,17.93,40.04,6486.64,8.00
16271958,17.92,40.04,6572.14,5.00
16274958,17.92,40.04,5456.23,1.00
16277958,17.92,40.03,5542.03,6.00
16280958,17.93,40.02,6018.81,10.00
16283958,17.93,40.03,5617.35,0.00
16286958,17.92,40.03,5441.23,0.00
16289958,17.92,40.03,5439.43,6.00
16292958,17.93,40.03,5826.23,5.00
16295958,17.93,40.03,5533.87,10.00
16298958,17.93,40.00,5863.54,2.00
16301958,17.93,40.00,4713.57,0.00
16304958,17.92,40.02,5353.15,1.00
16307958,17.93,40.02,4934.83,7.00
16310958,17.92,40.02,5504.87,5.00
16313958,17.93,40.02,6290.16,1.00
16316958,17.93,40.00,5774.79,10.00
16319958,17.93,40.00,5856.44,6.00
16322958,17.93,39.99,5217.11,10.00
16325958,17.93,39.99,5508.57,5.00
16328958,17.93,39.99,5328.80,5.00
16331958,17.93,39.99,5602.33,6.00
16334958,17.93,39.99,5914.36,1.00
16337958,17.93,39.99,4997.81,8.00
16340958,17.94,39.98,6421.60,4.00
16343958,17.94,39.98,6753.69,5.00
16346958,17.94,39.98,6062.97,5.00
16349958,17.94,39.98,5475.56,2.00
16352958,17.94,39.98,5312.44,1.00
16355958,17.94,39.98,5241.68,5.00
16358958,17.94,39.97,5338.33,8.00
16361958,17.93,39.97,5550.42,1.00
16364958,17.94,39.96,5618.94,11.00
16367958,17.94,39.95,5137.47,0.00
16370958,17.94,39.96,5820.41,7.00
16373958,17.95,39.95,6069.56,0.00
16376958,17.94,39.95,5915.51,0.00
16379958,17.93,39.94,4715.67,0.00
16382958,17.93,39.96,5079.35,1.00
16385958,17.93,39.96,4784.55,0.00
16388958,17.93,39.96,5500.68,1.00
16391958,17.93,39.94,4758.64,6.00
16394958,17.93,39.96,5608.09,6.00
16397958,17.92,39.96,5257.16,10.00
16400958,17.93,39.96,5205.56,6.00
16403958,17.92,39.94,4604.72,3.00
16406958,17.93,39.94,5795.27,0.00
16409958,17.93,39.96,6573.27,2.00
16412958,17.92,39.96,4945.32,0.00
16415958,17.93,39.96,5681.27,0.00
16418958,17.92,39.94,5091.04,8.00
16421958,17.92,39.94,6245.86,7.00
16424958,17.92,39.94,5051.98,6.00
16427958,17.92,39.96,5073.33,1.00
16430958,17.93,39.94,5860.48,13.00
16433958,17.92,39.94,5684.75,8.00
16436958,17.93,39.94,5525.72,8.00
16439958,17.92,39.97,6057.84,0.00
16442958,17.93,39.96,5369.33,0.00
16445958,17.92,39.96,5642.05,0.00
16448958,17.92,39.94,6101.25,2.00
16451958,17.92,39.96,6077.83,6.00
16454958,17.92,39.94,6032.18,1.00
16457958,17.92,39.96,5168.00,1.00
16460958,17.92,39.94,6169.18,46.00
16463958,17.92,39.94,5829.30,7.00
16466958,17.92,39.96,5514.90,5.00
16469958,17.91,39.96,5472.18,11.00
16472958,17.92,39.96,5547.88,1.00
16475958,17.92,39.96,5466.23,0.00
16478958,17.92,39.96,5185.43,0.00
16481958,17.92,39.94,5006.69,1.00
16484958,17.92,39.94,6529.79,2.00
16487958,17.92,39.96,4795.44,0.00
16490958,17.92,39.94,5524.05,8.00
16493958,17.92,39.93,5368.72,9.00
16496958,17.92,39.93,4922.54,6.00
16499958,17.92,39.92,5713.83,1.00
16502958,17.93,39.93,5437.77,1.00
16505958,17.93,39.93,5417.70,10.00
16508958,17.92,39.93,5127.19,4.00
16511958,17.93,39.92,5349.62,6.00
16514958,17.93,39.92,4984.84,0.00
16517958,17.93,39.92,5613.30,11.00
16520958,17.93,39.93,5142.82,21.00
16523958,17.92,39.92,5526.66,6.00
16526958,17.93,39.92,5213.73,1.00
16529958,17.92,39.92,5430.33,8.00
16532958,17.92,39.92,6234.54,1.00
16535958,17.92,39.92,4985.71,0.00
16538958,17.92,39.92,5186.17,0.00
16541958,17.92,39.92,5323.68,11.00
16544958,17.92,39.92,5317.36,11.00
16547958,17.92,39.92,5587.62,8.00
16550958,17.92,39.92,5020.44,5.00
16553958,17.92,39.92,5741.58,1.00
16556958,17.92,39.92,5882.38,0.00
16559958,17.92,39.92,5139.16,7.00
16562958,17.92,39.92,6313.75,2.00
16565958,17.92,39.92,5560.23,0.00
16568958,17.92,39.92,5091.52,0.00
16571958,17.92,39.92,5443.44,5.00
16574958,17.92,39.93,6341.86,5.00
16577958,17.92,39.91,5379.60,8.00
16580958,17.92,39.92,5191.06,6.00
16583958,17.92,39.91,5185.27,7.00
16586958,17.92,39.91,5435.34,1.00
16589958,17.91,39.91,5391.34,5.00
16592958,17.92,39.91,5280.14,7.00
16595958,17.92,39.91,5310.52,12.00
16598958,17.92,39.91,5286.94,0.00
16601958,17.92,39.91,5497.33,2.00
16604958,17.93,39.91,4372.44,1.00
16607958,17.92,39.91,5577.37,2.00
16610958,17.92,39.90,5839.32,0.00
16613958,17.92,39.90,5249.69,2.00
16616958,17.92,39.91,5292.41,1.00
16619958,17.92,39.90,5438.07,13.00
16622958,17.92,39.90,5101.45,8.00
16625958,17.92,39.91,5580.00,7.00
16628958,17.92,39.90,6008.99,0.00
16631958,17.91,39.91,5063.54,1.00
16634958,17.92,39.90,5949.64,8.00
16637958,17.92,39.90,5476.70,1.00
16640958,17.92,39.90,5362.32,0.00
16643958,17.92,39.90,5349.31,0.00
16646958,17.92,39.88,5620.66,7.00
16649958,17.92,39.90,7099.91,2.00
16652958,17.92,39.88,5278.33,0.00
16655958,17.91,39.89,5421.95,0.00
16658958,17.91,39.88,5929.33,8.00
16661958,17.91,39.88,5099.08,1.00
16664958,17.92,39.88,6988.07,5.00
16667958,17.92,39.88,6070.78,23.00
16670958,17.92,39.90,5834.50,6.00
16673958,17.92,39.88,6012.29,7.00
16676958,17.91,39.89,4928.11,6.00
16679958,17.91,39.89,5248.06,0.00
16682958,17.92,39.88,4608.82,0.00
16685958,17.91,39.89,6159.60,0.00
16688958,17.91,39.89,5715.61,1.00
16691958,17.92,39.90,5201.48,0.00
16694958,17.91,39.88,5242.74,0.00
16697958,17.91,39.88,5088.36,7.00
16700958,17.91,39.88,5756.64,0.00
16703958,17.91,39.88,4615.12,1.00
16706958,17.91,39.87,5433.11,0.00
16709958,17.91,39.88,5910.74,12.00
16712958,17.91,39.87,5443.63,5.00
16715958,17.92,39.87,5530.18,6.00
16718958,17.91,39.87,5951.99,6.00
16721958,17.91,39.87,5289.50,1.00
16724958,17.90,39.87,5302.39,10.00
16727958,17.91,39.88,5081.48,2.00
16730958,17.91,39.87,5311.26,5.00
16733958,17.91,39.87,4751.48,5.00
16736958,17.91,39.86,4713.55,10.00
16739958,17.91,39.87,5902.43,11.00
16742958,17.91,39.86,6115.65,5.00
16745958,17.91,39.87,5561.37,7.00
16748958,17.91,39.86,6409.96,5.00
16751958,17.91,39.86,5916.02,5.00
16754958,17.91,39.86,6644.02,1.00
16757958,17.91,39.86,5832.06,8.00
16760958,17.91,39.85,5655.82,2.00
16763958,17.91,39.85,4911.77,0.00
16766958,17.91,39.85,5574.91,11.00
16769958,17.92,39.85,5326.87,5.00
16772958,17.92,39.85,5648.22,1.00
16775958,17.92,39.85,5947.88,7.00
16778958,17.92,39.85,5591.83,6.00
16781958,17.92,39.83,5395.83,0.00
16784958,17.92,39.84,5420.07,0.00
16787958,17.92,39.82,5543.40,22.00
16790958,17.92,39.82,5313.57,0.00
16793958,17.91,39.82,5537.26,8.00
16796958,17.92,39.82,5476.51,8.00
16799958,17.91,39.82,7286.97,5.00
16802958,17.92,39.82,6535.47,5.00
16805958,17.92,39.81,6130.79,0.00
16808958,17.92,39.81,5360.74,0.00
16811958,17.92,39.81,6452.46,0.00
16814958,17.92,39.80,5336.65,8.00
16817958,17.92,39.80,5724.39,7.00
16820958,17.93,39.81,5164.78,0.00
16823958,17.92,39.81,5923.96,2.00
16826958,17.92,39.80,5949.10,5.00
16829958,17.92,39.80,5611.93,2.00
16832958,17.93,39.80,5921.70,0.00
16835958,17.93,39.80,5737.38,0.00
16838958,17.93,39.79,5376.61,11.00
16841958,17.93,39.80,4779.48,10.00
16844958,17.93,39.80,5596.90,6.00
16847958,17.93,39.80,5866.53,1.00
16850958,17.92,39.79,5067.27,0.00
16853958,17.92,39.79,6025.62,12.00
16856958,17.92,39.80,5595.90,0.00
16859958,17.92,39.80,6539.44,1.00
16862958,17.91,39.80,5272.55,5.00
16865958,17.91,39.80,5840.22,5.00
16868958,17.91,39.79,5959.07,0.00
16871958,17.91,39.80,5025.54,6.00
16874958,17.92,39.80,5255.08,0.00
16877958,17.91,39.80,5793.63,5.00
16880958,17.91,39.80,5739.53,7.00
16883958,17.91,39.80,5524.20,5.00
16886958,17.90,39.80,4819.20,0.00
16889958,17.91,39.80,6290.20,6.00
16892958,17.91,39.79,5101.12,12.00
16895958,17.92,39.79,5888.43,8.00
16898958,17.91,39.79,5468.98,5.00
16901958,17.92,39.79,5334.89,0.00
16904958,17.93,39.78,5754.08,7.00
16907958,17.93,39.78,5130.46,0.00
16910958,17.93,39.76,5348.42,6.00
16913958,17.93,39.78,7134.68,6.00
16916958,17.93,39.76,5485.12,12.00
16919958,17.92,39.76,5913.10,0.00
16922958,17.93,39.76,6080.69,0.00
16925958,17.93,39.76,5277.70,6.00
16928958,17.92,39.75,5582.87,0.00
16931958,17.93,39.76,5514.55,7.00
16934958,17.93,39.76,5784.82,10.00
16937958,17.93,39.76,5738.67,6.00
16940958,17.93,39.75,6090.70,0.00
16943958,17.93,39.75,5829.82,0.00
16946958,17.93,39.75,5948.57,8.00
16949958,17.92,39.75,7189.44,5.00
16952958,17.93,39.74,6647.97,1.00
16955958,17.92,39.75,6146.47,0.00
16958958,17.92,39.75,6737.43,10.00
16961958,17.92,39.75,6975.80,5.00
16964958,17.93,39.75,7054.51,0.00
16967958,17.92,39.75,7019.16,0.00
16970958,17.92,39.75,7357.50,4.00
16973958,17.93,39.75,6420.58,7.00
16976958,17.92,39.75,7178.29,6.00
16979958,17.92,39.75,8140.55,5.00
16982958,17.92,39.75,6585.24,12.00
16985958,17.92,39.75,5973.59,6.00
16988958,17.92,39.75,5980.23,8.00
16991958,17.92,39.75,5938.03,5.00
16994958,17.91,39.76,5843.54,0.00
16997958,17.91,39.75,5520.22,0.00
17000958,17.91,39.74,6276.22,6.00
17003958,17.91,39.75,6815.98,5.00
17006958,17.92,39.75,7209.51,7.00
17009958,17.92,39.75,6107.84,0.00
17012958,17.91,39.75,6577.46,0.00
17015958,17.91,39.75,6630.37,0.00
17018958,17.91,39.77,8744.21,8.00
17021958,17.91,39.75,8108.28,0.00
17024958,17.90,39.75,6945.92,4.00
17027958,17.91,39.75,7163.11,0.00
17030958,17.90,39.75,7784.18,8.00
17033958,17.90,39.75,6846.39,6.00
17036958,17.90,39.75,6867.02,7.00
17039958,17.91,39.75,7325.58,0.00
17042958,17.91,39.74,6717.21,6.00
17045958,17.91,39.75,5340.46,0.00
17048958,17.90,39.75,6455.70,2.00
17051958,17.91,39.75,5899.45,6.00
17054958,17.91,39.76,6294.90,7.00
17057958,17.91,39.75,6458.10,15.00
17060958,17.92,39.75,6494.59,0.00
17063958,17.91,39.74,7406.63,0.00
17066958,17.91,39.74,6202.14,6.00
17069958,17.91,39.73,6442.86,6.00
17072958,17.91,39.73,5986.31,6.00
17075958,17.91,39.73,5581.80,4.00
17078958,17.92,39.71,5778.23,0.00
17081958,17.92,39.71,5654.64,0.00
17084958,17.92,39.73,5499.94,7.00
17087958,17.92,39.71,5127.91,5.00
17090958,17.92,39.70,5250.49,7.00
17093958,17.92,39.71,6510.07,0.00
17096958,17.92,39.70,12269.27,0.00
17099958,17.92,39.71,6663.06,22.00
17102958,17.92,39.70,6059.65,1.00
17105958,17.92,39.71,5531.66,0.00
17108958,17.92,39.71,5814.92,1.00
17111958,17.92,39.69,5427.71,7.00
17114958,17.92,39.69,5599.50,2.00
17117958,17.92,39.69,6540.33,4.00
17120958,17.92,39.70,5665.22,5.00
17123958,17.92,39.70,5593.38,6.00
17126958,17.92,39.69,5337.78,0.00
17129958,17.92,39.68,6500.89,7.00
17132958,17.92,39.68,6034.42,0.00
17135958,17.93,39.69,5530.70,0.00
17138958,17.93,39.69,5786.52,7.00
17141958,17.93,39.68,5501.55,0.00
17144958,17.93,39.68,5047.74,1.00
17147958,17.93,39.68,5454.93,1.00
17150958,17.93,39.67,6112.77,7.00
17153958,17.93,39.68,5223.87,5.00
17156958,17.92,39.67,5608.18,0.00
17159958,17.93,39.67,6494.92,4.00
17162958,17.93,39.67,9472.08,8.00
17165958,17.92,39.68,6952.23,5.00
17168958,17.92,39.67,6178.33,5.00
17171958,17.92,39.67,5753.27,12.00
17174958,17.92,39.67,5654.28,2.00
17177958,17.92,39.68,5700.30,1.00
17180958,17.92,39.68,6010.41,3.00
17183958,17.92,39.67,5471.49,5.00
17186958,17.92,39.68,5641.31,7.00
17189958,17.92,39.67,5236.02,8.00
17192958,17.92,39.67,6676.79,7.00
17195958,17.91,39.68,5932.45,2.00
17198958,17.91,39.68,5919.64,0.00
17201958,17.91,39.68,5979.97,0.00
17204958,17.92,39.68,5595.36,10.00
17207958,17.91,39.68,5992.66,6.00
17210958,17.91,39.68,5481.52,6.00
17213958,17.91,39.68,5473.64,4.00
17216958,17.91,39.68,5661.05,4.00
17219958,17.91,39.69,5699.73,12.00
17222958,17.91,39.69,6559.55,6.00
17225958,17.91,39.68,5028.48,0.00
17228958,17.91,39.68,7974.98,6.00
17231958,17.91,39.68,6867.26,5.00
17234958,17.92,39.68,7423.00,7.00
17237958,17.91,39.69,6212.58,0.00
17240958,17.91,39.68,5862.27,5.00
17243958,17.91,39.68,4856.91,7.00
17246958,17.91,39.68,4830.58,2.00
17249958,17.91,39.68,6174.25,10.00
17252958,17.91,39.67,6729.38,1.00
17255958,17.91,39.66,9114.01,6.00
17258958,17.91,39.67,6642.62,6.00
17261958,17.91,39.67,5545.20,0.00
17264958,17.91,39.67,5287.43,0.00
17267958,17.90,39.65,5911.16,0.00
17270958,17.90,39.66,6509.61,0.00
17273958,17.90,39.66,6915.52,5.00
17276958,17.90,39.66,7024.60,5.00
17279958,17.90,39.68,6084.65,8.00
17282958,17.91,39.67,5717.84,8.00
17285958,17.91,39.66,5157.29,1.00
17288958,17.91,39.67,5570.23,2.00
17291958,17.90,39.66,4813.31,2.00
17294958,17.91,39.67,6258.44,4.00
17297958,17.91,39.66,5574.93,0.00
17300958,17.91,39.65,5744.90,7.00
17303958,17.90,39.66,6703.52,1.00
17306958,17.90,39.66,6564.09,3.00
17309958,17.90,39.66,6385.36,8.00
17312958,17.90,39.66,5228.15,2.00
17315958,17.91,39.66,5629.84,1.00
17318958,17.90,39.66,7832.45,0.00
17321958,17.91,39.65,5627.32,11.00
17324958,17.90,39.66,5181.78,0.00
17327958,17.90,39.65,6093.44,2.00
17330958,17.90,39.65,6135.67,6.00
17333958,17.90,39.66,6249.02,5.00
17336958,17.90,39.65,5607.26,6.00
17339958,17.90,39.65,6361.84,1.00
17342958,17.90,39.65,5417.55,10.00
17345958,17.90,39.65,6627.20,6.00
17348958,17.89,39.65,5349.51,4.00
17351958,17.89,39.65,6094.54,7.00
17354958,17.89,39.65,5398.63,7.00
17357958,17.89,39.65,5392.91,1.00
17360958,17.90,39.66,5924.17,26.00
17363958,17.90,39.65,5710.66,0.00
17366958,17.89,39.64,5198.50,1.00
17369958,17.89,39.65,6195.64,6.00
17372958,17.90,39.65,5742.37,13.00
17375958,17.89,39.65,5000.47,8.00
17378958,17.89,39.65,5199.37,12.00
17381958,17.89,39.65,4657.65,2.00
17384958,17.89,39.65,5201.77,2.00
17387958,17.89,39.65,4762.66,0.00
17390958,17.90,39.66,5700.57,7.00
17393958,17.89,39.65,5719.52,7.00
17396958,17.89,39.65,5706.50,6.00
17399958,17.90,39.65,5867.34,2.00
17402958,17.89,39.66,5074.27,5.00
17405958,17.89,39.66,5793.22,1.00
17408958,17.89,39.65,5380.44,1.00
17411958,17.89,39.65,5468.73,5.00
17414958,17.89,39.65,5263.10,21.00
17417958,17.89,39.64,5658.81,2.00
17420958,17.89,39.65,5343.11,0.00
17423958,17.89,39.65,5354.75,11.00
17426958,17.89,39.65,5014.56,6.00
17429958,17.89,39.65,5198.19,6.00
17432958,17.89,39.66,5358.48,6.00
17435958,17.89,39.66,5944.96,1.00
17438958,17.89,39.65,5073.38,8.00
17441958,17.89,39.65,5241.61,5.00
17444958,17.89,39.65,5270.45,6.00
17447958,17.89,39.65,5290.95,0.00
17450958,17.89,39.65,5731.87,7.00
17453958,17.89,39.64,5555.06,6.00
17456958,17.89,39.64,5595.93,1.00
17459958,17.89,39.64,4783.73,25.00
17462958,17.89,39.64,5500.41,4.00
17465958,17.89,39.64,5869.21,6.00
17468958,17.89,39.64,5717.42,2.00
17471958,17.89,39.63,6566.83,0.00
17474958,17.89,39.63,7664.36,5.00
17477958,17.90,39.63,6485.72,5.00
17480958,17.90,39.63,5660.68,8.00
17483958,17.90,39.63,5500.14,7.00
17486958,17.90,39.62,6095.05,10.00
17489958,17.90,39.63,6260.59,6.00
17492958,17.90,39.62,5401.08,0.00
17495958,17.91,39.62,6319.12,1.00
17498958,17.90,39.62,5908.32,0.00
17501958,17.90,39.62,5769.51,11.00
17504958,17.90,39.62,6218.63,6.00
17507958,17.91,39.62,6946.13,7.00
17510958,17.90,39.62,7342.99,5.00
17513958,17.90,39.60,6651.89,6.00
17516958,17.90,39.62,6412.34,6.00
17519958,17.90,39.62,6318.93,8.00
17522958,17.90,39.62,6340.01,0.00
17525958,17.90,39.62,6730.23,1.00
17528958,17.90,39.62,5058.12,5.00
17531958,17.90,39.60,6361.57,2.00
17534958,17.90,39.60,5548.61,5.00
17537958,17.90,39.60,5349.69,10.00
17540958,17.90,39.60,5960.11,7.00
17543958,17.90,39.60,5493.13,7.00
17546958,17.90,39.60,5400.50,0.00
17549958,17.90,39.60,5460.64,7.00
17552958,17.91,39.60,5429.10,8.00
17555958,17.91,39.60,5649.80,0.00
17558958,17.91,39.59,5385.74,1.00
17561958,17.91,39.59,5543.80,6.00
17564958,17.91,39.58,5569.41,10.00
17567958,17.91,39.59,5451.41,6.00
17570958,17.91,39.58,5529.40,7.00
17573958,17.92,39.58,6315.31,0.00
17576958,17.91,39.58,6404.03,6.00
17579958,17.92,39.57,7898.74,1.00
17582958,17.91,39.57,6544.39,8.00
17585958,17.92,39.57,6075.12,8.00
17588958,17.92,39.57,6191.32,11.00
17591958,17.92,39.57,7025.83,12.00
17594958,17.92,39.55,8787.67,6.00
17597958,17.92,39.56,8223.77,2.00
17600958,17.91,39.56,7643.23,1.00
17603958,17.92,39.55,6867.80,7.00
17606958,17.92,39.55,7924.00,6.00
17609958,17.92,39.55,8091.69,2.00
17612958,17.92,39.55,6217.10,5.00
17615958,17.92,39.53,5850.99,1.00
17618958,17.92,39.53,5977.99,0.00
17621958,17.92,39.52,5558.24,13.00
17624958,17.92,39.55,5642.27,0.00
17627958,17.92,39.53,5460.33,5.00
17630958,17.93,39.52,5286.37,7.00
17633958,17.92,39.53,5800.92,6.00
17636958,17.93,39.51,5617.23,0.00
17639958,17.93,39.51,5938.82,7.00
17642958,17.92,39.51,7015.61,7.00
17645958,17.92,39.52,5407.08,8.00
17648958,17.92,39.51,6812.03,0.00
17651958,17.92,39.51,6140.42,8.00
17654958,17.93,39.51,5964.90,7.00
17657958,17.93,39.51,6185.82,5.00
17660958,17.93,39.50,5798.93,1.00
17663958,17.93,39.51,5644.83,1.00
17666958,17.93,39.51,6048.69,7.00
17669958,17.93,39.51,5959.48,7.00
17672958,17.92,39.51,6260.72,8.00
17675958,17.93,39.51,5127.58,6.00
17678958,17.92,39.51,6335.04,0.00
17681958,17.92,39.50,5472.90,0.00
17684958,17.92,39.51,5795.17,5.00
17687958,17.92,39.51,6171.58,12.00
17690958,17.92,39.51,5626.30,0.00
17693958,17.92,39.51,5969.92,8.00
17696958,17.92,39.51,7453.50,21.00
17699958,17.92,39.51,6093.70,0.00
17702958,17.92,39.50,6165.59,0.00
17705958,17.92,39.50,6041.79,7.00
17708958,17.92,39.51,6207.98,2.00
17711958,17.92,39.51,5390.77,0.00
17714958,17.92,39.51,5583.99,6.00
17717958,17.92,39.51,5788.70,1.00
17720958,17.92,39.50,5346.28,7.00
17723958,17.92,39.50,6049.49,6.00
17726958,17.92,39.50,5886.48,22.00
17729958,17.93,39.51,5719.71,5.00
17732958,17.92,39.50,5853.84,0.00
17735958,17.93,39.50,5828.06,0.00
17738958,17.93,39.50,5877.84,0.00
17741958,17.92,39.50,7101.34,2.00
17744958,17.92,39.50,6997.34,1.00
17747958,17.93,39.50,5721.30,0.00
17750958,17.92,39.50,5197.73,10.00
17753958,17.92,39.50,4921.21,0.00
17756958,17.91,39.51,5321.51,5.00
17759958,17.92,39.50,6422.07,0.00
17762958,17.92,39.50,5643.44,0.00
17765958,17.91,39.51,5736.16,0.00
17768958,17.91,39.50,5201.79,0.00
17771958,17.92,39.51,5667.67,0.00
17774958,17.92,39.50,6349.73,1.00
17777958,17.92,39.50,5378.02,5.00
17780958,17.92,39.51,5775.46,10.00
17783958,17.92,39.50,5506.43,0.00
17786958,17.92,39.50,5201.19,7.00
17789958,17.92,39.50,5878.15,3.00
17792958,17.92,39.51,5784.57,2.00
17795958,17.92,39.50,5550.99,0.00
17798958,17.91,39.50,5285.92,7.00
17801958,17.91,39.50,6096.07,1.00
17804958,17.91,39.51,5915.18,0.00
17807958,17.91,39.51,5745.64,6.00
17810958,17.92,39.51,5454.57,0.00
17813958,17.92,39.51,6644.59,6.00
17816958,17.92,39.50,5680.65,6.00
17819958,17.92,39.51,5354.04,0.00
17822958,17.92,39.50,5220.22,6.00
17825958,17.92,39.50,5820.98,0.00
17828958,17.92,39.50,5122.05,11.00
17831958,17.92,39.49,5357.99,0.00
17834958,17.92,39.49,5705.36,6.00
17837958,17.92,39.49,5531.06,1.00
17840958,17.92,39.47,5561.36,1.00
17843958,17.92,39.49,5095.40,10.00
17846958,17.92,39.49,5902.75,1.00
17849958,17.93,39.47,5757.39,2.00
17852958,17.92,39.47,6214.36,0.00
17855958,17.93,39.47,6042.12,1.00
17858958,17.92,39.46,5111.30,0.00
17861958,17.93,39.47,6235.03,2.00
17864958,17.93,39.46,6470.38,1.00
17867958,17.93,39.46,5177.08,0.00
17870958,17.93,39.45,5024.93,1.00
17873958,17.93,39.45,5455.72,10.00
17876958,17.93,39.45,5795.64,1.00
17879958,17.93,39.44,5061.08,7.00
17882958,17.94,39.44,5822.38,6.00
17885958,17.93,39.44,5796.78,6.00
17888958,17.94,39.44,5307.37,6.00
17891958,17.93,39.44,5226.59,3.00
17894958,17.94,39.44,5507.13,5.00
17897958,17.93,39.43,5875.42,7.00
17900958,17.93,39.44,5258.66,0.00
17903958,17.93,39.43,5815.15,0.00
17906958,17.93,39.43,4933.29,8.00
17909958,17.93,39.44,6246.37,0.00
17912958,17.93,39.43,5832.30,1.00
17915958,17.93,39.44,6263.67,5.00
17918958,17.93,39.44,7228.38,7.00
17921958,17.92,39.44,6155.19,23.00
17924958,17.93,39.44,5610.43,16.00
17927958,17.93,39.44,5760.14,1.00
17930958,17.92,39.44,5858.48,2.00
17933958,17.91,39.44,6161.07,6.00
17936958,17.92,39.44,6572.46,6.00
17939958,17.92,39.44,5590.59,10.00
17942958,17.92,39.44,5742.08,9.00
17945958,17.92,39.44,6646.37,0.00
17948958,17.92,39.45,6741.30,6.00
17951958,17.91,39.42,7241.99,2.00
17954958,17.91,39.44,6665.34,0.00
17957958,17.90,39.42,7021.81,7.00
17960958,17.91,39.44,7506.03,0.00
17963958,17.91,39.45,7057.56,7.00
17966958,17.91,39.46,7020.54,0.00
17969958,17.90,39.46,6895.78,2.00
17972958,17.90,39.46,7407.06,1.00
17975958,17.90,39.46,6369.21,0.00
17978958,17.90,39.46,7075.65,1.00
17981958,17.90,39.46,7396.51,5.00
17984958,17.90,39.46,6812.64,6.00
17987958,17.90,39.45,7549.26,0.00
17990958,17.90,39.46,6506.92,5.00
17993958,17.90,39.46,6039.81,12.00
17996958,17.89,39.46,5550.28,26.00
17999958,17.90,39.46,6057.84,0.00
18002958,17.89,39.46,5818.83,27.00
18005958,17.88,39.47,6207.40,7.00
18008958,17.89,39.47,6873.14,6.00
18011958,17.89,39.47,6894.12,1.00
18014958,17.88,39.46,6268.60,5.00
18017958,17.89,39.47,5860.44,8.00
18020958,17.89,39.47,6419.39,0.00
18023958,17.89,39.47,6382.78,0.00
18026958,17.88,39.47,6150.91,6.00
18029958,17.89,39.47,6243.96,7.00
18032958,17.89,39.47,5833.40,5.00
18035958,17.89,39.47,6178.43,6.00
18038958,17.89,39.47,5354.52,1.00
18041958,17.89,39.46,6126.15,6.00
18044958,17.89,39.46,5746.35,0.00
18047958,17.89,39.47,6048.52,6.00
18050958,17.88,39.46,5945.30,5.00
18053958,17.89,39.46,6608.06,10.00
18056958,17.89,39.47,6053.94,11.00
18059958,17.89,39.47,5957.60,2.00
18062958,17.89,39.46,6342.81,7.00
18065958,17.89,39.45,5203.30,1.00
18068958,17.89,39.45,5996.74,1.00
18071958,17.89,39.45,6255.42,0.00
18074958,17.89,39.43,6722.59,0.00
18077958,17.89,39.45,6418.49,0.00
18080958,17.89,39.43,7449.31,1.00
18083958,17.89,39.45,6163.28,1.00
18086958,17.89,39.45,6991.21,5.00
18089958,17.89,39.45,8033.39,2.00
18092958,17.89,39.43,7790.24,7.00
18095958,17.89,39.43,7425.59,6.00
18098958,17.89,39.45,6691.44,11.00
18101958,17.89,39.46,6580.16,0.00
18104958,17.89,39.45,8187.42,7.00
18107958,17.89,39.43,6869.64,5.00
18110958,17.90,39.44,8295.14,13.00
18113958,17.89,39.43,6762.45,6.00
18116958,17.90,39.42,6742.02,0.00
18119958,17.89,39.41,6483.09,5.00
18122958,17.90,39.41,6650.19,1.00
18125958,17.90,39.41,6681.03,11.00
18128958,17.90,39.42,5894.58,0.00
18131958,17.90,39.41,7401.32,2.00
18134958,17.90,39.41,6968.27,2.00
18137958,17.90,39.41,7145.47,2.00
18140958,17.90,39.41,7533.23,1.00
18143958,17.90,39.40,7046.12,6.00
18146958,17.90,39.40,7983.28,7.00
18149958,17.90,39.40,6906.48,8.00
18152958,17.90,39.41,6446.09,7.00
18155958,17.90,39.40,6323.22,0.00
18158958,17.90,39.40,6332.80,0.00
18161958,17.90,39.40,6878.88,2.00
18164958,17.90,39.40,7364.63,0.00
18167958,17.90,39.40,5946.87,7.00
18170958,17.90,39.38,5717.13,1.00
18173958,17.90,39.40,5394.72,0.00
18176958,17.90,39.39,6414.96,0.00
18179958,17.90,39.40,5525.30,0.00
18182958,17.90,39.40,5995.25,11.00
18185958,17.90,39.40,5391.05,0.00
18188958,17.90,39.39,6341.83,26.00
18191958,17.90,39.39,7705.40,7.00
18194958,17.90,39.39,7558.79,6.00
18197958,17.90,39.39,7262.92,1.00
18200958,17.90,39.40,7512.85,1.00
18203958,17.90,39.39,8084.08,0.00
18206958,17.90,39.39,7784.02,5.00
18209958,17.90,39.39,7446.23,2.00
18212958,17.90,39.38,7957.26,0.00
18215958,17.90,39.39,7653.65,0.00
18218958,17.90,39.38,5776.01,0.00
18221958,17.90,39.38,7299.40,4.00
18224958,17.90,39.38,7870.18,14.00
18227958,17.90,39.39,6164.28,6.00
18230958,17.90,39.39,6278.32,6.00
18233958,17.90,39.39,6419.91,1.00
18236958,17.90,39.39,6695.06,0.00
18239958,17.89,39.37,6862.08,8.00
18242958,17.90,39.39,5792.61,0.00
18245958,17.89,39.39,6996.44,6.00
18248958,17.89,39.39,6594.82,6.00
18251958,17.89,39.39,6610.24,6.00
18254958,17.89,39.39,6808.67,0.00
18257958,17.89,39.37,7031.78,1.00
18260958,17.90,39.39,7872.74,2.00
18263958,17.89,39.39,6686.46,11.00
18266958,17.89,39.39,6991.35,2.00
18269958,17.89,39.39,7288.29,0.00
18272958,17.89,39.40,6946.49,6.00
18275958,17.89,39.39,5905.19,8.00
18278958,17.89,39.39,5728.72,7.00
18281958,17.89,39.39,5791.93,7.00
18284958,17.89,39.40,5231.89,0.00
18287958,17.89,39.40,5869.62,2.00
18290958,17.89,39.40,6197.44,10.00
18293958,17.89,39.39,7150.78,2.00
18296958,17.89,39.39,6597.36,5.00
18299958,17.89,39.39,5810.21,0.00
18302958,17.89,39.40,5726.32,5.00
18305958,17.89,39.40,5481.94,12.00
18308958,17.89,39.40,5581.07,9.00
18311958,17.88,39.40,5414.66,0.00
18314958,17.88,39.39,5218.21,1.00
18317958,17.88,39.39,5390.48,6.00
18320958,17.88,39.40,6171.66,0.00
18323958,17.88,39.40,6546.51,1.00
18326958,17.89,39.40,5688.54,8.00
18329958,17.88,39.39,6045.50,7.00
18332958,17.88,39.40,5403.02,0.00
18335958,17.88,39.40,5317.81,1.00
18338958,17.88,39.40,5411.94,8.00
18341958,17.88,39.41,6193.53,1.00
18344958,17.88,39.40,5523.98,8.00
18347958,17.88,39.40,5485.52,1.00
18350958,17.88,39.41,5335.22,0.00
18353958,17.87,39.40,5244.85,2.00
18356958,17.88,39.39,5693.34,7.00
18359958,17.88,39.39,5257.57,5.00
18362958,17.88,39.39,6709.78,0.00
18365958,17.88,39.40,5494.76,5.00
18368958,17.88,39.39,5469.87,2.00
18371958,17.89,39.39,5247.87,7.00
18374958,17.88,39.39,5529.96,5.00
18377958,17.89,39.39,5278.74,0.00
18380958,17.88,39.38,5623.31,5.00
18383958,17.88,39.38,5695.47,0.00
18386958,17.88,39.37,6532.95,1.00
18389958,17.88,39.38,6184.51,2.00
18392958,17.88,39.37,6032.01,6.00
18395958,17.88,39.38,6518.82,7.00
18398958,17.88,39.37,7244.37,8.00
18401958,17.88,39.38,6159.26,7.00
18404958,17.88,39.38,4999.54,6.00
18407958,17.87,39.38,5780.49,5.00
18410958,17.88,39.38,5266.20,1.00
18413958,17.88,39.37,5366.45,11.00
18416958,17.87,39.38,5217.43,1.00
18419958,17.88,39.38,6160.43,2.00
18422958,17.88,39.40,5970.19,1.00
18425958,17.88,39.38,6589.94,1.00
18428958,17.88,39.38,6173.60,0.00
18431958,17.88,39.38,7258.31,2.00
18434958,17.88,39.37,6516.29,0.00
18437958,17.88,39.37,6055.62,1.00
18440958,17.88,39.37,8011.13,5.00
18443958,17.88,39.37,7541.60,5.00
18446958,17.88,39.37,7838.29,7.00
18449958,17.88,39.37,8132.60,1.00
18452958,17.87,39.37,6399.91,0.00
18455958,17.88,39.37,6669.42,10.00
18458958,17.88,39.37,8040.71,6.00
18461958,17.88,39.37,6340.75,0.00
18464958,17.88,39.37,5484.60,2.00
18467958,17.88,39.36,6172.34,6.00
18470958,17.88,39.37,7178.06,1.00
18473958,17.87,39.37,6233.73,23.00
18476958,17.88,39.37,5438.64,0.00
18479958,17.87,39.36,5859.65,8.00
18482958,17.87,39.37,5212.69,0.00
18485958,17.87,39.36,6735.67,7.00
18488958,17.87,39.36,5418.85,5.00
18491958,17.87,39.36,8553.45,0.00
18494958,17.87,39.37,8414.08,0.00
18497958,17.86,39.38,7671.70,13.00
18500958,17.86,39.38,7889.45,0.00
18503958,17.86,39.38,6570.79,1.00
18506958,17.86,39.38,6390.92,8.00
18509958,17.86,39.37,5209.29,3.00
18512958,17.86,39.38,5496.44,1.00
18515958,17.86,39.38,6533.04,0.00
18518958,17.86,39.37,5706.25,5.00
18521958,17.87,39.37,5519.60,0.00
18524958,17.86,39.37,5450.96,0.00
18527958,17.87,39.37,6106.66,22.00
18530958,17.87,39.37,6497.00,0.00
18533958,17.87,39.36,5480.23,1.00
18536958,17.87,39.37,5674.10,1.00
18539958,17.87,39.37,6061.26,0.00
18542958,17.87,39.36,6311.96,2.00
18545958,17.87,39.36,7400.91,6.00
18548958,17.87,39.36,7321.10,26.00
18551958,17.87,39.37,6964.47,1.00
18554958,17.87,39.37,7335.78,0.00
18557958,17.87,39.37,7371.54,7.00
18560958,17.87,39.37,6962.38,8.00
18563958,17.86,39.37,8394.73,1.00
18566958,17.87,39.37,6259.64,7.00
18569958,17.87,39.37,4723.37,6.00
18572958,17.87,39.37,5618.19,6.00
18575958,17.87,39.36,5128.94,2.00
18578958,17.87,39.36,5662.13,0.00
18581958,17.87,39.37,5021.85,8.00
18584958,17.87,39.37,5782.97,0.00
18587958,17.88,39.37,5672.42,5.00
18590958,17.87,39.37,6479.18,0.00
18593958,17.87,39.37,6329.99,0.00
18596958,17.87,39.37,5626.18,4.00
18599958,17.87,39.36,5868.75,6.00
18602958,17.87,39.36,6675.13,7.00
18605958,17.87,39.37,6014.69,0.00
18608958,17.87,39.36,5315.30,8.00
18611958,17.87,39.36,5248.36,5.00
18614958,17.87,39.36,5097.17,0.00
18617958,17.88,39.36,5756.28,0.00
18620958,17.87,39.36,5603.73,0.00
18623958,17.87,39.36,6429.04,2.00
18626958,17.87,39.36,6510.82,0.00
18629958,17.86,39.37,6120.12,0.00
18632958,17.86,39.36,5614.99,0.00
18635958,17.87,39.36,6111.88,12.00
18638958,17.87,39.36,5153.37,4.00
18641958,17.87,39.36,6086.73,7.00
18644958,17.87,39.37,6347.74,7.00
18647958,17.87,39.37,7000.49,1.00
18650958,17.86,39.37,5960.48,1.00
18653958,17.87,39.37,5679.08,6.00
18656958,17.87,39.37,6982.35,2.00
18659958,17.87,39.37,7198.29,1.00
18662958,17.87,39.36,7030.23,6.00
18665958,17.87,39.37,7579.30,11.00
18668958,17.87,39.36,6669.89,11.00
18671958,17.87,39.36,7142.29,1.00
18674958,17.87,39.36,6083.09,0.00
18677958,17.87,39.37,6925.45,0.00
18680958,17.87,39.37,6919.81,1.00
18683958,17.87,39.37,5719.10,2.00
18686958,17.87,39.36,5598.07,6.00
18689958,17.87,39.36,5215.47,0.00
18692958,17.87,39.36,6197.06,12.00
18695958,17.86,39.36,5314.14,7.00
18698958,17.87,39.35,6052.06,7.00
18701958,17.87,39.36,6210.82,0.00
18704958,17.87,39.36,6009.90,7.00
18707958,17.87,39.36,5051.59,2.00
18710958,17.87,39.36,5324.74,1.00
18713958,17.87,39.36,5434.11,6.00
18716958,17.87,39.35,6300.52,7.00
18719958,17.87,39.36,6788.63,0.00
18722958,17.88,39.36,5785.82,6.00
18725958,17.88,39.35,6574.74,8.00
18728958,17.88,39.34,5370.53,2.00
18731958,17.89,39.34,6949.98,1.00
18734958,17.88,39.34,5448.13,0.00
18737958,17.88,39.34,5575.30,1.00
18740958,17.88,39.34,5096.95,6.00
18743958,17.88,39.35,5271.35,22.00
18746958,17.88,39.34,5900.44,0.00
18749958,17.88,39.34,5641.93,1.00
18752958,17.88,39.33,5994.74,6.00
18755958,17.87,39.34,5181.44,8.00
18758958,17.87,39.34,5715.53,0.00
18761958,17.88,39.34,5544.08,5.00
18764958,17.88,39.34,5353.22,7.00
18767958,17.87,39.35,4905.25,0.00
18770958,17.87,39.35,7082.36,12.00
18773958,17.87,39.35,6940.71,5.00
18776958,17.87,39.35,7152.56,8.00
18779958,17.87,39.36,6682.21,2.00
18782958,17.87,39.35,9026.28,21.00
18785958,17.87,39.35,7037.42,2.00
18788958,17.87,39.35,7507.87,6.00
18791958,17.87,39.35,8291.62,5.00
18794958,17.87,39.35,7001.03,6.00
18797958,17.87,39.35,5740.96,2.00
18800958,17.87,39.35,6129.93,5.00
18803958,17.87,39.35,6153.69,2.00
18806958,17.87,39.34,7057.45,2.00
18809958,17.87,39.35,7690.18,0.00
18812958,17.87,39.35,7874.21,1.00
18815958,17.87,39.35,7575.31,5.00
18818958,17.87,39.36,7019.30,9.00
18821958,17.87,39.36,6957.34,14.00
18824958,17.87,39.36,7496.49,5.00
18827958,17.87,39.36,7018.23,7.00
18830958,17.86,39.36,5835.23,11.00
18833958,17.86,39.37,5695.71,6.00
18836958,17.85,39.36,6397.20,7.00
18839958,17.86,39.36,6293.75,1.00
18842958,17.86,39.36,6369.32,7.00
18845958,17.86,39.36,6967.60,8.00
18848958,17.86,39.37,5795.32,7.00
18851958,17.86,39.37,6671.93,7.00
18854958,17.86,39.36,6040.74,2.00
18857958,17.86,39.36,6638.09,12.00
18860958,17.86,39.37,5907.99,10.00
18863958,17.86,39.37,5963.85,9.00
18866958,17.86,39.36,6059.16,2.00
18869958,17.86,39.36,6221.27,6.00
18872958,17.86,39.36,5537.82,6.00
18875958,17.85,39.37,5612.82,1.00
18878958,17.86,39.37,5976.33,0.00
18881958,17.86,39.36,4951.43,8.00
18884958,17.86,39.36,5770.34,7.00
18887958,17.85,39.37,6019.03,2.00
18890958,17.86,39.37,6527.54,1.00
18893958,17.85,39.37,6192.46,2.00
18896958,17.85,39.37,5992.03,0.00
18899958,17.85,39.38,5744.03,5.00
18902958,17.85,39.37,6180.26,1.00
18905958,17.86,39.37,6458.40,1.00
18908958,17.86,39.37,6301.39,0.00
18911958,17.86,39.37,6235.58,8.00
18914958,17.86,39.37,7634.19,10.00
18917958,17.85,39.37,5552.42,7.00
18920958,17.86,39.36,6705.17,6.00
18923958,17.86,39.36,5055.43,1.00
18926958,17.87,39.36,5355.10,0.00
18929958,17.86,39.36,6086.30,10.00
18932958,17.86,39.36,5810.43,11.00
18935958,17.87,39.36,6174.81,1.00
18938958,17.86,39.36,5963.02,6.00
18941958,17.86,39.36,7035.04,0.00
18944958,17.86,39.36,7330.45,9.00
18947958,17.87,39.36,7844.03,7.00
18950958,17.86,39.36,7783.17,0.00
18953958,17.86,39.37,6951.05,0.00
18956958,17.85,39.36,5405.08,0.00
18959958,17.86,39.37,6144.44,5.00
18962958,17.86,39.37,6811.31,6.00
18965958,17.85,39.37,7206.28,0.00
18968958,17.85,39.37,7693.83,1.00
18971958,17.85,39.37,7393.73,21.00
18974958,17.85,39.37,8207.84,5.00
18977958,17.85,39.38,7730.01,6.00
18980958,17.85,39.37,7644.21,1.00
18983958,17.85,39.37,7579.92,7.00
18986958,17.85,39.38,6809.33,0.00
18989958,17.85,39.38,7062.81,6.00
18992958,17.85,39.39,7142.07,5.00
18995958,17.85,39.38,7015.40,7.00
18998958,17.85,39.38,6935.86,2.00
19001958,17.85,39.36,7497.09,0.00
19004958,17.85,39.38,6386.00,10.00
19007958,17.85,39.38,6211.34,5.00
19010958,17.85,39.38,7724.42,1.00
19013958,17.86,39.38,7565.84,7.00
19016958,17.85,39.38,7645.44,1.00
19019958,17.85,39.39,7500.29,5.00
19022958,17.85,39.38,8046.97,8.00
19025958,17.85,39.38,7480.32,2.00
19028958,17.86,39.38,6960.02,1.00
19031958,17.86,39.38,6517.20,0.00
19034958,17.86,39.37,6326.60,0.00
19037958,17.87,39.37,5966.19,7.00
19040958,17.87,39.37,7896.32,0.00
19043958,17.87,39.36,8244.33,2.00
19046958,17.87,39.36,8087.06,7.00
19049958,17.87,39.36,6525.95,1.00
19052958,17.87,39.36,6915.27,1.00
19055958,17.88,39.35,7350.87,11.00
19058958,17.88,39.35,8249.06,0.00
19061958,17.88,39.35,6474.54,1.00
19064958,17.88,39.35,8526.83,7.00
19067958,17.87,39.36,7529.83,5.00
19070958,17.87,39.35,7827.03,2.00
19073958,17.87,39.35,7317.07,5.00
19076958,17.87,39.36,8614.71,5.00
19079958,17.87,39.36,8691.37,0.00
19082958,17.87,39.36,7150.21,1.00
19085958,17.87,39.36,7793.19,0.00
19088958,17.86,39.37,6777.29,10.00
19091958,17.87,39.36,5538.33,8.00
19094958,17.86,39.37,5640.92,6.00
19097958,17.87,39.36,4921.52,7.00
19100958,17.86,39.38,6552.37,1.00
19103958,17.87,39.38,6429.07,11.00
19106958,17.87,39.37,7321.15,27.00
19109958,17.86,39.37,7101.49,1.00
19112958,17.86,39.38,6664.91,0.00
19115958,17.87,39.37,7766.73,5.00
19118958,17.87,39.38,4991.63,5.00
19121958,17.87,39.38,6151.02,1.00
19124958,17.87,39.37,5570.26,26.00
19127958,17.86,39.38,7461.16,0.00
19130958,17.87,39.38,6459.05,7.00
19133958,17.87,39.40,6686.79,4.00
19136958,17.87,39.38,5440.99,7.00
19139958,17.87,39.38,5325.99,11.00
19142958,17.87,39.38,5309.67,0.00
19145958,17.87,39.40,5779.30,7.00
19148958,17.87,39.37,6077.07,10.00
19151958,17.87,39.37,6338.60,0.00
19154958,17.86,39.37,6408.39,2.00
19157958,17.87,39.37,6666.17,0.00
19160958,17.87,39.37,7418.14,0.00
19163958,17.87,39.37,6576.53,1.00
19166958,17.86,39.38,6959.84,1.00
19169958,17.86,39.37,5175.31,10.00
19172958,17.87,39.38,5085.05,2.00
19175958,17.86,39.37,6353.98,7.00
19178958,17.86,39.37,5100.08,5.00
19181958,17.87,39.38,6458.73,1.00
19184958,17.87,39.38,5577.86,0.00
19187958,17.87,39.38,5688.07,0.00
19190958,17.86,39.40,5399.49,6.00
19193958,17.86,39.38,5080.12,5.00
19196958,17.86,39.38,5551.31,6.00
19199958,17.86,39.38,5012.54,0.00
19202958,17.86,39.38,5175.51,6.00
19205958,17.86,39.38,5710.67,5.00
19208958,17.86,39.40,5445.56,0.00
19211958,17.86,39.40,5456.11,7.00
19214958,17.86,39.38,6236.51,7.00
19217958,17.85,39.39,5456.55,1.00
19220958,17.85,39.39,7448.50,9.00
19223958,17.86,39.38,5844.61,0.00
19226958,17.85,39.41,6748.21,6.00
19229958,17.85,39.41,6515.81,1.00
19232958,17.85,39.41,6854.28,0.00
19235958,17.85,39.41,7493.83,0.00
19238958,17.85,39.41,5511.86,2.00
19241958,17.85,39.42,6297.97,5.00
19244958,17.85,39.42,5851.93,2.00
19247958,17.85,39.42,6376.35,7.00
19250958,17.86,39.41,6909.21,0.00
19253958,17.85,39.41,6412.19,6.00
19256958,17.84,39.42,6612.04,6.00
19259958,17.85,39.42,5881.05,0.00
19262958,17.84,39.43,6663.30,5.00
19265958,17.85,39.42,7218.01,7.00
19268958,17.84,39.42,6918.58,2.00
19271958,17.84,39.43,6234.91,6.00
19274958,17.85,39.43,5259.97,6.00
19277958,17.85,39.42,6616.43,7.00
19280958,17.84,39.43,6077.86,5.00
19283958,17.84,39.43,6012.56,2.00
19286958,17.84,39.43,5491.84,0.00
19289958,17.84,39.44,5002.71,2.00
19292958,17.84,39.43,6909.03,8.00
19295958,17.85,39.43,5984.70,2.00
19298958,17.84,39.43,5327.66,6.00
19301958,17.84,39.43,5821.06,6.00
19304958,17.84,39.43,7399.15,2.00
19307958,17.84,39.44,7348.24,1.00
19310958,17.84,39.44,7262.96,6.00
19313958,17.84,39.44,8247.00,1.00
19316958,17.83,39.44,4977.46,5.00
19319958,17.84,39.44,4788.51,6.00
19322958,17.84,39.45,5277.14,5.00
19325958,17.83,39.45,5796.83,0.00
19328958,17.84,39.45,6384.14,6.00
19331958,17.83,39.45,7381.32,6.00
19334958,17.83,39.45,8183.03,8.00
19337958,17.83,39.47,7031.38,4.00
19340958,17.83,39.47,6416.46,7.00
19343958,17.83,39.45,6175.70,2.00
19346958,17.83,39.47,6298.47,7.00
19349958,17.82,39.46,5702.13,8.00
19352958,17.82,39.46,5671.12,6.00
19355958,17.83,39.47,6148.67,7.00
19358958,17.84,39.47,6658.23,7.00
19361958,17.83,39.47,5668.26,15.00
19364958,17.83,39.47,6013.07,5.00
19367958,17.83,39.48,4977.96,1.00
19370958,17.84,39.45,5688.51,6.00
19373958,17.84,39.47,5711.30,0.00
19376958,17.84,39.44,7638.80,7.00
19379958,17.84,39.45,6048.00,2.00
19382958,17.84,39.45,5167.15,5.00
19385958,17.84,39.45,5512.19,6.00
19388958,17.84,39.45,6223.66,0.00
19391958,17.84,39.45,5781.23,6.00
19394958,17.85,39.46,6694.61,7.00
19397958,17.84,39.45,6472.35,0.00
19400958,17.85,39.47,4850.42,22.00
19403958,17.84,39.47,5017.62,0.00
19406958,17.84,39.47,5141.53,6.00
19409958,17.84,39.48,5842.04,0.00
19412958,17.84,39.47,4890.62,11.00
19415958,17.84,39.45,5885.75,9.00
19418958,17.84,39.45,5717.42,6.00
19421958,17.84,39.45,6448.82,1.00
19424958,17.84,39.47,4958.05,7.00
19427958,17.83,39.45,5389.01,7.00
19430958,17.84,39.47,6095.63,10.00
19433958,17.84,39.47,5062.79,7.00
19436958,17.84,39.45,5837.07,5.00
19439958,17.84,39.47,6736.94,1.00
19442958,17.84,39.47,5866.51,10.00
19445958,17.84,39.47,6209.90,0.00
19448958,17.84,39.47,5107.96,0.00
19451958,17.83,39.47,6404.36,4.00
19454958,17.84,39.48,5756.49,5.00
19457958,17.84,39.47,5901.04,11.00
19460958,17.84,39.47,5262.78,5.00
19463958,17.84,39.48,5319.07,0.00
19466958,17.85,39.47,6242.93,0.00
19469958,17.85,39.47,5805.28,6.00
19472958,17.85,39.47,5735.91,7.00
19475958,17.84,39.47,5838.41,5.00
19478958,17.84,39.45,6561.74,2.00
19481958,17.84,39.48,5081.48,0.00
19484958,17.85,39.47,5499.04,21.00
19487958,17.84,39.47,5015.07,6.00
19490958,17.84,39.48,5991.61,2.00
19493958,17.84,39.47,5211.79,3.00
19496958,17.84,39.48,4615.90,2.00
19499958,17.84,39.48,5302.31,6.00
19502958,17.84,39.48,5095.97,6.00
19505958,17.84,39.48,5011.64,0.00
19508958,17.84,39.49,5360.95,1.00
19511958,17.84,39.48,5562.84,0.00
19514958,17.84,39.49,5157.17,5.00
19517958,17.84,39.48,6450.68,5.00
19520958,17.84,39.48,6162.35,0.00
19523958,17.84,39.48,6827.05,0.00
19526958,17.84,39.48,5836.82,0.00
19529958,17.84,39.48,5713.24,11.00
19532958,17.85,39.47,5261.67,6.00
19535958,17.84,39.48,5037.76,2.00
19538958,17.86,39.48,5687.65,4.00
19541958,17.85,39.47,6094.06,3.00
19544958,17.86,39.47,5369.05,0.00
19547958,17.85,39.47,5608.23,8.00
19550958,17.86,39.47,6692.51,0.00
19553958,17.86,39.46,6478.64,6.00
19556958,17.86,39.46,7565.99,6.00
19559958,17.86,39.46,7152.29,0.00
19562958,17.86,39.46,7579.81,9.00
19565958,17.85,39.46,6192.70,1.00
19568958,17.85,39.46,6059.06,0.00
19571958,17.86,39.47,5450.68,2.00
19574958,17.86,39.47,5530.90,5.00
19577958,17.85,39.47,6335.81,5.00
19580958,17.85,39.47,6520.67,5.00
19583958,17.85,39.48,5841.98,0.00
19586958,17.85,39.47,7182.48,5.00
19589958,17.85,39.48,7095.89,0.00
19592958,17.84,39.49,6381.50,6.00
19595958,17.84,39.49,7132.52,0.00
19598958,17.85,39.49,6369.32,5.00
19601958,17.85,39.49,7384.12,5.00
19604958,17.85,39.50,6146.66,0.00
19607958,17.85,39.49,6544.95,6.00
19610958,17.85,39.49,7436.95,2.00
19613958,17.85,39.48,6839.11,26.00
19616958,17.85,39.48,5928.33,2.00
19619958,17.85,39.49,7158.95,6.00
19622958,17.84,39.48,7085.97,7.00
19625958,17.84,39.49,7435.92,6.00
19628958,17.84,39.49,6318.19,0.00
19631958,17.83,39.49,6736.20,2.00
19634958,17.83,39.50,6276.56,0.00
19637958,17.83,39.50,6091.69,27.00
19640958,17.83,39.50,6374.86,1.00
19643958,17.83,39.50,6032.25,2.00
19646958,17.83,39.50,7380.58,0.00
19649958,17.84,39.49,6900.67,6.00
19652958,17.84,39.50,6690.25,6.00
19655958,17.84,39.50,6297.77,0.00
19658958,17.84,39.49,5613.30,0.00
19661958,17.84,39.49,6511.59,2.00
19664958,17.84,39.49,5437.14,6.00
19667958,17.84,39.49,5050.04,6.00
19670958,17.83,39.49,6110.12,11.00
19673958,17.84,39.49,6252.76,5.00
19676958,17.84,39.49,4932.87,1.00
19679958,17.83,39.50,5321.29,1.00
19682958,17.84,39.50,6258.79,2.00
19685958,17.84,39.49,5027.22,0.00
19688958,17.83,39.49,6974.86,10.00
19691958,17.84,39.49,7614.20,20.00
19694958,17.84,39.49,5736.13,0.00
19697958,17.83,39.50,5525.00,2.00
19700958,17.84,39.50,6097.16,8.00
19703958,17.83,39.49,6004.97,3.00
19706958,17.84,39.49,6082.75,7.00
19709958,17.83,39.49,5329.91,9.00
19712958,17.84,39.50,5126.09,0.00
19715958,17.84,39.50,7268.08,7.00
19718958,17.83,39.50,6376.40,6.00
19721958,17.83,39.49,5482.47,0.00
19724958,17.83,39.49,5605.05,0.00
19727958,17.83,39.50,6249.64,8.00
19730958,17.83,39.50,6315.05,1.00
19733958,17.83,39.50,6560.21,7.00
19736958,17.84,39.50,6158.09,0.00
19739958,17.84,39.50,5744.54,0.00
19742958,17.84,39.49,6607.40,0.00
19745958,17.84,39.49,5656.67,5.00
19748958,17.84,39.49,7404.86,8.00
19751958,17.84,39.50,7749.69,1.00
19754958,17.84,39.50,8173.32,0.00
19757958,17.83,39.51,6701.04,0.00
19760958,17.84,39.49,5437.04,0.00
19763958,17.84,39.50,5821.44,7.00
19766958,17.83,39.50,5485.76,1.00
19769958,17.84,39.50,6311.75,7.00
19772958,17.84,39.50,6309.61,26.00
19775958,17.84,39.49,5559.60,5.00
19778958,17.84,39.49,5701.67,12.00
19781958,17.84,39.49,5322.99,1.00
19784958,17.84,39.49,5445.67,6.00
19787958,17.84,39.49,5284.46,6.00
19790958,17.84,39.49,5834.07,10.00
19793958,17.84,39.49,6003.38,2.00
19796958,17.84,39.49,5298.86,3.00
19799958,17.84,39.49,5770.80,0.00
19802958,17.84,39.48,4702.96,1.00
19805958,17.84,39.49,5680.60,1.00
19808958,17.84,39.49,5796.72,0.00
19811958,17.83,39.48,6205.58,10.00
19814958,17.84,39.49,5871.81,5.00
19817958,17.84,39.49,7056.39,6.00
19820958,17.84,39.49,7044.14,7.00
19823958,17.84,39.49,7113.48,1.00
19826958,17.84,39.50,5946.96,6.00
19829958,17.84,39.48,6544.84,0.00
19832958,17.84,39.49,5684.00,12.00
19835958,17.84,39.49,6863.35,0.00
19838958,17.84,39.49,6233.59,3.00
19841958,17.84,39.49,7041.80,7.00
19844958,17.84,39.49,6742.51,1.00
19847958,17.84,39.49,6440.36,6.00
19850958,17.84,39.49,6603.84,9.00
19853958,17.84,39.48,6402.50,0.00
19856958,17.84,39.47,5506.88,8.00
19859958,17.84,39.47,5070.97,5.00
19862958,17.85,39.47,6263.21,0.00
19865958,17.84,39.47,5485.10,6.00
19868958,17.85,39.47,6453.99,0.00
19871958,17.84,39.47,6463.12,0.00
19874958,17.84,39.48,7777.90,2.00
19877958,17.84,39.48,6455.39,3.00
19880958,17.84,39.49,5991.90,1.00
19883958,17.84,39.47,6092.72,6.00
19886958,17.84,39.48,6350.81,4.00
19889958,17.84,39.49,6804.28,2.00
19892958,17.84,39.48,5033.18,9.00
19895958,17.83,39.48,5974.05,6.00
19898958,17.83,39.48,5335.23,1.00
19901958,17.83,39.48,5936.42,2.00
19904958,17.84,39.48,5969.04,2.00
19907958,17.83,39.49,5429.19,6.00
19910958,17.83,39.49,7204.91,0.00
19913958,17.83,39.49,5683.72,1.00
19916958,17.83,39.49,5346.99,5.00
19919958,17.83,39.50,4991.29,0.00
19922958,17.83,39.49,5225.88,6.00
19925958,17.83,39.49,5212.01,7.00
19928958,17.83,39.49,6074.65,5.00
19931958,17.83,39.50,5469.40,0.00
19934958,17.83,39.49,5820.79,0.00
19937958,17.83,39.50,5430.94,0.00
19940958,17.83,39.50,5560.75,7.00
19943958,17.83,39.49,7010.59,0.00
19946958,17.84,39.49,5961.90,7.00
19949958,17.83,39.49,5350.67,5.00
19952958,17.84,39.49,5409.17,6.00
19955958,17.84,39.49,6417.12,6.00
19958958,17.84,39.50,6475.18,5.00
19961958,17.84,39.48,6114.06,6.00
19964958,17.84,39.49,4858.54,1.00
19967958,17.84,39.48,5365.65,6.00
19970958,17.85,39.48,5770.52,5.00
19973958,17.85,39.47,7309.10,6.00
19976958,17.85,39.47,6283.22,0.00
19979958,17.85,39.47,5852.63,9.00
19982958,17.84,39.45,5005.82,1.00
19985958,17.84,39.45,5255.38,4.00
19988958,17.84,39.47,5394.77,6.00
19991958,17.84,39.47,5542.49,0.00
19994958,17.84,39.47,6218.82,4.00
19997958,17.84,39.45,7363.65,0.00
20000958,17.84,39.47,6564.49,1.00
20003958,17.84,39.47,5551.51,1.00
20006958,17.83,39.47,5791.96,5.00
20009958,17.83,39.47,5347.82,0.00
20012958,17.84,39.47,5850.10,5.00
20015958,17.84,39.47,6801.84,0.00
20018958,17.84,39.45,5646.27,8.00
20021958,17.84,39.47,5719.92,5.00
20024958,17.84,39.47,5547.98,11.00
20027958,17.84,39.45,7286.41,16.00
20030958,17.83,39.48,7677.41,0.00
20033958,17.84,39.47,8136.53,0.00
20036958,17.83,39.47,6630.81,1.00
20039958,17.83,39.47,7399.63,0.00
20042958,17.83,39.45,6890.32,0.00
20045958,17.83,39.45,6339.86,1.00
20048958,17.83,39.47,6861.75,7.00
20051958,17.83,39.46,6107.60,6.00
20054958,17.83,39.47,5377.58,0.00
20057958,17.82,39.46,5511.97,5.00
20060958,17.83,39.46,6143.14,0.00
20063958,17.83,39.46,5551.57,1.00
20066958,17.83,39.48,5057.90,0.00
20069958,17.82,39.46,4999.34,7.00
20072958,17.83,39.46,5258.79,7.00
20075958,17.82,39.46,5513.08,22.00
20078958,17.83,39.46,5692.37,0.00
20081958,17.83,39.48,5487.86,1.00
20084958,17.83,39.46,6149.87,7.00
20087958,17.83,39.48,5791.66,0.00
20090958,17.83,39.46,5830.30,0.00
20093958,17.83,39.48,5261.24,4.00
20096958,17.83,39.46,5742.87,1.00
20099958,17.83,39.46,5687.46,0.00
20102958,17.82,39.46,5869.56,0.00
20105958,17.83,39.45,4751.92,7.00
20108958,17.83,39.46,5483.25,7.00
20111958,17.83,39.45,5424.59,2.00
20114958,17.83,39.47,6653.55,0.00
20117958,17.82,39.45,5122.35,0.00
20120958,17.82,39.46,5374.40,1.00
20123958,17.83,39.46,5501.62,0.00
20126958,17.82,39.46,4745.73,26.00
20129958,17.82,39.46,6098.31,0.00
20132958,17.82,39.46,5580.13,9.00
20135958,17.82,39.46,5608.97,0.00
20138958,17.83,39.46,6132.40,6.00
20141958,17.82,39.46,5651.10,7.00
20144958,17.82,39.45,5750.03,1.00
20147958,17.82,39.45,5747.57,1.00
20150958,17.82,39.45,5763.92,0.00
20153958,17.82,39.45,5387.40,0.00
20156958,17.82,39.46,5421.22,0.00
20159958,17.83,39.45,5021.95,6.00
20162958,17.83,39.47,4963.46,12.00
20165958,17.83,39.44,4884.97,0.00
20168958,17.83,39.44,4837.83,2.00
20171958,17.83,39.45,5277.08,0.00
20174958,17.83,39.45,5594.25,6.00
20177958,17.83,39.44,5982.79,0.00
20180958,17.83,39.45,6399.17,6.00
20183958,17.83,39.45,5865.61,8.00
20186958,17.83,39.44,5381.37,3.00
20189958,17.83,39.44,6010.26,7.00
20192958,17.83,39.44,5627.19,6.00
20195958,17.83,39.44,5524.12,1.00
20198958,17.83,39.44,5265.60,9.00
20201958,17.84,39.43,5142.04,7.00
20204958,17.83,39.43,5342.64,10.00
20207958,17.84,39.43,6885.07,6.00
20210958,17.84,39.43,7547.25,7.00
20213958,17.84,39.43,5691.07,1.00
20216958,17.84,39.42,5616.25,8.00
20219958,17.84,39.43,4983.99,6.00
20222958,17.84,39.42,6078.20,6.00
20225958,17.84,39.42,5733.64,7.00
20228958,17.84,39.42,5026.05,5.00
20231958,17.83,39.41,5037.97,7.00
20234958,17.84,39.43,5633.90,0.00
20237958,17.84,39.41,6021.03,5.00
20240958,17.84,39.41,4821.32,0.00
20243958,17.84,39.42,5390.50,21.00
20246958,17.84,39.41,4884.37,47.00
20249958,17.84,39.41,5289.49,6.00
20252958,17.84,39.42,5332.01,6.00
20255958,17.83,39.41,5255.89,0.00
20258958,17.83,39.41,5118.37,2.00
20261958,17.83,39.41,4906.58,7.00
20264958,17.83,39.42,5299.93,9.00
20267958,17.83,39.42,5864.12,8.00
20270958,17.83,39.41,5777.08,7.00
20273958,17.83,39.41,5223.93,0.00
20276958,17.83,39.41,5565.21,6.00
20279958,17.83,39.41,6799.92,7.00
20282958,17.83,39.42,4948.12,0.00
20285958,17.82,39.40,5950.96,7.00
20288958,17.83,39.41,6333.92,0.00
20291958,17.83,39.40,5225.52,7.00
20294958,17.83,39.40,5053.39,1.00
20297958,17.83,39.40,4960.38,5.00
20300958,17.83,39.41,5173.64,13.00
20303958,17.83,39.39,5039.99,9.00
20306958,17.83,39.39,4803.94,7.00
20309958,17.84,39.39,5182.42,23.00
20312958,17.83,39.39,5472.65,0.00
20315958,17.83,39.39,5657.52,7.00
20318958,17.83,39.39,4916.36,0.00
20321958,17.84,39.39,5676.65,8.00
20324958,17.83,39.38,5110.04,7.00
20327958,17.83,39.39,4898.52,6.00
20330958,17.83,39.39,5071.11,6.00
20333958,17.83,39.38,5137.10,0.00
20336958,17.83,39.39,5257.21,11.00
20339958,17.83,39.39,6218.33,2.00
20342958,17.83,39.38,6416.63,2.00
20345958,17.83,39.38,5915.52,5.00
20348958,17.83,39.39,7002.01,10.00
20351958,17.83,39.38,5435.33,5.00
20354958,17.82,39.39,6302.89,5.00
20357958,17.83,39.39,6997.81,1.00
20360958,17.83,39.39,6386.35,0.00
20363958,17.83,39.39,5696.91,1.00
20366958,17.83,39.39,5330.75,5.00
20369958,17.83,39.39,5073.18,5.00
20372958,17.83,39.39,6333.12,8.00
20375958,17.82,39.39,6337.79,21.00
20378958,17.82,39.39,6227.18,11.00
20381958,17.83,39.39,5076.22,1.00
20384958,17.83,39.38,5264.64,2.00
20387958,17.82,39.39,5897.01,7.00
20390958,17.82,39.39,5795.27,7.00
20393958,17.82,39.39,4540.26,1.00
20396958,17.83,39.38,5227.40,7.00
20399958,17.82,39.38,5878.50,7.00
20402958,17.82,39.38,6312.84,6.00
20405958,17.82,39.39,6844.01,8.00
20408958,17.82,39.39,4901.19,2.00
20411958,17.82,39.39,7591.12,0.00
20414958,17.82,39.38,5698.99,8.00
20417958,17.82,39.38,6047.07,6.00
20420958,17.82,39.38,4945.22,0.00
20423958,17.82,39.38,5202.33,8.00
20426958,17.82,39.38,5605.50,12.00
20429958,17.82,39.38,7023.13,5.00
20432958,17.82,39.38,6030.96,5.00
20435958,17.82,39.38,5454.08,2.00
20438958,17.82,39.39,6170.48,6.00
20441958,17.82,39.38,5701.93,9.00
20444958,17.82,39.38,5867.08,12.00
20447958,17.83,39.38,5860.66,0.00
20450958,17.81,39.39,6674.84,0.00
20453958,17.81,39.39,6785.14,8.00
20456958,17.82,39.38,6375.96,4.00
20459958,17.81,39.39,5085.22,0.00
20462958,17.82,39.39,5085.09,2.00
20465958,17.82,39.39,5252.07,5.00
20468958,17.82,39.38,5163.88,0.00
20471958,17.81,39.38,4722.96,13.00
20474958,17.82,39.38,5372.64,0.00
20477958,17.81,39.38,5483.37,5.00
20480958,17.81,39.38,5608.82,10.00
20483958,17.81,39.38,5999.30,1.00
20486958,17.82,39.38,5038.88,2.00
20489958,17.81,39.38,5176.93,0.00
20492958,17.81,39.38,4959.90,0.00
20495958,17.81,39.37,6187.24,0.00
20498958,17.81,39.38,6740.61,1.00
20501958,17.81,39.38,5867.50,0.00
20504958,17.81,39.38,6824.15,1.00
20507958,17.80,39.39,5441.13,0.00
20510958,17.81,39.38,5046.00,0.00
20513958,17.81,39.38,5271.61,0.00
20516958,17.82,39.37,5091.92,0.00
20519958,17.81,39.38,4998.20,12.00
20522958,17.82,39.38,5336.68,7.00
20525958,17.82,39.37,6502.91,6.00
20528958,17.82,39.36,5770.02,0.00
20531958,17.82,39.36,6354.58,0.00
20534958,17.82,39.36,6381.17,7.00
20537958,17.82,39.36,5983.05,0.00
20540958,17.82,39.36,5402.86,5.00
20543958,17.82,39.34,5313.46,9.00
20546958,17.82,39.34,7048.01,1.00
20549958,17.83,39.34,5195.01,2.00
20552958,17.83,39.36,5423.13,6.00
20555958,17.83,39.33,5299.18,2.00
20558958,17.83,39.33,5337.00,0.00
20561958,17.83,39.33,5301.80,0.00
20564958,17.83,39.33,6106.19,2.00
20567958,17.84,39.33,6281.20,2.00
20570958,17.84,39.32,5278.96,0.00
20573958,17.84,39.32,4595.93,2.00
20576958,17.84,39.32,5218.98,0.00
20579958,17.84,39.32,5012.33,1.00
20582958,17.84,39.32,6345.56,0.00
20585958,17.84,39.32,5664.06,0.00
20588958,17.84,39.31,5764.96,10.00
20591958,17.84,39.31,6969.42,1.00
20594958,17.83,39.31,7505.73,0.00
20597958,17.84,39.30,7178.84,5.00
20600958,17.84,39.31,5690.22,8.00
20603958,17.83,39.31,5177.61,5.00
20606958,17.83,39.31,5296.21,1.00
20609958,17.83,39.30,5439.44,2.00
20612958,17.83,39.31,6293.68,2.00
20615958,17.83,39.31,6010.36,2.00
20618958,17.83,39.31,5746.59,6.00
20621958,17.83,39.32,5470.32,5.00
20624958,17.83,39.32,5601.91,7.00
20627958,17.83,39.32,9058.03,5.00
20630958,17.82,39.32,5984.39,8.00
20633958,17.83,39.32,6128.11,1.00
20636958,17.83,39.32,6430.94,0.00
20639958,17.82,39.32,7206.57,7.00
20642958,17.82,39.31,5681.92,2.00
20645958,17.83,39.32,5667.67,6.00
20648958,17.83,39.31,5715.56,5.00
20651958,17.83,39.31,6542.20,6.00
20654958,17.84,39.31,5669.90,1.00
20657958,17.83,39.30,5742.46,2.00
20660958,17.83,39.30,5474.76,2.00
20663958,17.83,39.28,5353.43,2.00
20666958,17.83,39.28,4563.14,6.00
20669958,17.83,39.28,5865.34,5.00
20672958,17.83,39.27,6003.30,0.00
20675958,17.83,39.28,6014.90,8.00
20678958,17.83,39.28,5339.04,7.00
20681958,17.84,39.27,6499.41,1.00
20684958,17.84,39.27,5685.11,2.00
20687958,17.83,39.28,5393.15,2.00
20690958,17.83,39.28,6170.47,9.00
20693958,17.84,39.29,5619.51,11.00
20696958,17.83,39.28,5097.44,5.00
20699958,17.83,39.28,5786.16,6.00
20702958,17.83,39.27,6228.05,7.00
20705958,17.83,39.28,5696.22,0.00
20708958,17.83,39.28,6329.81,2.00
20711958,17.83,39.28,5521.98,5.00
20714958,17.83,39.28,5944.61,11.00
20717958,17.83,39.27,5606.49,0.00
20720958,17.82,39.27,5660.00,0.00
20723958,17.83,39.27,5965.44,0.00
20726958,17.83,39.27,4914.33,1.00
20729958,17.83,39.27,5099.93,2.00
20732958,17.83,39.28,5270.57,6.00
20735958,17.83,39.28,5556.45,7.00
20738958,17.83,39.28,6171.55,0.00
20741958,17.83,39.28,5168.29,7.00
20744958,17.83,39.28,5430.60,0.00
20747958,17.83,39.28,5275.25,5.00
20750958,17.82,39.28,5319.72,1.00
20753958,17.82,39.28,6226.98,0.00
20756958,17.82,39.27,5950.71,10.00
20759958,17.82,39.28,5338.68,4.00
20762958,17.82,39.28,6125.14,0.00
20765958,17.82,39.27,7000.80,0.00
20768958,17.82,39.27,7443.37,6.00
20771958,17.82,39.28,5785.86,1.00
20774958,17.82,39.28,6800.18,7.00
20777958,17.83,39.28,6923.43,0.00
20780958,17.82,39.28,7583.04,0.00
20783958,17.82,39.28,6788.74,2.00
20786958,17.82,39.28,6201.80,0.00
20789958,17.82,39.27,6043.54,1.00
20792958,17.82,39.28,6062.95,11.00
20795958,17.82,39.27,5965.77,0.00
20798958,17.81,39.28,4996.81,4.00
20801958,17.81,39.28,5941.71,2.00
20804958,17.81,39.29,5528.16,0.00
20807958,17.81,39.29,7409.76,7.00
20810958,17.81,39.31,5912.66,0.00
20813958,17.81,39.29,5418.31,2.00
20816958,17.81,39.29,7093.45,1.00
20819958,17.81,39.31,7580.11,0.00
20822958,17.81,39.29,6751.35,1.00
20825958,17.81,39.29,7320.47,6.00
20828958,17.82,39.29,5172.06,11.00
20831958,17.81,39.28,6307.75,2.00
20834958,17.81,39.28,5253.70,0.00
20837958,17.81,39.28,6001.25,6.00
20840958,17.81,39.29,7038.78,0.00
20843958,17.81,39.29,6021.07,5.00
20846958,17.80,39.29,6215.25,9.00
20849958,17.80,39.29,5915.31,0.00
20852958,17.80,39.29,5222.50,1.00
20855958,17.80,39.29,5681.80,0.00
20858958,17.80,39.31,5784.31,0.00
20861958,17.80,39.31,5796.74,0.00
20864958,17.80,39.32,5873.38,8.00
20867958,17.80,39.32,5490.29,0.00
20870958,17.80,39.32,5857.13,2.00
20873958,17.80,39.32,6047.97,7.00
20876958,17.80,39.32,6557.51,2.00
20879958,17.80,39.32,6353.98,27.00
20882958,17.80,39.31,7161.86,0.00
20885958,17.80,39.32,6046.38,0.00
20888958,17.80,39.31,6858.33,1.00
20891958,17.81,39.31,6252.62,7.00
20894958,17.80,39.31,6783.23,7.00
20897958,17.80,39.29,6677.32,8.00
20900958,17.80,39.29,6779.58,6.00
20903958,17.80,39.31,5746.22,0.00
20906958,17.80,39.31,7231.28,21.00
20909958,17.80,39.31,5586.04,6.00
20912958,17.80,39.31,6061.02,7.00
20915958,17.80,39.31,5550.22,10.00
20918958,17.80,39.28,5653.99,6.00
20921958,17.80,39.29,5198.92,2.00
20924958,17.81,39.29,5191.29,0.00
20927958,17.80,39.29,5407.12,2.00
20930958,17.80,39.29,4555.86,0.00
20933958,17.80,39.29,5388.21,2.00
20936958,17.81,39.29,6410.55,7.00
20939958,17.81,39.29,8153.21,6.00
20942958,17.80,39.29,6029.40,5.00
20945958,17.80,39.29,6094.92,2.00
20948958,17.81,39.28,6858.92,6.00
20951958,17.81,39.27,5388.95,6.00
20954958,17.81,39.28,6001.60,5.00
20957958,17.81,39.27,6139.00,7.00
20960958,17.81,39.27,4822.21,0.00
20963958,17.81,39.28,5091.09,0.00
20966958,17.80,39.29,5865.23,2.00
20969958,17.80,39.28,7471.40,1.00
20972958,17.81,39.28,7224.57,2.00
20975958,17.81,39.28,6308.00,6.00
20978958,17.81,39.27,6417.77,7.00
20981958,17.82,39.28,5723.11,0.00
20984958,17.82,39.28,5651.40,0.00
20987958,17.81,39.27,5639.84,5.00
20990958,17.82,39.26,5331.28,1.00
20993958,17.82,39.26,5005.00,0.00
20996958,17.82,39.26,5133.30,0.00
20999958,17.82,39.26,4915.34,1.00
21002958,17.82,39.26,6394.37,7.00
21005958,17.82,39.25,5738.70,7.00
21008958,17.82,39.25,6337.47,6.00
21011958,17.82,39.25,6696.02,0.00
21014958,17.82,39.25,6434.48,6.00
21017958,17.82,39.25,5529.72,0.00
21020958,17.83,39.26,5731.50,6.00
21023958,17.82,39.25,5668.55,1.00
21026958,17.82,39.25,6284.49,8.00
21029958,17.82,39.23,6508.58,3.00
21032958,17.82,39.25,5641.39,0.00
21035958,17.82,39.23,5649.29,1.00
21038958,17.82,39.23,6291.19,7.00
21041958,17.82,39.23,6570.75,6.00
21044958,17.82,39.25,5629.20,5.00
21047958,17.82,39.25,5635.84,5.00
21050958,17.82,39.23,5615.00,7.00
21053958,17.82,39.24,6081.00,7.00
21056958,17.82,39.23,5264.51,6.00
21059958,17.82,39.22,5965.92,6.00
21062958,17.82,39.23,4738.75,7.00
21065958,17.82,39.22,5726.98,6.00
21068958,17.81,39.23,5641.12,13.00
21071958,17.82,39.22,6259.49,8.00
21074958,17.82,39.22,7378.67,0.00
21077958,17.82,39.22,6092.22,1.00
21080958,17.83,39.21,7641.57,0.00
21083958,17.82,39.22,5929.75,0.00
21086958,17.82,39.22,5465.21,6.00
21089958,17.82,39.24,6548.93,5.00
21092958,17.82,39.22,6262.73,0.00
21095958,17.82,39.24,6108.72,2.00
21098958,17.82,39.22,6662.19,10.00
21101958,17.82,39.23,6516.05,0.00
21104958,17.82,39.23,5783.10,7.00
21107958,17.82,39.23,6013.79,0.00
21110958,17.82,39.23,5286.74,5.00
21113958,17.81,39.23,5203.20,0.00
21116958,17.82,39.23,5869.80,0.00
21119958,17.81,39.23,5613.48,22.00
21122958,17.81,39.23,5616.87,6.00
21125958,17.81,39.23,5020.01,2.00
21128958,17.81,39.25,5834.63,2.00
21131958,17.81,39.23,5660.92,6.00
21134958,17.81,39.23,6727.38,0.00
21137958,17.81,39.23,5491.42,0.00
21140958,17.80,39.23,5256.41,0.00
21143958,17.81,39.25,5814.13,3.00
21146958,17.80,39.23,6869.27,4.00
21149958,17.81,39.25,5942.27,6.00
21152958,17.80,39.23,6289.67,0.00
21155958,17.80,39.23,5537.73,0.00
21158958,17.81,39.23,6586.18,7.00
21161958,17.80,39.23,6628.96,0.00
21164958,17.81,39.23,6197.82,0.00
21167958,17.81,39.25,6235.05,10.00
21170958,17.80,39.25,6404.11,2.00
21173958,17.82,39.23,6389.30,4.00
21176958,17.81,39.23,7406.97,5.00
21179958,17.81,39.23,6666.43,6.00
21182958,17.80,39.23,7115.56,0.00
21185958,17.80,39.23,5790.41,8.00
21188958,17.80,39.23,4943.32,1.00
21191958,17.80,39.25,5245.29,5.00
21194958,17.81,39.25,5906.87,0.00
21197958,17.80,39.26,6083.22,10.00
21200958,17.80,39.25,5997.72,8.00
21203958,17.81,39.25,6187.17,0.00
21206958,17.81,39.23,6232.65,6.00
21209958,17.81,39.23,6230.77,7.00
21212958,17.81,39.25,6414.72,6.00
21215958,17.81,39.23,5995.03,0.00
21218958,17.82,39.23,5271.74,0.00
21221958,17.81,39.25,5597.08,5.00
21224958,17.81,39.23,6039.05,0.00
21227958,17.82,39.22,5572.41,5.00
21230958,17.82,39.22,5130.83,2.00
21233958,17.82,39.22,5903.19,0.00
21236958,17.82,39.22,5110.67,0.00
21239958,17.83,39.21,5814.36,10.00
21242958,17.83,39.21,5849.19,0.00
21245958,17.83,39.21,6024.35,1.00
21248958,17.83,39.21,6100.96,0.00
21251958,17.83,39.20,6159.49,5.00
21254958,17.83,39.20,5266.72,1.00
21257958,17.83,39.19,5396.51,1.00
21260958,17.83,39.19,5144.61,0.00
21263958,17.83,39.19,6350.18,5.00
21266958,17.83,39.19,5919.71,0.00
21269958,17.83,39.19,5989.36,7.00
21272958,17.83,39.19,7688.12,0.00
21275958,17.83,39.18,7150.08,0.00
21278958,17.83,39.18,5411.89,6.00
21281958,17.83,39.18,4911.80,7.00
21284958,17.84,39.17,5901.73,1.00
21287958,17.84,39.17,5064.52,1.00
21290958,17.84,39.17,5236.98,0.00
21293958,17.84,39.18,5636.38,8.00
21296958,17.84,39.17,5514.11,5.00
21299958,17.84,39.17,5866.63,6.00
21302958,17.84,39.17,5032.87,7.00
21305958,17.83,39.16,4979.62,5.00
21308958,17.84,39.17,5076.54,6.00
21311958,17.83,39.16,4979.50,0.00
21314958,17.83,39.16,5132.13,0.00
21317958,17.83,39.15,5557.44,0.00
21320958,17.83,39.15,5507.81,5.00
21323958,17.83,39.15,4966.65,1.00
21326958,17.83,39.16,5221.23,11.00
21329958,17.83,39.16,5485.89,6.00
21332958,17.83,39.15,6972.14,0.00
21335958,17.83,39.16,5342.10,6.00
21338958,17.83,39.16,5965.26,6.00
21341958,17.83,39.16,5857.66,11.00
21344958,17.83,39.16,5543.83,9.00
21347958,17.83,39.16,5528.76,2.00
21350958,17.83,39.16,5002.42,0.00
21353958,17.83,39.16,4879.42,0.00
21356958,17.82,39.16,5768.17,1.00
21359958,17.82,39.16,5101.48,0.00
21362958,17.82,39.15,4942.30,1.00
21365958,17.82,39.16,5180.25,6.00
21368958,17.82,39.16,5006.04,7.00
21371958,17.82,39.16,4890.85,7.00
21374958,17.82,39.16,5443.21,7.00
21377958,17.82,39.17,5647.35,0.00
21380958,17.82,39.16,4873.53,0.00
21383958,17.82,39.16,5234.55,0.00
21386958,17.82,39.17,5469.48,6.00
21389958,17.82,39.17,5434.53,10.00
21392958,17.81,39.19,5251.74,0.00
21395958,17.81,39.17,6370.05,27.00
21398958,17.81,39.17,5313.09,2.00
21401958,17.80,39.19,6198.52,0.00
21404958,17.81,39.19,6107.74,2.00
21407958,17.80,39.21,6571.81,0.00
21410958,17.81,39.20,6226.17,6.00
21413958,17.80,39.20,6902.13,1.00
21416958,17.81,39.21,6539.56,0.00
21419958,17.80,39.20,6988.51,0.00
21422958,17.80,39.20,6073.50,0.00
21425958,17.81,39.20,5169.41,0.00
21428958,17.81,39.19,5662.92,0.00
21431958,17.80,39.19,5530.83,8.00
21434958,17.81,39.20,5292.07,10.00
21437958,17.81,39.19,5292.07,3.00
21440958,17.81,39.20,5292.07,24.00
21443958,17.81,39.20,5292.07,6.00
21450607,17.80,39.20,0.00,4.00
21453607,17.81,39.19,6481.24,8.00
21456607,17.81,39.20,5552.81,1.00
21459607,17.81,39.20,5602.44,0.00
21462607,17.80,39.20,5115.51,0.00
21465607,17.81,39.20,5989.42,26.00
21468607,17.81,39.19,5442.02,5.00
21471607,17.81,39.20,5096.76,7.00
21474607,17.82,39.19,4719.81,0.00
21477607,17.81,39.19,4984.17,6.00
21480607,17.82,39.17,5197.51,7.00
21483607,17.81,39.19,5321.17,10.00
21486607,17.81,39.19,5387.76,1.00
21489607,17.81,39.19,7039.36,23.00
21492607,17.81,39.19,6166.34,0.00
21495607,17.81,39.17,7698.63,6.00
21498607,17.81,39.17,6596.27,10.00
21501607,17.80,39.17,6132.74,8.00
21504607,17.81,39.19,6447.13,0.00
21507607,17.80,39.19,6365.65,7.00
21510607,17.80,39.17,5774.17,2.00
21513607,17.80,39.18,5828.48,0.00
21516607,17.80,39.18,6337.06,0.00
21519607,17.80,39.20,5669.46,0.00
21522607,17.80,39.20,5653.62,12.00
21525607,17.80,39.20,5650.97,1.00
21528607,17.80,39.21,6337.90,6.00
21531607,17.80,39.20,6724.98,7.00
21534607,17.80,39.20,6508.19,1.00
21537607,17.80,39.20,5790.53,11.00
21540607,17.80,39.18,5989.09,9.00
21543607,17.80,39.20,5362.72,1.00
21546607,17.79,39.20,4764.69,5.00
21549607,17.80,39.20,5353.01,1.00
21552607,17.80,39.20,4874.44,0.00
21555607,17.80,39.18,4875.37,10.00
21558607,17.80,39.18,6173.70,6.00
21561607,17.80,39.18,5472.96,1.00
21564607,17.80,39.20,5461.90,0.00
21567607,17.80,39.18,7258.00,0.00
21570607,17.80,39.18,5457.10,0.00
21573607,17.79,39.18,5989.83,8.00
21576607,17.80,39.18,5306.33,5.00
21579607,17.80,39.18,5027.75,6.00
21582607,17.79,39.18,4651.91,0.00
21585607,17.79,39.18,5754.33,5.00
21588607,17.79,39.17,5011.21,2.00
21591607,17.79,39.18,5126.35,6.00
21594607,17.79,39.18,5521.56,0.00
21597607,17.79,39.18,5367.67,0.00
21600607,17.79,39.18,5129.13,0.00
21603607,17.79,39.18,5464.66,11.00
21606607,17.79,39.20,5468.24,27.00
21609607,17.78,39.20,4937.19,5.00
21612607,17.78,39.18,5262.73,7.00
21615607,17.79,39.20,6059.61,6.00
21618607,17.79,39.18,6141.00,2.00
21621607,17.79,39.20,5369.52,5.00
21624607,17.79,39.20,4989.74,7.00
21627607,17.78,39.20,6325.34,1.00
21630607,17.78,39.20,6006.33,6.00
21633607,17.78,39.21,6115.27,5.00
21636607,17.78,39.20,5802.33,10.00
21639607,17.78,39.18,6041.36,6.00
21642607,17.78,39.20,5783.18,22.00
21645607,17.79,39.20,5882.18,14.00
21648607,17.78,39.20,5462.92,10.00
21651607,17.78,39.18,5909.64,22.00
21654607,17.78,39.20,5020.58,0.00
21657607,17.78,39.20,5508.28,7.00
21660607,17.78,39.20,4947.18,7.00
21663607,17.78,39.20,5638.67,1.00
21666607,17.79,39.20,5626.97,2.00
21669607,17.79,39.20,6331.66,5.00
21672607,17.78,39.20,5929.28,7.00
21675607,17.78,39.18,4747.62,7.00
21678607,17.78,39.20,5617.34,1.00
21681607,17.78,39.18,5883.98,21.00
21684607,17.79,39.18,5765.79,2.00
21687607,17.78,39.18,6945.54,0.00
21690607,17.78,39.17,5675.65,0.00
21693607,17.79,39.18,5410.28,1.00
21696607,17.78,39.18,7027.77,6.00
21699607,17.78,39.20,7727.47,1.00
21702607,17.78,39.18,5764.29,8.00
21705607,17.78,39.17,6126.61,26.00
21708607,17.78,39.20,7636.41,0.00
21711607,17.78,39.18,7387.82,7.00
21714607,17.78,39.17,7118.73,0.00
21717607,17.78,39.18,6876.24,14.00
21720607,17.78,39.20,5655.32,7.00
21723607,17.78,39.20,6538.07,7.00
21726607,17.78,39.18,6604.28,6.00
21729607,17.78,39.17,6654.90,6.00
21732607,17.78,39.18,6197.60,7.00
21735607,17.77,39.18,5739.28,0.00
21738607,17.78,39.18,7792.87,6.00
21741607,17.78,39.20,7199.26,8.00
21744607,17.77,39.20,6254.25,3.00
21747607,17.77,39.20,6864.03,0.00
21750607,17.78,39.20,6635.86,8.00
21753607,17.78,39.20,6502.83,2.00
21756607,17.78,39.18,7176.06,6.00
21759607,17.77,39.20,5302.78,11.00
21762607,17.78,39.18,5939.47,5.00
21765607,17.78,39.18,5620.67,5.00
21768607,17.78,39.17,6461.20,8.00
21771607,17.78,39.17,6439.58,0.00
21774607,17.78,39.17,6693.93,0.00
21777607,17.78,39.17,6544.55,1.00
21780607,17.78,39.17,5878.82,7.00
21783607,17.78,39.17,6125.19,6.00
21786607,17.78,39.16,5309.36,5.00
21789607,17.78,39.17,4727.39,8.00
21792607,17.78,39.17,7043.59,8.00
21795607,17.78,39.17,5512.30,0.00
21798607,17.78,39.17,6354.38,2.00
21801607,17.79,39.17,5652.91,7.00
21804607,17.78,39.16,6971.83,0.00
21807607,17.78,39.17,7533.00,0.00
21810607,17.78,39.16,7503.42,2.00
21813607,17.78,39.16,6639.56,5.00
21816607,17.78,39.16,6184.43,0.00
21819607,17.78,39.16,5000.58,7.00
21822607,17.78,39.16,5724.86,5.00
21825607,17.78,39.16,6323.77,2.00
21828607,17.78,39.16,5825.43,7.00
21831607,17.78,39.16,6420.34,1.00
21834607,17.77,39.16,5654.41,1.00
21837607,17.78,39.15,5896.72,10.00
21840607,17.78,39.15,5739.13,2.00
21843607,17.78,39.15,4943.95,9.00
21846607,17.78,39.15,5772.74,7.00
21849607,17.78,39.16,5791.43,9.00
21852607,17.79,39.16,4868.37,7.00
21855607,17.79,39.15,4989.70,0.00
21858607,17.79,39.16,5916.66,7.00
21861607,17.78,39.15,5109.62,6.00
21864607,17.78,39.15,5155.65,1.00
21867607,17.78,39.14,6071.28,5.00
21870607,17.78,39.14,5488.52,1.00
21873607,17.78,39.15,5269.14,2.00
21876607,17.78,39.14,5632.79,0.00
21879607,17.78,39.14,5727.38,5.00
21882607,17.78,39.14,5434.72,10.00
21885607,17.78,39.12,6478.46,0.00
21888607,17.79,39.14,5712.98,9.00
21891607,17.79,39.14,6712.19,10.00
21894607,17.79,39.14,5970.07,0.00
21897607,17.79,39.14,6593.67,6.00
21900607,17.79,39.12,5381.17,9.00
21903607,17.79,39.12,4573.27,0.00
21906607,17.79,39.12,5230.90,6.00
21909607,17.79,39.12,5625.18,0.00
21912607,17.79,39.14,4687.84,1.00
21915607,17.80,39.13,5242.05,0.00
21918607,17.79,39.11,4961.65,11.00
21921607,17.79,39.12,4927.70,6.00
21924607,17.79,39.12,4707.62,6.00
21927607,17.79,39.11,5765.40,6.00
21930607,17.78,39.12,5119.90,2.00
21933607,17.79,39.12,5109.00,1.00
21936607,17.79,39.12,5360.21,0.00
21939607,17.79,39.12,5817.70,3.00
21942607,17.79,39.12,5751.41,0.00
21945607,17.78,39.12,6217.07,11.00
21948607,17.79,39.12,5139.41,0.00
21951607,17.79,39.13,6711.25,26.00
21954607,17.79,39.12,6614.25,10.00
21957607,17.79,39.12,6435.92,6.00
21960607,17.78,39.14,6243.85,0.00
21963607,17.79,39.12,5726.24,7.00
21966607,17.79,39.12,5858.38,6.00
21969607,17.78,39.12,5706.85,2.00
21972607,17.79,39.12,6229.83,0.00
21975607,17.79,39.12,5617.22,0.00
21978607,17.78,39.12,5705.01,7.00
21981607,17.78,39.12,6241.19,6.00
21984607,17.78,39.11,6763.60,5.00
21987607,17.79,39.12,5496.38,7.00
21990607,17.78,39.11,5731.40,1.00
21993607,17.79,39.11,5286.15,16.00
21996607,17.79,39.10,5760.63,1.00
21999607,17.78,39.11,4783.85,2.00
22002607,17.78,39.11,5244.41,6.00
22005607,17.78,39.12,5954.89,5.00
22008607,17.78,39.12,6061.87,7.00
22011607,17.78,39.12,6690.52,10.00
22014607,17.78,39.11,5473.06,6.00
22017607,17.78,39.11,5508.16,5.00
22020607,17.77,39.11,5472.78,6.00
22023607,17.78,39.11,5045.70,0.00
22026607,17.77,39.11,4901.74,0.00
22029607,17.78,39.11,5541.34,6.00
22032607,17.78,39.11,4797.00,6.00
22035607,17.78,39.12,6398.28,5.00
22038607,17.78,39.12,5932.77,5.00
22041607,17.77,39.11,6114.63,0.00
22044607,17.78,39.11,6009.79,6.00
22047607,17.78,39.10,6100.81,1.00
22050607,17.77,39.11,5658.68,0.00
22053607,17.78,39.11,5730.93,1.00
22056607,17.77,39.10,5951.88,4.00
22059607,17.77,39.11,5479.52,2.00
22062607,17.77,39.11,5333.82,1.00
22065607,17.77,39.10,5875.22,1.00
22068607,17.77,39.11,5502.24,0.00
22071607,17.77,39.11,4908.67,7.00
22074607,17.78,39.11,5922.30,0.00
22077607,17.78,39.11,4716.39,4.00
22080607,17.78,39.10,6555.11,6.00
22083607,17.78,39.11,6901.14,10.00
22086607,17.78,39.10,5033.24,12.00
22089607,17.77,39.10,5131.23,6.00
22092607,17.78,39.10,5531.61,6.00
22095607,17.78,39.10,5939.88,26.00
22098607,17.77,39.10,5486.43,0.00
22101607,17.76,39.10,6229.28,0.00
22104607,17.77,39.10,5685.70,0.00
22107607,17.76,39.10,5641.62,0.00
22110607,17.77,39.09,5838.86,7.00
22113607,17.76,39.10,5329.90,7.00
22116607,17.77,39.09,5908.36,8.00
22119607,17.77,39.09,5852.43,8.00
22122607,17.77,39.09,6569.28,6.00
22125607,17.76,39.09,7597.93,6.00
22128607,17.77,39.09,6070.19,0.00
22131607,17.77,39.10,6360.80,3.00
22134607,17.77,39.09,6003.04,7.00
22137607,17.77,39.09,6490.56,1.00
22140607,17.77,39.09,5440.28,0.00
22143607,17.77,39.09,4681.33,0.00
22146607,17.77,39.09,6633.63,0.00
22149607,17.76,39.09,4863.02,0.00
22152607,17.76,39.07,5424.72,11.00
22155607,17.76,39.09,5199.35,7.00
22158607,17.76,39.09,5929.95,7.00
22161607,17.76,39.08,4926.32,27.00
22164607,17.76,39.09,5497.15,6.00
22167607,17.77,39.09,5662.99,14.00
22170607,17.76,39.08,6013.82,7.00
22173607,17.77,39.09,6508.85,0.00
22176607,17.77,39.09,7192.49,8.00
22179607,17.77,39.09,5628.45,2.00
22182607,17.76,39.07,5850.10,7.00
22185607,17.76,39.07,6128.50,2.00
22188607,17.76,39.07,5643.93,10.00
22191607,17.77,39.07,6082.93,0.00
22194607,17.76,39.07,5614.58,5.00
22197607,17.76,39.07,5770.05,2.00
22200607,17.76,39.07,5289.68,5.00
22203607,17.77,39.07,5356.92,2.00
22206607,17.77,39.07,7276.31,6.00
22209607,17.77,39.06,6282.18,6.00
22212607,17.77,39.07,7689.09,0.00
22215607,17.77,39.06,5886.88,2.00
22218607,17.77,39.07,6777.62,7.00
22221607,17.78,39.08,5550.94,0.00
22224607,17.77,39.06,5087.46,5.00
22227607,17.78,39.06,4863.07,0.00
22230607,17.78,39.06,5250.58,10.00
22233607,17.77,39.06,5262.41,2.00
22236607,17.78,39.06,5701.81,6.00
22239607,17.78,39.06,5260.18,0.00
22242607,17.78,39.05,5492.25,6.00
22245607,17.77,39.05,6037.48,3.00
22248607,17.77,39.06,5796.96,0.00
22251607,17.77,39.06,5645.85,6.00
22254607,17.76,39.07,6001.96,0.00
22257607,17.75,39.06,6386.39,0.00
22260607,17.76,39.06,5804.54,0.00
22263607,17.76,39.06,5946.65,47.00
22266607,17.76,39.07,6503.50,0.00
22269607,17.76,39.07,5773.84,2.00
22272607,17.77,39.06,6239.24,2.00
22275607,17.77,39.06,6762.68,6.00
22278607,17.76,39.05,6242.07,8.00
22281607,17.77,39.05,6532.77,8.00
22284607,17.77,39.06,5215.67,6.00
22287607,17.77,39.06,5216.55,0.00
22290607,17.77,39.05,5173.90,1.00
22293607,17.77,39.06,5223.56,2.00
22296607,17.78,39.05,6056.85,0.00
22299607,17.78,39.05,5917.76,11.00
22302607,17.78,39.05,6637.39,0.00
22305607,17.78,39.04,4744.76,7.00
22308607,17.79,39.04,5438.31,0.00
22311607,17.79,39.03,4757.21,0.00
22314607,17.78,39.03,5119.46,8.00
22317607,17.79,39.02,4607.84,1.00
22320607,17.78,39.01,5245.25,7.00
22323607,17.79,39.03,5434.06,8.00
22326607,17.78,39.01,5471.61,1.00
22329607,17.78,39.00,5274.51,0.00
22332607,17.78,39.01,4917.45,8.00
22335607,17.78,39.01,5607.97,0.00
22338607,17.78,39.01,4782.18,5.00
22341607,17.79,39.02,5282.18,13.00
22344607,17.78,39.03,5629.89,4.00
22347607,17.78,39.01,5303.85,1.00
22350607,17.78,39.00,5779.73,9.00
22353607,17.78,39.00,5541.10,2.00
22356607,17.78,39.01,5630.31,5.00
22359607,17.78,39.01,5979.24,2.00
22362607,17.78,39.01,5771.86,7.00
22365607,17.78,39.01,5597.87,0.00
22368607,17.78,39.01,5650.31,5.00
22371607,17.78,39.01,5783.28,7.00
22374607,17.78,39.01,6835.38,7.00
22377607,17.77,39.01,6914.20,7.00
22380607,17.77,39.01,7962.80,7.00
22383607,17.77,39.01,5697.11,8.00
22386607,17.77,39.00,5565.41,0.00
22389607,17.78,39.00,5820.47,0.00
22392607,17.77,39.00,5940.91,0.00
22395607,17.77,39.00,6263.55,7.00
22398607,17.77,39.00,6631.17,3.00
22401607,17.77,39.00,6230.23,1.00
22404607,17.78,39.00,7181.96,5.00
22407607,17.78,39.00,6637.10,2.00
22410607,17.77,39.00,6132.07,7.00
22413607,17.77,39.00,7738.38,6.00
22416607,17.78,38.99,5399.30,5.00
22419607,17.78,38.99,5578.77,2.00
22422607,17.78,38.99,5166.48,12.00
22425607,17.78,38.99,6044.72,2.00
22428607,17.78,38.99,5366.45,7.00
22431607,17.78,38.98,8104.50,5.00
22434607,17.78,38.98,7189.24,7.00
22437607,17.78,38.99,7107.26,0.00
22440607,17.77,38.98,6967.68,0.00
22443607,17.77,38.98,5946.94,1.00
22446607,17.77,38.98,7101.74,5.00
22449607,17.77,38.98,6413.14,0.00
22452607,17.77,38.97,6934.04,8.00
22455607,17.77,38.98,6145.63,0.00
22458607,17.78,38.98,5864.19,5.00
22461607,17.78,38.98,5007.03,0.00
22464607,17.78,38.97,6555.40,6.00
22467607,17.78,38.98,7038.62,6.00
22470607,17.78,38.97,5886.43,6.00
22473607,17.77,38.98,5115.15,5.00
22476607,17.78,38.97,5879.62,8.00
22479607,17.78,38.98,5545.24,6.00
22482607,17.78,38.97,5205.30,0.00
22485607,17.78,38.97,6636.31,9.00
22488607,17.77,38.97,5652.93,7.00
22491607,17.77,38.97,5174.24,5.00
22494607,17.78,38.97,5758.50,5.00
22497607,17.78,38.97,5932.49,2.00
22500607,17.78,38.95,5261.93,8.00
22503607,17.78,38.95,6109.32,0.00
22506607,17.78,38.95,5627.42,7.00
22509607,17.79,38.96,5752.67,1.00
22512607,17.78,38.94,5275.13,0.00
22515607,17.79,38.96,6102.55,8.00
22518607,17.79,38.94,6305.50,1.00
22521607,17.79,38.93,6203.50,0.00
22524607,17.79,38.93,5507.08,2.00
22527607,17.79,38.92,5132.89,1.00
22530607,17.80,38.91,4971.38,0.00
22533607,17.80,38.91,5520.52,8.00
22536607,17.80,38.91,5311.13,0.00
22539607,17.80,38.90,5632.79,0.00
22542607,17.80,38.90,5194.12,5.00
22545607,17.80,38.90,6000.46,6.00
22548607,17.80,38.88,6523.12,1.00
22551607,17.80,38.88,5643.79,5.00
22554607,17.80,38.90,7339.27,7.00
22557607,17.81,38.88,6753.95,0.00
22560607,17.81,38.88,6501.10,0.00
22563607,17.81,38.87,5659.51,4.00
22566607,17.80,38.86,5341.17,0.00
22569607,17.80,38.87,5207.70,1.00
22572607,17.80,38.87,5164.37,0.00
22575607,17.81,38.87,5115.99,2.00
22578607,17.80,38.86,5823.08,14.00
22581607,17.80,38.86,6062.64,13.00
22584607,17.80,38.87,5502.37,1.00
22587607,17.80,38.86,6022.71,6.00
22590607,17.80,38.86,6017.48,6.00
22593607,17.80,38.86,5902.99,0.00
22596607,17.80,38.85,7188.39,6.00
22599607,17.81,38.86,6629.08,2.00
22602607,17.80,38.86,6689.72,7.00
22605607,17.80,38.86,6099.59,6.00
22608607,17.80,38.86,6883.26,0.00
22611607,17.80,38.86,5237.68,0.00
22614607,17.80,38.86,5042.22,2.00
22617607,17.80,38.86,5208.47,5.00
22620607,17.80,38.85,5121.57,12.00
22623607,17.80,38.85,5199.05,9.00
22626607,17.79,38.85,5567.42,4.00
22629607,17.79,38.83,5082.60,2.00
22632607,17.79,38.85,5697.55,9.00
22635607,17.79,38.85,5200.56,0.00
22638607,17.79,38.85,4793.38,0.00
22641607,17.79,38.85,5125.79,6.00
22644607,17.79,38.85,5811.49,0.00
22647607,17.79,38.85,6118.62,6.00
22650607,17.78,38.85,5885.09,9.00
22653607,17.78,38.85,5342.85,2.00
22656607,17.79,38.85,5150.48,0.00
22659607,17.78,38.85,5442.70,0.00
22662607,17.78,38.85,6101.76,2.00
22665607,17.78,38.83,5336.31,7.00
22668607,17.78,38.85,5583.03,8.00
22671607,17.78,38.85,4918.88,8.00
22674607,17.78,38.83,6022.68,0.00
22677607,17.78,38.85,5898.97,5.00
22680607,17.78,38.85,5561.46,0.00
22683607,17.78,38.83,5127.72,2.00
22686607,17.79,38.85,5619.75,22.00
22689607,17.78,38.85,5735.33,1.00
22692607,17.78,38.85,5614.31,0.00
22695607,17.78,38.85,6746.81,2.00
22698607,17.78,38.85,5536.80,5.00
22701607,17.78,38.85,5298.29,6.00
22704607,17.78,38.83,5034.47,0.00
22707607,17.78,38.83,5671.78,1.00
22710607,17.78,38.83,5625.66,0.00
22713607,17.78,38.85,5000.51,0.00
22716607,17.78,38.83,5641.96,28.00
22719607,17.78,38.83,6434.34,7.00
22722607,17.78,38.83,5886.87,0.00
22725607,17.77,38.82,5647.49,1.00
22728607,17.77,38.82,6511.11,6.00
22731607,17.77,38.82,6624.47,0.00
22734607,17.77,38.83,5204.28,0.00
22737607,17.77,38.83,5108.20,0.00
22740607,17.78,38.82,5814.73,9.00
22743607,17.77,38.82,5583.98,0.00
22746607,17.77,38.82,6726.20,8.00
22749607,17.78,38.82,5712.15,5.00
22752607,17.78,38.82,5638.73,6.00
22755607,17.78,38.82,5783.72,3.00
22758607,17.78,38.82,6622.94,2.00
22761607,17.77,38.81,5764.91,0.00
22764607,17.77,38.81,5806.27,8.00
22767607,17.77,38.82,7167.77,5.00
22770607,17.77,38.82,6368.03,6.00
22773607,17.77,38.82,5584.12,0.00
22776607,17.78,38.81,6237.05,6.00
22779607,17.78,38.82,6973.91,5.00
22782607,17.77,38.81,6208.67,0.00
22785607,17.77,38.81,6034.86,11.00
22788607,17.77,38.81,6137.04,5.00
22791607,17.78,38.80,6822.41,7.00
22794607,17.77,38.80,6900.47,10.00
22797607,17.77,38.80,7187.24,5.00
22800607,17.78,38.80,6318.10,7.00
22803607,17.77,38.79,6391.15,7.00
22806607,17.78,38.80,5751.23,0.00
22809607,17.78,38.80,6912.76,7.00
22812607,17.78,38.79,7164.45,3.00
22815607,17.78,38.80,7047.24,6.00
22818607,17.77,38.79,7472.41,0.00
22821607,17.78,38.79,6277.41,2.00
22824607,17.77,38.77,7643.63,7.00
22827607,17.77,38.77,6292.75,0.00
22830607,17.77,38.77,6819.35,6.00
22833607,17.77,38.79,7389.24,7.00
22836607,17.77,38.77,5962.29,7.00
22839607,17.77,38.77,5613.64,5.00
22842607,17.77,38.77,5273.44,6.00
22845607,17.77,38.77,6439.35,0.00
22848607,17.77,38.76,5297.15,6.00
22851607,17.77,38.76,5137.87,1.00
22854607,17.77,38.77,5502.47,3.00
22857607,17.76,38.77,6908.50,1.00
22860607,17.77,38.76,5612.68,1.00
22863607,17.77,38.75,5841.04,8.00
22866607,17.77,38.75,4631.06,2.00
22869607,17.77,38.75,5761.90,14.00
22872607,17.77,38.75,6522.08,2.00
22875607,17.78,38.75,5312.92,1.00
22878607,17.77,38.74,6039.65,6.00
22881607,17.78,38.74,6343.73,6.00
22884607,17.77,38.74,6251.73,0.00
22887607,17.77,38.74,5577.66,27.00
22890607,17.78,38.74,7249.41,0.00
22893607,17.78,38.74,6592.24,7.00
22896607,17.78,38.73,5488.79,7.00
22899607,17.78,38.73,5415.86,0.00
22902607,17.78,38.73,7170.74,1.00
22905607,17.77,38.73,6080.80,4.00
22908607,17.78,38.73,5894.17,7.00
22911607,17.77,38.73,5024.25,0.00
22914607,17.77,38.72,5669.01,8.00
22917607,17.77,38.72,6073.16,1.00
22920607,17.77,38.72,6403.80,8.00
22923607,17.77,38.72,4738.41,10.00
22926607,17.77,38.74,5213.93,0.00
22929607,17.77,38.72,5383.24,5.00
22932607,17.77,38.72,5206.99,2.00
22935607,17.77,38.74,5883.91,7.00
22938607,17.77,38.74,5274.35,6.00
22941607,17.77,38.74,5105.83,2.00
22944607,17.76,38.72,5261.78,6.00
22947607,17.76,38.72,4726.43,2.00
22950607,17.77,38.72,5019.88,6.00
22953607,17.76,38.72,5229.81,0.00
22956607,17.76,38.72,5356.67,0.00
22959607,17.76,38.72,5439.58,7.00
22962607,17.76,38.72,5290.04,5.00
22965607,17.76,38.71,5329.56,6.00
22968607,17.76,38.71,5217.80,0.00
22971607,17.76,38.71,5634.56,0.00
22974607,17.75,38.70,5369.00,1.00
22977607,17.76,38.71,4866.39,0.00
22980607,17.76,38.72,5371.05,7.00
22983607,17.76,38.71,5839.40,2.00
22986607,17.76,38.72,6604.96,6.00
22989607,17.76,38.72,6452.38,11.00
22992607,17.76,38.72,5809.80,6.00
22995607,17.76,38.71,5704.73,5.00
22998607,17.76,38.72,5945.54,2.00
23001607,17.76,38.72,5076.77,0.00
23004607,17.75,38.71,5854.18,5.00
23007607,17.76,38.72,5671.69,2.00
23010607,17.75,38.72,7765.99,2.00
23013607,17.74,38.73,6845.46,1.00
23016607,17.75,38.72,5741.99,0.00
23019607,17.74,38.72,5754.84,7.00
23022607,17.75,38.72,6157.86,0.00
23025607,17.75,38.73,5773.79,5.00
23028607,17.75,38.72,6171.17,6.00
23031607,17.75,38.72,5322.11,10.00
23034607,17.75,38.72,4919.97,6.00
23037607,17.75,38.71,5808.98,6.00
23040607,17.75,38.71,5650.72,6.00
23043607,17.76,38.71,6311.72,13.00
23046607,17.75,38.70,5827.81,2.00
23049607,17.75,38.71,6568.28,4.00
23052607,17.76,38.69,6642.12,2.00
23055607,17.75,38.69,5776.42,0.00
23058607,17.75,38.67,5457.01,1.00
23061607,17.76,38.69,6701.50,5.00
23064607,17.75,38.69,5327.30,8.00
23067607,17.76,38.70,6508.06,5.00
23070607,17.76,38.69,6137.14,11.00
23073607,17.76,38.69,6543.91,0.00
23076607,17.75,38.67,7132.92,9.00
23079607,17.75,38.67,5913.07,0.00
23082607,17.75,38.67,5474.64,11.00
23085607,17.76,38.67,4747.31,5.00
23088607,17.75,38.66,5614.54,1.00
23091607,17.76,38.67,6074.69,7.00
23094607,17.76,38.67,5323.64,6.00
23097607,17.76,38.68,5405.97,2.00
23100607,17.76,38.67,6377.63,5.00
23103607,17.76,38.68,6528.36,7.00
23106607,17.77,38.66,5917.95,7.00
23109607,17.77,38.66,5709.28,1.00
23112607,17.77,38.65,6144.62,8.00
23115607,17.76,38.65,6731.90,2.00
23118607,17.77,38.65,5633.37,2.00
23121607,17.77,38.65,6180.81,6.00
23124607,17.77,38.65,7449.34,6.00
23127607,17.77,38.64,7067.00,5.00
23130607,17.76,38.64,6274.80,8.00
23133607,17.76,38.64,7351.58,0.00
23136607,17.77,38.63,5688.75,5.00
23139607,17.77,38.63,6006.91,0.00
23142607,17.77,38.63,6870.59,5.00
23145607,17.77,38.64,5190.28,6.00
23148607,17.77,38.63,5014.39,7.00
23151607,17.77,38.63,5656.36,2.00
23154607,17.77,38.60,5688.31,27.00
23157607,17.77,38.60,5449.70,4.00
23160607,17.78,38.60,5277.87,9.00
23163607,17.78,38.60,5421.72,0.00
23166607,17.78,38.60,9806.19,8.00
23169607,17.78,38.60,6905.99,0.00
23172607,17.77,38.60,6848.73,0.00
23175607,17.77,38.59,6771.39,10.00
23178607,17.77,38.60,5443.19,0.00
23181607,17.77,38.60,5746.07,0.00
23184607,17.77,38.59,5670.46,11.00
23187607,17.77,38.60,6560.58,11.00
23190607,17.76,38.59,6364.55,0.00
23193607,17.76,38.60,7509.50,7.00
23196607,17.76,38.60,6889.93,10.00
23199607,17.76,38.59,7286.41,7.00
23202607,17.77,38.60,7570.84,1.00
23205607,17.76,38.60,7736.51,8.00
23208607,17.76,38.59,8318.59,5.00
23211607,17.76,38.59,8175.67,3.00
23214607,17.77,38.59,9367.83,10.00
23217607,17.77,38.58,7176.72,0.00
23220607,17.76,38.59,7140.01,1.00
23223607,17.77,38.58,8229.05,7.00
23226607,17.76,38.59,6679.45,6.00
23229607,17.77,38.59,7010.21,15.00
23232607,17.76,38.59,6409.36,3.00
23235607,17.76,38.58,7292.44,9.00
23238607,17.76,38.58,6617.80,5.00
23241607,17.76,38.58,6490.81,0.00
23244607,17.76,38.59,7198.40,0.00
23247607,17.76,38.59,6746.16,6.00
23250607,17.76,38.59,5995.64,0.00
23253607,17.77,38.58,6003.94,6.00
23256607,17.76,38.58,5549.98,2.00
23259607,17.76,38.59,5494.64,6.00
23262607,17.76,38.58,6013.54,7.00
23265607,17.76,38.58,6734.15,0.00
23268607,17.76,38.58,5311.65,0.00
23271607,17.76,38.58,5104.62,6.00
23274607,17.76,38.58,6360.84,1.00
23277607,17.76,38.58,5112.28,1.00
23280607,17.76,38.58,5705.04,4.00
23283607,17.77,38.58,7024.79,2.00
23286607,17.76,38.58,7182.26,6.00
23289607,17.76,38.57,6457.05,2.00
23292607,17.76,38.58,6921.35,0.00
23295607,17.75,38.58,7397.46,6.00
23298607,17.76,38.57,5910.33,0.00
23301607,17.76,38.58,6956.96,6.00
23304607,17.76,38.57,5881.91,2.00
23307607,17.75,38.58,6631.89,0.00
23310607,17.75,38.57,5823.72,7.00
23313607,17.76,38.57,6308.51,1.00
23316607,17.76,38.57,6522.80,8.00
23319607,17.75,38.57,6009.09,0.00
23322607,17.75,38.57,5736.89,2.00
23325607,17.76,38.57,6202.27,5.00
23328607,17.75,38.57,5114.18,6.00
23331607,17.75,38.55,5807.03,8.00
23334607,17.75,38.57,5227.19,5.00
23337607,17.75,38.57,5327.07,6.00
23340607,17.76,38.57,6951.48,27.00
23343607,17.75,38.57,5858.63,2.00
23346607,17.74,38.58,7284.62,1.00
23349607,17.75,38.57,5023.52,0.00
23352607,17.75,38.55,5368.00,0.00
23355607,17.76,38.57,5613.61,0.00
23358607,17.75,38.57,5341.49,9.00
23361607,17.75,38.57,4556.97,6.00
23364607,17.75,38.55,4882.33,0.00
23367607,17.75,38.55,5580.02,1.00
23370607,17.75,38.57,5911.17,7.00
23373607,17.75,38.55,6172.10,2.00
23376607,17.75,38.55,6287.92,7.00
23379607,17.75,38.55,6382.78,7.00
23382607,17.75,38.55,7176.50,7.00
23385607,17.75,38.55,6700.37,0.00
23388607,17.75,38.55,7078.63,6.00
23391607,17.75,38.54,5396.95,1.00
23394607,17.75,38.55,5238.84,7.00
23397607,17.75,38.54,6339.38,6.00
23400607,17.75,38.54,5241.65,0.00
23403607,17.75,38.55,6278.68,1.00
23406607,17.75,38.53,6155.21,2.00
23409607,17.75,38.53,6523.50,1.00
23412607,17.75,38.54,4810.18,6.00
23415607,17.75,38.54,5506.37,12.00
23418607,17.75,38.53,5890.15,2.00
23421607,17.75,38.53,6689.63,0.00
23424607,17.76,38.53,6088.18,0.00
23427607,17.75,38.54,5338.89,5.00
23430607,17.75,38.54,6142.10,27.00
23433607,17.76,38.54,5147.81,6.00
23436607,17.76,38.54,4913.46,22.00
23439607,17.75,38.54,5013.44,7.00
23442607,17.76,38.54,5157.27,9.00
23445607,17.76,38.53,4899.05,1.00
23448607,17.76,38.53,5278.20,7.00
23451607,17.76,38.54,4734.57,0.00
23454607,17.76,38.54,5207.65,6.00
23457607,17.75,38.54,7564.14,1.00
23460607,17.75,38.54,6242.03,0.00
23463607,17.75,38.53,6959.20,0.00
23466607,17.75,38.53,6133.12,1.00
23469607,17.75,38.53,5296.46,6.00
23472607,17.75,38.53,5403.23,1.00
23475607,17.76,38.53,5100.16,1.00
23478607,17.75,38.53,5637.18,0.00
23481607,17.75,38.54,5555.33,4.00
23484607,17.74,38.54,5634.75,10.00
23487607,17.75,38.54,5278.81,6.00
23490607,17.75,38.54,5986.70,8.00
23493607,17.75,38.55,5275.16,6.00
23496607,17.75,38.55,5714.97,1.00
23499607,17.75,38.54,5283.99,7.00
23502607,17.74,38.55,5561.65,3.00
23505607,17.75,38.55,5295.77,0.00
23508607,17.75,38.55,4960.82,0.00
23511607,17.74,38.54,5998.28,1.00
23514607,17.75,38.54,6061.48,5.00
23517607,17.75,38.55,6157.31,1.00
23520607,17.75,38.55,5093.78,0.00
23523607,17.75,38.54,4809.37,2.00
23526607,17.75,38.55,4969.37,7.00
23529607,17.75,38.54,5147.17,8.00
23532607,17.74,38.55,5187.48,2.00
23535607,17.75,38.54,4817.63,0.00
23538607,17.74,38.55,5446.03,5.00
23541607,17.74,38.54,5772.92,0.00
23544607,17.74,38.55,6605.56,2.00
23547607,17.75,38.54,6142.36,7.00
23550607,17.75,38.55,5574.89,0.00
23553607,17.74,38.55,6535.48,0.00
23556607,17.74,38.54,7837.16,1.00
23559607,17.74,38.54,5766.92,0.00
23562607,17.74,38.54,8057.23,7.00
23565607,17.75,38.53,6357.40,1.00
23568607,17.75,38.53,7498.51,5.00
23571607,17.75,38.54,6620.81,7.00
23574607,17.75,38.53,6576.45,3.00
23577607,17.74,38.53,7363.12,5.00
23580607,17.75,38.53,6706.65,2.00
23583607,17.75,38.53,6316.77,6.00
23586607,17.74,38.52,5817.81,2.00
23589607,17.74,38.53,7227.61,7.00
23592607,17.74,38.54,6597.13,5.00
23595607,17.74,38.52,5387.28,2.00
23598607,17.74,38.53,5164.97,10.00
23601607,17.74,38.53,5298.08,7.00
23604607,17.74,38.53,5634.33,1.00
23607607,17.75,38.53,4976.11,0.00
23610607,17.74,38.52,7460.82,0.00
23613607,17.74,38.52,7217.56,1.00
23616607,17.74,38.53,7212.11,27.00
23619607,17.74,38.52,6695.58,2.00
23622607,17.75,38.52,7095.68,0.00
23625607,17.74,38.50,5802.86,2.00
23628607,17.74,38.52,6761.72,2.00
23631607,17.74,38.52,6342.96,0.00
23634607,17.74,38.52,6209.55,6.00
23637607,17.74,38.52,5549.20,0.00
23640607,17.74,38.53,6123.23,5.00
23643607,17.74,38.52,6006.08,0.00
23646607,17.74,38.52,6656.00,6.00
23649607,17.74,38.52,6296.40,9.00
23652607,17.74,38.52,5279.63,7.00
23655607,17.74,38.52,6432.65,0.00
23658607,17.74,38.52,6115.24,1.00
23661607,17.74,38.52,4951.07,2.00
23664607,17.73,38.53,6148.31,0.00
23667607,17.73,38.52,5026.66,0.00
23670607,17.74,38.52,5269.49,0.00
23673607,17.74,38.52,5731.00,2.00
23676607,17.73,38.53,4784.55,6.00
23679607,17.74,38.53,5541.36,1.00
23682607,17.74,38.53,6309.66,13.00
23685607,17.74,38.52,5553.59,7.00
23688607,17.74,38.53,5906.83,2.00
23691607,17.74,38.52,5909.80,0.00
23694607,17.74,38.53,4924.64,2.00
23697607,17.73,38.53,4913.95,8.00
23700607,17.74,38.53,5398.24,13.00
23703607,17.74,38.53,5487.55,6.00
23706607,17.74,38.52,5083.73,6.00
23709607,17.74,38.52,5450.09,7.00
23712607,17.74,38.52,6083.18,9.00
23715607,17.74,38.52,5491.26,6.00
23718607,17.73,38.50,5844.56,8.00
23721607,17.74,38.52,5227.70,11.00
23724607,17.74,38.52,6527.47,8.00
23727607,17.74,38.52,6281.61,1.00
23730607,17.74,38.52,5092.21,7.00
23733607,17.74,38.50,4706.33,0.00
23736607,17.74,38.50,5826.95,5.00
23739607,17.74,38.52,6703.70,5.00
23742607,17.73,38.50,7063.85,7.00
23745607,17.73,38.50,6215.55,5.00
23748607,17.73,38.50,5207.45,0.00
23751607,17.73,38.52,4527.06,2.00
23754607,17.73,38.52,4940.81,0.00
23757607,17.73,38.52,4886.01,5.00
23760607,17.74,38.53,5801.25,0.00
23763607,17.73,38.50,6320.88,7.00
23766607,17.74,38.52,5015.62,7.00
23769607,17.74,38.53,5525.68,4.00
23772607,17.74,38.52,5500.61,0.00
23775607,17.74,38.50,5505.00,1.00
23778607,17.73,38.52,5957.09,6.00
23781607,17.73,38.52,5009.85,7.00
23784607,17.73,38.52,5268.56,1.00
23787607,17.74,38.52,5150.84,0.00
23790607,17.73,38.52,6211.27,0.00
23793607,17.73,38.52,5981.80,5.00
23796607,17.73,38.52,5588.16,0.00
23799607,17.73,38.52,6069.83,28.00
23802607,17.72,38.52,6306.39,6.00
23805607,17.73,38.53,5964.08,12.00
23808607,17.73,38.53,6020.26,0.00
23811607,17.72,38.53,5463.76,11.00
23814607,17.73,38.52,4868.25,7.00
23817607,17.73,38.52,5367.00,6.00
23820607,17.73,38.53,6433.94,8.00
23823607,17.73,38.53,6860.16,0.00
23826607,17.72,38.53,6988.77,8.00
23829607,17.72,38.53,5221.87,0.00
23832607,17.72,38.53,5815.02,6.00
23835607,17.73,38.53,6320.40,7.00
23838607,17.72,38.54,6025.32,6.00
23841607,17.73,38.53,6794.64,6.00
23844607,17.73,38.53,7321.41,0.00
23847607,17.73,38.53,7459.60,0.00
23850607,17.72,38.53,6432.40,0.00
23853607,17.72,38.53,7270.93,1.00
23856607,17.72,38.53,6013.65,6.00
23859607,17.72,38.53,4755.74,5.00
23862607,17.72,38.53,5141.75,2.00
23865607,17.72,38.53,5133.44,5.00
23868607,17.72,38.53,5133.44,0.00
23871607,17.72,38.53,5133.44,5.00
23877791,17.72,38.53,0.00,9.00
23880791,17.72,38.53,4762.67,7.00
23883791,17.72,38.53,5353.74,7.00
23886791,17.73,38.53,5954.15,0.00
23889791,17.72,38.52,6120.06,7.00
23892791,17.72,38.53,5972.04,6.00
23895791,17.73,38.52,5792.18,2.00
23898791,17.73,38.52,6380.65,6.00
23901791,17.73,38.52,6614.90,8.00
23904791,17.73,38.52,6766.68,5.00
23907791,17.73,38.52,6172.52,0.00
23910791,17.73,38.50,6343.42,5.00
23913791,17.73,38.52,6437.70,6.00
23916791,17.73,38.50,6122.90,0.00
23919791,17.73,38.50,5714.22,2.00
23922791,17.73,38.50,4922.51,0.00
23925791,17.74,38.49,4576.64,23.00
23928791,17.74,38.49,4498.69,6.00
23931791,17.74,38.49,5161.54,1.00
23934791,17.73,38.49,4890.89,11.00
23937791,17.73,38.48,5144.75,5.00
23940791,17.74,38.48,6710.61,1.00
23943791,17.74,38.48,7402.52,8.00
23946791,17.74,38.49,6433.53,8.00
23949791,17.74,38.48,5762.75,2.00
23952791,17.74,38.48,5506.82,1.00
23955791,17.74,38.48,5047.68,6.00
23958791,17.74,38.48,5966.39,8.00
23961791,17.74,38.47,7591.98,27.00
23964791,17.75,38.47,6924.30,8.00
23967791,17.74,38.48,7576.32,5.00
23970791,17.74,38.47,6985.61,1.00
23973791,17.74,38.47,6541.59,1.00
23976791,17.74,38.46,5547.96,6.00
23979791,17.74,38.47,5230.50,1.00
23982791,17.74,38.47,4747.62,2.00
23985791,17.74,38.47,5191.28,1.00
23988791,17.74,38.48,6587.61,0.00
23991791,17.73,38.47,6021.08,6.00
23994791,17.73,38.47,7270.90,1.00
23997791,17.73,38.47,8437.48,1.00
24000791,17.73,38.47,7120.44,7.00
24003791,17.73,38.48,6716.49,4.00
24006791,17.73,38.47,6386.32,2.00
24009791,17.73,38.47,6517.03,8.00
24012791,17.73,38.47,5163.95,1.00
24015791,17.73,38.47,5287.09,6.00
24018791,17.73,38.47,5608.04,0.00
24021791,17.73,38.48,6587.65,7.00
24024791,17.73,38.48,4836.00,6.00
24027791,17.73,38.48,5620.60,0.00
24030791,17.73,38.48,6065.54,7.00
24033791,17.73,38.47,5484.40,5.00
24036791,17.73,38.48,6056.45,6.00
24039791,17.72,38.48,5394.43,0.00
24042791,17.72,38.48,5336.01,0.00
24045791,17.73,38.47,5006.50,0.00
24048791,17.73,38.48,6344.60,7.00
24051791,17.73,38.47,6208.03,0.00
24054791,17.74,38.46,5675.80,1.00
24057791,17.74,38.46,5559.06,5.00
24060791,17.74,38.46,5484.67,1.00
24063791,17.75,38.45,5007.46,1.00
24066791,17.75,38.45,5685.85,5.00
24069791,17.75,38.45,5751.15,6.00
24072791,17.75,38.43,4420.47,6.00
24075791,17.75,38.43,5898.74,7.00
24078791,17.75,38.43,5858.84,1.00
24081791,17.75,38.42,5210.67,1.00
24084791,17.76,38.43,5867.88,0.00
24087791,17.76,38.42,5892.59,0.00
24090791,17.76,38.41,4938.65,5.00
24093791,17.76,38.41,5486.49,0.00
24096791,17.76,38.41,5220.46,9.00
24099791,17.76,38.40,5779.13,7.00
24102791,17.76,38.40,6078.35,10.00
24105791,17.76,38.39,6757.11,0.00
24108791,17.76,38.40,5067.48,7.00
24111791,17.76,38.40,5251.19,0.00
24114791,17.75,38.40,5804.61,6.00
24117791,17.75,38.40,5738.70,0.00
24120791,17.76,38.41,6092.90,5.00
24123791,17.75,38.40,4970.91,5.00
24126791,17.75,38.41,5743.21,2.00
24129791,17.75,38.40,5591.53,1.00
24132791,17.75,38.41,5417.20,1.00
24135791,17.75,38.42,4958.42,7.00
24138791,17.74,38.42,5757.65,0.00
24141791,17.74,38.41,4664.05,0.00
24144791,17.74,38.42,4647.25,7.00
24147791,17.74,38.40,6273.82,1.00
24150791,17.74,38.41,6575.10,6.00
24153791,17.74,38.42,5202.62,2.00
24156791,17.74,38.41,5475.81,1.00
24159791,17.74,38.41,5121.05,3.00
24162791,17.74,38.41,5987.85,0.00
24165791,17.74,38.41,6327.18,4.00
24168791,17.74,38.42,6127.65,0.00
24171791,17.74,38.42,5153.46,2.00
24174791,17.73,38.42,6338.15,2.00
24177791,17.74,38.41,6127.40,2.00
24180791,17.74,38.42,5670.32,11.00
24183791,17.73,38.40,6129.92,1.00
24186791,17.73,38.42,6127.52,8.00
24189791,17.73,38.41,5072.56,5.00
24192791,17.73,38.41,5167.87,7.00
24195791,17.73,38.42,5293.75,6.00
24198791,17.73,38.41,5581.51,5.00
24201791,17.74,38.42,6030.84,6.00
24204791,17.73,38.41,5404.81,7.00
24207791,17.73,38.42,5791.52,0.00
24210791,17.74,38.41,4938.95,5.00
24213791,17.73,38.40,5400.76,8.00
24216791,17.73,38.41,4962.50,6.00
24219791,17.73,38.41,4585.91,1.00
24222791,17.73,38.41,4940.31,1.00
24225791,17.73,38.42,5025.11,0.00
24228791,17.73,38.41,4736.39,7.00
24231791,17.73,38.42,4882.96,0.00
24234791,17.73,38.42,4823.16,5.00
24237791,17.73,38.42,5841.88,7.00
24240791,17.73,38.42,6350.08,1.00
24243791,17.73,38.43,5997.69,27.00
24246791,17.73,38.42,5307.21,0.00
24249791,17.73,38.41,5953.96,6.00
24252791,17.73,38.42,5552.09,0.00
24255791,17.73,38.41,4987.53,0.00
24258791,17.73,38.41,5498.58,7.00
24261791,17.73,38.41,5534.75,5.00
24264791,17.73,38.41,5822.48,2.00
24267791,17.73,38.41,5250.27,2.00
24270791,17.73,38.40,5382.09,8.00
24273791,17.73,38.41,5955.66,5.00
24276791,17.73,38.42,6855.96,4.00
24279791,17.73,38.42,6361.91,5.00
24282791,17.73,38.41,6003.35,27.00
24285791,17.74,38.41,5609.38,10.00
24288791,17.73,38.41,5093.71,2.00
24291791,17.73,38.40,6217.40,1.00
24294791,17.73,38.40,5386.63,7.00
24297791,17.73,38.40,5817.74,7.00
24300791,17.73,38.42,5941.45,7.00
24303791,17.73,38.41,5107.05,7.00
24306791,17.73,38.41,5334.64,2.00
24309791,17.73,38.41,5425.13,6.00
24312791,17.73,38.42,5758.11,0.00
24315791,17.73,38.42,5406.96,1.00
24318791,17.73,38.43,6710.09,7.00
24321791,17.72,38.42,5767.57,1.00
24324791,17.72,38.41,5782.65,10.00
24327791,17.73,38.42,5329.38,0.00
24330791,17.73,38.41,5625.25,1.00
24333791,17.74,38.41,5840.45,7.00
24336791,17.73,38.41,5755.08,0.00
24339791,17.73,38.41,5641.73,6.00
24342791,17.73,38.41,5826.82,1.00
24345791,17.73,38.41,5430.67,9.00
24348791,17.73,38.41,4956.09,7.00
24351791,17.73,38.41,5380.02,0.00
24354791,17.72,38.39,4879.62,1.00
24357791,17.73,38.41,5395.20,11.00
24360791,17.73,38.41,5609.31,1.00
24363791,17.73,38.40,5749.65,0.00
24366791,17.73,38.41,6157.23,5.00
24369791,17.73,38.41,5209.18,6.00
24372791,17.73,38.41,5858.10,0.00
24375791,17.73,38.40,5476.54,7.00
24378791,17.73,38.40,5946.52,22.00
24381791,17.73,38.41,5511.06,5.00
24384791,17.73,38.40,4997.03,2.00
24387791,17.73,38.40,5748.26,7.00
24390791,17.73,38.40,6092.90,2.00
24393791,17.73,38.40,5406.48,2.00
24396791,17.73,38.40,5366.31,6.00
24399791,17.72,38.39,6252.23,7.00
24402791,17.73,38.40,6580.35,7.00
24405791,17.72,38.39,5163.15,6.00
24408791,17.72,38.39,5759.39,11.00
24411791,17.72,38.41,5478.32,9.00
24414791,17.72,38.41,5413.03,6.00
24417791,17.72,38.41,6018.44,7.00
24420791,17.72,38.41,5285.82,7.00
24423791,17.72,38.42,4699.28,9.00
24426791,17.72,38.39,5836.22,7.00
24429791,17.71,38.41,6375.17,11.00
24432791,17.72,38.39,6112.10,5.00
24435791,17.72,38.39,5364.39,5.00
24438791,17.72,38.39,5966.61,7.00
24441791,17.72,38.39,5705.67,5.00
24444791,17.72,38.39,5605.80,7.00
24447791,17.73,38.40,4984.57,0.00
24450791,17.72,38.39,5496.83,2.00
24453791,17.73,38.40,5756.62,2.00
24456791,17.72,38.39,5593.46,10.00
24459791,17.72,38.39,5442.31,6.00
24462791,17.73,38.38,5865.82,0.00
24465791,17.72,38.39,5519.46,1.00
24468791,17.73,38.40,5331.18,1.00
24471791,17.73,38.40,6091.96,0.00
24474791,17.72,38.38,5694.60,8.00
24477791,17.73,38.41,6337.50,1.00
24480791,17.72,38.39,5548.40,0.00
24483791,17.71,38.38,6597.28,8.00
24486791,17.71,38.38,6685.07,7.00
24489791,17.71,38.41,5657.22,0.00
24492791,17.71,38.41,5501.79,7.00
24495791,17.72,38.39,7095.87,1.00
24498791,17.72,38.39,6071.58,1.00
24501791,17.71,38.39,4727.10,6.00
24504791,17.72,38.39,5313.93,1.00
24507791,17.71,38.39,5193.71,0.00
24510791,17.72,38.38,4829.33,8.00
24513791,17.71,38.38,4928.37,6.00
24516791,17.72,38.38,5127.20,7.00
24519791,17.72,38.38,5241.84,5.00
24522791,17.72,38.39,6163.09,10.00
24525791,17.72,38.39,6872.44,7.00
24528791,17.72,38.39,5701.05,2.00
24531791,17.71,38.38,5324.52,22.00
24534791,17.72,38.39,6399.15,2.00
24537791,17.71,38.39,5970.84,6.00
24540791,17.72,38.39,5441.48,4.00
24543791,17.71,38.39,6500.47,5.00
24546791,17.72,38.39,6262.80,6.00
24549791,17.72,38.39,6040.22,6.00
24552791,17.71,38.39,5605.53,1.00
24555791,17.72,38.38,5880.81,11.00
24558791,17.72,38.41,5910.80,3.00
24561791,17.72,38.39,5529.13,6.00
24564791,17.72,38.39,5831.03,2.00
24567791,17.72,38.39,6036.02,7.00
24570791,17.72,38.38,6951.69,2.00
24573791,17.72,38.38,5346.21,0.00
24576791,17.72,38.39,6036.83,6.00
24579791,17.72,38.38,6333.92,5.00
24582791,17.72,38.39,5615.89,1.00
24585791,17.72,38.38,5229.03,5.00
24588791,17.72,38.38,5906.63,1.00
24591791,17.72,38.38,5971.79,7.00
24594791,17.72,38.38,5656.59,6.00
24597791,17.72,38.38,6374.52,7.00
24600791,17.72,38.38,6221.16,0.00
24603791,17.72,38.38,4894.38,2.00
24606791,17.72,38.38,5344.46,7.00
24609791,17.72,38.38,5373.21,6.00
24612791,17.72,38.38,5971.60,10.00
24615791,17.72,38.38,5679.82,7.00
24618791,17.72,38.38,6294.77,7.00
24621791,17.71,38.39,5100.01,6.00
24624791,17.72,38.39,5623.83,0.00
24627791,17.72,38.39,4600.70,0.00
24630791,17.71,38.39,5874.86,5.00
24633791,17.72,38.41,5142.12,0.00
24636791,17.72,38.39,5758.97,0.00
24639791,17.72,38.41,6226.41,7.00
24642791,17.71,38.39,5539.88,2.00
24645791,17.72,38.39,5590.91,5.00
24648791,17.72,38.39,5644.48,11.00
24651791,17.72,38.39,6390.70,0.00
24654791,17.72,38.39,5484.92,2.00
24657791,17.72,38.39,5514.36,0.00
24660791,17.72,38.38,6009.30,1.00
24663791,17.72,38.38,5898.86,0.00
24666791,17.72,38.38,5217.92,4.00
24669791,17.72,38.38,5170.20,7.00
24672791,17.72,38.39,5948.57,0.00
24675791,17.72,38.38,5375.43,6.00
24678791,17.72,38.38,6108.59,0.00
24681791,17.72,38.38,5310.63,6.00
24684791,17.72,38.38,5814.95,6.00
24687791,17.72,38.37,5817.05,0.00
24690791,17.72,38.38,5409.13,2.00
24693791,17.72,38.37,5690.65,2.00
24696791,17.73,38.38,6515.43,1.00
24699791,17.72,38.37,5672.00,5.00
24702791,17.73,38.38,5935.21,6.00
24705791,17.72,38.37,5710.00,0.00
24708791,17.72,38.37,5353.58,0.00
24711791,17.73,38.37,5495.39,0.00
24714791,17.73,38.37,5886.85,0.00
24717791,17.73,38.37,5788.75,6.00
24720791,17.73,38.37,6145.65,9.00
24723791,17.73,38.38,5734.11,6.00
24726791,17.73,38.37,5216.09,0.00
24729791,17.73,38.37,5342.56,0.00
24732791,17.73,38.37,4498.77,0.00
24735791,17.73,38.38,5512.27,0.00
24738791,17.73,38.36,5715.90,0.00
24741791,17.73,38.36,4900.76,5.00
24744791,17.73,38.36,5523.87,0.00
24747791,17.73,38.36,5885.20,0.00
24750791,17.73,38.36,5007.90,10.00
24753791,17.73,38.35,5027.55,5.00
24756791,17.73,38.36,5777.28,0.00
24759791,17.73,38.37,5191.69,7.00
24762791,17.72,38.35,5454.94,0.00
24765791,17.73,38.36,5189.45,1.00
24768791,17.72,38.35,5750.62,5.00
24771791,17.73,38.35,6412.63,0.00
24774791,17.72,38.36,7275.04,11.00
24777791,17.73,38.35,5946.37,0.00
24780791,17.73,38.36,6201.76,7.00
24783791,17.72,38.36,5222.78,27.00
24786791,17.73,38.36,5938.71,1.00
24789791,17.73,38.36,6247.96,6.00
24792791,17.72,38.36,5532.62,5.00
24795791,17.73,38.36,5726.05,9.00
24798791,17.73,38.36,5174.11,0.00
24801791,17.72,38.36,5604.08,6.00
24804791,17.73,38.36,5102.20,11.00
24807791,17.73,38.36,5049.59,1.00
24810791,17.73,38.36,5831.09,2.00
24813791,17.73,38.36,5490.95,5.00
24816791,17.73,38.36,5838.21,4.00
24819791,17.74,38.36,5954.35,10.00
24822791,17.73,38.36,5514.13,5.00
24825791,17.73,38.36,5388.98,10.00
24828791,17.74,38.36,5581.33,7.00
24831791,17.74,38.35,6977.55,6.00
24834791,17.74,38.35,5745.64,7.00
24837791,17.74,38.36,5089.92,5.00
24840791,17.74,38.36,5263.95,2.00
24843791,17.73,38.35,5587.42,6.00
24846791,17.74,38.35,5744.51,0.00
24849791,17.74,38.35,5787.40,1.00
24852791,17.74,38.35,6945.83,7.00
24855791,17.74,38.36,4933.49,0.00
24858791,17.73,38.36,5594.86,1.00
24861791,17.73,38.36,5649.55,0.00
24864791,17.73,38.35,5381.55,0.00
24867791,17.73,38.35,4919.17,0.00
24870791,17.73,38.36,5735.86,6.00
24873791,17.72,38.36,7040.50,6.00
24876791,17.73,38.35,4986.92,0.00
24879791,17.73,38.36,5722.42,0.00
24882791,17.73,38.36,5833.35,1.00
24885791,17.73,38.36,5980.91,6.00
24888791,17.73,38.36,5375.57,6.00
24891791,17.73,38.37,5954.96,0.00
24894791,17.73,38.36,5550.29,0.00
24897791,17.73,38.36,5564.69,2.00
24900791,17.73,38.36,5663.85,8.00
24903791,17.73,38.36,5203.92,2.00
24906791,17.73,38.36,5063.49,5.00
24909791,17.73,38.36,4825.23,2.00
24912791,17.72,38.36,5642.57,1.00
24915791,17.73,38.37,5343.92,6.00
24918791,17.73,38.36,5471.02,0.00
24921791,17.73,38.36,5635.28,8.00
24924791,17.73,38.36,5737.14,7.00
24927791,17.72,38.36,5649.78,5.00
24930791,17.72,38.36,5430.53,5.00
24933791,17.72,38.36,5667.32,10.00
24936791,17.72,38.36,5984.81,2.00
24939791,17.71,38.36,7050.42,0.00
24942791,17.72,38.36,5579.75,5.00
24945791,17.72,38.36,4598.59,6.00
24948791,17.71,38.35,6019.28,5.00
24951791,17.72,38.36,5349.40,2.00
24954791,17.72,38.36,5371.96,1.00
24957791,17.72,38.35,5983.28,6.00
24960791,17.71,38.37,5757.79,2.00
24963791,17.72,38.36,5293.44,2.00
24966791,17.72,38.35,5145.64,0.00
24969791,17.72,38.36,5764.46,2.00
24972791,17.72,38.35,5934.81,6.00
24975791,17.72,38.36,6411.38,7.00
24978791,17.72,38.35,5552.30,0.00
24981791,17.73,38.36,5786.56,7.00
24984791,17.72,38.35,5053.50,2.00
24987791,17.72,38.33,5716.42,0.00
24990791,17.72,38.33,5732.41,0.00
24993791,17.72,38.33,5942.17,5.00
24996791,17.72,38.33,6143.59,7.00
24999791,17.72,38.33,5302.44,1.00
25002791,17.72,38.33,5561.57,0.00
25005791,17.72,38.33,5810.86,5.00
25008791,17.72,38.33,6092.41,6.00
25011791,17.72,38.33,6070.76,0.00
25014791,17.72,38.33,5894.26,0.00
25017791,17.72,38.32,4983.49,0.00
25020791,17.72,38.33,5918.73,4.00
25023791,17.72,38.33,5120.64,27.00
25026791,17.72,38.32,5045.79,9.00
25029791,17.72,38.33,6063.57,1.00
25032791,17.72,38.33,6122.73,7.00
25035791,17.72,38.33,5494.76,0.00
25038791,17.72,38.32,5767.82,8.00
25041791,17.72,38.32,5445.63,1.00
25044791,17.72,38.33,5622.58,5.00
25047791,17.72,38.32,5077.76,5.00
25050791,17.72,38.33,5522.73,2.00
25053791,17.72,38.33,5745.87,0.00
25056791,17.72,38.32,5381.68,11.00
25059791,17.72,38.32,5574.53,0.00
25062791,17.72,38.33,5638.80,5.00
25065791,17.72,38.32,6049.98,0.00
25068791,17.72,38.32,5650.08,5.00
25071791,17.72,38.31,6222.37,7.00
25074791,17.72,38.32,5052.29,6.00
25077791,17.72,38.32,5359.75,0.00
25080791,17.73,38.32,5889.28,0.00
25083791,17.72,38.32,4845.34,7.00
25086791,17.72,38.32,5793.56,0.00
25089791,17.72,38.32,5804.82,5.00
25092791,17.72,38.32,5715.49,0.00
25095791,17.72,38.32,5185.56,0.00
25098791,17.72,38.31,6256.77,5.00
25101791,17.73,38.32,6028.11,8.00
25104791,17.72,38.31,6174.43,7.00
25107791,17.73,38.31,5325.46,0.00
25110791,17.73,38.31,5312.77,6.00
25113791,17.73,38.31,6549.84,5.00
25116791,17.72,38.31,4640.64,7.00
25119791,17.72,38.31,5208.09,6.00
25122791,17.72,38.30,4824.21,6.00
25125791,17.72,38.31,5705.11,1.00
25128791,17.73,38.31,4843.54,5.00
25131791,17.72,38.30,5787.63,0.00
25134791,17.73,38.30,5468.57,1.00
25137791,17.72,38.30,5038.10,5.00
25140791,17.73,38.30,5241.03,0.00
25143791,17.73,38.30,6098.19,0.00
25146791,17.73,38.29,5643.15,7.00
25149791,17.73,38.30,6209.91,6.00
25152791,17.74,38.29,5575.22,11.00
25155791,17.74,38.29,6016.92,8.00
25158791,17.74,38.29,6071.76,0.00
25161791,17.74,38.28,5431.01,5.00
25164791,17.73,38.29,5113.80,0.00
25167791,17.73,38.29,5925.20,4.00
25170791,17.73,38.29,5250.86,2.00
25173791,17.73,38.30,5531.72,0.00
25176791,17.73,38.29,5426.73,8.00
25179791,17.74,38.29,5323.56,0.00
25182791,17.73,38.29,5928.75,0.00
25185791,17.74,38.29,5642.86,10.00
25188791,17.73,38.29,5819.29,0.00
25191791,17.73,38.29,5458.34,8.00
25194791,17.72,38.29,5147.11,0.00
25197791,17.73,38.29,5651.90,8.00
25200791,17.73,38.27,4988.96,2.00
25203791,17.72,38.29,5529.92,6.00
25206791,17.73,38.29,6544.52,2.00
25209791,17.72,38.29,5292.90,6.00
25212791,17.72,38.29,5308.03,6.00
25215791,17.73,38.30,5546.85,5.00
25218791,17.73,38.29,5779.97,6.00
25221791,17.72,38.29,5523.87,6.00
25224791,17.72,38.30,6320.20,1.00
25227791,17.72,38.30,6089.68,8.00
25230791,17.72,38.29,4995.89,1.00
25233791,17.73,38.30,5293.99,0.00
25236791,17.73,38.30,5287.37,7.00
25239791,17.73,38.30,5442.69,11.00
25242791,17.73,38.29,5831.48,0.00
25245791,17.73,38.29,5418.24,0.00
25248791,17.73,38.29,5446.67,2.00
25251791,17.72,38.29,5372.98,1.00
25254791,17.73,38.29,5327.84,6.00
25257791,17.73,38.29,6064.78,25.00
25260791,17.73,38.29,5474.95,6.00
25263791,17.73,38.30,5971.43,2.00
25266791,17.73,38.30,6061.69,3.00
25269791,17.73,38.29,5258.91,6.00
25272791,17.73,38.29,5780.25,0.00
25275791,17.73,38.29,6097.30,6.00
25278791,17.73,38.29,4827.49,0.00
25281791,17.73,38.29,5484.44,6.00
25284791,17.73,38.29,5726.84,1.00
25287791,17.73,38.29,5941.60,6.00
25290791,17.73,38.27,6173.61,1.00
25293791,17.73,38.29,6146.86,0.00
25296791,17.73,38.29,6067.39,5.00
25299791,17.72,38.29,5811.35,22.00
25302791,17.73,38.27,5217.46,7.00
25305791,17.72,38.29,5311.60,7.00
25308791,17.72,38.27,6002.75,1.00
25311791,17.72,38.29,4832.60,5.00
25314791,17.72,38.29,5634.00,6.00
25317791,17.72,38.29,4873.86,0.00
25320791,17.72,38.27,5954.85,0.00
25323791,17.71,38.27,5619.21,0.00
25326791,17.71,38.27,5735.96,7.00
25329791,17.71,38.29,6182.02,5.00
25332791,17.72,38.29,6399.79,1.00
25335791,17.72,38.29,6039.17,7.00
25338791,17.72,38.29,5628.64,7.00
25341791,17.71,38.29,5542.51,27.00
25344791,17.71,38.29,5626.03,5.00
25347791,17.72,38.29,5943.15,7.00
25350791,17.71,38.27,7357.43,9.00
25353791,17.72,38.29,7623.96,0.00
25356791,17.72,38.27,6372.54,0.00
25359791,17.73,38.27,5711.31,2.00
25362791,17.73,38.27,5887.78,6.00
25365791,17.73,38.26,5282.11,0.00
25368791,17.73,38.26,5693.00,2.00
25371791,17.74,38.26,6256.87,0.00
25374791,17.73,38.26,5134.31,0.00
25377791,17.73,38.25,5477.96,7.00
25380791,17.73,38.26,5393.95,4.00
25383791,17.73,38.25,4866.10,7.00
25386791,17.74,38.24,4904.04,6.00
25389791,17.74,38.25,5805.23,0.00
25392791,17.74,38.24,5096.63,2.00
25395791,17.73,38.23,5333.93,7.00
25398791,17.74,38.23,5736.70,8.00
25401791,17.75,38.23,5435.81,7.00
25404791,17.75,38.23,6039.61,0.00
25407791,17.75,38.23,5553.79,0.00
25410791,17.75,38.20,4901.49,1.00
25413791,17.75,38.22,5682.61,2.00
25416791,17.75,38.20,5493.25,9.00
25419791,17.75,38.21,4839.91,2.00
25422791,17.75,38.21,5305.53,9.00
25425791,17.75,38.20,5967.45,7.00
25428791,17.75,38.21,5226.76,9.00
25431791,17.75,38.19,4996.12,0.00
25434791,17.75,38.19,5900.72,11.00
25437791,17.74,38.19,5102.55,2.00
25440791,17.75,38.19,6040.02,0.00
25443791,17.75,38.20,5055.49,10.00
25446791,17.75,38.19,5608.51,0.00
25449791,17.74,38.20,5444.75,27.00
25452791,17.74,38.19,5300.98,7.00
25455791,17.74,38.20,5688.23,1.00
25458791,17.74,38.20,5889.90,8.00
25461791,17.74,38.20,4772.34,8.00
25464791,17.74,38.20,4855.07,5.00
25467791,17.73,38.20,5030.01,2.00
25470791,17.74,38.20,5115.67,6.00
25473791,17.74,38.20,5285.53,5.00
25476791,17.74,38.20,4853.55,7.00
25479791,17.74,38.22,5348.26,0.00
25482791,17.74,38.22,5603.30,6.00
25485791,17.74,38.22,5881.15,7.00
25488791,17.74,38.20,5773.41,7.00
25491791,17.74,38.20,5419.01,5.00
25494791,17.74,38.20,5484.27,2.00
25497791,17.74,38.20,5337.68,6.00
25500791,17.74,38.20,5228.59,0.00
25503791,17.74,38.20,5674.13,0.00
25506791,17.74,38.20,5690.01,7.00
25509791,17.74,38.20,5904.61,2.00
25512791,17.74,38.20,6296.55,10.00
25515791,17.74,38.20,6102.06,6.00
25518791,17.74,38.20,5748.65,2.00
25521791,17.74,38.20,5661.39,0.00
25524791,17.74,38.19,5271.55,0.00
25527791,17.74,38.20,5521.22,7.00
25530791,17.74,38.20,6060.47,6.00
25533791,17.74,38.19,5614.68,3.00
25536791,17.74,38.19,5037.87,2.00
25539791,17.74,38.19,6307.53,0.00
25542791,17.74,38.19,5553.84,5.00
25545791,17.73,38.19,5916.05,5.00
25548791,17.74,38.19,6474.34,0.00
25551791,17.74,38.19,5140.62,0.00
25554791,17.73,38.19,5898.79,3.00
25557791,17.74,38.20,5382.61,5.00
25560791,17.74,38.19,5921.27,10.00
25563791,17.74,38.19,5378.35,0.00
25566791,17.74,38.19,5725.37,1.00
25569791,17.74,38.19,5516.63,11.00
25572791,17.74,38.20,6391.09,6.00
25575791,17.73,38.19,4618.98,1.00
25578791,17.74,38.19,5437.85,8.00
25581791,17.74,38.19,5811.13,11.00
25584791,17.74,38.19,5691.94,7.00
25587791,17.73,38.19,5553.02,1.00
25590791,17.73,38.19,5678.21,0.00
25593791,17.73,38.19,5137.61,7.00
25596791,17.73,38.19,5958.57,10.00
25599791,17.73,38.20,4990.00,8.00
25602791,17.73,38.20,5885.63,2.00
25605791,17.73,38.19,5680.96,0.00
25608791,17.73,38.19,5365.64,2.00
25611791,17.73,38.19,5805.70,0.00
25614791,17.73,38.20,5488.76,0.00
25617791,17.74,38.19,6100.25,7.00
25620791,17.73,38.20,5226.40,2.00
25623791,17.73,38.19,5593.39,1.00
25626791,17.73,38.20,5108.02,4.00
25629791,17.73,38.20,5396.42,7.00
25632791,17.73,38.19,5465.77,3.00
25635791,17.73,38.20,5624.00,0.00
25638791,17.73,38.19,5873.81,11.00
25641791,17.73,38.20,5598.83,6.00
25644791,17.73,38.19,5293.06,9.00
25647791,17.73,38.19,5290.75,8.00
25650791,17.73,38.19,5423.56,7.00
25653791,17.73,38.19,5927.67,2.00
25656791,17.72,38.19,6116.78,7.00
25659791,17.73,38.19,5595.21,1.00
25662791,17.73,38.19,5035.49,10.00
25665791,17.73,38.18,5279.94,6.00
25668791,17.72,38.19,5289.02,9.00
25671791,17.73,38.18,5795.68,3.00
25674791,17.73,38.18,6389.04,2.00
25677791,17.73,38.18,5325.81,2.00
25680791,17.73,38.17,5527.23,5.00
25683791,17.73,38.18,5757.34,11.00
25686791,17.73,38.18,5322.41,0.00
25689791,17.73,38.17,5878.73,7.00
25692791,17.73,38.18,6003.60,5.00
25695791,17.73,38.17,5168.24,9.00
25698791,17.73,38.17,6181.19,0.00
25701791,17.74,38.17,5526.97,5.00
25704791,17.73,38.18,5115.88,6.00
25707791,17.73,38.17,5286.61,5.00
25710791,17.73,38.18,6409.55,0.00
25713791,17.73,38.18,6150.18,7.00
25716791,17.72,38.17,5519.42,0.00
25719791,17.73,38.18,5028.58,6.00
25722791,17.72,38.18,5065.55,0.00
25725791,17.72,38.18,6079.04,6.00
25728791,17.72,38.18,6082.49,6.00
25731791,17.72,38.18,6757.59,10.00
25734791,17.72,38.18,6673.37,5.00
25737791,17.72,38.17,6568.63,6.00
25740791,17.72,38.17,6171.73,0.00
25743791,17.72,38.18,6066.32,5.00
25746791,17.72,38.18,6140.36,1.00
25749791,17.71,38.18,5868.97,2.00
25752791,17.71,38.18,6043.48,7.00
25755791,17.72,38.18,5880.84,0.00
25758791,17.71,38.18,6808.09,1.00
25761791,17.71,38.19,6003.02,2.00
25764791,17.71,38.19,6425.92,4.00
25767791,17.71,38.18,5907.83,0.00
25770791,17.71,38.18,5549.27,8.00
25773791,17.71,38.18,5473.19,5.00
25776791,17.71,38.18,4662.59,0.00
25779791,17.72,38.18,6195.90,0.00
25782791,17.72,38.18,5987.95,0.00
25785791,17.72,38.17,5341.10,0.00
25788791,17.71,38.17,5972.88,0.00
25791791,17.71,38.17,5954.72,5.00
25794791,17.71,38.17,5752.08,5.00
25797791,17.71,38.17,6634.74,6.00
25800791,17.71,38.17,5336.25,5.00
25803791,17.72,38.17,6290.98,6.00
25806791,17.71,38.17,5808.90,1.00
25809791,17.71,38.15,5316.26,7.00
25812791,17.72,38.17,4762.01,5.00
25815791,17.71,38.15,4619.02,9.00
25818791,17.71,38.17,4697.11,6.00
25821791,17.71,38.15,5256.10,7.00
25824791,17.71,38.17,5199.44,7.00
25827791,17.71,38.17,4668.64,11.00
25830791,17.71,38.17,5067.07,7.00
25833791,17.71,38.17,5345.07,7.00
25836791,17.71,38.17,6152.99,5.00
25839791,17.71,38.15,5622.13,8.00
25842791,17.71,38.15,6578.95,7.00
25845791,17.71,38.15,5032.68,5.00
25848791,17.71,38.14,6191.35,6.00
25851791,17.71,38.15,5578.45,6.00
25854791,17.72,38.15,5388.97,5.00
25857791,17.71,38.14,5707.82,5.00
25860791,17.71,38.14,5645.65,0.00
25863791,17.71,38.14,5226.40,2.00
25866791,17.71,38.15,5417.04,6.00
25869791,17.71,38.15,4927.05,0.00
25872791,17.70,38.15,5612.51,4.00
25875791,17.70,38.14,6318.34,11.00
25878791,17.71,38.15,5941.24,0.00
25881791,17.71,38.15,4952.30,5.00
25884791,17.71,38.15,5724.00,6.00
25887791,17.71,38.15,5809.31,6.00
25890791,17.71,38.15,6068.00,0.00
25893791,17.71,38.15,5349.81,7.00
25896791,17.71,38.14,5674.07,1.00
25899791,17.71,38.15,5765.89,5.00
25902791,17.71,38.15,5428.59,1.00
25905791,17.71,38.14,5319.41,6.00
25908791,17.71,38.14,5597.71,2.00
25911791,17.71,38.13,5505.84,0.00
25914791,17.71,38.14,5527.32,8.00
25917791,17.71,38.15,5420.15,1.00
25920791,17.70,38.14,5803.62,0.00
25923791,17.70,38.14,5994.95,11.00
25926791,17.70,38.14,4869.48,7.00
25929791,17.70,38.14,5195.69,7.00
25932791,17.70,38.14,5266.63,7.00
25935791,17.70,38.15,5354.23,0.00
25938791,17.70,38.14,5599.01,5.00
25941791,17.70,38.14,5623.51,7.00
25944791,17.70,38.14,5363.99,6.00
25947791,17.70,38.14,6111.50,0.00
25950791,17.70,38.13,5535.14,6.00
25953791,17.70,38.13,5797.15,5.00
25956791,17.70,38.13,5015.95,6.00
25959791,17.70,38.13,5930.87,6.00
25962791,17.70,38.13,6157.29,2.00
25965791,17.70,38.13,6064.35,5.00
25968791,17.70,38.12,5658.58,8.00
25971791,17.71,38.13,5938.90,1.00
25974791,17.71,38.12,6344.04,5.00
25977791,17.71,38.13,7063.17,3.00
25980791,17.71,38.13,6722.21,25.00
25983791,17.71,38.12,6538.75,7.00
25986791,17.71,38.13,5345.80,0.00
25989791,17.70,38.12,6955.30,7.00
25992791,17.71,38.12,5424.76,3.00
25995791,17.70,38.12,4778.01,7.00
25998791,17.71,38.12,6020.23,7.00
26001791,17.70,38.13,6274.83,1.00
26004791,17.70,38.12,6038.07,7.00
26007791,17.70,38.13,5472.15,0.00
26010791,17.70,38.13,6284.82,8.00
26013791,17.70,38.13,5918.66,0.00
26016791,17.69,38.13,5122.12,0.00
26019791,17.70,38.12,5574.65,7.00
26022791,17.70,38.12,6171.52,1.00
26025791,17.70,38.12,5215.18,1.00
26028791,17.70,38.12,5406.72,2.00
26031791,17.69,38.11,5304.70,0.00
26034791,17.70,38.12,5200.80,5.00
26037791,17.70,38.12,5946.77,5.00
26040791,17.70,38.13,5079.69,6.00
26043791,17.70,38.13,5562.03,0.00
26046791,17.70,38.12,5175.52,0.00
26049791,17.70,38.12,5665.41,0.00
26052791,17.70,38.12,5562.08,8.00
26055791,17.70,38.12,5266.02,7.00
26058791,17.70,38.12,6165.79,7.00
26061791,17.70,38.12,5702.81,5.00
26064791,17.70,38.12,5265.65,0.00
26067791,17.70,38.12,5985.37,0.00
26070791,17.70,38.12,5985.44,2.00
26073791,17.70,38.12,5378.11,7.00
26076791,17.70,38.10,6180.91,0.00
26079791,17.69,38.10,5543.06,8.00
26082791,17.70,38.10,5333.07,2.00
26085791,17.70,38.10,6107.23,4.00
26088791,17.70,38.12,4812.62,6.00
26091791,17.70,38.10,4778.79,6.00
26094791,17.70,38.12,5457.18,7.00
26097791,17.70,38.10,5274.44,7.00
26100791,17.70,38.10,5140.32,6.00
26103791,17.70,38.10,5523.81,6.00
26106791,17.70,38.12,6589.30,0.00
26109791,17.70,38.10,5323.86,6.00
26112791,17.70,38.12,5854.84,0.00
26115791,17.70,38.10,5823.05,0.00
26118791,17.70,38.10,5992.79,8.00
26121791,17.70,38.10,5450.18,7.00
26124791,17.70,38.10,6042.12,1.00
26127791,17.70,38.10,6678.94,6.00
26130791,17.70,38.12,5366.18,6.00
26133791,17.69,38.12,5211.46,2.00
26136791,17.69,38.10,5373.51,5.00
26139791,17.69,38.10,5245.93,1.00
26142791,17.69,38.11,5739.96,0.00
26145791,17.69,38.11,5461.97,7.00
26148791,17.69,38.11,6248.26,5.00
26151791,17.69,38.12,5373.18,2.00
26154791,17.69,38.11,5607.58,10.00
26157791,17.69,38.10,4923.97,6.00
26160791,17.69,38.10,5780.04,0.00
26163791,17.69,38.10,5877.38,6.00
26166791,17.69,38.11,5760.41,2.00
26169791,17.69,38.10,5002.48,1.00
26172791,17.68,38.11,5704.40,5.00
26175791,17.69,38.11,5600.53,5.00
26178791,17.69,38.13,4844.58,5.00
26181791,17.68,38.11,5332.87,5.00
26184791,17.69,38.13,5244.82,6.00
26187791,17.69,38.11,5808.27,0.00
26190791,17.69,38.11,5572.30,1.00
26193791,17.69,38.11,6044.11,5.00
26196791,17.69,38.11,5758.00,0.00
26199791,17.69,38.13,5601.34,4.00
26202791,17.69,38.11,5662.25,3.00
26205791,17.69,38.11,6847.03,7.00
26208791,17.69,38.10,5913.02,6.00
26211791,17.70,38.10,6529.62,5.00
26214791,17.69,38.10,5707.40,5.00
26217791,17.69,38.10,6041.73,2.00
26220791,17.69,38.10,6361.00,5.00
26223791,17.70,38.09,5069.79,6.00
26226791,17.70,38.10,5077.37,1.00
26229791,17.70,38.10,4983.80,6.00
26232791,17.69,38.10,4885.12,1.00
26235791,17.70,38.10,4913.95,2.00
26238791,17.70,38.10,5023.59,7.00
26241791,17.70,38.10,4892.47,7.00
26244791,17.70,38.10,5245.93,0.00
26247791,17.70,38.12,5222.32,5.00
26250791,17.70,38.10,5454.54,7.00
26253791,17.70,38.10,5369.75,0.00
26256791,17.70,38.10,5480.99,0.00
26259791,17.70,38.09,6079.19,6.00
26262791,17.71,38.10,6394.18,1.00
26265791,17.70,38.10,5339.70,0.00
26268791,17.71,38.10,5741.78,2.00
26271791,17.71,38.10,5667.42,5.00
26274791,17.71,38.10,6014.86,2.00
26277791,17.70,38.10,5820.47,0.00
26280791,17.70,38.10,5726.25,0.00
26283791,17.71,38.10,6687.45,0.00
26286791,17.71,38.10,5577.28,1.00
26289791,17.71,38.10,5612.01,0.00
26292791,17.71,38.12,6414.75,7.00
26295791,17.71,38.10,5544.71,6.00
26298791,17.72,38.11,5934.37,5.00
26301791,17.71,38.11,5738.14,0.00
26304791,17.71,38.12,5956.28,7.00
26307791,17.72,38.11,5450.55,1.00
26310791,17.71,38.10,6548.76,2.00
26313791,17.71,38.11,5629.47,0.00
26316791,17.72,38.11,5941.63,1.00
26319791,17.71,38.12,5069.46,6.00
26322791,17.71,38.12,6119.79,1.00
26325791,17.71,38.12,5736.81,7.00
26328791,17.71,38.12,5989.63,8.00
26331791,17.71,38.12,5151.38,12.00
26334791,17.71,38.12,4967.15,0.00
26337791,17.71,38.12,6475.13,6.00
26340791,17.71,38.13,5974.78,6.00
26343791,17.71,38.13,6067.68,7.00
26346791,17.71,38.12,6627.37,1.00
26349791,17.71,38.12,5606.39,6.00
26352791,17.71,38.13,6685.04,0.00
26355791,17.71,38.13,5186.33,1.00
26358791,17.71,38.14,6101.48,7.00
26361791,17.71,38.13,6509.76,5.00
26364791,17.71,38.14,5447.42,2.00
26367791,17.70,38.15,6127.93,1.00
26370791,17.70,38.15,5718.73,8.00
26373791,17.70,38.16,5342.88,8.00
26376791,17.71,38.15,6178.66,7.00
26379791,17.70,38.16,5265.45,6.00
26382791,17.70,38.18,6408.97,1.00
26385791,17.70,38.16,5356.95,5.00
26388791,17.70,38.16,6493.37,7.00
26391791,17.71,38.17,5616.86,8.00
26394791,17.70,38.16,5143.34,8.00
26397791,17.71,38.18,5173.96,6.00
26400791,17.71,38.17,5681.68,6.00
26403791,17.71,38.18,6440.01,0.00
26406791,17.70,38.18,5933.87,7.00
26409791,17.71,38.17,5261.60,6.00
26412791,17.71,38.18,4838.47,5.00
26415791,17.71,38.19,5624.40,7.00
26418791,17.71,38.18,5661.86,0.00
26421791,17.70,38.19,5568.36,1.00
26424791,17.70,38.19,5352.15,12.00
26427791,17.70,38.19,6496.95,0.00
26430791,17.70,38.19,5718.94,1.00
26433791,17.70,38.19,5978.74,10.00
26436791,17.70,38.19,5734.59,7.00
26439791,17.70,38.20,5332.07,1.00
26442791,17.70,38.21,6256.33,0.00
26445791,17.70,38.21,5350.89,2.00
26448791,17.70,38.21,5817.74,0.00
26451791,17.71,38.21,5905.04,2.00
26454791,17.70,38.21,6126.24,2.00
26457791,17.70,38.22,5551.06,2.00
26460791,17.70,38.24,5969.04,8.00
26463791,17.70,38.24,5784.53,1.00
26466791,17.70,38.22,5985.09,0.00
26469791,17.70,38.22,6440.22,7.00
26472791,17.70,38.24,5550.62,1.00
26475791,17.70,38.24,5851.96,3.00
26478791,17.70,38.24,6292.45,0.00
26481791,17.70,38.24,6435.43,6.00
26484791,17.70,38.25,5552.42,6.00
26487791,17.70,38.24,6445.49,1.00
26490791,17.70,38.24,6043.15,27.00
26493791,17.70,38.24,5577.78,8.00
26496791,17.70,38.25,4412.53,9.00
26499791,17.69,38.26,6024.73,6.00
26502791,17.70,38.26,5242.44,8.00
26505791,17.70,38.26,5345.83,2.00
26508791,17.70,38.26,5007.09,13.00
26511791,17.69,38.27,6482.18,3.00
26514791,17.69,38.27,6392.31,0.00
26517791,17.69,38.27,5762.39,8.00
26520791,17.69,38.28,7107.02,0.00
26523791,17.69,38.29,5295.67,7.00
26526791,17.69,38.28,5696.37,6.00
26529791,17.69,38.30,6190.37,0.00
26532791,17.69,38.29,6006.30,7.00
26535791,17.69,38.29,6526.77,0.00
26538791,17.69,38.29,6181.07,1.00
26541791,17.69,38.29,6054.69,4.00
26544791,17.69,38.29,6033.47,6.00
26547791,17.69,38.31,6369.39,0.00
26550791,17.69,38.31,5952.50,1.00
26553791,17.69,38.32,5489.12,0.00
26556791,17.69,38.32,5913.46,7.00
26559791,17.69,38.32,5266.78,1.00
26562791,17.69,38.33,5464.94,0.00
26565791,17.69,38.33,5795.54,5.00
26568791,17.69,38.32,4667.13,0.00
26571791,17.69,38.33,5724.59,0.00
26574791,17.68,38.34,5713.07,1.00
26577791,17.68,38.34,5271.12,1.00
26580791,17.68,38.34,5322.37,0.00
26583791,17.68,38.34,5688.57,11.00
26586791,17.68,38.35,5625.41,2.00
26589791,17.69,38.36,4759.26,6.00
26592791,17.68,38.36,4718.94,27.00
26595791,17.68,38.36,4723.32,0.00
26598791,17.69,38.37,5260.25,1.00
26601791,17.69,38.36,4472.21,0.00
26604791,17.69,38.36,4300.70,5.00
26607791,17.69,38.37,5237.86,0.00
26610791,17.69,38.34,4776.79,1.00
26613791,17.69,38.36,4610.15,5.00
26616791,17.69,38.36,4389.20,5.00
26619791,17.69,38.36,4345.66,0.00
26622791,17.69,38.37,4946.03,5.00
26625791,17.69,38.37,4477.11,9.00
26628791,17.69,38.36,4569.90,7.00
26631791,17.69,38.36,4952.38,7.00
26634791,17.70,38.37,5240.83,6.00
26637791,17.69,38.38,4905.27,0.00
26640791,17.70,38.37,4421.53,5.00
26643791,17.69,38.37,5053.16,10.00
26646791,17.70,38.37,5224.79,3.00
26649791,17.70,38.38,5785.52,0.00
26652791,17.70,38.38,5227.48,0.00
26655791,17.70,38.38,4999.00,0.00
26658791,17.70,38.38,4812.53,1.00
26661791,17.69,38.39,4961.69,0.00
26664791,17.70,38.39,4794.17,1.00
26667791,17.69,38.39,5474.93,1.00
26670791,17.69,38.39,4854.89,8.00
26673791,17.69,38.42,5004.69,5.00
26676791,17.69,38.40,5085.19,0.00
26679791,17.69,38.40,5335.53,5.00
26682791,17.69,38.40,4858.46,7.00
26685791,17.69,38.42,5351.12,6.00
26688791,17.69,38.42,4844.70,6.00
26691791,17.69,38.42,5039.68,1.00
26694791,17.69,38.43,4745.41,2.00
26697791,17.69,38.43,4906.40,6.00
26700791,17.69,38.43,5163.80,9.00
26703791,17.69,38.44,6340.68,6.00
26706791,17.69,38.44,5437.34,5.00
26709791,17.69,38.44,5598.01,0.00
26712791,17.69,38.45,6324.35,7.00
26715791,17.70,38.45,6995.64,28.00
26718791,17.70,38.45,5150.78,1.00
26721791,17.69,38.45,6728.40,5.00
26724791,17.70,38.44,5595.54,0.00
26727791,17.70,38.44,6326.32,1.00
26730791,17.70,38.45,5985.24,0.00
26733791,17.70,38.44,5358.28,1.00
26736791,17.70,38.45,5696.32,11.00
26739791,17.70,38.44,5786.33,4.00
26742791,17.70,38.45,5556.48,7.00
26745791,17.70,38.45,5399.93,7.00
26748791,17.70,38.45,5251.40,0.00
26751791,17.71,38.45,5527.67,5.00
26754791,17.70,38.44,5686.03,5.00
26757791,17.70,38.45,6246.81,2.00
26760791,17.70,38.47,6097.51,5.00
26763791,17.70,38.46,5632.16,0.00
26766791,17.70,38.47,6135.02,9.00
26769791,17.70,38.47,5832.93,5.00
26772791,17.70,38.48,5418.48,1.00
26775791,17.70,38.46,5638.99,0.00
26778791,17.70,38.48,5486.70,6.00
26781791,17.70,38.48,5919.22,6.00
26784791,17.70,38.49,6255.52,2.00
26787791,17.70,38.49,5941.25,0.00
26790791,17.70,38.49,4640.03,0.00
26793791,17.70,38.49,4894.71,1.00
26796791,17.70,38.50,5331.19,5.00
26799791,17.70,38.50,5503.54,0.00
26802791,17.70,38.50,5322.48,0.00
26805791,17.70,38.50,5632.24,5.00
26808791,17.70,38.50,6201.46,0.00
26811791,17.70,38.51,5616.44,1.00
26814791,17.69,38.51,5567.27,9.00
26817791,17.69,38.53,5877.31,5.00
26820791,17.70,38.53,6035.54,6.00
26823791,17.70,38.51,4909.34,7.00
26826791,17.70,38.53,5586.06,7.00
26829791,17.70,38.53,4987.93,10.00
26832791,17.70,38.53,6507.35,1.00
26835791,17.70,38.54,6394.88,6.00
26838791,17.69,38.52,5749.66,7.00
26841791,17.69,38.52,5433.94,5.00
26844791,17.69,38.54,6210.02,0.00
26847791,17.69,38.54,5573.54,1.00
26850791,17.69,38.55,5313.41,5.00
26853791,17.69,38.54,5439.24,0.00
26856791,17.69,38.55,5865.58,4.00
26859791,17.69,38.55,5740.61,5.00
26862791,17.69,38.56,6595.19,3.00
26865791,17.69,38.56,5915.59,0.00
26868791,17.69,38.57,6661.31,1.00
26871791,17.69,38.56,6493.85,5.00
26874791,17.69,38.56,4925.15,3.00
26877791,17.69,38.57,6733.28,5.00
26880791,17.69,38.57,5879.13,8.00
26883791,17.69,38.57,5756.56,11.00
26886791,17.69,38.57,6198.42,8.00
26889791,17.69,38.58,5711.42,2.00
26892791,17.70,38.57,6143.03,0.00
26895791,17.69,38.57,5847.99,11.00
26898791,17.69,38.58,6146.32,0.00
26901791,17.69,38.58,5239.14,6.00
26904791,17.69,38.58,5751.87,5.00
26907791,17.70,38.58,5828.04,2.00
26910791,17.70,38.60,5477.95,0.00
26913791,17.69,38.58,7007.14,5.00
26916791,17.70,38.60,7416.56,0.00
26919791,17.70,38.60,6383.10,0.00
26922791,17.70,38.60,5780.11,8.00
26925791,17.70,38.61,5522.05,0.00
26928791,17.70,38.59,5745.49,9.00
26931791,17.71,38.59,6194.45,2.00
26934791,17.71,38.59,5506.52,7.00
26937791,17.71,38.60,5631.82,0.00
26940791,17.71,38.59,6531.33,0.00
26943791,17.70,38.59,6281.26,6.00
26946791,17.71,38.59,6049.17,0.00
26949791,17.71,38.60,6673.21,7.00
26952791,17.71,38.59,7035.74,7.00
26955791,17.71,38.59,5944.82,2.00
26958791,17.71,38.59,5730.55,7.00
26961791,17.70,38.59,6255.26,11.00
26964791,17.70,38.59,5088.13,5.00
26967791,17.70,38.60,5354.88,0.00
26970791,17.70,38.60,5927.38,1.00
26973791,17.70,38.60,5742.07,2.00
26976791,17.70,38.61,5271.66,0.00
26979791,17.70,38.61,5586.55,6.00
26982791,17.70,38.61,6191.00,0.00
26985791,17.70,38.62,5593.06,2.00
26988791,17.70,38.62,5344.14,0.00
26991791,17.70,38.62,6070.73,5.00
26994791,17.70,38.62,5653.17,5.00
26997791,17.70,38.61,5597.42,8.00
27000791,17.70,38.61,5427.92,4.00
27003791,17.70,38.62,5850.26,0.00
27006791,17.70,38.62,5602.97,8.00
27009791,17.70,38.62,5829.86,5.00
27012791,17.70,38.62,5951.32,2.00
27015791,17.70,38.62,5763.17,1.00
27018791,17.70,38.62,5883.56,3.00
27021791,17.69,38.62,5162.73,0.00
27024791,17.69,38.63,5660.47,8.00
27027791,17.69,38.63,6117.46,6.00
27030791,17.69,38.63,5195.39,6.00
27033791,17.69,38.64,6022.63,5.00
27036791,17.69,38.64,5540.45,0.00
27039791,17.69,38.66,5251.46,0.00
27042791,17.69,38.66,5523.01,7.00
27045791,17.69,38.66,5632.23,2.00
27048791,17.70,38.66,5361.62,0.00
27051791,17.69,38.66,6494.00,5.00
27054791,17.69,38.66,6127.33,2.00
27057791,17.69,38.66,5357.82,0.00
27060791,17.69,38.67,5469.07,0.00
27063791,17.70,38.67,5941.67,9.00
27066791,17.69,38.67,6651.54,2.00
27069791,17.69,38.68,5550.04,0.00
27072791,17.69,38.67,5380.58,0.00
27075791,17.69,38.67,5681.57,0.00
27078791,17.69,38.67,5908.48,7.00
27081791,17.69,38.68,5334.73,1.00
27084791,17.69,38.67,5530.35,6.00
27087791,17.69,38.69,5276.15,2.00
27090791,17.69,38.68,5446.55,0.00
27093791,17.68,38.69,5453.75,6.00
27096791,17.68,38.69,5140.07,0.00
27099791,17.68,38.68,5213.56,6.00
27102791,17.69,38.68,6180.41,5.00
27105791,17.68,38.69,6319.35,2.00
27108791,17.68,38.69,6177.19,7.00
27111791,17.68,38.69,5782.55,2.00
27114791,17.69,38.69,5545.08,0.00
27117791,17.68,38.69,5904.81,7.00
27120791,17.69,38.69,5785.83,9.00
27123791,17.69,38.69,6173.96,7.00
27126791,17.68,38.71,4736.83,0.00
27129791,17.69,38.71,5945.23,2.00
27132791,17.69,38.71,5193.16,1.00
27135791,17.69,38.71,5825.71,2.00
27138791,17.69,38.71,6386.83,9.00
27141791,17.69,38.71,5761.36,4.00
27144791,17.69,38.72,5726.87,6.00
27147791,17.69,38.72,5836.81,0.00
27150791,17.69,38.72,4984.34,0.00
27153791,17.69,38.72,6978.09,6.00
27156791,17.69,38.73,5751.50,6.00
27159791,17.69,38.72,5936.99,0.00
27162791,17.69,38.72,5087.39,2.00
27165791,17.69,38.72,4568.14,2.00
27168791,17.69,38.72,4559.23,6.00
27171791,17.69,38.73,4785.79,0.00
27174791,17.69,38.72,5329.98,5.00
27177791,17.69,38.72,5259.41,11.00
27180791,17.69,38.72,4872.46,11.00
27183791,17.69,38.72,4270.57,0.00
27186791,17.69,38.73,6146.59,0.00
27189791,17.69,38.73,5284.80,0.00
27192791,17.68,38.73,5411.87,0.00
27195791,17.69,38.72,6594.35,5.00
27198791,17.68,38.74,6152.90,0.00
27201791,17.68,38.73,6152.81,0.00
27204791,17.68,38.73,6152.81,9.00
27207791,17.68,38.74,6152.81,2.00
27214015,17.67,38.74,0.00,3.00
27217015,17.68,38.73,6037.40,3.00
27220015,17.68,38.74,6122.60,9.00
27223015,17.68,38.74,6543.17,0.00
27226015,17.68,38.74,5153.92,6.00
27229015,17.67,38.75,5799.15,0.00
27232015,17.68,38.75,5809.29,0.00
27235015,17.67,38.75,5008.37,5.00
27238015,17.67,38.75,5445.15,1.00
27241015,17.68,38.75,6192.02,6.00
27244015,17.68,38.75,5698.35,0.00
27247015,17.67,38.75,5338.58,2.00
27250015,17.67,38.76,5840.04,6.00
27253015,17.67,38.76,6992.75,5.00
27256015,17.68,38.76,5583.22,0.00
27259015,17.67,38.76,4918.62,7.00
27262015,17.68,38.76,5907.27,5.00
27265015,17.68,38.76,5293.59,9.00
27268015,17.68,38.76,5747.75,6.00
27271015,17.68,38.75,5871.17,9.00
27274015,17.68,38.76,5593.54,0.00
27277015,17.68,38.76,4832.06,6.00
27280015,17.67,38.76,5846.60,2.00
27283015,17.67,38.76,5067.12,7.00
27286015,17.67,38.78,7197.57,1.00
27289015,17.67,38.78,5741.94,10.00
27292015,17.67,38.78,5506.04,1.00
27295015,17.67,38.79,6312.77,5.00
27298015,17.67,38.79,5747.53,7.00
27301015,17.67,38.79,6536.23,8.00
27304015,17.68,38.79,6404.84,6.00
27307015,17.67,38.79,5809.65,8.00
27310015,17.67,38.78,5862.68,1.00
27313015,17.67,38.79,5577.32,0.00
27316015,17.67,38.79,5376.37,5.00
27319015,17.68,38.79,5354.52,6.00
27322015,17.67,38.79,6042.95,6.00
27325015,17.67,38.79,4856.30,6.00
27328015,17.67,38.79,5718.77,4.00
27331015,17.67,38.79,5004.22,5.00
27334015,17.68,38.79,6606.98,1.00
27337015,17.67,38.79,5946.76,6.00
27340015,17.67,38.79,6252.69,7.00
27343015,17.67,38.79,5646.97,0.00
27346015,17.67,38.79,5996.91,0.00
27349015,17.67,38.79,6286.68,1.00
27352015,17.68,38.79,6034.59,2.00
27355015,17.68,38.79,6081.18,7.00
27358015,17.68,38.79,5585.06,6.00
27361015,17.68,38.79,5877.18,7.00
27364015,17.68,38.79,6168.66,5.00
27367015,17.68,38.79,4764.21,11.00
27370015,17.68,38.78,5789.29,7.00
27373015,17.68,38.79,5619.64,1.00
27376015,17.68,38.79,5640.55,2.00
27379015,17.68,38.79,5084.60,7.00
27382015,17.68,38.79,5604.75,2.00
27385015,17.68,38.80,5253.77,2.00
27388015,17.68,38.80,6271.63,5.00
27391015,17.67,38.79,6360.13,0.00
27394015,17.67,38.79,5536.34,4.00
27397015,17.68,38.79,5192.46,22.00
27400015,17.67,38.78,4894.77,6.00
27403015,17.68,38.80,5832.24,0.00
27406015,17.67,38.79,6328.07,5.00
27409015,17.68,38.80,6091.13,2.00
27412015,17.68,38.80,4722.28,0.00
27415015,17.68,38.79,5684.79,9.00
27418015,17.67,38.78,5235.45,7.00
27421015,17.68,38.79,6073.86,0.00
27424015,17.67,38.79,5176.28,24.00
27427015,17.67,38.79,5132.68,5.00
27430015,17.67,38.79,5066.50,5.00
27433015,17.67,38.79,4987.14,6.00
27436015,17.67,38.79,5704.23,5.00
27439015,17.67,38.79,5596.08,2.00
27442015,17.67,38.80,6192.97,5.00
27445015,17.67,38.80,5981.91,7.00
27448015,17.67,38.80,5650.02,2.00
27451015,17.67,38.81,5625.85,5.00
27454015,17.67,38.80,6323.30,6.00
27457015,17.67,38.81,5392.51,0.00
27460015,17.67,38.80,6479.31,8.00
27463015,17.67,38.80,6269.25,0.00
27466015,17.67,38.80,5742.50,0.00
27469015,17.67,38.80,6073.11,0.00
27472015,17.67,38.80,5914.70,0.00
27475015,17.67,38.79,5976.30,0.00
27478015,17.67,38.80,6604.47,1.00
27481015,17.67,38.80,5591.47,2.00
27484015,17.67,38.80,6542.04,1.00
27487015,17.67,38.80,5569.78,1.00
27490015,17.68,38.80,5678.75,0.00
27493015,17.68,38.79,5530.72,5.00
27496015,17.68,38.79,5956.72,9.00
27499015,17.68,38.79,6084.84,6.00
27502015,17.68,38.79,5674.22,5.00
27505015,17.68,38.79,6192.74,7.00
27508015,17.68,38.79,6026.89,1.00
27511015,17.68,38.79,5565.55,0.00
27514015,17.69,38.79,5325.98,6.00
27517015,17.68,38.78,6059.67,6.00
27520015,17.67,38.79,5641.53,7.00
27523015,17.68,38.79,5568.93,5.00
27526015,17.68,38.79,5312.53,1.00
27529015,17.68,38.79,6254.17,1.00
27532015,17.67,38.79,5730.62,27.00
27535015,17.68,38.79,6063.31,6.00
27538015,17.68,38.79,5361.12,6.00
27541015,17.68,38.79,5459.84,6.00
27544015,17.68,38.79,4906.32,6.00
27547015,17.67,38.80,6811.68,2.00
27550015,17.68,38.79,5524.91,0.00
27553015,17.68,38.79,5067.26,5.00
27556015,17.68,38.79,6123.47,0.00
27559015,17.67,38.79,6218.44,1.00
27562015,17.68,38.79,5951.06,5.00
27565015,17.68,38.79,5369.63,6.00
27568015,17.68,38.78,5691.55,1.00
27571015,17.68,38.79,5801.36,0.00
27574015,17.67,38.79,4761.81,7.00
27577015,17.67,38.79,5351.25,0.00
27580015,17.67,38.79,5627.39,5.00
27583015,17.67,38.79,6162.90,6.00
27586015,17.67,38.78,5864.64,2.00
27589015,17.67,38.79,5735.29,1.00
27592015,17.67,38.80,6260.29,11.00
27595015,17.67,38.79,5461.48,0.00
27598015,17.67,38.79,5331.55,0.00
27601015,17.67,38.79,6685.82,7.00
27604015,17.67,38.79,6687.64,0.00
27607015,17.66,38.79,5975.68,10.00
27610015,17.66,38.79,6040.07,6.00
27613015,17.67,38.80,6124.79,0.00
27616015,17.67,38.80,5414.37,2.00
27619015,17.67,38.79,5355.85,0.00
27622015,17.66,38.80,5489.77,1.00
27625015,17.67,38.80,6746.45,6.00
27628015,17.67,38.80,5640.13,6.00
27631015,17.67,38.80,5375.91,2.00
27634015,17.67,38.80,6135.32,0.00
27637015,17.66,38.80,6174.70,0.00
27640015,17.66,38.80,5492.47,0.00
27643015,17.66,38.80,6798.00,0.00
27646015,17.67,38.80,5534.60,1.00
27649015,17.66,38.80,6156.49,1.00
27652015,17.67,38.80,5741.27,0.00
27655015,17.66,38.80,5329.23,8.00
27658015,17.67,38.80,5926.29,5.00
27661015,17.66,38.80,6471.28,0.00
27664015,17.66,38.80,5274.88,6.00
27667015,17.67,38.80,5129.10,6.00
27670015,17.67,38.79,5153.94,12.00
27673015,17.67,38.78,5763.39,7.00
27676015,17.67,38.79,5227.21,0.00
27679015,17.67,38.79,4627.22,0.00
27682015,17.67,38.79,5451.20,8.00
27685015,17.67,38.78,6219.42,7.00
27688015,17.67,38.79,6390.81,0.00
27691015,17.67,38.78,5371.57,3.00
27694015,17.67,38.78,5727.00,6.00
27697015,17.67,38.78,5356.93,1.00
27700015,17.67,38.78,5468.95,6.00
27703015,17.67,38.78,5246.71,0.00
27706015,17.67,38.78,5194.00,6.00
27709015,17.67,38.78,5332.40,9.00
27712015,17.67,38.78,5154.83,8.00
27715015,17.67,38.78,6171.47,7.00
27718015,17.67,38.79,5314.22,0.00
27721015,17.67,38.78,5565.66,22.00
27724015,17.67,38.76,5933.04,0.00
27727015,17.67,38.78,5738.86,7.00
27730015,17.67,38.78,6269.88,12.00
27733015,17.67,38.78,5291.02,2.00
27736015,17.66,38.78,6076.12,6.00
27739015,17.67,38.78,5395.64,7.00
27742015,17.66,38.78,5590.81,7.00
27745015,17.66,38.78,4532.47,6.00
27748015,17.66,38.78,5395.86,1.00
27751015,17.66,38.78,6154.67,7.00
27754015,17.66,38.78,5378.04,2.00
27757015,17.66,38.78,5964.18,6.00
27760015,17.66,38.79,5287.19,0.00
27763015,17.66,38.79,5187.79,5.00
27766015,17.66,38.78,6036.39,6.00
27769015,17.66,38.78,5765.90,0.00
27772015,17.66,38.79,5704.38,6.00
27775015,17.66,38.79,5632.89,6.00
27778015,17.66,38.78,6889.69,7.00
27781015,17.67,38.79,5664.96,0.00
27784015,17.67,38.78,6655.65,22.00
27787015,17.67,38.78,5428.92,0.00
27790015,17.67,38.76,5115.51,5.00
27793015,17.67,38.76,5668.40,0.00
27796015,17.67,38.76,6749.85,0.00
27799015,17.67,38.75,5785.77,6.00
27802015,17.67,38.75,6101.20,6.00
27805015,17.67,38.75,5762.92,2.00
27808015,17.67,38.75,6681.39,0.00
27811015,17.67,38.75,6891.97,0.00
27814015,17.67,38.76,5019.75,5.00
27817015,17.67,38.75,5819.81,1.00
27820015,17.67,38.75,5927.61,2.00
27823015,17.67,38.75,6689.84,0.00
27826015,17.66,38.74,6109.73,0.00
27829015,17.66,38.75,5706.49,7.00
27832015,17.66,38.75,7492.48,8.00
27835015,17.66,38.75,6289.99,6.00
27838015,17.66,38.75,6331.55,6.00
27841015,17.66,38.76,5932.95,6.00
27844015,17.66,38.76,5613.57,0.00
27847015,17.66,38.76,6379.20,3.00
27850015,17.66,38.76,5575.87,0.00
27853015,17.66,38.76,6620.52,1.00
27856015,17.66,38.75,5313.72,6.00
27859015,17.67,38.75,5319.41,6.00
27862015,17.67,38.75,5757.99,7.00
27865015,17.67,38.75,6440.70,0.00
27868015,17.66,38.75,5892.42,6.00
27871015,17.66,38.75,6010.42,6.00
27874015,17.67,38.74,6608.76,0.00
27877015,17.67,38.74,6695.16,5.00
27880015,17.67,38.74,5881.35,6.00
27883015,17.67,38.73,7499.58,8.00
27886015,17.67,38.73,6746.21,5.00
27889015,17.67,38.74,5672.36,5.00
27892015,17.67,38.74,6330.89,0.00
27895015,17.67,38.74,6027.67,5.00
27898015,17.67,38.74,5200.29,0.00
27901015,17.66,38.74,6758.40,2.00
27904015,17.66,38.73,5894.89,6.00
27907015,17.67,38.73,6315.48,0.00
27910015,17.67,38.74,5865.97,0.00
27913015,17.67,38.74,5463.21,0.00
27916015,17.67,38.74,5960.06,6.00
27919015,17.67,38.73,5634.81,7.00
27922015,17.67,38.74,6007.35,1.00
27925015,17.67,38.73,5620.76,1.00
27928015,17.67,38.73,5652.46,2.00
27931015,17.67,38.73,5588.31,7.00
27934015,17.67,38.73,5862.71,4.00
27937015,17.67,38.73,6308.62,0.00
27940015,17.67,38.73,5658.53,0.00
27943015,17.67,38.73,5894.52,7.00
27946015,17.67,38.73,5841.37,1.00
27949015,17.67,38.73,5889.48,5.00
27952015,17.66,38.73,5628.51,7.00
27955015,17.66,38.73,6188.53,3.00
27958015,17.66,38.73,5289.16,0.00
27961015,17.66,38.73,5577.98,0.00
27964015,17.66,38.73,5827.85,0.00
27967015,17.66,38.71,5854.79,0.00
27970015,17.66,38.73,5121.56,2.00
27973015,17.66,38.73,5962.66,0.00
27976015,17.67,38.73,5490.25,7.00
27979015,17.67,38.73,6555.01,13.00
27982015,17.67,38.73,6108.77,0.00
27985015,17.67,38.73,5651.52,0.00
27988015,17.67,38.72,5995.34,1.00
27991015,17.66,38.71,5297.96,3.00
27994015,17.66,38.71,5793.76,6.00
27997015,17.66,38.71,5464.76,2.00
28000015,17.67,38.72,4985.67,6.00
28003015,17.66,38.71,5602.57,7.00
28006015,17.67,38.72,5675.39,2.00
28009015,17.66,38.71,5266.90,2.00
28012015,17.66,38.71,4879.52,0.00
28015015,17.66,38.70,5052.53,8.00
28018015,17.66,38.70,5820.15,0.00
28021015,17.67,38.70,6004.69,6.00
28024015,17.67,38.70,6391.10,0.00
28027015,17.67,38.69,6858.63,10.00
28030015,17.67,38.69,5717.29,11.00
28033015,17.66,38.71,5853.83,8.00
28036015,17.66,38.71,5986.25,7.00
28039015,17.66,38.70,6392.61,8.00
28042015,17.66,38.70,5473.56,0.00
28045015,17.66,38.69,6019.39,4.00
28048015,17.66,38.70,6421.76,0.00
28051015,17.66,38.69,5515.30,6.00
28054015,17.66,38.68,5510.71,5.00
28057015,17.67,38.69,4980.41,1.00
28060015,17.67,38.68,5050.74,0.00
28063015,17.67,38.69,5895.15,9.00
28066015,17.67,38.68,5528.75,5.00
28069015,17.67,38.68,5681.26,7.00
28072015,17.67,38.67,5619.18,2.00
28075015,17.67,38.67,5896.77,7.00
28078015,17.67,38.68,5861.78,8.00
28081015,17.66,38.67,6209.59,10.00
28084015,17.67,38.67,5134.65,5.00
28087015,17.67,38.68,5810.31,10.00
28090015,17.67,38.68,5625.18,1.00
28093015,17.67,38.67,5967.74,0.00
28096015,17.67,38.67,6145.94,5.00
28099015,17.66,38.67,5357.55,2.00
28102015,17.66,38.67,5416.97,1.00
28105015,17.67,38.67,5662.36,0.00
28108015,17.67,38.67,5665.99,0.00
28111015,17.66,38.67,6105.35,8.00
28114015,17.66,38.65,6053.16,2.00
28117015,17.66,38.67,5851.94,10.00
28120015,17.67,38.66,6699.15,9.00
28123015,17.66,38.67,5143.63,2.00
28126015,17.66,38.67,5549.43,5.00
28129015,17.66,38.68,5506.98,5.00
28132015,17.66,38.67,5750.63,9.00
28135015,17.66,38.67,5989.60,4.00
28138015,17.66,38.67,4846.75,1.00
28141015,17.66,38.68,5252.84,0.00
28144015,17.66,38.68,5556.28,5.00
28147015,17.66,38.67,6608.62,5.00
28150015,17.66,38.68,5723.90,6.00
28153015,17.66,38.68,5557.61,5.00
28156015,17.66,38.68,6074.69,5.00
28159015,17.66,38.68,6191.83,6.00
28162015,17.66,38.68,5896.43,0.00
28165015,17.66,38.67,5118.30,26.00
28168015,17.66,38.67,5757.63,0.00
28171015,17.67,38.68,5909.10,6.00
28174015,17.66,38.67,5689.45,6.00
28177015,17.66,38.67,5545.11,5.00
28180015,17.67,38.67,6449.90,0.00
28183015,17.67,38.67,5761.05,0.00
28186015,17.67,38.67,5239.16,0.00
28189015,17.67,38.66,5182.99,6.00
28192015,17.67,38.66,5599.75,2.00
28195015,17.67,38.66,5529.74,5.00
28198015,17.66,38.64,5860.96,7.00
28201015,17.67,38.64,5959.56,0.00
28204015,17.67,38.64,5681.72,7.00
28207015,17.67,38.64,6984.21,1.00
28210015,17.67,38.63,6212.96,8.00
28213015,17.67,38.63,5591.91,6.00
28216015,17.67,38.63,5127.57,7.00
28219015,17.67,38.64,5804.62,7.00
28222015,17.66,38.64,5907.15,1.00
28225015,17.67,38.64,6320.08,2.00
28228015,17.66,38.64,5704.72,1.00
28231015,17.66,38.64,5888.85,7.00
28234015,17.66,38.64,5348.29,11.00
28237015,17.67,38.64,6219.86,4.00
28240015,17.67,38.66,6046.18,0.00
28243015,17.66,38.65,6552.81,7.00
28246015,17.66,38.65,5320.35,2.00
28249015,17.66,38.64,5614.92,6.00
28252015,17.66,38.64,5290.78,0.00
28255015,17.66,38.64,5799.40,7.00
28258015,17.66,38.64,6773.61,5.00
28261015,17.66,38.64,7070.04,1.00
28264015,17.66,38.64,6200.28,7.00
28267015,17.66,38.63,6281.68,0.00
28270015,17.67,38.63,5953.65,9.00
28273015,17.67,38.64,6102.76,2.00
28276015,17.67,38.64,5669.87,1.00
28279015,17.67,38.63,6458.77,7.00
28282015,17.67,38.63,6388.92,5.00
28285015,17.67,38.63,5467.40,0.00
28288015,17.67,38.62,6172.16,1.00
28291015,17.67,38.62,5760.84,5.00
28294015,17.68,38.62,5387.70,5.00
28297015,17.67,38.62,6184.38,2.00
28300015,17.67,38.62,6989.23,2.00
28303015,17.67,38.62,5409.79,6.00
28306015,17.67,38.62,5824.20,7.00
28309015,17.68,38.62,5623.25,6.00
28312015,17.67,38.62,6029.46,9.00
28315015,17.67,38.61,5665.11,8.00
28318015,17.67,38.61,5861.99,6.00
28321015,17.67,38.62,5610.69,7.00
28324015,17.67,38.61,5761.76,7.00
28327015,17.67,38.62,5979.38,2.00
28330015,17.67,38.61,6773.81,0.00
28333015,17.67,38.61,5790.36,7.00
28336015,17.67,38.61,5099.43,0.00
28339015,17.67,38.61,5859.68,0.00
28342015,17.67,38.61,5808.97,2.00
28345015,17.66,38.61,5264.09,0.00
28348015,17.67,38.62,5471.24,13.00
28351015,17.66,38.62,4633.33,2.00
28354015,17.66,38.62,4751.15,9.00
28357015,17.66,38.63,5067.19,7.00
28360015,17.66,38.62,4828.06,1.00
28363015,17.66,38.63,4850.47,1.00
28366015,17.66,38.63,5245.18,2.00
28369015,17.66,38.62,5301.98,4.00
28372015,17.66,38.62,5759.80,12.00
28375015,17.66,38.61,5870.71,6.00
28378015,17.66,38.61,6776.68,2.00
28381015,17.66,38.62,4912.25,0.00
28384015,17.66,38.61,6482.37,0.00
28387015,17.66,38.61,5897.33,0.00
28390015,17.66,38.61,5589.19,5.00
28393015,17.66,38.61,5261.88,2.00
28396015,17.66,38.61,5965.78,1.00
28399015,17.66,38.61,4969.90,0.00
28402015,17.66,38.61,5938.14,6.00
28405015,17.66,38.61,5611.99,7.00
28408015,17.67,38.61,5099.01,7.00
28411015,17.67,38.61,6223.19,0.00
28414015,17.66,38.61,5418.70,0.00
28417015,17.67,38.59,6417.55,0.00
28420015,17.67,38.61,5890.26,1.00
28423015,17.66,38.59,5560.91,7.00
28426015,17.66,38.59,5312.26,1.00
28429015,17.66,38.59,4927.91,5.00
28432015,17.67,38.59,5941.04,0.00
28435015,17.66,38.59,6185.38,6.00
28438015,17.66,38.59,6335.27,1.00
28441015,17.66,38.58,5623.64,1.00
28444015,17.67,38.59,6149.06,6.00
28447015,17.66,38.59,6256.14,5.00
28450015,17.66,38.59,5598.03,0.00
28453015,17.66,38.59,5822.75,0.00
28456015,17.66,38.59,5226.74,7.00
28459015,17.66,38.58,6210.82,6.00
28462015,17.66,38.59,5458.31,6.00
28465015,17.66,38.59,5311.93,1.00
28468015,17.66,38.58,6508.78,5.00
28471015,17.65,38.59,4988.00,9.00
28474015,17.66,38.59,6310.24,1.00
28477015,17.66,38.59,5362.57,6.00
28480015,17.66,38.58,5558.16,7.00
28483015,17.65,38.59,5205.52,1.00
28486015,17.65,38.59,6680.52,6.00
28489015,17.66,38.59,5871.82,0.00
28492015,17.66,38.61,5925.88,2.00
28495015,17.66,38.59,5322.81,6.00
28498015,17.66,38.59,5869.04,6.00
28501015,17.66,38.59,6339.99,0.00
28504015,17.65,38.59,5688.97,8.00
28507015,17.65,38.58,5660.82,0.00
28510015,17.65,38.58,5392.39,2.00
28513015,17.65,38.58,6008.42,12.00
28516015,17.65,38.59,5848.72,28.00
28519015,17.65,38.59,7055.46,5.00
28522015,17.65,38.59,5766.74,7.00
28525015,17.65,38.59,5488.23,2.00
28528015,17.65,38.59,5366.30,1.00
28531015,17.65,38.59,5366.13,7.00
28534015,17.66,38.59,5668.80,1.00
28537015,17.65,38.59,5897.03,6.00
28540015,17.65,38.58,5437.05,8.00
28543015,17.65,38.59,5882.06,5.00
28546015,17.65,38.59,6433.63,0.00
28549015,17.66,38.58,5715.45,7.00
28552015,17.65,38.58,5656.17,6.00
28555015,17.66,38.57,6276.93,0.00
28558015,17.65,38.58,4933.77,7.00
28561015,17.66,38.58,6899.17,11.00
28564015,17.66,38.57,5709.31,1.00
28567015,17.67,38.57,5691.08,2.00
28570015,17.67,38.57,5976.97,8.00
28573015,17.67,38.57,5319.46,5.00
28576015,17.66,38.57,5869.63,1.00
28579015,17.66,38.57,4845.44,1.00
28582015,17.66,38.57,5571.72,2.00
28585015,17.66,38.57,5306.54,11.00
28588015,17.66,38.56,5914.29,6.00
28591015,17.66,38.56,6509.86,5.00
28594015,17.66,38.57,5283.24,0.00
28597015,17.66,38.56,5284.04,8.00
28600015,17.67,38.56,5248.47,7.00
28603015,17.66,38.56,6250.05,3.00
28606015,17.66,38.55,5170.98,1.00
28609015,17.66,38.56,5154.28,7.00
28612015,17.66,38.56,5120.22,8.00
28615015,17.66,38.56,5474.93,5.00
28618015,17.65,38.56,5102.02,8.00
28621015,17.66,38.56,6678.23,0.00
28624015,17.66,38.55,5585.44,0.00
28627015,17.66,38.56,7051.70,0.00
28630015,17.66,38.56,5494.87,9.00
28633015,17.66,38.55,5972.36,0.00
28636015,17.66,38.55,5106.32,12.00
28639015,17.65,38.55,6550.20,0.00
28642015,17.65,38.56,6044.92,0.00
28645015,17.65,38.54,5133.48,5.00
28648015,17.65,38.56,5799.20,0.00
28651015,17.65,38.55,5391.18,6.00
28654015,17.65,38.56,6195.51,8.00
28657015,17.65,38.56,5335.06,2.00
28660015,17.65,38.56,5343.98,5.00
28663015,17.65,38.56,5794.45,1.00
28666015,17.65,38.56,5044.99,8.00
28669015,17.65,38.56,6096.48,4.00
28672015,17.65,38.56,4903.11,6.00
28675015,17.64,38.57,5948.84,1.00
28678015,17.64,38.56,5754.63,7.00
28681015,17.64,38.56,5546.90,6.00
28684015,17.64,38.57,6656.65,0.00
28687015,17.64,38.56,5367.28,5.00
28690015,17.64,38.57,4573.12,2.00
28693015,17.64,38.56,4889.40,0.00
28696015,17.65,38.56,5299.44,0.00
28699015,17.65,38.56,5334.99,0.00
28702015,17.65,38.54,4953.89,0.00
28705015,17.65,38.56,5370.16,0.00
28708015,17.65,38.54,4855.45,7.00
28711015,17.65,38.54,6427.61,5.00
28714015,17.65,38.56,5055.30,2.00
28717015,17.64,38.56,5702.96,0.00
28720015,17.64,38.54,6114.08,1.00
28723015,17.64,38.54,6188.75,0.00
28726015,17.64,38.54,5661.99,0.00
28729015,17.64,38.56,5592.45,22.00
28732015,17.65,38.56,5764.07,6.00
28735015,17.65,38.54,5352.09,0.00
28738015,17.65,38.54,5774.67,6.00
28741015,17.64,38.54,6428.93,5.00
28744015,17.64,38.53,6351.19,1.00
28747015,17.64,38.54,6992.87,6.00
28750015,17.64,38.54,6466.40,6.00
28753015,17.65,38.54,7016.53,7.00
28756015,17.65,38.53,5954.70,6.00
28759015,17.64,38.53,5684.72,1.00
28762015,17.64,38.54,6375.23,0.00
28765015,17.64,38.53,5968.29,6.00
28768015,17.64,38.53,6142.44,6.00
28771015,17.64,38.53,5015.29,6.00
28774015,17.65,38.52,4977.16,1.00
28777015,17.64,38.53,6082.23,6.00
28780015,17.64,38.53,6289.87,10.00
28783015,17.64,38.53,6039.25,0.00
28786015,17.64,38.53,6221.14,5.00
28789015,17.64,38.52,5661.17,8.00
28792015,17.64,38.52,5840.23,1.00
28795015,17.64,38.52,5615.06,3.00
28798015,17.64,38.52,5822.71,6.00
28801015,17.64,38.52,5988.81,4.00
28804015,17.64,38.52,6065.75,1.00
28807015,17.64,38.51,5966.91,1.00
28810015,17.64,38.52,6460.69,4.00
28813015,17.64,38.51,5915.78,6.00
28816015,17.64,38.52,5779.67,6.00
28819015,17.64,38.52,5646.04,11.00
28822015,17.64,38.51,5577.58,6.00
28825015,17.64,38.51,5226.75,0.00
28828015,17.63,38.51,5670.22,22.00
28831015,17.64,38.51,7123.50,6.00
28834015,17.64,38.51,5604.13,0.00
28837015,17.64,38.51,5263.80,0.00
28840015,17.64,38.51,5961.05,5.00
28843015,17.64,38.50,5423.64,2.00
28846015,17.63,38.51,5359.31,6.00
28849015,17.64,38.50,5661.96,6.00
28852015,17.63,38.50,5781.27,6.00
28855015,17.63,38.51,5585.73,7.00
28858015,17.63,38.50,5732.69,9.00
28861015,17.62,38.51,5065.05,7.00
28864015,17.62,38.52,5140.65,7.00
28867015,17.62,38.51,5001.56,9.00
28870015,17.62,38.51,5519.28,2.00
28873015,17.61,38.51,5692.64,2.00
28876015,17.62,38.51,4785.62,8.00
28879015,17.62,38.51,6187.85,2.00
28882015,17.62,38.52,6285.29,7.00
28885015,17.62,38.50,5637.93,0.00
28888015,17.62,38.50,6371.69,7.00
28891015,17.62,38.50,6234.84,1.00
28894015,17.63,38.50,5414.70,5.00
28897015,17.63,38.50,6158.83,2.00
28900015,17.63,38.48,5150.38,5.00
28903015,17.63,38.50,5942.24,6.00
28906015,17.62,38.48,5240.45,6.00
28909015,17.62,38.48,5767.56,0.00
28912015,17.62,38.50,5974.64,1.00
28915015,17.63,38.48,5055.79,3.00
28918015,17.62,38.48,5117.96,1.00
28921015,17.62,38.48,5732.99,6.00
28924015,17.63,38.47,6189.95,0.00
28927015,17.62,38.48,5803.95,6.00
28930015,17.62,38.48,4858.90,9.00
28933015,17.63,38.47,5602.60,0.00
28936015,17.62,38.47,5231.18,1.00
28939015,17.62,38.47,6783.62,5.00
28942015,17.62,38.47,6071.94,5.00
28945015,17.62,38.47,5867.62,7.00
28948015,17.62,38.46,6113.39,7.00
28951015,17.62,38.47,5281.36,8.00
28954015,17.63,38.46,5585.48,0.00
28957015,17.63,38.45,4789.99,10.00
28960015,17.63,38.45,4814.58,2.00
28963015,17.62,38.45,5116.66,8.00
28966015,17.62,38.45,5905.71,6.00
28969015,17.63,38.45,5680.61,7.00
28972015,17.63,38.44,5667.33,2.00
28975015,17.62,38.42,5667.47,1.00
28978015,17.62,38.42,6351.27,0.00
28981015,17.63,38.42,5589.38,0.00
28984015,17.63,38.42,6084.29,11.00
28987015,17.63,38.41,5577.17,0.00
28990015,17.63,38.42,5730.16,1.00
28993015,17.63,38.41,5423.72,6.00
28996015,17.63,38.41,6071.47,10.00
28999015,17.63,38.40,6841.88,0.00
29002015,17.63,38.40,5459.78,6.00
29005015,17.63,38.40,5544.44,5.00
29008015,17.62,38.40,5605.17,6.00
29011015,17.63,38.39,5304.54,6.00
29014015,17.62,38.39,6344.85,6.00
29017015,17.62,38.39,5611.17,6.00
29020015,17.62,38.39,5576.10,6.00
29023015,17.62,38.39,5512.44,1.00
29026015,17.62,38.39,4469.04,6.00
29029015,17.63,38.39,5724.75,1.00
29032015,17.62,38.39,5549.98,0.00
29035015,17.62,38.39,5977.56,0.00
29038015,17.62,38.39,4936.48,11.00
29041015,17.62,38.39,5713.31,6.00
29044015,17.62,38.39,5508.31,6.00
29047015,17.62,38.39,6090.28,0.00
29050015,17.61,38.37,5792.70,6.00
29053015,17.62,38.37,5329.38,0.00
29056015,17.62,38.37,5956.38,4.00
29059015,17.62,38.37,4957.36,0.00
29062015,17.62,38.36,5921.80,0.00
29065015,17.63,38.36,5979.80,0.00
29068015,17.62,38.35,5729.72,1.00
29071015,17.62,38.35,5119.60,0.00
29074015,17.62,38.36,5441.74,10.00
29077015,17.62,38.35,5523.57,6.00
29080015,17.62,38.35,5636.43,5.00
29083015,17.62,38.35,6098.09,0.00
29086015,17.62,38.35,5532.01,5.00
29089015,17.62,38.34,5656.08,3.00
29092015,17.62,38.34,6428.24,5.00
29095015,17.62,38.34,5278.44,6.00
29098015,17.62,38.34,5116.99,0.00
29101015,17.62,38.33,5344.22,6.00
29104015,17.62,38.33,6850.72,0.00
29107015,17.62,38.33,5198.89,6.00
29110015,17.62,38.31,6401.29,6.00
29113015,17.62,38.30,5773.01,1.00
29116015,17.62,38.31,6046.61,0.00
29119015,17.62,38.30,6079.93,5.00
29122015,17.62,38.30,6366.05,6.00
29125015,17.62,38.30,5062.18,0.00
29128015,17.62,38.31,5352.37,0.00
29131015,17.61,38.30,5927.71,4.00
29134015,17.62,38.30,5636.53,27.00
29137015,17.62,38.29,5575.80,6.00
29140015,17.62,38.30,5260.09,6.00
29143015,17.62,38.29,5799.60,2.00
29146015,17.61,38.28,5923.03,7.00
29149015,17.62,38.28,5201.03,6.00
29152015,17.62,38.28,4601.36,12.00
29155015,17.61,38.28,5019.99,2.00
29158015,17.61,38.29,5310.87,5.00
29161015,17.61,38.29,5086.03,1.00
29164015,17.62,38.28,5353.55,6.00
29167015,17.61,38.28,5323.13,5.00
29170015,17.61,38.28,5293.57,6.00
29173015,17.62,38.26,5102.18,1.00
29176015,17.61,38.28,5723.81,8.00
29179015,17.61,38.28,6430.95,0.00
29182015,17.61,38.28,5881.42,5.00
29185015,17.61,38.26,6213.07,5.00
29188015,17.61,38.25,5494.32,7.00
29191015,17.61,38.25,5754.08,11.00
29194015,17.61,38.23,5840.07,9.00
29197015,17.61,38.23,5707.84,0.00
29200015,17.61,38.23,6029.09,0.00
29203015,17.61,38.22,5590.90,1.00
29206015,17.61,38.22,5196.90,5.00
29209015,17.61,38.21,5327.76,6.00
29212015,17.61,38.21,5964.37,2.00
29215015,17.62,38.22,5272.37,7.00
29218015,17.61,38.20,6135.74,0.00
29221015,17.61,38.20,6158.09,1.00
29224015,17.61,38.20,6066.37,5.00
29227015,17.61,38.20,6063.38,0.00
29230015,17.61,38.20,5907.37,10.00
29233015,17.62,38.21,6017.75,1.00
29236015,17.61,38.19,5328.50,7.00
29239015,17.61,38.18,5330.30,6.00
29242015,17.61,38.19,5443.82,2.00
29245015,17.61,38.18,5737.82,6.00
29248015,17.61,38.18,5490.37,7.00
29251015,17.61,38.18,6030.53,6.00
29254015,17.61,38.16,6978.59,0.00
29257015,17.61,38.16,6062.35,5.00
29260015,17.62,38.15,5910.16,0.00
29263015,17.62,38.15,5298.23,0.00
29266015,17.63,38.13,5467.56,7.00
29269015,17.63,38.13,6069.60,6.00
29272015,17.64,38.12,5858.15,2.00
29275015,17.64,38.11,5645.83,2.00
29278015,17.64,38.10,5827.11,10.00
29281015,17.64,38.07,5704.72,7.00
29284015,17.64,38.07,5958.87,0.00
29287015,17.64,38.06,5689.00,8.00
29290015,17.64,38.05,5083.83,6.00
29293015,17.64,38.04,5503.28,6.00
29296015,17.64,38.03,6214.69,27.00
29299015,17.64,38.03,5664.25,0.00
29302015,17.64,38.03,6038.02,8.00
29305015,17.64,38.01,5949.44,6.00
29308015,17.64,38.01,5585.69,10.00
29311015,17.64,38.03,6835.05,1.00
29314015,17.64,38.03,5780.81,2.00
29317015,17.64,38.03,6327.23,7.00
29320015,17.64,38.01,6296.61,5.00
29323015,17.63,38.00,5500.48,0.00
29326015,17.64,37.99,5015.10,0.00
29329015,17.63,37.99,6087.33,0.00
29332015,17.64,37.99,5419.29,0.00
29335015,17.64,38.00,5670.29,1.00
29338015,17.64,37.98,6092.02,0.00
29341015,17.64,37.98,5307.23,7.00
29344015,17.64,37.98,5831.82,0.00
29347015,17.63,37.96,5756.61,7.00
29350015,17.64,37.96,5321.22,6.00
29353015,17.64,37.95,5589.85,12.00
29356015,17.64,37.94,5502.27,7.00
29359015,17.64,37.94,5274.54,0.00
29362015,17.64,37.94,5003.27,1.00
29365015,17.64,37.93,5385.63,0.00
29368015,17.64,37.93,5329.43,0.00
29371015,17.64,37.93,4476.93,11.00
29374015,17.63,37.92,5402.26,7.00
29377015,17.63,37.93,4996.98,1.00
29380015,17.63,37.93,5227.11,0.00
29383015,17.63,37.93,6136.10,8.00
29386015,17.62,37.92,5710.27,8.00
29389015,17.63,37.92,6260.63,0.00
29392015,17.63,37.91,6551.79,5.00
29395015,17.62,37.90,6359.36,9.00
29398015,17.63,37.89,5520.83,6.00
29401015,17.63,37.88,5795.66,0.00
29404015,17.63,37.88,5400.96,11.00
29407015,17.62,37.87,6604.68,2.00
29410015,17.63,37.87,6096.67,6.00
29413015,17.63,37.87,5862.33,1.00
29416015,17.62,37.86,6236.81,5.00
29419015,17.62,37.86,5434.58,1.00
29422015,17.62,37.86,5723.93,6.00
29425015,17.62,37.87,5037.44,0.00
29428015,17.63,37.86,6229.73,7.00
29431015,17.62,37.86,5944.75,7.00
29434015,17.63,37.86,5627.02,6.00
29437015,17.63,37.86,5784.91,2.00
29440015,17.62,37.84,6465.91,0.00
29443015,17.62,37.83,5537.41,0.00
29446015,17.63,37.83,5807.63,7.00
29449015,17.62,37.83,5994.89,7.00
29452015,17.62,37.82,5751.84,5.00
29455015,17.62,37.81,5717.82,11.00
29458015,17.62,37.82,5203.03,0.00
29461015,17.62,37.82,5461.01,0.00
29464015,17.62,37.82,9973.01,2.00
29467015,17.62,37.82,6260.28,4.00
29470015,17.62,37.81,5250.25,0.00
29473015,17.62,37.80,6970.25,0.00
29476015,17.62,37.78,5870.87,0.00
29479015,17.63,37.78,5885.31,6.00
29482015,17.63,37.78,5038.86,0.00
29485015,17.63,37.78,4914.53,47.00
29488015,17.63,37.77,5153.23,0.00
29491015,17.62,37.77,4490.95,7.00
29494015,17.63,37.75,4935.85,5.00
29497015,17.62,37.75,5554.47,5.00
29500015,17.63,37.75,5050.42,6.00
29503015,17.63,37.75,5395.14,6.00
29506015,17.63,37.74,4763.11,1.00
29509015,17.63,37.75,4623.22,2.00
29512015,17.63,37.72,4953.01,0.00
29515015,17.63,37.71,4859.95,1.00
29518015,17.63,37.71,5394.30,5.00
29521015,17.63,37.70,4890.69,0.00
29524015,17.63,37.69,5234.95,8.00
29527015,17.64,37.68,5210.89,27.00
29530015,17.63,37.69,5024.00,2.00
29533015,17.63,37.69,4723.44,0.00
29536015,17.63,37.69,4956.43,9.00
29539015,17.63,37.69,4767.75,0.00
29542015,17.63,37.69,4353.70,6.00
29545015,17.62,37.67,7823.91,6.00
29548015,17.62,37.66,5704.98,7.00
29551015,17.63,37.66,6510.72,0.00
29554015,17.62,37.66,5771.53,21.00
29557015,17.63,37.65,5742.29,28.00
29560015,17.62,37.66,6912.87,7.00
29563015,17.62,37.66,5161.94,11.00
29566015,17.62,37.66,5316.09,6.00
29569015,17.62,37.66,5632.45,0.00
29572015,17.62,37.67,5492.10,6.00
29575015,17.62,37.67,6795.88,24.00
29578015,17.62,37.67,6637.04,0.00
29581015,17.62,37.65,6060.03,6.00
29584015,17.62,37.63,7106.68,7.00
29587015,17.62,37.63,9153.23,0.00
29590015,17.62,37.63,5859.48,2.00
29593015,17.62,37.63,6001.54,0.00
29596015,17.62,37.63,5631.38,2.00
29599015,17.62,37.62,5498.26,8.00
29602015,17.62,37.61,6615.65,6.00
29605015,17.62,37.62,7394.95,7.00
29608015,17.62,37.59,5331.56,11.00
29611015,17.62,37.58,7031.21,6.00
29614015,17.62,37.58,5645.81,4.00
29617015,17.62,37.58,6506.92,1.00
29620015,17.62,37.58,5466.15,0.00
29623015,17.62,37.58,6159.63,7.00
29626015,17.63,37.58,6359.91,7.00
29629015,17.62,37.58,6337.63,0.00
29632015,17.62,37.58,6481.98,7.00
29635015,17.62,37.55,5627.67,14.00
29638015,17.62,37.54,7236.16,8.00
29641015,17.62,37.54,6136.80,2.00
29644015,17.62,37.54,7486.02,0.00
29647015,17.62,37.54,6646.75,22.00
29650015,17.62,37.54,5936.79,5.00
29653015,17.62,37.53,6827.29,0.00
29656015,17.62,37.54,5653.29,0.00
29659015,17.62,37.54,5867.46,5.00
29662015,17.61,37.53,5946.58,11.00
29665015,17.61,37.53,5941.92,5.00
29668015,17.62,37.52,5941.63,8.00
29671015,17.61,37.52,5138.66,0.00
29674015,17.61,37.52,5762.59,0.00
29677015,17.61,37.52,6002.52,2.00
29680015,17.61,37.52,5756.83,1.00
29683015,17.61,37.50,5487.33,6.00
29686015,17.61,37.49,5895.00,6.00
29689015,17.61,37.50,5914.80,5.00
29692015,17.61,37.52,5439.22,12.00
29695015,17.61,37.51,5738.34,7.00
29698015,17.61,37.48,6292.50,2.00
29701015,17.61,37.49,5575.71,0.00
29704015,17.62,37.47,6254.75,0.00
29707015,17.61,37.47,6181.54,1.00
29710015,17.61,37.45,5494.16,5.00
29713015,17.62,37.45,5554.17,5.00
29716015,17.62,37.45,5993.67,6.00
29719015,17.62,37.43,5979.81,5.00
29722015,17.62,37.45,5191.89,7.00
29725015,17.62,37.43,6797.07,0.00
29728015,17.62,37.43,5446.19,0.00
29731015,17.62,37.42,6015.34,6.00
29734015,17.62,37.42,6076.51,0.00
29737015,17.62,37.42,6177.23,6.00
29740015,17.61,37.43,5670.98,1.00
29743015,17.62,37.42,4742.20,23.00
29746015,17.61,37.43,6296.68,0.00
29749015,17.61,37.42,5889.91,7.00
29752015,17.61,37.42,5667.31,0.00
29755015,17.61,37.42,5420.09,0.00
29758015,17.61,37.41,5736.42,6.00
29761015,17.61,37.42,5690.02,6.00
29764015,17.61,37.40,6173.19,1.00
29767015,17.62,37.38,5693.35,12.00
29770015,17.62,37.37,6115.81,2.00
29773015,17.62,37.37,6230.92,6.00
29776015,17.63,37.37,5828.21,0.00
29779015,17.62,37.36,6750.49,0.00
29782015,17.62,37.35,5385.53,3.00
29785015,17.62,37.35,6046.22,7.00
29788015,17.62,37.35,5434.75,1.00
29791015,17.62,37.36,5677.60,1.00
29794015,17.61,37.34,5836.51,0.00
29797015,17.61,37.34,5450.66,6.00
29800015,17.61,37.33,5856.02,9.00
29803015,17.61,37.33,5327.86,0.00
29806015,17.61,37.30,5819.86,0.00
29809015,17.61,37.31,6760.33,0.00
29812015,17.61,37.30,5641.14,11.00
29815015,17.61,37.30,6106.78,8.00
29818015,17.61,37.31,6380.11,0.00
29821015,17.61,37.30,6628.11,5.00
29824015,17.62,37.30,5195.73,1.00
29827015,17.61,37.30,5473.17,7.00
29830015,17.62,37.29,6195.05,6.00
29833015,17.61,37.29,6189.11,5.00
29836015,17.62,37.28,5701.81,11.00
29839015,17.61,37.26,6059.69,0.00
29842015,17.62,37.26,6087.14,2.00
29845015,17.62,37.26,4998.80,0.00
29848015,17.61,37.26,5425.59,0.00
29851015,17.61,37.25,5898.81,2.00
29854015,17.62,37.25,5426.03,5.00
29857015,17.62,37.25,5697.91,0.00
29860015,17.61,37.23,6293.96,10.00
29863015,17.61,37.23,5896.26,0.00
29866015,17.61,37.22,6140.06,12.00
29869015,17.62,37.22,6516.35,0.00
29872015,17.63,37.19,6191.41,0.00
29875015,17.62,37.19,5359.14,5.00
29878015,17.63,37.19,5427.47,8.00
29881015,17.63,37.18,6327.38,0.00
29884015,17.63,37.18,6350.25,1.00
29887015,17.63,37.18,6489.65,0.00
29890015,17.63,37.18,6079.38,7.00
29893015,17.63,37.18,5916.98,0.00
29896015,17.63,37.18,5999.24,7.00
29899015,17.63,37.19,5821.23,0.00
29902015,17.63,37.19,6082.45,6.00
29905015,17.63,37.19,6391.29,6.00
29908015,17.63,37.18,6422.81,0.00
29911015,17.62,37.17,6351.54,1.00
29914015,17.62,37.17,7492.30,2.00
29917015,17.62,37.18,4887.16,0.00
29920015,17.62,37.17,5754.43,7.00
29923015,17.62,37.18,6021.13,2.00
29926015,17.61,37.17,5333.48,6.00
29929015,17.62,37.17,5881.52,5.00
29932015,17.61,37.16,5992.40,7.00
29935015,17.61,37.16,5503.54,6.00
29938015,17.62,37.17,5669.41,0.00
29941015,17.62,37.17,5541.90,10.00
29944015,17.61,37.14,6798.86,7.00
29947015,17.62,37.14,5809.18,0.00
29950015,17.61,37.13,5502.85,0.00
29953015,17.61,37.14,5569.25,13.00
29956015,17.62,37.14,6040.70,1.00
29959015,17.62,37.14,6497.45,9.00
29962015,17.62,37.13,5214.82,2.00
29965015,17.62,37.13,4626.56,1.00
29968015,17.62,37.12,6063.62,6.00
29971015,17.62,37.12,6729.44,9.00
29974015,17.62,37.12,6321.91,6.00
29977015,17.63,37.11,5700.29,6.00
29980015,17.63,37.10,5843.93,6.00
29983015,17.63,37.10,5792.85,0.00
29986015,17.62,37.08,6428.35,1.00
29989015,17.62,37.08,5335.48,5.00
29992015,17.63,37.07,6305.88,2.00
29995015,17.63,37.06,6783.42,1.00
29998015,17.62,37.07,6282.01,6.00
30001015,17.63,37.06,5717.32,7.00
30004015,17.62,37.07,5936.57,1.00
30007015,17.62,37.06,6142.75,6.00
30010015,17.62,37.06,6208.55,6.00
30013015,17.62,37.06,5512.92,8.00
30016015,17.62,37.07,7134.62,1.00
30019015,17.63,37.06,6142.98,8.00
30022015,17.62,37.07,5702.32,8.00
30025015,17.62,37.06,5944.05,0.00
30028015,17.63,37.05,5253.94,6.00
30031015,17.63,37.05,5612.81,5.00
30034015,17.62,37.06,5850.73,6.00
30037015,17.62,37.05,6102.36,1.00
30040015,17.62,37.05,6313.95,7.00
30043015,17.62,37.04,5143.51,6.00
30046015,17.62,37.05,4955.78,2.00
30049015,17.62,37.05,7200.97,1.00
30052015,17.62,37.04,6211.89,6.00
30055015,17.62,37.02,5474.95,0.00
30058015,17.61,37.02,5213.58,1.00
30061015,17.61,37.01,5612.68,1.00
30064015,17.61,37.02,4791.62,5.00
30067015,17.61,37.01,5574.92,6.00
30070015,17.61,37.02,4866.00,5.00
30073015,17.61,37.02,5555.85,8.00
30076015,17.61,37.04,4985.63,7.00
30079015,17.61,37.04,4702.05,8.00
30082015,17.61,37.03,4900.83,7.00
30085015,17.61,37.02,5869.86,3.00
30088015,17.61,37.02,5379.46,0.00
30091015,17.61,37.01,5724.69,1.00
30094015,17.61,37.01,5035.33,6.00
30097015,17.61,37.01,6127.29,4.00
30100015,17.61,37.01,5058.45,0.00
30103015,17.61,37.01,5665.45,1.00
30106015,17.61,37.01,4989.04,0.00
30109015,17.61,37.01,5471.87,7.00
30112015,17.61,37.00,5993.35,8.00
30115015,17.61,37.00,5863.50,8.00
30118015,17.61,36.99,5681.26,7.00
30121015,17.61,36.99,5964.67,0.00
30124015,17.61,36.97,5923.84,6.00
30127015,17.61,36.97,5536.44,9.00
30130015,17.61,36.97,5789.06,10.00
30133015,17.61,36.97,5668.95,2.00
30136015,17.61,36.98,5392.96,10.00
30139015,17.61,36.96,6779.42,3.00
30142015,17.62,36.98,6282.58,5.00
30145015,17.61,36.97,6290.59,5.00
30148015,17.61,36.99,5835.19,0.00
30151015,17.61,36.97,5266.57,11.00
30154015,17.61,36.97,5796.22,7.00
30157015,17.61,36.97,6850.23,1.00
30160015,17.61,36.96,5564.67,1.00
30163015,17.61,36.97,4822.65,10.00
30166015,17.61,36.98,5088.16,2.00
30169015,17.61,36.96,5501.27,6.00
30172015,17.61,36.95,5088.21,6.00
30175015,17.61,36.95,6020.19,5.00
30178015,17.61,36.95,6014.19,7.00
30181015,17.61,36.95,5086.34,0.00
30184015,17.61,36.95,5091.53,1.00
30187015,17.60,36.95,5170.11,8.00
30190015,17.60,36.94,5127.23,6.00
30193015,17.61,36.93,5049.22,0.00
30196015,17.60,36.94,5341.26,10.00
30199015,17.61,36.94,5154.65,2.00
30202015,17.61,36.95,5572.93,4.00
30205015,17.60,36.94,5153.05,0.00
30208015,17.60,36.94,4946.61,6.00
30211015,17.60,36.94,5904.99,6.00
30214015,17.60,36.94,5495.99,1.00
30217015,17.60,36.93,4842.47,2.00
30220015,17.60,36.93,5404.47,7.00
30223015,17.60,36.93,5666.09,2.00
30226015,17.60,36.91,5160.63,0.00
30229015,17.60,36.91,5319.47,5.00
30232015,17.60,36.91,5069.95,7.00
30235015,17.60,36.91,5553.26,6.00
30238015,17.60,36.91,5422.98,1.00
30241015,17.60,36.90,5540.53,0.00
30244015,17.60,36.90,5397.94,6.00
30247015,17.59,36.90,5061.65,8.00
30250015,17.60,36.91,5343.18,7.00
30253015,17.60,36.90,4909.40,2.00
30256015,17.60,36.90,4502.51,6.00
30259015,17.59,36.89,5189.42,11.00
30262015,17.59,36.88,4832.70,5.00
30265015,17.59,36.86,4870.41,5.00
30268015,17.59,36.88,4998.58,6.00
30271015,17.59,36.88,4540.82,6.00
30274015,17.60,36.88,4948.90,7.00
30277015,17.60,36.88,4793.20,0.00
30280015,17.59,36.87,5536.49,6.00
30283015,17.60,36.87,4628.40,11.00
30286015,17.59,36.85,5110.95,7.00
30289015,17.60,36.85,5162.82,10.00
30292015,17.59,36.85,4654.58,7.00
30295015,17.60,36.85,5444.38,2.00
30298015,17.60,36.85,5189.62,5.00
30301015,17.60,36.85,4546.52,11.00
30304015,17.60,36.85,4741.57,7.00
30307015,17.60,36.84,5060.48,5.00
30310015,17.59,36.83,4738.86,0.00
30313015,17.59,36.84,4449.75,2.00
30316015,17.59,36.83,5122.49,27.00
30319015,17.59,36.83,4690.03,6.00
30322015,17.59,36.84,5147.34,2.00
30325015,17.59,36.82,5176.73,11.00
30328015,17.59,36.82,4859.66,2.00
30331015,17.60,36.82,5569.82,8.00
30334015,17.59,36.80,4868.96,8.00
30337015,17.59,36.82,5221.96,0.00
30340015,17.59,36.82,4927.98,5.00
30343015,17.59,36.82,4767.84,1.00
30346015,17.60,36.82,5023.95,8.00
30349015,17.59,36.80,5391.75,10.00
30352015,17.60,36.80,5605.28,6.00
30355015,17.60,36.82,5044.22,1.00
30358015,17.60,36.80,5392.12,5.00
30361015,17.60,36.79,5422.97,9.00
30364015,17.60,36.78,5264.25,2.00
30367015,17.60,36.78,5078.54,6.00
30370015,17.60,36.79,5454.11,8.00
30373015,17.60,36.78,5298.48,8.00
30376015,17.60,36.78,4994.37,5.00
30379015,17.60,36.78,4841.57,1.00
30382015,17.60,36.78,5303.89,7.00
30385015,17.60,36.77,5245.39,7.00
30388015,17.60,36.77,4761.88,0.00
30391015,17.60,36.77,5041.77,5.00
30394015,17.61,36.77,4855.22,1.00
30397015,17.60,36.77,5571.16,1.00
30400015,17.61,36.76,4508.12,0.00
30403015,17.61,36.75,5166.47,5.00
30406015,17.61,36.73,5407.53,5.00
30409015,17.61,36.73,4419.22,0.00
30412015,17.61,36.73,5030.89,6.00
30415015,17.61,36.76,5066.01,1.00
30418015,17.62,36.76,5030.04,1.00
30421015,17.61,36.76,4693.05,5.00
30424015,17.61,36.76,4844.57,0.00
30427015,17.61,36.76,5154.67,0.00
30430015,17.61,36.76,4926.83,5.00
30433015,17.61,36.75,4886.53,0.00
30436015,17.61,36.75,5136.85,0.00
30439015,17.61,36.74,4752.79,21.00
30442015,17.61,36.73,5160.97,2.00
30445015,17.61,36.73,5301.07,6.00
30448015,17.61,36.73,5066.58,5.00
30451015,17.61,36.75,4835.41,0.00
30454015,17.61,36.73,6199.40,6.00
30457015,17.61,36.75,4888.93,4.00
30460015,17.61,36.73,4394.90,1.00
30463015,17.61,36.72,5114.62,7.00
30466015,17.61,36.72,4897.07,1.00
30469015,17.61,36.72,4386.38,0.00
30472015,17.61,36.72,5244.20,0.00
30475015,17.61,36.72,5206.97,7.00
30478015,17.61,36.71,4840.82,2.00
30481015,17.60,36.71,5665.86,7.00
30484015,17.61,36.71,4484.46,2.00
30487015,17.61,36.70,5233.67,1.00
30490015,17.61,36.68,5287.42,11.00
30493015,17.61,36.71,4839.77,8.00
30496015,17.61,36.70,5412.85,0.00
30499015,17.60,36.68,5236.53,1.00
30502015,17.61,36.68,4602.80,1.00
30505015,17.61,36.67,5696.95,9.00
30508015,17.61,36.67,5162.58,5.00
30511015,17.60,36.66,5414.82,0.00
30514015,17.61,36.66,5246.47,11.00
30517015,17.60,36.66,6712.41,2.00
30520015,17.60,36.66,6191.35,7.00
30523015,17.60,36.67,5162.04,10.00
30526015,17.60,36.66,4354.59,2.00
30529015,17.60,36.66,4577.51,1.00
30532015,17.60,36.67,4942.30,0.00
30535015,17.60,36.66,5308.22,6.00
30538015,17.60,36.66,4833.82,2.00
30541015,17.60,36.66,4719.37,10.00
30544015,17.60,36.66,4935.97,6.00
30547015,17.60,36.66,4814.36,6.00
30550015,17.60,36.65,5087.54,1.00
30553015,17.60,36.65,5250.57,7.00
30556015,17.60,36.66,4767.95,2.00
30559015,17.60,36.65,5505.75,5.00
30562015,17.60,36.65,6436.02,1.00
30565015,17.59,36.65,6067.16,1.00
30568015,17.59,36.66,5652.28,6.00
30571015,17.60,36.64,5594.44,5.00
30574015,17.59,36.65,5050.50,1.00
30577015,17.60,36.64,5230.54,1.00
30580015,17.59,36.64,4780.53,0.00
30583015,17.60,36.64,5344.27,6.00
30586015,17.60,36.62,4773.44,0.00
30589015,17.60,36.64,5076.99,0.00
30592015,17.60,36.62,5310.77,1.00
30595015,17.60,36.62,4559.11,0.00
30598015,17.61,36.62,5180.79,7.00
30601015,17.60,36.61,5273.40,4.00
30604015,17.60,36.62,4819.46,2.00
30607015,17.61,36.62,5037.17,5.00
30610015,17.60,36.61,5059.04,0.00
30613015,17.61,36.60,4594.19,6.00
30616015,17.61,36.60,5082.14,7.00
30619015,17.61,36.61,4590.93,6.00
30622015,17.61,36.62,4795.86,6.00
30625015,17.61,36.61,4531.27,0.00
30628015,17.61,36.60,4502.42,8.00
30631015,17.60,36.59,4363.90,0.00
30634015,17.60,36.59,5526.41,1.00
30637015,17.60,36.60,4714.63,0.00
30640015,17.61,36.59,5049.16,2.00
30643015,17.60,36.59,5327.64,7.00
30646015,17.61,36.58,5075.56,7.00
30649015,17.61,36.59,4523.59,1.00
30652015,17.61,36.58,4838.95,1.00
30655015,17.61,36.59,5133.40,5.00
30658015,17.60,36.58,4453.52,5.00
30661015,17.60,36.58,4725.69,5.00
30664015,17.60,36.56,4289.40,10.00
30667015,17.60,36.58,4910.59,11.00
30670015,17.60,36.58,5317.71,11.00
30673015,17.61,36.58,5184.99,0.00
30676015,17.61,36.56,5304.65,6.00
30679015,17.61,36.56,5418.12,6.00
30682015,17.60,36.56,4908.30,0.00
30685015,17.60,36.55,4739.98,1.00
30688015,17.60,36.56,4665.48,2.00
30691015,17.60,36.56,4749.63,1.00
30694015,17.60,36.56,5316.39,6.00
30697015,17.60,36.56,4656.87,8.00
30700015,17.60,36.56,4875.80,7.00
30703015,17.60,36.56,4567.95,6.00
30706015,17.60,36.56,4980.58,5.00
30709015,17.61,36.56,4657.20,0.00
30712015,17.60,36.56,4955.40,6.00
30715015,17.60,36.56,5152.78,2.00
30718015,17.60,36.56,4730.52,5.00
30721015,17.60,36.56,4472.26,9.00
30724015,17.60,36.56,5407.94,0.00
30727015,17.60,36.59,4627.18,1.00
30730015,17.60,36.58,5087.92,5.00
30733015,17.60,36.56,4694.07,6.00
30736015,17.60,36.58,4826.65,0.00
30739015,17.60,36.58,5131.23,0.00
30742015,17.60,36.58,5514.67,6.00
30745015,17.60,36.58,4948.56,6.00
30748015,17.60,36.58,5244.45,6.00
30751015,17.60,36.58,5387.73,6.00
30754015,17.59,36.58,4854.13,7.00
30757015,17.60,36.56,5112.19,7.00
30760015,17.59,36.56,4941.04,8.00
30763015,17.59,36.56,4936.03,0.00
30766015,17.59,36.59,4302.32,8.00
30769015,17.59,36.58,5087.07,5.00
30772015,17.59,36.58,5022.42,2.00
30775015,17.59,36.58,4759.65,1.00
30778015,17.60,36.58,4668.96,1.00
30781015,17.59,36.56,4805.25,21.00
30784015,17.59,36.56,5037.79,10.00
30787015,17.59,36.56,4722.87,8.00
30790015,17.59,36.55,5192.46,6.00
30793015,17.59,36.55,5222.12,0.00
30796015,17.58,36.55,4946.07,13.00
30799015,17.59,36.55,4909.75,0.00
30802015,17.59,36.55,4851.92,0.00
30805015,17.59,36.56,4416.00,8.00
30808015,17.59,36.55,4975.74,8.00
30811015,17.59,36.56,4673.83,1.00
30814015,17.59,36.56,4773.95,6.00
30817015,17.59,36.55,4979.03,4.00
30820015,17.58,36.55,4665.61,7.00
30823015,17.59,36.55,4926.88,1.00
30826015,17.59,36.54,4711.30,6.00
30829015,17.59,36.55,4785.87,0.00
30832015,17.58,36.54,4358.83,7.00
30835015,17.58,36.54,5184.64,0.00
30838015,17.58,36.55,4805.74,8.00
30841015,17.57,36.55,4641.51,3.00
30844015,17.58,36.54,4840.31,2.00
30847015,17.58,36.55,4933.45,10.00
30850015,17.58,36.54,5868.73,6.00
30853015,17.57,36.54,4701.89,0.00
30856015,17.57,36.54,4833.17,7.00
30859015,17.57,36.55,4891.24,0.00
30862015,17.57,36.55,4907.21,0.00
30865015,17.57,36.55,4986.41,8.00
30868015,17.58,36.55,4493.07,0.00
30871015,17.58,36.55,4767.22,0.00
30874015,17.58,36.55,5307.90,2.00
30877015,17.57,36.55,5744.17,0.00
30880015,17.57,36.55,5202.48,6.00
30883015,17.57,36.54,5662.38,6.00
30886015,17.57,36.54,5255.59,1.00
30889015,17.57,36.54,5660.24,6.00
30892015,17.57,36.55,4979.56,0.00
30895015,17.57,36.55,5465.56,0.00
30898015,17.57,36.54,5240.48,0.00
30901015,17.57,36.55,5482.28,7.00
30904015,17.57,36.55,5234.60,5.00
30907015,17.57,36.55,5432.74,8.00
30910015,17.57,36.55,4875.81,27.00
30913015,17.57,36.55,5946.61,7.00
30916015,17.57,36.54,4885.77,6.00
30919015,17.57,36.53,4915.99,0.00
30922015,17.57,36.53,5239.70,1.00
30925015,17.57,36.54,5164.15,0.00
30928015,17.58,36.53,5230.07,5.00
30931015,17.57,36.51,4961.18,0.00
30934015,17.58,36.53,4917.09,6.00
30937015,17.58,36.53,4438.42,0.00
30940015,17.58,36.51,4823.13,7.00
30943015,17.58,36.53,4884.38,8.00
30946015,17.58,36.53,4854.86,0.00
30949015,17.58,36.53,5167.05,5.00
30952015,17.58,36.53,5372.04,1.00
30955015,17.58,36.53,5548.70,0.00
30958015,17.58,36.53,5351.19,7.00
30961015,17.58,36.51,4596.27,6.00
30964015,17.58,36.51,5086.47,8.00
30967015,17.58,36.50,5100.52,0.00
30970015,17.58,36.51,4797.73,6.00
30973015,17.59,36.50,4782.29,6.00
30976015,17.58,36.50,5497.53,7.00
30979015,17.58,36.49,5039.07,1.00
30982015,17.58,36.49,4962.82,7.00
30985015,17.58,36.49,5394.00,2.00
30988015,17.58,36.50,5499.12,0.00
30991015,17.59,36.49,4806.14,0.00
30994015,17.58,36.49,5021.44,1.00
30997015,17.58,36.50,4718.31,1.00
31000015,17.58,36.49,4984.26,1.00
31003015,17.57,36.50,4909.93,7.00
31006015,17.58,36.50,4943.57,4.00
31009015,17.58,36.50,4632.08,0.00
31012015,17.58,36.51,5372.39,0.00
31015015,17.58,36.53,4533.10,1.00
31018015,17.58,36.50,5302.42,5.00
31021015,17.58,36.49,5161.41,2.00
31024015,17.58,36.49,4657.34,0.00
31027015,17.58,36.49,4810.23,2.00
31030015,17.58,36.49,5044.59,0.00
31033015,17.58,36.48,4739.86,5.00
31036015,17.59,36.49,4744.52,6.00
31039015,17.59,36.49,4480.47,8.00
31042015,17.59,36.48,4654.54,6.00
31045015,17.59,36.49,4642.59,8.00
31048015,17.60,36.49,5325.02,6.00
31051015,17.60,36.48,5326.70,0.00
31054015,17.60,36.47,5038.71,2.00
31057015,17.60,36.47,4529.62,21.00
31060015,17.60,36.47,5384.60,6.00
31063015,17.60,36.46,5176.60,0.00
31066015,17.61,36.46,5243.54,1.00
31069015,17.61,36.44,5254.69,4.00
31072015,17.61,36.44,4786.31,1.00
31075015,17.61,36.43,5047.85,1.00
31078015,17.60,36.43,5329.64,8.00
31081015,17.61,36.43,5192.66,2.00
31084015,17.60,36.43,4850.81,6.00
31087015,17.60,36.43,5113.54,5.00
31090015,17.60,36.43,5466.79,7.00
31093015,17.60,36.42,5355.98,1.00
31096015,17.61,36.43,4712.88,2.00
31099015,17.60,36.42,4793.52,0.00
31102015,17.61,36.43,5036.93,8.00
31105015,17.60,36.43,5228.12,6.00
31108015,17.61,36.43,4751.80,7.00
31111015,17.61,36.42,4594.91,2.00
31114015,17.60,36.43,4675.96,0.00
31117015,17.60,36.44,4932.30,0.00
31120015,17.61,36.42,5037.95,1.00
31123015,17.60,36.43,4914.24,5.00
31126015,17.60,36.43,4545.40,2.00
31129015,17.60,36.43,4978.18,6.00
31132015,17.60,36.43,4899.41,0.00
31135015,17.61,36.43,4796.20,2.00
31138015,17.60,36.43,4534.48,8.00
31141015,17.59,36.43,4445.10,4.00
31144015,17.59,36.43,4777.91,1.00
31147015,17.59,36.43,4722.52,1.00
31150015,17.60,36.44,4750.51,0.00
31153015,17.60,36.43,4985.28,6.00
31156015,17.59,36.44,4552.76,0.00
31159015,17.60,36.44,4575.08,10.00
31162015,17.59,36.43,4846.56,0.00
31165015,17.59,36.44,4661.39,7.00
31168015,17.59,36.44,5842.45,0.00
31171015,17.59,36.44,4944.87,5.00
31174015,17.59,36.45,4637.67,0.00
31177015,17.58,36.45,4682.95,8.00
31180015,17.58,36.45,4755.77,1.00
31183015,17.59,36.44,5632.65,11.00
31186015,17.58,36.44,4685.50,0.00
31189015,17.58,36.44,4802.08,0.00
31192015,17.59,36.45,4959.53,7.00
31195015,17.58,36.45,5030.53,7.00
31198015,17.58,36.45,4661.90,1.00
31201015,17.58,36.45,4910.73,0.00
31204015,17.58,36.45,5139.38,6.00
31207015,17.58,36.45,4860.05,1.00
31210015,17.58,36.45,4834.93,0.00
31213015,17.58,36.44,4605.40,5.00
31216015,17.58,36.45,4430.69,6.00
31219015,17.58,36.45,5707.85,10.00
31222015,17.58,36.44,5450.63,7.00
31225015,17.58,36.45,4854.44,5.00
31228015,17.58,36.44,4625.29,9.00
31231015,17.58,36.44,5444.42,2.00
31234015,17.57,36.44,5064.65,6.00
31237015,17.58,36.45,5192.77,1.00
31240015,17.57,36.45,5174.99,2.00
31243015,17.57,36.45,4601.83,7.00
31246015,17.57,36.44,4962.94,5.00
31249015,17.57,36.45,4837.02,0.00
31252015,17.57,36.46,4484.23,6.00
31255015,17.57,36.45,4346.87,6.00
31258015,17.57,36.45,4706.48,6.00
31261015,17.57,36.45,4942.23,2.00
31264015,17.57,36.45,4613.99,0.00
31267015,17.57,36.45,4865.67,6.00
31270015,17.58,36.45,4491.13,5.00
31273015,17.57,36.44,5296.20,8.00
31276015,17.58,36.45,4560.28,0.00
31279015,17.57,36.45,4874.21,6.00
31282015,17.58,36.44,4511.79,8.00
31285015,17.58,36.44,4661.63,8.00
31288015,17.58,36.44,4796.86,2.00
31291015,17.58,36.43,4232.62,24.00
31294015,17.58,36.43,5113.21,2.00
31297015,17.58,36.44,4592.61,1.00
31300015,17.58,36.44,4679.11,6.00
31303015,17.58,36.44,4971.42,9.00
31306015,17.58,36.43,4981.13,6.00
31309015,17.58,36.43,5143.46,5.00
31312015,17.58,36.43,4818.70,1.00
31315015,17.58,36.43,5054.94,2.00
31318015,17.58,36.42,5063.49,0.00
31321015,17.58,36.43,4958.37,1.00
31324015,17.58,36.42,5177.46,0.00
31327015,17.58,36.42,4763.51,4.00
31330015,17.58,36.41,5122.90,2.00
31333015,17.58,36.41,4962.58,6.00
31336015,17.58,36.42,4710.47,1.00
31339015,17.58,36.42,4557.64,0.00
31342015,17.58,36.42,4578.21,2.00
31345015,17.58,36.41,4561.09,27.00
31348015,17.58,36.42,5156.96,6.00
31351015,17.58,36.41,5234.78,6.00
31354015,17.58,36.42,4834.43,2.00
31357015,17.57,36.42,5033.23,8.00
31360015,17.57,36.41,4397.30,6.00
31363015,17.58,36.42,4687.68,6.00
31366015,17.58,36.42,4657.21,0.00
31369015,17.58,36.42,4845.42,9.00
31372015,17.57,36.43,4596.16,0.00
31375015,17.57,36.42,4655.61,6.00
31378015,17.57,36.43,4762.87,7.00
31381015,17.57,36.42,4365.79,8.00
31384015,17.57,36.42,5164.31,5.00
31387015,17.57,36.43,4828.85,6.00
31390015,17.57,36.43,4860.43,10.00
31393015,17.56,36.44,4873.66,0.00
31396015,17.56,36.44,4943.10,1.00
31399015,17.56,36.44,4749.50,2.00
31402015,17.56,36.44,5416.80,2.00
31405015,17.56,36.44,5364.05,1.00
31408015,17.56,36.44,4680.54,0.00
31411015,17.56,36.44,4667.18,4.00
31414015,17.56,36.43,4918.67,0.00
31417015,17.55,36.44,5458.57,0.00
31420015,17.56,36.44,5146.79,2.00
31423015,17.56,36.44,5335.40,10.00
31426015,17.56,36.44,5104.89,7.00
31429015,17.56,36.44,4903.87,0.00
31432015,17.56,36.44,5317.65,6.00
31435015,17.56,36.43,5197.80,2.00
31438015,17.56,36.45,4849.05,1.00
31441015,17.56,36.44,6505.96,2.00
31444015,17.56,36.45,7703.47,5.00
31447015,17.56,36.44,5498.42,8.00
31450015,17.56,36.44,5048.96,1.00
31453015,17.56,36.44,4686.70,12.00
31456015,17.56,36.45,4777.68,2.00
31459015,17.56,36.43,5822.94,7.00
31462015,17.56,36.45,5178.44,5.00
31465015,17.57,36.43,5633.52,7.00
31468015,17.57,36.44,5178.37,12.00
31471015,17.57,36.44,5248.49,6.00
31474015,17.57,36.44,4446.56,0.00
31477015,17.57,36.43,5131.57,7.00
31480015,17.57,36.44,4689.10,1.00
31483015,17.57,36.44,4927.38,5.00
31486015,17.57,36.43,5088.87,0.00
31489015,17.57,36.42,5125.60,7.00
31492015,17.57,36.43,4796.65,1.00
31495015,17.57,36.43,5069.12,2.00
31498015,17.58,36.42,5845.22,0.00
31501015,17.57,36.43,5309.86,2.00
31504015,17.57,36.43,4866.53,2.00
31507015,17.58,36.44,4611.71,1.00
31510015,17.58,36.43,4667.00,6.00
31513015,17.58,36.43,5103.77,1.00
31516015,17.58,36.42,4818.63,1.00
31519015,17.58,36.42,5014.43,9.00
31522015,17.58,36.42,4887.67,1.00
31525015,17.59,36.42,4238.60,2.00
31528015,17.58,36.42,4826.62,5.00
31531015,17.59,36.41,5045.40,2.00
31534015,17.59,36.41,4811.67,4.00
31537015,17.59,36.41,5003.62,6.00
31540015,17.59,36.42,4765.00,7.00
31543015,17.59,36.41,4660.41,7.00
31546015,17.59,36.41,5337.94,5.00
31549015,17.58,36.42,4477.99,0.00
31552015,17.59,36.42,5058.89,7.00
31555015,17.58,36.42,5052.47,5.00
31558015,17.58,36.41,5286.07,1.00
31561015,17.58,36.41,5052.36,0.00
31564015,17.58,36.41,4947.13,10.00
31567015,17.58,36.41,4560.79,1.00
31570015,17.58,36.42,5132.40,2.00
31573015,17.58,36.42,4351.35,1.00
31576015,17.58,36.42,4769.37,8.00
31579015,17.58,36.41,5164.70,14.00
31582015,17.58,36.41,4249.96,10.00
31585015,17.58,36.41,4606.26,22.00
31588015,17.58,36.41,4837.00,1.00
31591015,17.58,36.42,4945.40,2.00
31594015,17.58,36.42,5293.66,6.00
31597015,17.58,36.41,4993.60,6.00
31600015,17.58,36.41,4744.17,1.00
31603015,17.58,36.41,5688.58,6.00
31606015,17.58,36.42,4433.28,2.00
31609015,17.58,36.41,5110.66,1.00
31612015,17.58,36.43,5569.52,1.00
31615015,17.58,36.41,4877.99,7.00
31618015,17.58,36.41,5258.36,4.00
31621015,17.58,36.42,4936.19,0.00
31624015,17.59,36.39,5033.97,7.00
31627015,17.59,36.41,4795.03,2.00
31630015,17.59,36.39,5127.48,6.00
31633015,17.59,36.39,5130.59,0.00
31636015,17.59,36.39,4984.89,0.00
31639015,17.60,36.39,5181.10,5.00
31642015,17.59,36.39,5275.55,2.00
31645015,17.59,36.39,5211.91,0.00
31648015,17.59,36.38,5335.09,2.00
31651015,17.59,36.39,5815.55,0.00
31654015,17.59,36.39,5502.19,2.00
31657015,17.59,36.39,5409.63,0.00
31660015,17.59,36.39,5716.58,5.00
31663015,17.59,36.39,5157.50,0.00
31666015,17.59,36.39,5018.53,7.00
31669015,17.59,36.41,5773.81,8.00
31672015,17.59,36.41,5360.87,8.00
31675015,17.59,36.39,5235.80,5.00
31678015,17.59,36.41,4578.86,7.00
31681015,17.59,36.41,5674.83,7.00
31684015,17.58,36.42,4875.15,11.00
31687015,17.58,36.41,4994.62,7.00
31690015,17.59,36.41,5410.43,6.00
31693015,17.58,36.41,5161.32,6.00
31696015,17.58,36.41,5330.21,0.00
31699015,17.58,36.41,5215.36,2.00
31702015,17.58,36.42,5165.00,6.00
31705015,17.58,36.41,6616.88,10.00
31708015,17.58,36.42,6543.45,1.00
31711015,17.58,36.42,5823.92,4.00
31714015,17.58,36.42,6075.07,0.00
31717015,17.58,36.42,6709.60,4.00
31720015,17.58,36.43,6400.18,1.00
31723015,17.58,36.42,5878.65,1.00
31726015,17.57,36.42,6530.87,6.00
31729015,17.57,36.43,7321.66,7.00
31732015,17.57,36.43,5835.54,1.00
31735015,17.57,36.42,6283.37,9.00
31738015,17.57,36.43,6792.59,2.00
31741015,17.57,36.43,7455.08,0.00
31744015,17.57,36.43,6589.39,0.00
31747015,17.57,36.43,5489.24,5.00
31750015,17.57,36.43,5765.62,6.00
31753015,17.57,36.43,5498.80,0.00
31756015,17.57,36.43,5538.64,6.00
31759015,17.57,36.43,5263.02,6.00
31762015,17.57,36.44,5129.90,0.00
31765015,17.57,36.44,4950.16,7.00
31768015,17.57,36.44,5649.09,11.00
31771015,17.57,36.45,5380.79,2.00
31774015,17.56,36.44,5249.00,8.00
31777015,17.57,36.43,5524.44,2.00
31780015,17.56,36.43,5514.76,0.00
31783015,17.57,36.43,6513.90,8.00
31786015,17.56,36.43,6474.20,7.00
31789015,17.56,36.43,6526.57,0.00
31792015,17.56,36.42,5953.30,0.00
31795015,17.57,36.43,6738.19,11.00
31798015,17.57,36.43,5738.58,7.00
31801015,17.57,36.42,4647.73,1.00
31804015,17.57,36.42,5287.77,8.00
31807015,17.57,36.43,6122.69,6.00
31810015,17.56,36.42,5231.04,5.00
31813015,17.57,36.43,5183.34,11.00
31816015,17.56,36.43,5327.81,4.00
31819015,17.57,36.43,5447.29,0.00
31822015,17.57,36.44,5338.90,5.00
31825015,17.57,36.44,5513.13,0.00
31828015,17.57,36.44,5692.61,2.00
31831015,17.57,36.43,5822.44,0.00
31834015,17.58,36.43,5238.93,6.00
31837015,17.58,36.43,5174.26,6.00
31840015,17.57,36.43,5546.61,7.00
31843015,17.58,36.42,5483.97,2.00
31846015,17.58,36.42,5378.21,1.00
31849015,17.57,36.43,5411.71,1.00
31852015,17.57,36.43,6028.99,0.00
31855015,17.57,36.42,5974.05,1.00
31858015,17.57,36.42,5827.13,5.00
31861015,17.57,36.42,4696.22,6.00
31864015,17.57,36.42,5151.50,13.00
31867015,17.57,36.42,5263.72,14.00
31870015,17.57,36.43,5933.40,5.00
31873015,17.57,36.43,7202.49,5.00
31876015,17.57,36.42,5594.17,8.00
31879015,17.57,36.42,5952.59,0.00
31882015,17.57,36.41,5770.54,0.00
31885015,17.57,36.42,4899.42,7.00
31888015,17.57,36.43,4939.59,0.00
31891015,17.57,36.42,5566.09,8.00
31894015,17.56,36.42,5716.21,6.00
31897015,17.57,36.42,5195.86,11.00
31900015,17.57,36.42,5569.62,6.00
31903015,17.57,36.41,6453.33,2.00
31906015,17.57,36.40,4904.00,6.00
31909015,17.56,36.39,5414.36,0.00
31912015,17.57,36.40,5423.65,5.00
31915015,17.57,36.42,6172.04,0.00
31918015,17.56,36.40,5586.98,6.00
31921015,17.56,36.40,5721.90,0.00
31924015,17.57,36.40,5090.79,27.00
31927015,17.56,36.40,4904.07,0.00
31930015,17.56,36.40,4788.90,0.00
31933015,17.56,36.39,5288.29,8.00
31936015,17.56,36.40,5077.28,0.00
31939015,17.56,36.40,4840.46,7.00
31942015,17.57,36.39,4858.61,0.00
31945015,17.56,36.40,5088.32,2.00
31948015,17.56,36.40,5962.10,0.00
31951015,17.56,36.40,4929.95,2.00
31954015,17.56,36.40,5021.69,2.00
31957015,17.56,36.39,5351.04,3.00
31960015,17.56,36.42,5341.09,2.00
31963015,17.55,36.42,5371.47,2.00
31966015,17.56,36.42,5549.05,1.00
31969015,17.56,36.40,5307.95,9.00
31972015,17.56,36.42,5879.91,5.00
31975015,17.56,36.42,5963.21,0.00
31978015,17.56,36.42,5634.17,6.00
31981015,17.56,36.42,5440.67,5.00
31984015,17.56,36.40,5052.96,7.00
31987015,17.56,36.39,5205.26,1.00
31990015,17.56,36.40,5084.47,0.00
31993015,17.56,36.40,5165.96,8.00
31996015,17.56,36.39,5160.97,6.00
31999015,17.57,36.39,4548.65,7.00
32002015,17.56,36.39,4799.05,7.00
32005015,17.57,36.39,4909.46,2.00
32008015,17.57,36.38,5003.94,1.00
32011015,17.57,36.39,4761.47,0.00
32014015,17.57,36.39,5004.59,0.00
32017015,17.57,36.38,5397.57,7.00
32020015,17.57,36.38,5106.81,0.00
32023015,17.57,36.38,5253.94,7.00
32026015,17.57,36.37,5120.31,1.00
32029015,17.58,36.37,5966.48,8.00
32032015,17.58,36.37,6003.73,12.00
32035015,17.58,36.37,5185.63,0.00
32038015,17.58,36.37,5813.32,7.00
32041015,17.58,36.36,5575.57,1.00
32044015,17.58,36.36,5424.25,7.00
32047015,17.58,36.37,5065.07,6.00
32050015,17.58,36.36,4984.09,2.00
32053015,17.58,36.36,5379.08,0.00
32056015,17.58,36.37,5916.31,6.00
32059015,17.58,36.37,5203.77,4.00
32062015,17.58,36.37,5412.55,0.00
32065015,17.58,36.37,5264.34,0.00
32068015,17.58,36.38,5277.13,6.00
32071015,17.58,36.38,5703.50,1.00
32074015,17.57,36.38,5358.26,1.00
32077015,17.58,36.37,5610.14,7.00
32080015,17.57,36.38,5338.92,6.00
32083015,17.57,36.38,5581.77,1.00
32086015,17.57,36.38,6367.96,5.00
32089015,17.57,36.39,5165.73,8.00
32092015,17.57,36.37,5760.97,5.00
32095015,17.57,36.38,5623.13,7.00
32098015,17.57,36.37,5883.50,10.00
32101015,17.58,36.37,5985.56,9.00
32104015,17.57,36.37,5984.55,2.00
32107015,17.57,36.37,6101.79,7.00
32110015,17.57,36.37,5472.20,0.00
32113015,17.57,36.38,5801.74,11.00
32116015,17.57,36.38,5508.48,6.00
32119015,17.57,36.38,5872.27,0.00
32122015,17.57,36.40,6058.12,0.00
32125015,17.57,36.38,8168.82,0.00
32128015,17.57,36.38,8527.05,2.00
32131015,17.57,36.38,7674.27,3.00
32134015,17.57,36.37,7579.04,2.00
32137015,17.56,36.37,11511.83,7.00
32140015,17.57,36.38,7345.11,6.00
32143015,17.56,36.38,6666.16,5.00
32146015,17.57,36.38,7204.92,6.00
32149015,17.56,36.38,6865.66,6.00
32152015,17.56,36.38,6916.60,8.00
32155015,17.56,36.39,6211.08,6.00
32158015,17.56,36.38,4843.81,0.00
32161015,17.56,36.38,5398.32,6.00
32164015,17.56,36.38,6018.88,0.00
32167015,17.55,36.38,5702.21,7.00
32170015,17.55,36.38,6799.75,5.00
32173015,17.56,36.39,6703.42,10.00
32176015,17.55,36.39,5544.65,7.00
32179015,17.55,36.39,7208.59,0.00
32182015,17.55,36.39,5556.39,0.00
32185015,17.56,36.40,5830.35,10.00
32188015,17.55,36.39,5665.94,0.00
32191015,17.55,36.39,5839.06,8.00
32194015,17.55,36.40,5179.42,2.00
32197015,17.54,36.40,5354.82,0.00
32200015,17.54,36.40,5785.37,0.00
32203015,17.55,36.40,6700.34,5.00
32206015,17.54,36.40,5768.48,7.00
32209015,17.54,36.40,5835.02,7.00
32212015,17.54,36.41,5181.88,2.00
32215015,17.54,36.41,5193.10,2.00
32218015,17.54,36.41,5927.62,7.00
32221015,17.54,36.43,5496.34,11.00
32224015,17.54,36.41,6093.52,7.00
32227015,17.54,36.43,5814.78,7.00
32230015,17.54,36.40,5601.85,5.00
32233015,17.54,36.40,5485.76,8.00
32236015,17.55,36.40,6570.93,0.00
32239015,17.55,36.40,5696.83,2.00
32242015,17.55,36.42,4975.53,1.00
32245015,17.55,36.40,4905.92,0.00
32248015,17.55,36.42,5421.24,7.00
32251015,17.55,36.40,5904.50,2.00
32254015,17.55,36.40,5276.25,0.00
32257015,17.55,36.40,5487.05,5.00
32260015,17.55,36.42,5288.23,0.00
32263015,17.55,36.41,5721.41,11.00
32266015,17.54,36.40,6374.01,1.00
32269015,17.54,36.41,5629.37,11.00
32272015,17.54,36.40,6095.67,6.00
32275015,17.54,36.40,6743.07,8.00
32278015,17.54,36.41,5825.62,0.00
32281015,17.54,36.41,5373.87,5.00
32284015,17.54,36.41,5151.51,7.00
32287015,17.54,36.41,5356.69,5.00
32290015,17.54,36.41,5680.21,2.00
32293015,17.54,36.41,5670.58,11.00
32296015,17.54,36.41,6521.13,7.00
32299015,17.54,36.41,5703.25,9.00
32302015,17.54,36.40,5723.68,2.00
32305015,17.54,36.41,6211.15,1.00
32308015,17.54,36.40,5420.00,0.00
32311015,17.54,36.40,5296.47,8.00
32314015,17.54,36.40,4919.23,5.00
32317015,17.55,36.41,5041.06,0.00
32320015,17.55,36.40,6419.07,2.00
32323015,17.55,36.42,5029.93,10.00
32326015,17.55,36.40,5380.50,0.00
32329015,17.55,36.39,6150.93,0.00
32332015,17.55,36.39,6430.72,12.00
32335015,17.55,36.39,5675.77,0.00
32338015,17.55,36.40,6753.43,5.00
32341015,17.55,36.39,5124.96,5.00
32344015,17.55,36.39,5786.63,0.00
32347015,17.55,36.40,5139.11,7.00
32350015,17.55,36.39,4977.51,0.00
32353015,17.56,36.39,5879.97,0.00
32356015,17.56,36.39,6447.83,1.00
32359015,17.56,36.39,5291.17,6.00
32362015,17.56,36.39,6953.03,2.00
32365015,17.57,36.38,6524.79,0.00
32368015,17.56,36.38,5420.06,0.00
32371015,17.57,36.37,9470.06,6.00
32374015,17.57,36.37,5789.97,6.00
32377015,17.57,36.37,5386.59,9.00
32380015,17.57,36.37,5865.95,8.00
32383015,17.57,36.38,5307.35,6.00
32386015,17.57,36.37,5653.82,8.00
32389015,17.57,36.36,5557.96,9.00
32392015,17.57,36.37,6033.23,0.00
32395015,17.58,36.36,5147.16,1.00
32398015,17.57,36.37,5449.25,8.00
32401015,17.58,36.36,5841.14,7.00
32404015,17.57,36.36,5492.08,0.00
32407015,17.57,36.36,5266.88,0.00
32410015,17.58,36.36,5367.66,7.00
32413015,17.57,36.36,6268.10,0.00
32416015,17.57,36.34,5270.61,0.00
32419015,17.57,36.34,5573.50,0.00
32422015,17.58,36.34,5546.24,0.00
32425015,17.57,36.34,5384.43,2.00
32428015,17.57,36.34,5341.48,6.00
32431015,17.57,36.34,6367.51,5.00
32434015,17.57,36.36,4914.26,0.00
32437015,17.57,36.36,5246.80,1.00
32440015,17.56,36.34,5276.74,7.00
32443015,17.57,36.34,5731.12,1.00
32446015,17.57,36.36,6085.74,10.00
32449015,17.57,36.34,7092.23,4.00
32452015,17.57,36.36,5716.24,9.00
32455015,17.56,36.34,5476.37,8.00
32458015,17.57,36.36,5769.92,8.00
32461015,17.55,36.37,4835.96,0.00
32464015,17.56,36.36,5284.11,8.00
32467015,17.56,36.37,5977.08,0.00
32470015,17.55,36.37,5745.24,2.00
32473015,17.55,36.37,5128.73,5.00
32476015,17.55,36.38,5325.38,1.00
32479015,17.55,36.38,6073.37,0.00
32482015,17.55,36.38,6604.12,0.00
32485015,17.54,36.38,5916.99,0.00
32488015,17.54,36.38,6689.20,2.00
32491015,17.54,36.38,5553.25,2.00
32494015,17.54,36.39,5146.07,2.00
32497015,17.54,36.38,5942.52,0.00
32500015,17.54,36.39,6141.50,2.00
32503015,17.53,36.40,5538.67,8.00
32506015,17.54,36.39,5523.27,6.00
32509015,17.54,36.40,5353.21,7.00
32512015,17.54,36.40,5901.65,5.00
32515015,17.54,36.40,5125.94,7.00
32518015,17.54,36.39,5503.89,3.00
32521015,17.54,36.40,5754.90,11.00
32524015,17.54,36.40,5750.42,0.00
32527015,17.54,36.40,5014.56,5.00
32530015,17.54,36.40,5048.83,6.00
32533015,17.55,36.41,5315.16,2.00
32536015,17.54,36.40,5802.62,7.00
32539015,17.54,36.39,5624.92,7.00
32542015,17.53,36.39,5296.71,5.00
32545015,17.54,36.39,5408.60,0.00
32548015,17.54,36.38,5488.57,0.00
32551015,17.54,36.39,6120.50,6.00
32554015,17.53,36.39,4718.02,0.00
32557015,17.54,36.39,5899.52,6.00
32560015,17.54,36.40,5413.42,6.00
32563015,17.54,36.41,5705.26,0.00
32566015,17.54,36.40,5471.71,7.00
32569015,17.54,36.40,6034.95,6.00
32572015,17.55,36.40,8100.83,2.00
32575015,17.55,36.39,7550.10,6.00
32578015,17.55,36.39,7054.31,0.00
32581015,17.54,36.40,5705.16,8.00
32584015,17.55,36.39,5568.24,2.00
32587015,17.55,36.39,5582.01,0.00
32590015,17.54,36.39,5928.78,0.00
32593015,17.54,36.40,5573.82,5.00
32596015,17.55,36.40,5996.71,11.00
32599015,17.55,36.40,6021.27,0.00
32602015,17.55,36.39,5727.18,5.00
32605015,17.55,36.39,5249.30,5.00
32608015,17.55,36.39,6647.59,2.00
32611015,17.55,36.39,5566.30,0.00
32614015,17.55,36.39,6758.45,6.00
32617015,17.55,36.39,5482.03,5.00
32620015,17.55,36.39,5631.38,8.00
32623015,17.54,36.40,5526.74,2.00
32626015,17.54,36.40,5196.98,2.00
32629015,17.54,36.38,5742.53,1.00
32632015,17.54,36.39,6315.27,9.00
32635015,17.54,36.39,4997.60,3.00
32638015,17.54,36.39,5276.59,46.00
32641015,17.54,36.39,5154.62,0.00
32644015,17.54,36.39,5037.13,5.00
32647015,17.54,36.39,5295.59,5.00
32650015,17.54,36.39,5083.87,2.00
32653015,17.54,36.40,5451.91,2.00
32656015,17.53,36.40,5262.48,2.00
32659015,17.54,36.41,5343.75,0.00
32662015,17.54,36.43,5797.74,5.00
32665015,17.53,36.40,5049.03,5.00
32668015,17.53,36.41,4995.53,7.00
32671015,17.54,36.40,5335.86,10.00
32674015,17.54,36.40,5112.72,0.00
32677015,17.54,36.40,5266.66,0.00
32680015,17.54,36.40,5126.54,6.00
32683015,17.54,36.41,5430.08,2.00
32686015,17.53,36.41,5865.51,0.00
32689015,17.53,36.41,5224.37,0.00
32692015,17.53,36.41,5562.40,6.00
32695015,17.53,36.41,5420.88,13.00
32698015,17.53,36.41,5684.76,6.00
32701015,17.52,36.42,5335.62,6.00
32704015,17.52,36.42,5048.55,2.00
32707015,17.53,36.42,4725.43,8.00
32710015,17.53,36.42,5070.35,0.00
32713015,17.52,36.42,5375.44,6.00
32716015,17.52,36.41,4841.89,27.00
32719015,17.53,36.41,5060.44,2.00
32722015,17.53,36.43,4642.85,5.00
32725015,17.53,36.43,5061.14,10.00
32728015,17.52,36.42,5143.70,6.00
32731015,17.53,36.43,4995.98,0.00
32734015,17.52,36.42,4906.31,11.00
32737015,17.53,36.43,5049.31,0.00
32740015,17.53,36.43,5284.56,5.00
32743015,17.53,36.43,5167.30,2.00
32746015,17.53,36.43,5685.72,5.00
32749015,17.53,36.43,5175.80,9.00
32752015,17.53,36.41,5090.45,0.00
32755015,17.53,36.42,5553.17,6.00
32758015,17.53,36.43,5133.38,6.00
32761015,17.53,36.43,5812.48,9.00
32764015,17.53,36.43,5513.37,0.00
32767015,17.53,36.43,5307.07,0.00
32770015,17.53,36.41,5079.92,2.00
32773015,17.53,36.42,4674.35,11.00
32776015,17.53,36.42,5028.30,6.00
32779015,17.52,36.42,4739.53,0.00
32782015,17.52,36.42,4711.31,8.00
32785015,17.52,36.42,5161.68,10.00
32788015,17.53,36.41,4487.87,8.00
32791015,17.52,36.42,4803.47,2.00
32794015,17.53,36.44,4931.38,1.00
32797015,17.53,36.44,4894.41,7.00
32800015,17.53,36.44,5672.00,0.00
32803015,17.53,36.42,5296.51,1.00
32806015,17.52,36.42,5198.07,6.00
32809015,17.53,36.44,4714.92,2.00
32812015,17.53,36.43,5249.30,11.00
32815015,17.53,36.43,5568.00,1.00
32818015,17.53,36.43,5301.69,9.00
32821015,17.53,36.43,5501.42,6.00
32824015,17.53,36.44,5858.52,5.00
32827015,17.53,36.44,5504.51,6.00
32830015,17.53,36.44,5684.99,0.00
32833015,17.53,36.44,6416.14,7.00
32836015,17.53,36.44,5381.67,8.00
32839015,17.53,36.44,5054.13,5.00
32842015,17.53,36.44,4912.59,0.00
32845015,17.53,36.43,5519.98,5.00
32848015,17.53,36.44,4938.28,7.00
32851015,17.53,36.43,5750.52,5.00
32854015,17.54,36.44,5034.78,5.00
32857015,17.53,36.44,5183.28,7.00
32860015,17.54,36.44,5406.50,6.00
32863015,17.53,36.42,4598.73,7.00
32866015,17.53,36.43,4660.29,10.00
32869015,17.54,36.43,5462.43,3.00
32872015,17.53,36.43,5038.97,7.00
32875015,17.54,36.44,5668.19,0.00
32878015,17.54,36.45,5303.15,6.00
32881015,17.53,36.45,4967.16,2.00
32884015,17.53,36.44,5190.41,7.00
32887015,17.53,36.44,5216.04,2.00
32890015,17.53,36.44,5288.32,7.00
32893015,17.53,36.45,5067.75,7.00
32896015,17.53,36.44,4857.34,2.00
32899015,17.53,36.44,5191.00,5.00
32902015,17.53,36.43,5424.07,2.00
32905015,17.53,36.44,5090.55,5.00
32908015,17.53,36.44,5031.87,0.00
32911015,17.53,36.44,4502.61,0.00
32914015,17.53,36.44,4590.67,1.00
32917015,17.53,36.44,5651.28,6.00
32920015,17.53,36.44,4752.78,1.00
32923015,17.53,36.43,4882.81,6.00
32926015,17.53,36.43,4704.04,0.00
32929015,17.54,36.43,4849.49,5.00
32932015,17.54,36.44,4756.94,5.00
32935015,17.54,36.44,5520.77,0.00
32938015,17.54,36.44,5761.82,11.00
32941015,17.55,36.43,5973.80,0.00
32944015,17.55,36.43,5660.53,5.00
32947015,17.54,36.43,5059.04,10.00
32950015,17.55,36.44,5642.93,7.00
32953015,17.54,36.44,4966.79,11.00
32956015,17.54,36.44,5190.56,9.00
32959015,17.54,36.44,5444.32,7.00
32962015,17.53,36.45,5281.63,7.00
32965015,17.54,36.44,5005.18,0.00
32968015,17.53,36.45,6046.52,5.00
32971015,17.53,36.46,5303.71,0.00
32974015,17.53,36.45,4897.96,6.00
32977015,17.53,36.46,5018.10,8.00
32980015,17.53,36.46,5803.06,5.00
32983015,17.53,36.46,5367.22,6.00
32986015,17.52,36.47,5157.55,11.00
32989015,17.52,36.47,5240.23,5.00
32992015,17.53,36.47,5306.33,22.00
32995015,17.53,36.47,4769.94,0.00
32998015,17.52,36.47,5015.44,1.00
33001015,17.52,36.47,5572.54,8.00
33004015,17.53,36.49,4977.61,1.00
33007015,17.52,36.49,5633.06,0.00
33010015,17.52,36.50,5688.02,0.00
33013015,17.52,36.49,5038.27,9.00
33016015,17.52,36.50,5792.15,5.00
33019015,17.52,36.51,5887.25,0.00
33022015,17.52,36.50,5715.52,10.00
33025015,17.52,36.50,5108.33,11.00
33028015,17.52,36.48,4916.73,6.00
33031015,17.52,36.48,5827.86,0.00
33034015,17.52,36.50,4886.78,11.00
33037015,17.52,36.50,5022.50,2.00
33040015,17.52,36.51,4866.19,7.00
33043015,17.51,36.51,4801.40,4.00
33046015,17.51,36.50,5538.65,1.00
33049015,17.51,36.51,5691.85,7.00
33052015,17.51,36.51,5933.47,5.00
33055015,17.51,36.51,4979.46,0.00
33058015,17.52,36.51,5872.69,1.00
33061015,17.52,36.51,5657.10,5.00
33064015,17.52,36.51,6031.50,6.00
33067015,17.52,36.50,6603.99,21.00
33070015,17.53,36.50,5351.22,5.00
33073015,17.52,36.50,7512.76,8.00
33076015,17.52,36.50,5980.25,0.00
33079015,17.53,36.51,6552.38,1.00
33082015,17.52,36.50,6339.30,0.00
33085015,17.53,36.51,5509.41,6.00
33088015,17.52,36.50,5364.98,0.00
33091015,17.52,36.50,6241.04,7.00
33094015,17.52,36.51,5374.40,7.00
33097015,17.52,36.51,6581.87,1.00
33100015,17.52,36.50,5398.91,21.00
33103015,17.52,36.52,5344.49,2.00
33106015,17.51,36.51,6116.05,22.00
33109015,17.51,36.52,5576.25,21.00
33112015,17.52,36.51,5496.56,5.00
33115015,17.52,36.52,5450.70,1.00
33118015,17.51,36.52,6745.86,6.00
33121015,17.52,36.52,7748.25,5.00
33124015,17.52,36.52,6850.78,0.00
33127015,17.51,36.53,6709.12,1.00
33130015,17.52,36.53,5616.58,0.00
33133015,17.52,36.52,5837.67,7.00
33136015,17.52,36.52,5371.50,0.00
33139015,17.52,36.52,6006.16,3.00
33142015,17.52,36.52,6694.47,0.00
33145015,17.52,36.52,6289.04,3.00
33148015,17.52,36.52,7093.08,1.00
33151015,17.52,36.52,6211.73,5.00
33154015,17.52,36.52,5335.56,7.00
33157015,17.52,36.52,6298.06,2.00
33160015,17.52,36.53,5932.32,5.00
33163015,17.52,36.52,5782.64,2.00
33166015,17.52,36.53,6760.24,1.00
33169015,17.52,36.52,5672.72,0.00
33172015,17.52,36.52,5307.55,6.00
33175015,17.52,36.52,5887.45,7.00
33178015,17.53,36.52,6090.64,1.00
33181015,17.52,36.51,7361.38,7.00
33184015,17.53,36.51,5348.62,1.00
33187015,17.53,36.51,5209.01,6.00
33190015,17.53,36.51,6967.15,0.00
33193015,17.54,36.52,6796.57,7.00
33196015,17.53,36.52,6044.82,0.00
33199015,17.54,36.52,6900.03,11.00
33202015,17.54,36.52,6220.38,6.00
33205015,17.54,36.52,6498.32,5.00
33208015,17.54,36.52,5546.89,1.00
33211015,17.53,36.52,5387.31,6.00
33214015,17.54,36.51,6302.22,6.00
33217015,17.54,36.51,5400.04,2.00
33220015,17.54,36.51,5949.10,2.00
33223015,17.54,36.51,6515.23,0.00
33226015,17.54,36.52,5594.77,0.00
33229015,17.54,36.52,5616.98,4.00
33232015,17.54,36.51,6904.41,5.00
33235015,17.54,36.51,5555.89,11.00
33238015,17.54,36.51,5355.02,5.00
33241015,17.54,36.52,5506.73,10.00
33244015,17.54,36.52,5433.53,9.00
33247015,17.54,36.52,5984.14,8.00
33250015,17.54,36.51,5480.15,0.00
33253015,17.54,36.51,6366.44,11.00
33256015,17.54,36.52,5511.16,0.00
33259015,17.53,36.52,6192.13,7.00
33262015,17.54,36.52,5057.58,1.00
33265015,17.54,36.52,5306.51,6.00
33268015,17.54,36.52,6091.33,0.00
33271015,17.54,36.51,6296.36,6.00
33274015,17.54,36.52,5917.40,7.00
33277015,17.54,36.52,5147.97,7.00
33280015,17.54,36.52,5592.85,0.00
33283015,17.54,36.52,5407.82,12.00
33286015,17.54,36.51,5584.45,6.00
33289015,17.54,36.52,6063.78,8.00
33292015,17.54,36.52,5616.31,7.00
33295015,17.54,36.52,6092.57,6.00
33298015,17.54,36.52,6469.42,2.00
33301015,17.54,36.53,6120.87,0.00
33304015,17.54,36.52,6321.81,8.00
33307015,17.54,36.53,5685.47,5.00
33310015,17.54,36.53,7131.73,11.00
33313015,17.54,36.53,6345.58,3.00
33316015,17.54,36.55,6518.79,5.00
33319015,17.53,36.52,6268.56,5.00
33322015,17.54,36.53,5831.65,0.00
33325015,17.53,36.53,6454.06,13.00
33328015,17.54,36.53,6205.84,12.00
33331015,17.53,36.53,5613.78,0.00
33334015,17.52,36.54,6908.19,5.00
33337015,17.52,36.56,5491.65,1.00
33340015,17.53,36.54,5363.50,7.00
33343015,17.52,36.56,6791.37,6.00
33346015,17.52,36.56,5523.98,7.00
33349015,17.52,36.54,6567.29,0.00
33352015,17.52,36.56,5376.95,6.00
33355015,17.52,36.54,7020.93,0.00
33358015,17.52,36.56,5773.76,10.00
33361015,17.52,36.56,4867.61,7.00
33364015,17.53,36.54,6029.15,10.00
33367015,17.52,36.53,6075.60,7.00
33370015,17.53,36.55,5408.63,0.00
33373015,17.53,36.55,5641.49,0.00
33376015,17.53,36.53,5344.85,5.00
33379015,17.54,36.53,4970.97,0.00
33382015,17.53,36.55,6049.33,6.00
33385015,17.54,36.53,5077.82,7.00
33388015,17.54,36.53,6075.55,5.00
33391015,17.54,36.53,6135.26,6.00
33394015,17.54,36.53,6470.88,8.00
33397015,17.54,36.53,6478.56,6.00
33400015,17.54,36.53,5372.56,5.00
33403015,17.54,36.52,5735.17,2.00
33406015,17.55,36.52,5868.02,5.00
33409015,17.55,36.52,7478.91,2.00
33412015,17.55,36.52,6246.19,5.00
33415015,17.55,36.51,5533.99,4.00
33418015,17.56,36.51,6611.40,9.00
33421015,17.56,36.51,6979.21,6.00
33424015,17.55,36.51,6387.38,0.00
33427015,17.56,36.51,6507.11,7.00
33430015,17.56,36.50,6452.23,0.00
33433015,17.55,36.51,6786.70,0.00
33436015,17.56,36.51,6461.44,5.00
33439015,17.55,36.51,6227.82,5.00
33442015,17.55,36.51,6562.05,5.00
33445015,17.56,36.51,6401.55,5.00
33448015,17.55,36.52,8048.74,0.00
33451015,17.55,36.52,7327.76,5.00
33454015,17.56,36.52,6407.74,3.00
33457015,17.55,36.52,7405.11,6.00
33460015,17.55,36.52,6426.54,0.00
33463015,17.55,36.52,8334.15,7.00
33466015,17.55,36.51,6489.97,5.00
33469015,17.55,36.52,6400.13,2.00
33472015,17.55,36.52,7158.63,7.00
33475015,17.55,36.52,7510.19,2.00
33478015,17.55,36.52,7992.47,7.00
33481015,17.55,36.52,11629.84,1.00
33484015,17.55,36.54,7836.26,9.00
33487015,17.54,36.53,7003.50,2.00
33490015,17.55,36.55,6716.48,2.00
33493015,17.55,36.54,7682.24,7.00
33496015,17.55,36.55,6759.66,0.00
33499015,17.55,36.55,7448.12,10.00
33502015,17.54,36.53,6923.65,22.00
33505015,17.54,36.53,6122.74,6.00
33508015,17.55,36.53,6092.18,0.00
33511015,17.55,36.53,5219.77,8.00
33514015,17.54,36.53,7384.99,7.00
33517015,17.54,36.55,5908.50,4.00
33520015,17.55,36.55,5945.74,6.00
33523015,17.54,36.55,5440.63,22.00
33526015,17.54,36.55,5713.51,0.00
33529015,17.54,36.55,6081.72,6.00
33532015,17.54,36.55,5024.12,9.00
33535015,17.54,36.55,7111.40,5.00
33538015,17.54,36.55,6784.61,1.00
33541015,17.54,36.53,5218.40,14.00
33544015,17.54,36.53,7345.55,2.00
33547015,17.54,36.55,6098.45,6.00
33550015,17.55,36.53,7142.49,0.00
33553015,17.55,36.53,6296.40,1.00
33556015,17.55,36.53,6154.86,5.00
33559015,17.54,36.55,6085.55,7.00
33562015,17.55,36.55,5213.75,2.00
33565015,17.55,36.54,5867.00,8.00
33568015,17.55,36.53,5598.69,1.00
33571015,17.54,36.55,5523.36,0.00
33574015,17.54,36.55,5106.15,1.00
33577015,17.55,36.55,5555.68,7.00
33580015,17.54,36.55,6593.24,5.00
33583015,17.55,36.55,5642.95,6.00
33586015,17.55,36.55,8832.68,7.00
33589015,17.54,36.55,9789.18,5.00
33592015,17.54,36.56,5948.17,0.00
33595015,17.54,36.55,6244.37,7.00
33598015,17.54,36.56,6017.89,2.00
33601015,17.54,36.55,5636.85,6.00
33604015,17.54,36.55,6836.86,11.00
33607015,17.54,36.55,6522.83,2.00
33610015,17.54,36.56,6003.20,1.00
33613015,17.54,36.56,5787.17,1.00
33616015,17.54,36.55,5622.10,0.00
33619015,17.54,36.55,6623.74,6.00
33622015,17.54,36.55,5528.79,22.00
33625015,17.53,36.55,6675.71,8.00
33628015,17.54,36.55,7019.94,1.00
33631015,17.54,36.55,6020.65,0.00
33634015,17.54,36.55,6233.33,7.00
33637015,17.54,36.56,5872.92,5.00
33640015,17.54,36.56,5221.23,7.00
33643015,17.53,36.55,4473.90,0.00
33646015,17.54,36.56,6144.09,0.00
33649015,17.53,36.55,5389.29,5.00
33652015,17.54,36.55,5312.94,0.00
33655015,17.54,36.56,5851.05,6.00
33658015,17.54,36.55,6133.48,7.00
33661015,17.54,36.55,7659.22,7.00
33664015,17.53,36.55,5959.85,2.00
33667015,17.53,36.54,5812.83,2.00
33670015,17.53,36.55,6676.11,5.00
33673015,17.52,36.54,5218.17,0.00
33676015,17.53,36.56,6195.49,6.00
33679015,17.53,36.56,5594.12,6.00
33682015,17.52,36.57,5745.78,6.00
33685015,17.53,36.56,5871.91,7.00
33688015,17.52,36.57,5634.12,6.00
33691015,17.53,36.57,5956.87,6.00
33694015,17.53,36.56,5946.64,6.00
33697015,17.52,36.56,5909.03,8.00
33700015,17.52,36.56,6166.24,6.00
33703015,17.53,36.56,5601.85,5.00
33706015,17.53,36.56,5554.29,0.00
33709015,17.53,36.56,7373.73,5.00
33712015,17.53,36.56,6993.87,9.00
33715015,17.53,36.56,6646.04,11.00
33718015,17.53,36.56,6498.70,1.00
33721015,17.53,36.56,6496.75,10.00
33724015,17.53,36.56,6086.46,7.00
33727015,17.53,36.56,6766.64,5.00
33730015,17.53,36.56,7591.54,6.00
33733015,17.53,36.56,8240.56,6.00
33736015,17.52,36.54,6188.60,0.00
33739015,17.53,36.54,5929.41,1.00
33742015,17.53,36.56,5828.43,4.00
33745015,17.53,36.54,6320.06,3.00
33748015,17.52,36.54,5060.00,5.00
33751015,17.53,36.54,6177.91,26.00
33754015,17.53,36.55,6491.47,1.00
33757015,17.53,36.54,6099.84,0.00
33760015,17.53,36.54,6491.18,22.00
33763015,17.53,36.55,5902.68,9.00
33766015,17.52,36.54,5964.48,6.00
33769015,17.53,36.55,8975.37,5.00
33772015,17.53,36.56,8517.15,21.00
33775015,17.53,36.56,7452.37,6.00
33778015,17.52,36.56,14184.76,0.00
33781015,17.53,36.56,6164.52,11.00
33784015,17.52,36.56,6808.15,7.00
33787015,17.52,36.57,6343.78,5.00
33790015,17.52,36.56,6539.36,9.00
33793015,17.52,36.56,6341.31,1.00
33796015,17.52,36.56,5832.82,1.00
33799015,17.52,36.57,6099.37,2.00
33802015,17.52,36.56,6786.84,2.00
33805015,17.52,36.56,7924.94,2.00
33808015,17.52,36.56,6748.84,0.00
33811015,17.52,36.56,5954.72,0.00
33814015,17.52,36.56,7103.03,5.00
33817015,17.52,36.56,5455.45,0.00
33820015,17.52,36.56,6081.40,6.00
33823015,17.52,36.56,6024.53,5.00
33826015,17.52,36.54,6654.65,2.00
33829015,17.51,36.56,6430.19,1.00
33832015,17.51,36.56,4631.47,8.00
33835015,17.51,36.56,4752.93,1.00
33838015,17.51,36.56,6785.32,2.00
33841015,17.51,36.57,5157.46,0.00
33844015,17.51,36.56,5700.34,6.00
33847015,17.52,36.56,5348.78,23.00
33850015,17.52,36.57,5598.42,8.00
33853015,17.51,36.56,6750.73,1.00
33856015,17.51,36.56,5540.14,7.00
33859015,17.52,36.56,5537.53,11.00
33862015,17.52,36.56,6556.97,5.00
33865015,17.51,36.54,6786.41,7.00
33868015,17.51,36.53,6723.64,0.00
33871015,17.51,36.54,6974.61,1.00
33874015,17.51,36.54,7410.29,7.00
33877015,17.52,36.53,7299.07,1.00
33880015,17.52,36.53,6280.18,6.00
33883015,17.52,36.53,7306.04,0.00
33886015,17.51,36.52,5567.71,6.00
33889015,17.52,36.52,7863.33,7.00
33892015,17.52,36.52,8379.26,5.00
33895015,17.52,36.53,6326.81,7.00
33898015,17.52,36.53,6283.92,7.00
33901015,17.51,36.52,10006.46,0.00
33904015,17.51,36.52,12854.01,0.00
33907015,17.51,36.52,7434.41,5.00
33910015,17.51,36.51,9519.39,0.00
33913015,17.51,36.51,13287.18,1.00
33916015,17.52,36.53,6808.72,6.00
33919015,17.50,36.52,6992.02,6.00
33922015,17.51,36.52,6988.02,8.00
33925015,17.51,36.52,6038.03,5.00
33928015,17.50,36.52,6715.59,3.00
33931015,17.51,36.52,6800.15,10.00
33934015,17.50,36.53,6482.60,1.00
33937015,17.51,36.53,6044.22,0.00
33940015,17.51,36.52,6690.31,0.00
33943015,17.50,36.52,6167.63,13.00
33946015,17.50,36.52,5665.37,0.00
33949015,17.50,36.52,6555.92,5.00
33952015,17.51,36.53,7817.61,2.00
33955015,17.51,36.52,7764.79,7.00
33958015,17.51,36.52,6761.03,5.00
33961015,17.50,36.52,6487.56,7.00
33964015,17.51,36.52,8018.10,6.00
33967015,17.50,36.52,6912.39,5.00
33970015,17.51,36.52,6912.89,1.00
33973015,17.50,36.52,6912.89,0.00
33976015,17.50,36.52,6912.89,0.00
33982602,17.49,36.52,0.00,2.00
33985602,17.50,36.51,7018.27,9.00
33988602,17.51,36.51,7743.38,1.00
33991602,17.51,36.51,6942.21,0.00
33994602,17.50,36.51,6684.89,7.00
33997602,17.51,36.52,6498.37,0.00
34000602,17.50,36.52,6319.94,5.00
34003602,17.50,36.51,6794.49,1.00
34006602,17.51,36.51,5507.79,4.00
34009602,17.50,36.50,5856.76,0.00
34012602,17.51,36.50,5525.60,2.00
34015602,17.51,36.50,5512.43,1.00
34018602,17.51,36.51,6332.97,10.00
34021602,17.51,36.51,5396.86,2.00
34024602,17.50,36.51,8347.57,7.00
34027602,17.50,36.51,7112.56,6.00
34030602,17.51,36.51,7544.32,5.00
34033602,17.50,36.51,6176.20,5.00
34036602,17.51,36.50,6460.01,0.00
34039602,17.50,36.50,6164.24,0.00
34042602,17.51,36.48,9798.01,6.00
34045602,17.51,36.48,8231.19,0.00
34048602,17.51,36.48,5938.56,0.00
34051602,17.51,36.47,7085.77,1.00
34054602,17.51,36.47,6575.12,0.00
34057602,17.51,36.48,5230.38,5.00
34060602,17.51,36.47,5561.41,1.00
34063602,17.51,36.47,6943.00,6.00
34066602,17.51,36.47,5342.46,2.00
34069602,17.51,36.47,6572.07,0.00
34072602,17.51,36.48,6358.28,3.00
34075602,17.50,36.47,5888.00,0.00
34078602,17.51,36.47,7315.58,11.00
34081602,17.50,36.47,7472.46,0.00
34084602,17.50,36.47,9423.84,5.00
34087602,17.50,36.47,11894.79,6.00
34090602,17.50,36.48,7538.44,2.00
34093602,17.50,36.48,13493.27,5.00
34096602,17.50,36.48,8470.56,3.00
34099602,17.50,36.50,6863.00,0.00
34102602,17.50,36.48,6960.24,1.00
34105602,17.50,36.48,6684.81,5.00
34108602,17.49,36.48,5917.56,4.00
34111602,17.50,36.48,6376.40,5.00
34114602,17.49,36.47,6066.95,1.00
34117602,17.49,36.48,6319.77,0.00
34120602,17.49,36.48,6355.76,22.00
34123602,17.49,36.47,9919.14,5.00
34126602,17.49,36.48,5813.02,0.00
34129602,17.50,36.48,6047.41,6.00
34132602,17.50,36.47,9489.71,6.00
34135602,17.50,36.47,6703.80,1.00
34138602,17.50,36.47,5677.46,2.00
34141602,17.50,36.46,6329.40,23.00
34144602,17.50,36.46,5816.05,7.00
34147602,17.50,36.46,6430.72,5.00
34150602,17.50,36.46,5884.02,1.00
34153602,17.50,36.46,5172.28,0.00
34156602,17.50,36.46,6480.99,6.00
34159602,17.50,36.45,5630.15,0.00
34162602,17.50,36.45,4932.81,7.00
34165602,17.50,36.43,5707.65,5.00
34168602,17.50,36.45,6670.56,5.00
34171602,17.49,36.45,6861.55,5.00
34174602,17.49,36.46,6182.75,0.00
34177602,17.49,36.45,5698.72,9.00
34180602,17.49,36.45,6253.03,0.00
34183602,17.49,36.46,6749.58,0.00
34186602,17.49,36.45,5619.40,0.00
34189602,17.49,36.45,6005.23,2.00
34192602,17.49,36.45,7704.72,0.00
34195602,17.49,36.45,5833.71,0.00
34198602,17.49,36.45,8502.86,6.00
34201602,17.49,36.45,7270.37,1.00
34204602,17.49,36.43,8668.68,6.00
34207602,17.49,36.45,7675.21,7.00
34210602,17.49,36.43,6051.51,5.00
34213602,17.49,36.43,5600.62,1.00
34216602,17.49,36.43,5527.40,2.00
34219602,17.49,36.43,6001.61,6.00
34222602,17.49,36.43,6027.09,0.00
34225602,17.50,36.42,6097.88,6.00
34228602,17.49,36.42,6644.75,0.00
34231602,17.50,36.42,5666.67,8.00
34234602,17.50,36.42,5803.39,9.00
34237602,17.50,36.42,4899.99,0.00
34240602,17.49,36.43,5177.90,6.00
34243602,17.50,36.41,5390.65,5.00
34246602,17.49,36.41,5677.13,0.00
34249602,17.50,36.41,5886.35,6.00
34252602,17.50,36.41,5093.68,24.00
34255602,17.50,36.40,5886.89,2.00
34258602,17.50,36.40,5897.47,1.00
34261602,17.50,36.41,5596.86,2.00
34264602,17.50,36.41,5690.88,6.00
34267602,17.50,36.40,5319.90,26.00
34270602,17.50,36.39,5910.72,5.00
34273602,17.50,36.40,5901.64,0.00
34276602,17.50,36.39,5680.58,7.00
34279602,17.50,36.39,5481.64,7.00
34282602,17.50,36.37,9662.55,6.00
34285602,17.50,36.38,6491.61,0.00
34288602,17.50,36.37,4990.31,7.00
34291602,17.50,36.36,5433.58,4.00
34294602,17.50,36.36,6312.78,0.00
34297602,17.50,36.36,4826.81,5.00
34300602,17.50,36.36,5264.42,1.00
34303602,17.50,36.36,5389.81,0.00
34306602,17.50,36.38,5720.99,4.00
34309602,17.50,36.36,5420.09,7.00
34312602,17.50,36.39,6218.22,0.00
34315602,17.50,36.37,6384.11,6.00
34318602,17.50,36.37,6821.37,0.00
34321602,17.50,36.38,5333.04,0.00
34324602,17.50,36.36,5329.11,6.00
34327602,17.50,36.37,6135.20,2.00
34330602,17.50,36.38,5383.30,0.00
34333602,17.50,36.36,6685.71,1.00
34336602,17.50,36.37,8413.92,0.00
34339602,17.50,36.36,5846.68,5.00
34342602,17.50,36.36,7972.64,1.00
34345602,17.49,36.36,6335.96,0.00
34348602,17.49,36.36,5634.09,2.00
34351602,17.49,36.36,5718.06,6.00
34354602,17.49,36.36,6231.29,6.00
34357602,17.49,36.37,5222.54,6.00
34360602,17.49,36.37,4740.52,1.00
34363602,17.49,36.37,5417.46,6.00
34366602,17.49,36.37,5854.95,5.00
34369602,17.49,36.37,5000.52,9.00
34372602,17.49,36.37,5478.00,6.00
34375602,17.48,36.38,5424.88,9.00
34378602,17.48,36.36,5194.56,5.00
34381602,17.48,36.36,5170.51,4.00
34384602,17.48,36.37,5369.04,0.00
34387602,17.48,36.37,5018.45,2.00
34390602,17.48,36.37,5781.62,1.00
34393602,17.48,36.37,5326.64,0.00
34396602,17.48,36.37,5047.83,2.00
34399602,17.48,36.37,5899.19,0.00
34402602,17.48,36.37,5484.21,1.00
34405602,17.49,36.36,5200.06,6.00
34408602,17.48,36.37,5504.00,0.00
34411602,17.48,36.37,5332.04,1.00
34414602,17.48,36.37,6337.40,5.00
34417602,17.48,36.37,6357.89,0.00
34420602,17.48,36.36,5068.49,8.00
34423602,17.48,36.36,5317.27,2.00
34426602,17.48,36.37,4845.12,2.00
34429602,17.48,36.36,5703.84,6.00
34432602,17.48,36.36,6089.89,6.00
34435602,17.48,36.36,5316.08,7.00
34438602,17.48,36.35,4897.84,7.00
34441602,17.48,36.35,5572.39,6.00
34444602,17.48,36.36,5195.03,0.00
34447602,17.48,36.35,6439.52,5.00
34450602,17.48,36.35,7187.92,5.00
34453602,17.49,36.35,5907.54,3.00
34456602,17.49,36.34,5836.58,8.00
34459602,17.49,36.34,6037.47,7.00
34462602,17.48,36.34,6401.44,0.00
34465602,17.49,36.34,6427.74,10.00
34468602,17.49,36.35,5523.57,6.00
34471602,17.48,36.35,5978.82,7.00
34474602,17.49,36.34,5842.02,0.00
34477602,17.48,36.32,5181.16,7.00
34480602,17.49,36.32,5647.84,1.00
34483602,17.48,36.35,6201.13,0.00
34486602,17.48,36.34,5447.41,6.00
34489602,17.48,36.32,5600.39,2.00
34492602,17.48,36.31,6197.33,0.00
34495602,17.48,36.31,5873.19,0.00
34498602,17.49,36.32,6019.84,1.00
34501602,17.48,36.31,5373.13,6.00
34504602,17.49,36.32,5482.52,2.00
34507602,17.48,36.32,5130.44,0.00
34510602,17.49,36.32,5990.08,5.00
34513602,17.49,36.32,5355.66,27.00
34516602,17.49,36.32,6304.49,6.00
34519602,17.49,36.32,6808.60,0.00
34522602,17.49,36.32,6301.64,7.00
34525602,17.49,36.31,5366.74,0.00
34528602,17.48,36.31,5149.74,5.00
34531602,17.49,36.33,5316.92,0.00
34534602,17.49,36.31,6808.81,2.00
34537602,17.49,36.31,6192.32,6.00
34540602,17.49,36.31,5576.08,0.00
34543602,17.49,36.31,5494.35,0.00
34546602,17.50,36.31,4749.92,1.00
34549602,17.49,36.31,5998.91,5.00
34552602,17.49,36.31,5667.83,0.00
34555602,17.49,36.30,6233.58,7.00
34558602,17.50,36.31,5965.12,6.00
34561602,17.50,36.30,5384.82,0.00
34564602,17.49,36.30,6156.67,5.00
34567602,17.49,36.30,5540.19,6.00
34570602,17.49,36.30,6951.98,1.00
34573602,17.49,36.30,6352.81,5.00
34576602,17.49,36.30,5384.50,3.00
34579602,17.50,36.30,5233.62,5.00
34582602,17.50,36.31,5669.74,6.00
34585602,17.49,36.30,6010.29,0.00
34588602,17.50,36.30,5577.50,8.00
34591602,17.50,36.30,5709.99,0.00
34594602,17.50,36.30,5320.90,2.00
34597602,17.49,36.31,5538.93,8.00
34600602,17.50,36.30,6070.66,2.00
34603602,17.49,36.30,6165.91,0.00
34606602,17.49,36.30,6852.33,7.00
34609602,17.49,36.30,6972.18,8.00
34612602,17.50,36.29,7322.82,0.00
34615602,17.50,36.29,5583.62,6.00
34618602,17.50,36.28,6362.30,6.00
34621602,17.50,36.30,6853.39,6.00
34624602,17.51,36.30,7438.96,5.00
34627602,17.50,36.29,5392.46,6.00
34630602,17.50,36.29,6196.11,0.00
34633602,17.50,36.29,7385.84,8.00
34636602,17.50,36.29,5783.27,6.00
34639602,17.50,36.28,7035.76,5.00
34642602,17.50,36.27,6184.99,2.00
34645602,17.50,36.28,5379.57,11.00
34648602,17.50,36.27,6275.97,7.00
34651602,17.50,36.28,7329.45,6.00
34654602,17.50,36.29,6117.45,7.00
34657602,17.50,36.29,6577.37,6.00
34660602,17.50,36.29,6235.76,11.00
34663602,17.49,36.29,6117.08,11.00
34666602,17.49,36.28,5865.28,0.00
34669602,17.49,36.29,5947.59,2.00
34672602,17.49,36.29,4974.73,6.00
34675602,17.49,36.29,5098.57,0.00
34678602,17.49,36.29,6138.71,0.00
34681602,17.49,36.29,6417.86,1.00
34684602,17.49,36.29,5747.70,0.00
34687602,17.49,36.28,6519.32,0.00
34690602,17.49,36.29,5972.77,6.00
34693602,17.49,36.28,5225.32,0.00
34696602,17.49,36.28,5154.74,0.00
34699602,17.49,36.28,5578.18,13.00
34702602,17.49,36.28,5163.43,4.00
34705602,17.49,36.29,5405.23,7.00
34708602,17.49,36.28,5487.48,0.00
34711602,17.49,36.28,4616.54,11.00
34714602,17.49,36.28,4748.55,0.00
34717602,17.49,36.28,4396.90,3.00
34720602,17.48,36.29,5054.78,2.00
34723602,17.49,36.28,4912.42,6.00
34726602,17.49,36.28,5029.48,2.00
34729602,17.49,36.28,4656.09,4.00
34732602,17.48,36.28,6520.44,0.00
34735602,17.49,36.28,6972.49,1.00
34738602,17.49,36.28,5976.10,27.00
34741602,17.49,36.28,6462.35,6.00
34744602,17.49,36.28,4835.77,5.00
34747602,17.49,36.28,5342.93,0.00
34750602,17.49,36.26,5320.58,1.00
34753602,17.49,36.26,5111.06,5.00
34756602,17.49,36.26,5805.03,2.00
34759602,17.49,36.26,5966.14,5.00
34762602,17.49,36.26,5332.65,6.00
34765602,17.48,36.26,5678.72,8.00
34768602,17.49,36.28,5149.02,6.00
34771602,17.48,36.26,5943.36,10.00
34774602,17.48,36.26,5397.72,0.00
34777602,17.48,36.26,5346.34,6.00
34780602,17.48,36.28,4795.68,2.00
34783602,17.48,36.26,5446.58,5.00
34786602,17.48,36.28,6344.17,0.00
34789602,17.48,36.28,5478.27,6.00
34792602,17.48,36.28,5245.17,1.00
34795602,17.48,36.28,5218.49,0.00
34798602,17.48,36.28,5172.59,11.00
34801602,17.48,36.28,5681.96,0.00
34804602,17.48,36.26,5285.41,1.00
34807602,17.48,36.28,6041.18,1.00
34810602,17.48,36.25,6627.37,6.00
34813602,17.48,36.28,5828.74,6.00
34816602,17.48,36.28,5425.39,0.00
34819602,17.48,36.28,7194.62,2.00
34822602,17.48,36.28,5569.74,0.00
34825602,17.48,36.28,6596.98,1.00
34828602,17.48,36.28,5819.65,6.00
34831602,17.48,36.25,5649.00,0.00
34834602,17.49,36.25,6806.70,8.00
34837602,17.49,36.25,6794.74,2.00
34840602,17.49,36.25,6124.57,11.00
34843602,17.50,36.25,5929.33,1.00
34846602,17.49,36.25,6480.49,9.00
34849602,17.50,36.24,5630.08,5.00
34852602,17.50,36.24,5678.74,5.00
34855602,17.50,36.24,6704.65,7.00
34858602,17.50,36.24,5621.17,1.00
34861602,17.49,36.24,5436.87,7.00
34864602,17.50,36.23,7171.88,0.00
34867602,17.50,36.23,5467.89,5.00
34870602,17.50,36.24,7168.24,2.00
34873602,17.50,36.24,5433.42,0.00
34876602,17.50,36.24,6435.82,0.00
34879602,17.50,36.23,6073.92,6.00
34882602,17.50,36.23,5375.83,9.00
34885602,17.50,36.23,6529.61,12.00
34888602,17.50,36.23,5820.50,11.00
34891602,17.50,36.21,5661.81,6.00
34894602,17.50,36.22,4975.48,7.00
34897602,17.50,36.21,6132.14,6.00
34900602,17.50,36.21,5975.61,0.00
34903602,17.50,36.19,5928.00,0.00
34906602,17.49,36.22,5738.37,0.00
34909602,17.50,36.21,5678.35,7.00
34912602,17.50,36.21,5784.74,5.00
34915602,17.50,36.22,6738.59,0.00
34918602,17.50,36.22,6585.78,5.00
34921602,17.49,36.22,5834.99,22.00
34924602,17.50,36.21,6803.00,6.00
34927602,17.49,36.22,5164.20,1.00
34930602,17.49,36.22,5747.62,10.00
34933602,17.49,36.22,7127.95,2.00
34936602,17.49,36.21,5156.63,0.00
34939602,17.49,36.22,6905.02,6.00
34942602,17.49,36.22,6076.44,6.00
34945602,17.49,36.22,5298.91,2.00
34948602,17.49,36.23,5575.57,6.00
34951602,17.49,36.22,5807.42,1.00
34954602,17.48,36.20,5545.49,3.00
34957602,17.49,36.22,5385.25,0.00
34960602,17.48,36.22,5237.24,1.00
34963602,17.49,36.20,5102.80,2.00
34966602,17.48,36.20,6846.32,0.00
34969602,17.48,36.22,5789.08,1.00
34972602,17.48,36.20,5938.43,7.00
34975602,17.48,36.19,5392.35,7.00
34978602,17.48,36.20,6081.37,8.00
34981602,17.48,36.20,5190.65,0.00
34984602,17.48,36.20,5348.99,5.00
34987602,17.48,36.20,5978.89,1.00
34990602,17.48,36.20,5196.79,6.00
34993602,17.48,36.22,5885.23,6.00
34996602,17.48,36.19,6069.22,2.00
34999602,17.48,36.19,5504.32,0.00
35002602,17.48,36.20,5508.60,6.00
35005602,17.48,36.20,5241.28,8.00
35008602,17.48,36.22,5838.24,0.00
35011602,17.48,36.22,5034.15,8.00
35014602,17.48,36.22,5106.52,5.00
35017602,17.48,36.22,5493.11,7.00
35020602,17.48,36.20,5396.40,7.00
35023602,17.48,36.19,5308.37,0.00
35026602,17.48,36.19,5561.41,26.00
35029602,17.48,36.20,6139.73,0.00
35032602,17.48,36.19,5459.31,2.00
35035602,17.48,36.20,6144.98,0.00
35038602,17.48,36.19,5790.37,0.00
35041602,17.49,36.19,5622.15,6.00
35044602,17.48,36.18,5496.27,0.00
35047602,17.48,36.18,5195.63,1.00
35050602,17.48,36.19,6091.31,1.00
35053602,17.48,36.18,5270.34,0.00
35056602,17.48,36.18,4646.83,6.00
35059602,17.48,36.18,4998.08,9.00
35062602,17.48,36.19,5313.00,1.00
35065602,17.48,36.18,6136.38,7.00
35068602,17.49,36.18,5197.04,6.00
35071602,17.48,36.18,5064.38,2.00
35074602,17.49,36.19,5457.55,7.00
35077602,17.49,36.18,5540.48,6.00
35080602,17.48,36.17,4941.63,2.00
35083602,17.48,36.17,5667.49,2.00
35086602,17.48,36.18,6676.06,0.00
35089602,17.48,36.18,5251.48,5.00
35092602,17.48,36.18,5574.13,7.00
35095602,17.48,36.18,5419.14,6.00
35098602,17.48,36.17,5909.52,5.00
35101602,17.48,36.17,5283.53,2.00
35104602,17.48,36.17,5131.48,6.00
35107602,17.48,36.17,5010.32,6.00
35110602,17.48,36.17,5081.44,1.00
35113602,17.48,36.17,5677.29,1.00
35116602,17.48,36.17,5401.15,5.00
35119602,17.48,36.17,5454.05,2.00
35122602,17.48,36.17,5782.16,0.00
35125602,17.48,36.16,4755.97,6.00
35128602,17.49,36.16,5633.18,6.00
35131602,17.49,36.14,4955.46,3.00
35134602,17.49,36.16,4921.92,2.00
35137602,17.49,36.16,7349.89,0.00
35140602,17.49,36.16,6238.59,0.00
35143602,17.49,36.16,4845.45,1.00
35146602,17.48,36.16,5978.76,2.00
35149602,17.49,36.14,5119.20,1.00
35152602,17.49,36.14,5261.58,7.00
35155602,17.49,36.14,5191.45,7.00
35158602,17.49,36.14,6292.79,0.00
35161602,17.49,36.14,5924.51,1.00
35164602,17.49,36.14,6041.70,0.00
35167602,17.49,36.14,5692.92,2.00
35170602,17.48,36.14,5153.67,7.00
35173602,17.49,36.14,5021.45,9.00
35176602,17.49,36.14,6492.27,7.00
35179602,17.48,36.14,5517.61,6.00
35182602,17.48,36.14,5872.10,0.00
35185602,17.49,36.14,5042.60,0.00
35188602,17.49,36.16,6254.18,8.00
35191602,17.48,36.14,6245.00,2.00
35194602,17.49,36.14,6332.89,5.00
35197602,17.49,36.14,5834.06,7.00
35200602,17.49,36.14,6196.42,5.00
35203602,17.49,36.13,5555.50,0.00
35206602,17.48,36.13,5819.54,7.00
35209602,17.49,36.13,6161.59,6.00
35212602,17.49,36.13,5819.78,7.00
35215602,17.49,36.13,6070.73,5.00
35218602,17.49,36.14,5574.59,5.00
35221602,17.49,36.13,5464.61,10.00
35224602,17.49,36.13,5941.16,7.00
35227602,17.50,36.13,6043.29,0.00
35230602,17.49,36.12,6002.23,5.00
35233602,17.49,36.12,6446.97,0.00
35236602,17.49,36.12,5906.44,12.00
35239602,17.50,36.12,5349.19,7.00
35242602,17.49,36.12,4918.23,1.00
35245602,17.50,36.12,5992.25,0.00
35248602,17.49,36.12,5349.80,3.00
35251602,17.49,36.11,6206.57,0.00
35254602,17.49,36.12,6092.27,0.00
35257602,17.49,36.11,7923.05,2.00
35260602,17.48,36.11,5515.77,2.00
35263602,17.48,36.11,6725.78,0.00
35266602,17.49,36.11,6287.29,5.00
35269602,17.48,36.11,6105.94,7.00
35272602,17.48,36.11,7170.93,0.00
35275602,17.47,36.12,9218.03,1.00
35278602,17.48,36.12,6650.21,1.00
35281602,17.48,36.13,6809.95,0.00
35284602,17.48,36.12,7820.66,6.00
35287602,17.48,36.12,6097.06,1.00
35290602,17.48,36.13,6358.82,6.00
35293602,17.48,36.13,5471.94,7.00
35296602,17.48,36.13,5922.06,2.00
35299602,17.47,36.14,6104.27,0.00
35302602,17.47,36.14,6075.36,5.00
35305602,17.47,36.14,6556.34,2.00
35308602,17.47,36.13,5663.12,5.00
35311602,17.48,36.14,6217.12,1.00
35314602,17.47,36.13,7373.76,13.00
35317602,17.47,36.14,6225.13,1.00
35320602,17.47,36.14,5445.94,6.00
35323602,17.47,36.13,6172.22,2.00
35326602,17.47,36.13,6714.04,5.00
35329602,17.47,36.14,7026.96,2.00
35332602,17.47,36.14,6877.66,2.00
35335602,17.46,36.14,6415.29,6.00
35338602,17.47,36.14,7324.45,0.00
35341602,17.47,36.14,6184.60,0.00
35344602,17.46,36.14,5839.15,0.00
35347602,17.47,36.14,5966.43,1.00
35350602,17.46,36.15,6067.32,0.00
35353602,17.46,36.14,6741.28,6.00
35356602,17.47,36.16,6739.97,6.00
35359602,17.46,36.15,6134.41,0.00
35362602,17.47,36.14,6063.00,0.00
35365602,17.47,36.15,6311.84,0.00
35368602,17.47,36.16,7208.85,0.00
35371602,17.47,36.16,6897.56,0.00
35374602,17.47,36.14,5872.73,0.00
35377602,17.47,36.14,5425.92,0.00
35380602,17.47,36.13,6010.73,0.00
35383602,17.48,36.13,6333.94,9.00
35386602,17.48,36.13,6147.55,2.00
35389602,17.48,36.13,6573.84,6.00
35392602,17.49,36.13,6856.54,2.00
35395602,17.49,36.12,6257.94,2.00
35398602,17.49,36.12,5513.85,5.00
35401602,17.49,36.13,5114.48,2.00
35404602,17.49,36.12,5863.17,6.00
35407602,17.49,36.13,5489.75,6.00
35410602,17.49,36.12,4975.39,4.00
35413602,17.48,36.12,5625.63,7.00
35416602,17.49,36.12,5581.82,3.00
35419602,17.49,36.12,5402.10,4.00
35422602,17.48,36.12,5885.30,1.00
35425602,17.48,36.13,6193.58,1.00
35428602,17.48,36.13,6175.51,2.00
35431602,17.48,36.13,4929.00,0.00
35434602,17.48,36.12,6352.47,7.00
35437602,17.47,36.13,6360.56,5.00
35440602,17.48,36.13,5811.01,5.00
35443602,17.48,36.13,6739.29,6.00
35446602,17.48,36.13,5915.00,7.00
35449602,17.47,36.13,5585.53,0.00
35452602,17.47,36.13,6064.78,7.00
35455602,17.47,36.13,6447.13,7.00
35458602,17.47,36.13,5828.74,6.00
35461602,17.48,36.13,6537.01,6.00
35464602,17.48,36.13,6401.35,1.00
35467602,17.48,36.13,6244.26,2.00
35470602,17.48,36.12,5782.25,7.00
35473602,17.48,36.13,6528.59,5.00
35476602,17.48,36.13,5089.99,7.00
35479602,17.48,36.13,6187.46,3.00
35482602,17.47,36.13,6849.22,6.00
35485602,17.48,36.13,6582.06,5.00
35488602,17.48,36.12,5550.79,0.00
35491602,17.48,36.13,6219.52,5.00
35494602,17.48,36.13,6739.77,7.00
35497602,17.47,36.12,6426.96,6.00
35500602,17.48,36.12,5839.74,1.00
35503602,17.48,36.12,6207.04,0.00
35506602,17.48,36.12,7418.52,2.00
35509602,17.48,36.12,6564.00,26.00
35512602,17.49,36.10,6555.12,0.00
35515602,17.48,36.11,5382.10,7.00
35518602,17.49,36.11,6246.81,13.00
35521602,17.48,36.11,7048.24,6.00
35524602,17.48,36.10,6917.24,6.00
35527602,17.49,36.10,6334.80,2.00
35530602,17.48,36.08,5600.27,7.00
35533602,17.48,36.10,5258.48,6.00
35536602,17.49,36.11,6007.44,2.00
35539602,17.48,36.10,6044.61,1.00
35542602,17.48,36.10,5732.21,6.00
35545602,17.48,36.11,5755.45,0.00
35548602,17.48,36.11,5330.33,9.00
35551602,17.48,36.12,6172.76,3.00
35554602,17.48,36.12,5879.78,22.00
35557602,17.48,36.12,6067.87,5.00
35560602,17.47,36.11,7032.46,0.00
35563602,17.47,36.12,6123.63,4.00
35566602,17.48,36.12,5920.65,5.00
35569602,17.47,36.12,6491.70,0.00
35572602,17.47,36.12,5462.43,2.00
35575602,17.47,36.12,5058.81,7.00
35578602,17.47,36.12,6223.10,1.00
35581602,17.48,36.13,6820.81,5.00
35584602,17.47,36.12,5250.81,6.00
35587602,17.47,36.12,5346.86,10.00
35590602,17.48,36.12,5307.33,7.00
35593602,17.47,36.12,6135.74,7.00
35596602,17.48,36.12,5640.15,1.00
35599602,17.48,36.12,5566.98,3.00
35602602,17.48,36.13,5801.35,1.00
35605602,17.48,36.12,5073.08,0.00
35608602,17.47,36.13,5348.42,5.00
35611602,17.47,36.12,5400.59,7.00
35614602,17.47,36.13,5241.97,0.00
35617602,17.47,36.12,5234.06,0.00
35620602,17.47,36.13,5633.40,2.00
35623602,17.47,36.14,4623.30,0.00
35626602,17.47,36.13,5589.69,0.00
35629602,17.47,36.14,5306.02,0.00
35632602,17.47,36.13,4661.02,4.00
35635602,17.47,36.13,5229.41,0.00
35638602,17.47,36.13,5933.49,0.00
35641602,17.47,36.12,5222.99,2.00
35644602,17.47,36.12,5894.04,10.00
35647602,17.48,36.13,5307.26,0.00
35650602,17.48,36.12,5180.65,1.00
35653602,17.48,36.12,6067.41,6.00
35656602,17.48,36.11,6521.76,6.00
35659602,17.48,36.11,5519.69,7.00
35662602,17.48,36.11,5743.09,1.00
35665602,17.48,36.11,6214.02,5.00
35668602,17.48,36.12,5954.93,7.00
35671602,17.48,36.11,5293.58,2.00
35674602,17.48,36.11,5030.99,0.00
35677602,17.48,36.11,5621.51,8.00
35680602,17.48,36.11,5644.83,5.00
35683602,17.48,36.11,5097.01,6.00
35686602,17.48,36.12,5739.73,0.00
35689602,17.48,36.11,5755.88,6.00
35692602,17.48,36.10,5705.50,2.00
35695602,17.48,36.11,7109.02,6.00
35698602,17.48,36.10,5685.35,1.00
35701602,17.48,36.11,5794.99,2.00
35704602,17.48,36.11,7241.32,1.00
35707602,17.48,36.11,8701.12,0.00
35710602,17.48,36.10,6033.04,7.00
35713602,17.48,36.10,6081.87,6.00
35716602,17.48,36.11,5955.33,5.00
35719602,17.48,36.10,5852.43,7.00
35722602,17.48,36.11,6356.56,0.00
35725602,17.48,36.11,7182.16,1.00
35728602,17.48,36.11,6545.34,5.00
35731602,17.49,36.11,5906.96,2.00
35734602,17.48,36.11,5413.10,5.00
35737602,17.48,36.12,5000.08,1.00
35740602,17.48,36.12,5943.34,5.00
35743602,17.48,36.12,4515.80,5.00
35746602,17.48,36.11,6008.48,4.00
35749602,17.48,36.10,5443.52,5.00
35752602,17.48,36.12,5124.09,8.00
35755602,17.48,36.11,6630.02,2.00
35758602,17.47,36.12,6176.64,11.00
35761602,17.47,36.12,5849.53,5.00
35764602,17.48,36.12,5512.72,6.00
35767602,17.47,36.12,8181.91,0.00
35770602,17.47,36.12,7152.22,0.00
35773602,17.47,36.12,7090.33,0.00
35776602,17.47,36.11,5822.10,5.00
35779602,17.47,36.12,6773.48,0.00
35782602,17.47,36.12,7092.92,6.00
35785602,17.48,36.12,6422.40,0.00
35788602,17.48,36.11,5860.43,5.00
35791602,17.49,36.11,5717.48,2.00
35794602,17.49,36.10,6739.83,6.00
35797602,17.49,36.10,5441.34,7.00
35800602,17.49,36.11,6210.38,6.00
35803602,17.49,36.10,7473.71,10.00
35806602,17.49,36.10,5800.01,2.00
35809602,17.49,36.11,6103.63,2.00
35812602,17.49,36.10,5284.13,5.00
35815602,17.49,36.10,6267.71,5.00
35818602,17.49,36.10,9114.78,6.00
35821602,17.49,36.11,6582.31,1.00
35824602,17.49,36.08,6079.11,0.00
35827602,17.49,36.10,5372.18,27.00
35830602,17.49,36.10,6644.69,6.00
35833602,17.49,36.10,5633.10,6.00
35836602,17.48,36.10,6738.25,5.00
35839602,17.48,36.10,6072.32,5.00
35842602,17.49,36.10,6237.98,0.00
35845602,17.49,36.11,5433.82,1.00
35848602,17.48,36.12,6308.13,6.00
35851602,17.48,36.11,6500.24,5.00
35854602,17.48,36.12,7507.03,5.00
35857602,17.49,36.12,7176.34,1.00
35860602,17.48,36.12,8166.50,0.00
35863602,17.49,36.11,6929.52,8.00
35866602,17.48,36.12,8123.49,10.00
35869602,17.48,36.12,7020.81,9.00
35872602,17.48,36.11,5992.61,27.00
35875602,17.48,36.11,6703.28,6.00
35878602,17.49,36.11,6358.95,2.00
35881602,17.49,36.11,7011.70,5.00
35884602,17.49,36.11,5562.72,2.00
35887602,17.49,36.11,6092.71,6.00
35890602,17.49,36.10,6390.85,8.00
35893602,17.49,36.11,6944.90,11.00
35896602,17.49,36.10,6224.08,2.00
35899602,17.49,36.10,6709.05,14.00
35902602,17.49,36.10,6655.85,0.00
35905602,17.49,36.11,5799.07,7.00
35908602,17.49,36.10,5853.06,0.00
35911602,17.49,36.10,5994.89,8.00
35914602,17.50,36.10,5665.65,2.00
35917602,17.49,36.10,6570.18,1.00
35920602,17.49,36.08,6132.42,7.00
35923602,17.49,36.08,5796.02,7.00
35926602,17.49,36.10,6172.26,5.00
35929602,17.49,36.10,5475.90,1.00
35932602,17.49,36.10,7550.97,9.00
35935602,17.49,36.08,6594.05,11.00
35938602,17.50,36.08,6386.57,4.00
35941602,17.50,36.10,6502.78,22.00
35944602,17.50,36.08,7226.15,6.00
35947602,17.49,36.08,6732.79,8.00
35950602,17.50,36.08,6198.24,0.00
35953602,17.49,36.08,6625.62,2.00
35956602,17.50,36.08,6558.12,2.00
35959602,17.50,36.08,5415.00,16.00
35962602,17.50,36.08,6500.13,6.00
35965602,17.49,36.08,6189.48,1.00
35968602,17.50,36.07,5816.55,1.00
35971602,17.50,36.07,6475.56,6.00
35974602,17.50,36.07,5547.30,2.00
35977602,17.50,36.07,6006.92,9.00
35980602,17.49,36.07,5528.11,5.00
35983602,17.49,36.07,6333.08,5.00
35986602,17.49,36.06,6205.40,5.00
35989602,17.50,36.07,5447.16,6.00
35992602,17.49,36.07,6675.47,7.00
35995602,17.49,36.06,6014.28,2.00
35998602,17.49,36.06,6398.12,1.00
36001602,17.49,36.06,6476.08,4.00
36004602,17.49,36.07,5865.57,0.00
36007602,17.49,36.06,5761.90,0.00
36010602,17.49,36.06,7082.26,1.00
36013602,17.49,36.06,6248.26,5.00
36016602,17.48,36.04,5798.67,10.00
36019602,17.48,36.06,5599.54,5.00
36022602,17.49,36.06,5682.11,22.00
36025602,17.48,36.06,6043.23,1.00
36028602,17.48,36.06,6033.72,2.00
36031602,17.48,36.06,5438.21,1.00
36034602,17.48,36.07,5006.24,1.00
36037602,17.48,36.07,5216.93,1.00
36040602,17.48,36.07,5936.87,5.00
36043602,17.48,36.06,5783.50,1.00
36046602,17.48,36.06,6249.36,1.00
36049602,17.48,36.07,6008.31,0.00
36052602,17.48,36.06,6296.67,2.00
36055602,17.48,36.06,7419.56,1.00
36058602,17.49,36.06,8200.62,0.00
36061602,17.48,36.06,6940.90,0.00
36064602,17.48,36.06,6723.79,1.00
36067602,17.49,36.06,6948.57,0.00
36070602,17.48,36.06,6947.25,0.00
36073602,17.48,36.05,6617.26,0.00
36076602,17.48,36.06,6655.45,2.00
36079602,17.49,36.06,6481.84,8.00
36082602,17.48,36.06,4711.23,2.00
36085602,17.48,36.06,5440.77,5.00
36088602,17.48,36.06,4735.37,8.00
36091602,17.48,36.06,4896.94,5.00
36094602,17.48,36.06,5267.64,9.00
36097602,17.48,36.07,6294.31,2.00
36100602,17.48,36.06,6686.42,7.00
36103602,17.48,36.06,6351.37,2.00
36106602,17.48,36.05,4826.88,10.00
36109602,17.48,36.06,5509.82,6.00
36112602,17.48,36.05,6128.39,0.00
36115602,17.48,36.05,6102.70,0.00
36118602,17.48,36.06,6498.51,1.00
36121602,17.48,36.05,6177.51,5.00
36124602,17.47,36.05,6902.48,6.00
36127602,17.47,36.05,6389.83,2.00
36130602,17.47,36.06,5446.33,0.00
36133602,17.47,36.06,5465.93,6.00
36136602,17.47,36.06,5299.00,6.00
36139602,17.47,36.07,6452.35,7.00
36142602,17.48,36.06,6677.37,0.00
36145602,17.48,36.06,6021.48,8.00
36148602,17.47,36.05,5961.56,0.00
36151602,17.47,36.06,6581.78,6.00
36154602,17.47,36.05,5806.96,1.00
36157602,17.48,36.06,6041.85,3.00
36160602,17.48,36.06,5826.95,0.00
36163602,17.49,36.05,5839.87,7.00
36166602,17.48,36.05,6847.37,5.00
36169602,17.48,36.05,6158.52,0.00
36172602,17.48,36.06,9193.61,5.00
36175602,17.49,36.05,6238.03,7.00
36178602,17.49,36.06,6063.56,9.00
36181602,17.49,36.05,5960.14,6.00
36184602,17.49,36.05,6075.66,5.00
36187602,17.49,36.04,5391.60,0.00
36190602,17.49,36.04,7098.40,0.00
36193602,17.49,36.04,6643.26,10.00
36196602,17.49,36.04,6489.89,0.00
36199602,17.49,36.04,6050.89,0.00
36202602,17.49,36.04,6175.00,6.00
36205602,17.49,36.02,5720.83,1.00
36208602,17.49,36.04,5843.41,5.00
36211602,17.49,36.02,5685.92,6.00
36214602,17.49,36.02,5483.82,6.00
36217602,17.49,36.02,5171.58,6.00
36220602,17.49,36.02,5421.68,5.00
36223602,17.49,36.01,5551.63,7.00
36226602,17.49,36.02,5858.58,10.00
36229602,17.49,36.01,6275.75,7.00
36232602,17.49,36.01,5497.81,5.00
36235602,17.49,36.01,5366.28,5.00
36238602,17.49,36.02,6044.32,0.00
36241602,17.49,36.02,5543.18,4.00
36244602,17.49,36.02,6073.61,15.00
36247602,17.49,36.01,7296.19,0.00
36250602,17.49,36.02,6844.02,11.00
36253602,17.49,36.04,8375.44,5.00
36256602,17.49,36.02,5193.98,5.00
36259602,17.49,36.02,8339.03,2.00
36262602,17.49,36.02,7021.49,8.00
36265602,17.49,36.01,5809.88,5.00
36268602,17.48,36.02,6388.16,7.00
36271602,17.48,36.02,7616.37,1.00
36274602,17.48,36.01,5036.56,2.00
36277602,17.48,36.02,5224.56,5.00
36280602,17.48,36.02,5675.66,5.00
36283602,17.48,36.04,5992.02,10.00
36286602,17.48,36.02,5966.36,0.00
36289602,17.47,36.01,6175.76,15.00
36292602,17.48,36.02,5132.33,8.00
36295602,17.47,36.03,5779.89,1.00
36298602,17.48,36.02,5623.61,7.00
36301602,17.48,36.02,5244.22,0.00
36304602,17.48,36.04,4816.34,6.00
36307602,17.48,36.04,5599.04,2.00
36310602,17.48,36.02,4913.84,6.00
36313602,17.48,36.02,5476.03,1.00
36316602,17.49,36.02,5110.57,2.00
36319602,17.48,36.02,5649.52,0.00
36322602,17.49,36.01,5665.18,0.00
36325602,17.49,36.01,6020.00,0.00
36328602,17.49,36.00,6887.58,7.00
36331602,17.49,36.01,5550.62,2.00
36334602,17.49,36.01,6930.73,6.00
36337602,17.49,36.01,6247.45,0.00
36340602,17.50,36.01,6232.36,2.00
36343602,17.49,36.00,5214.87,11.00
36346602,17.49,36.00,5319.46,0.00
36349602,17.50,36.00,4982.93,5.00
36352602,17.49,36.01,5459.48,11.00
36355602,17.49,36.00,7663.41,10.00
36358602,17.49,36.01,7557.27,6.00
36361602,17.48,36.01,5854.72,0.00
36364602,17.48,36.01,6154.74,8.00
36367602,17.49,36.01,5455.69,6.00
36370602,17.49,36.02,5116.23,0.00
36373602,17.49,36.01,5258.85,9.00
36376602,17.48,36.01,5919.02,0.00
36379602,17.48,36.01,5816.58,8.00
36382602,17.48,36.01,5816.87,6.00
36385602,17.48,36.00,5335.11,0.00
36388602,17.49,36.00,5952.07,7.00
36391602,17.49,36.00,6016.88,7.00
36394602,17.49,36.00,6707.11,1.00
36397602,17.49,36.00,6019.67,5.00
36400602,17.49,36.01,7741.32,0.00
36403602,17.49,36.01,6529.43,0.00
36406602,17.49,35.98,6141.63,6.00
36409602,17.49,35.99,5940.80,6.00
36412602,17.49,36.00,5899.20,0.00
36415602,17.49,36.00,6231.32,6.00
36418602,17.49,35.99,5622.25,2.00
36421602,17.50,35.99,5250.83,0.00
36424602,17.49,35.98,5707.11,8.00
36427602,17.49,35.98,6204.19,0.00
36430602,17.49,35.96,5938.41,0.00
36433602,17.50,35.98,5412.70,6.00
36436602,17.50,35.98,5461.20,7.00
36439602,17.50,35.95,6183.37,4.00
36442602,17.50,35.96,6229.96,12.00
36445602,17.51,35.96,5715.31,0.00
36448602,17.51,35.96,5555.04,11.00
36451602,17.51,35.95,6121.41,6.00
36454602,17.51,35.95,5883.73,1.00
36457602,17.51,35.95,5353.63,8.00
36460602,17.51,35.97,5571.16,2.00
36463602,17.51,35.95,5458.53,11.00
36466602,17.51,35.95,6026.14,9.00
36469602,17.51,35.95,5944.86,7.00
36472602,17.51,35.95,5343.34,6.00
36475602,17.51,35.95,6128.30,3.00
36478602,17.50,35.95,6586.36,0.00
36481602,17.50,35.95,5621.17,2.00
36484602,17.50,35.96,5253.63,0.00
36487602,17.50,35.98,6290.71,0.00
36490602,17.50,35.96,6086.46,7.00
36493602,17.49,35.98,5671.89,0.00
36496602,17.49,35.98,5687.09,7.00
36499602,17.49,35.98,6405.15,0.00
36502602,17.49,35.98,5882.55,6.00
36505602,17.49,35.99,5922.84,6.00
36508602,17.48,35.99,6796.92,11.00
36511602,17.49,35.97,5604.72,4.00
36514602,17.49,35.99,9719.20,10.00
36517602,17.49,35.99,6627.71,0.00
36520602,17.49,35.97,5098.85,0.00
36523602,17.49,35.99,6003.86,7.00
36526602,17.49,35.99,6598.96,0.00
36529602,17.49,35.99,6283.33,1.00
36532602,17.49,35.98,5334.51,6.00
36535602,17.49,35.99,5996.71,6.00
36538602,17.48,35.97,5131.96,6.00
36541602,17.49,35.97,5289.53,0.00
36544602,17.48,35.97,5573.66,6.00
36547602,17.49,35.96,7529.48,10.00
36550602,17.49,35.97,6882.10,0.00
36553602,17.49,35.96,7760.22,1.00
36556602,17.49,35.96,7790.20,6.00
36559602,17.48,35.97,7140.84,1.00
36562602,17.49,35.97,6518.88,1.00
36565602,17.48,35.97,6225.23,0.00
36568602,17.48,35.96,6157.79,5.00
36571602,17.48,35.97,6523.13,1.00
36574602,17.48,35.97,6112.92,0.00
36577602,17.48,35.97,6289.74,6.00
36580602,17.48,35.97,5653.30,1.00
36583602,17.48,35.97,7172.44,2.00
36586602,17.48,35.97,7004.82,0.00
36589602,17.48,35.97,8081.42,6.00
36592602,17.47,35.97,5953.66,7.00
36595602,17.47,35.97,5729.97,0.00
36598602,17.48,35.99,6695.60,5.00
36601602,17.48,35.99,6306.45,9.00
36604602,17.47,35.97,7385.17,1.00
36607602,17.47,35.99,5639.58,0.00
36610602,17.47,35.99,6918.32,6.00
36613602,17.47,35.97,6631.35,5.00
36616602,17.47,35.99,7510.53,10.00
36619602,17.47,35.99,7230.88,0.00
36622602,17.47,35.97,6300.60,0.00
36625602,17.48,35.97,6421.88,0.00
36628602,17.47,35.97,7314.42,2.00
36631602,17.47,35.99,6973.07,27.00
36634602,17.47,35.97,6149.76,0.00
36637602,17.47,35.97,5558.13,1.00
36640602,17.47,35.97,6347.11,1.00
36643602,17.47,35.99,7024.47,6.00
36646602,17.48,35.97,6105.41,2.00
36649602,17.48,35.97,5612.97,0.00
36652602,17.48,35.97,7225.49,4.00
36655602,17.49,35.99,6937.91,0.00
36658602,17.48,35.99,5735.83,5.00
36661602,17.49,35.97,6687.41,1.00
36664602,17.48,35.97,8168.01,5.00
36667602,17.49,35.96,6912.38,7.00
36670602,17.48,35.96,8487.61,0.00
36673602,17.49,35.95,6814.72,1.00
36676602,17.49,35.96,6483.29,5.00
36679602,17.49,35.96,6720.29,0.00
36682602,17.49,35.96,6585.53,9.00
36685602,17.49,35.96,6795.73,5.00
36688602,17.49,35.96,6264.72,1.00
36691602,17.48,35.96,6137.60,2.00
36694602,17.49,35.98,6516.17,2.00
36697602,17.48,35.96,5198.42,47.00
36700602,17.48,35.96,5490.55,5.00
36703602,17.48,35.96,5469.34,5.00
36706602,17.48,35.96,5629.33,14.00
36709602,17.49,35.96,5662.93,0.00
36712602,17.48,35.96,5976.08,6.00
36715602,17.49,35.95,5414.83,6.00
36718602,17.48,35.96,6040.72,0.00
36721602,17.48,35.95,5667.28,3.00
36724602,17.48,35.95,5727.48,7.00
36727602,17.49,35.95,5496.83,7.00
36730602,17.49,35.95,5085.32,7.00
36733602,17.48,35.95,5174.95,2.00
36736602,17.48,35.94,6350.43,7.00
36739602,17.48,35.94,6357.92,7.00
36742602,17.48,35.94,5634.82,9.00
36745602,17.48,35.94,6294.71,6.00
36748602,17.48,35.94,5743.20,0.00
36751602,17.48,35.94,5745.46,6.00
36754602,17.48,35.94,5747.08,11.00
36757602,17.48,35.94,5707.01,6.00
36760602,17.48,35.94,6512.70,5.00
36763602,17.48,35.94,5615.73,6.00
36766602,17.48,35.94,6457.41,1.00
36769602,17.48,35.95,5514.30,3.00
36772602,17.48,35.95,5759.05,0.00
36775602,17.48,35.95,5460.71,10.00
36778602,17.47,35.94,6076.03,0.00
36781602,17.47,35.96,5301.78,1.00
36784602,17.48,35.95,5491.02,1.00
36787602,17.47,35.95,10370.57,2.00
36790602,17.47,35.94,7476.70,2.00
36793602,17.47,35.96,7937.59,2.00
36796602,17.47,35.94,7939.93,8.00
36799602,17.47,35.95,6178.90,8.00
36802602,17.46,35.95,5572.83,7.00
36805602,17.46,35.95,5535.95,2.00
36808602,17.47,35.95,7026.58,5.00
36811602,17.46,35.96,7665.01,6.00
36814602,17.47,35.95,7154.60,0.00
36817602,17.46,35.96,7210.87,10.00
36820602,17.46,35.96,6354.38,1.00
36823602,17.47,35.97,5648.92,0.00
36826602,17.46,35.95,6835.38,5.00
36829602,17.46,35.95,5905.36,10.00
36832602,17.46,35.95,7383.09,10.00
36835602,17.46,35.96,6224.25,5.00
36838602,17.46,35.95,8074.20,2.00
36841602,17.46,35.96,7188.68,4.00
36844602,17.46,35.97,6060.93,7.00
36847602,17.46,35.96,7673.64,2.00
36850602,17.45,35.95,8814.12,2.00
36853602,17.45,35.95,7201.10,0.00
36856602,17.45,35.95,6692.73,5.00
36859602,17.45,35.95,5537.40,7.00
36862602,17.46,35.95,5787.02,7.00
36865602,17.45,35.95,5856.53,2.00
36868602,17.45,35.95,5626.81,0.00
36871602,17.45,35.96,7244.67,5.00
36874602,17.45,35.96,6530.45,5.00
36877602,17.45,35.96,6823.47,0.00
36880602,17.45,35.96,7468.93,6.00
36883602,17.45,35.96,6811.81,7.00
36886602,17.45,35.96,7051.48,7.00
36889602,17.45,35.97,8377.44,10.00
36892602,17.44,35.97,12438.16,7.00
36895602,17.45,35.97,8306.94,8.00
36898602,17.44,35.96,7283.04,1.00
36901602,17.45,35.97,8943.51,6.00
36904602,17.45,35.97,7589.00,1.00
36907602,17.45,35.96,8222.54,2.00
36910602,17.45,35.96,7455.52,7.00
36913602,17.45,35.96,9323.98,5.00
36916602,17.45,35.96,8993.12,7.00
36919602,17.45,35.96,7723.71,7.00
36922602,17.46,35.97,7577.80,0.00
36925602,17.45,35.96,6191.84,2.00
36928602,17.46,35.96,5563.26,2.00
36931602,17.45,35.95,5483.21,0.00
36934602,17.46,35.96,6274.02,1.00
36937602,17.46,35.96,6991.82,5.00
36940602,17.45,35.96,7573.30,6.00
36943602,17.46,35.96,6632.14,6.00
36946602,17.45,35.96,6576.64,4.00
36949602,17.45,35.96,6510.20,0.00
36952602,17.45,35.95,5226.02,1.00
36955602,17.45,35.95,5715.88,1.00
36958602,17.45,35.96,5896.42,5.00
36961602,17.45,35.96,5876.37,8.00
36964602,17.45,35.95,5675.05,0.00
36967602,17.46,35.96,5670.03,6.00
36970602,17.45,35.97,6402.48,1.00
36973602,17.45,35.97,5842.63,1.00
36976602,17.45,35.97,5626.25,8.00
36979602,17.45,35.97,6140.92,10.00
36982602,17.45,35.97,6017.33,1.00
36985602,17.44,35.97,6062.84,2.00
36988602,17.45,35.97,5609.76,1.00
36991602,17.45,35.97,6409.15,6.00
36994602,17.45,35.99,6482.24,6.00
36997602,17.45,35.97,6925.41,8.00
37000602,17.44,35.97,6707.39,21.00
37003602,17.45,35.97,6190.03,10.00
37006602,17.45,35.96,6207.62,7.00
37009602,17.45,35.99,5162.01,0.00
37012602,17.44,35.97,5845.25,6.00
37015602,17.44,35.96,5990.81,0.00
37018602,17.44,35.97,6021.75,6.00
37021602,17.44,35.96,5427.89,5.00
37024602,17.45,35.96,5098.86,5.00
37027602,17.45,35.95,5681.58,7.00
37030602,17.45,35.95,4856.86,0.00
37033602,17.45,35.96,6804.51,8.00
37036602,17.45,35.96,6654.07,6.00
37039602,17.45,35.96,5967.90,0.00
37042602,17.45,35.96,5455.84,2.00
37045602,17.45,35.96,5681.80,5.00
37048602,17.45,35.96,6024.69,1.00
37051602,17.45,35.95,5241.55,5.00
37054602,17.45,35.96,5442.91,5.00
37057602,17.46,35.96,5891.30,6.00
37060602,17.45,35.94,6196.86,5.00
37063602,17.46,35.94,6507.26,2.00
37066602,17.45,35.94,5547.41,5.00
37069602,17.45,35.94,6409.55,8.00
37072602,17.45,35.94,6246.67,0.00
37075602,17.45,35.95,5829.28,6.00
37078602,17.45,35.94,6177.87,5.00
37081602,17.45,35.95,5350.32,6.00
37084602,17.45,35.94,5441.75,7.00
37087602,17.45,35.94,5381.74,7.00
37090602,17.45,35.94,6296.64,2.00
37093602,17.45,35.94,4713.80,8.00
37096602,17.45,35.95,7061.08,5.00
37099602,17.45,35.94,5677.19,6.00
37102602,17.46,35.94,5886.46,7.00
37105602,17.45,35.94,6329.71,7.00
37108602,17.46,35.94,7385.72,6.00
37111602,17.45,35.94,6790.33,8.00
37114602,17.45,35.92,5692.25,1.00
37117602,17.45,35.92,6022.91,5.00
37120602,17.45,35.94,6089.72,1.00
37123602,17.45,35.94,6791.34,0.00
37126602,17.44,35.92,6812.63,5.00
37129602,17.45,35.94,6282.20,7.00
37132602,17.46,35.94,6987.35,4.00
37135602,17.45,35.92,6512.60,3.00
37138602,17.46,35.92,8548.83,0.00
37141602,17.46,35.92,7007.29,6.00
37144602,17.45,35.92,5525.51,11.00
37147602,17.46,35.93,6722.20,6.00
37150602,17.46,35.92,6043.58,7.00
37153602,17.46,35.94,5797.20,0.00
37156602,17.46,35.93,4919.68,0.00
37159602,17.46,35.93,4867.07,6.00
37162602,17.46,35.93,6507.36,2.00
37165602,17.46,35.92,6036.87,0.00
37168602,17.45,35.92,5044.78,22.00
37171602,17.46,35.92,5674.12,10.00
37174602,17.46,35.92,5963.87,1.00
37177602,17.45,35.94,9526.33,5.00
37180602,17.45,35.94,5334.41,7.00
37183602,17.46,35.94,10908.75,2.00
37186602,17.46,35.94,6406.18,0.00
37189602,17.45,35.92,7592.41,0.00
37192602,17.46,35.94,6274.30,1.00
37195602,17.46,35.94,6398.61,11.00
37198602,17.46,35.94,7097.76,5.00
37201602,17.46,35.95,7314.88,6.00
37204602,17.46,35.94,6836.12,9.00
37207602,17.46,35.94,5560.67,2.00
37210602,17.46,35.94,5823.60,0.00
37213602,17.46,35.93,5606.12,1.00
37216602,17.46,35.94,6447.10,10.00
37219602,17.46,35.93,5857.14,1.00
37222602,17.47,35.94,6778.35,8.00
37225602,17.47,35.93,6234.60,0.00
37228602,17.46,35.93,6289.75,8.00
37231602,17.46,35.91,6569.53,0.00
37234602,17.46,35.93,5854.33,1.00
37237602,17.47,35.91,7427.29,5.00
37240602,17.46,35.91,5732.74,2.00
37243602,17.46,35.93,5956.25,6.00
37246602,17.47,35.91,5934.26,6.00
37249602,17.47,35.93,5491.29,1.00
37252602,17.47,35.94,5748.88,0.00
37255602,17.46,35.93,6624.01,5.00
37258602,17.46,35.93,5918.67,2.00
37261602,17.46,35.92,5978.67,13.00
37264602,17.46,35.94,6351.52,6.00
37267602,17.46,35.93,6791.80,1.00
37270602,17.47,35.93,6674.50,0.00
37273602,17.46,35.93,8346.61,8.00
37276602,17.46,35.93,8280.24,0.00
37279602,17.46,35.93,9721.60,2.00
37282602,17.46,35.91,7755.94,0.00
37285602,17.46,35.91,8190.40,5.00
37288602,17.46,35.91,6940.17,7.00
37291602,17.46,35.93,6873.34,6.00
37294602,17.46,35.91,6930.41,9.00
37297602,17.46,35.91,6551.39,0.00
37300602,17.47,35.91,6257.97,8.00
37303602,17.46,35.92,7027.26,9.00
37306602,17.46,35.92,7357.51,5.00
37309602,17.46,35.92,6335.48,2.00
37312602,17.46,35.93,6935.79,0.00
37315602,17.46,35.94,6166.88,5.00
37318602,17.46,35.93,6223.85,6.00
37321602,17.46,35.92,6467.58,6.00
37324602,17.46,35.94,6038.17,2.00
37327602,17.45,35.95,6949.64,1.00
37330602,17.45,35.94,6023.21,7.00
37333602,17.45,35.92,5639.60,9.00
37336602,17.45,35.92,4698.91,0.00
37339602,17.45,35.92,5590.40,1.00
37342602,17.45,35.92,5856.82,6.00
37345602,17.45,35.92,6104.52,1.00
37348602,17.45,35.91,6217.99,0.00
37351602,17.45,35.92,5721.20,6.00
37354602,17.45,35.92,6709.73,6.00
37357602,17.45,35.92,5866.23,1.00
37360602,17.45,35.92,5850.96,1.00
37363602,17.45,35.91,6828.34,2.00
37366602,17.45,35.92,7898.71,1.00
37369602,17.45,35.92,6122.18,8.00
37372602,17.44,35.91,6238.64,6.00
37375602,17.45,35.91,5552.36,0.00
37378602,17.44,35.92,5948.42,2.00
37381602,17.45,35.94,5198.20,0.00
37384602,17.45,35.92,7131.82,0.00
37387602,17.45,35.92,6466.68,8.00
37390602,17.45,35.92,6485.51,0.00
37393602,17.45,35.91,5924.79,5.00
37396602,17.46,35.92,5690.74,2.00
37399602,17.45,35.91,5397.00,0.00
37402602,17.45,35.91,5367.53,2.00
37405602,17.46,35.91,5583.39,5.00
37408602,17.46,35.92,5878.79,0.00
37411602,17.46,35.91,6226.43,0.00
37414602,17.46,35.91,5329.12,1.00
37417602,17.46,35.90,5390.03,6.00
37420602,17.46,35.90,5210.43,2.00
37423602,17.46,35.91,5339.84,4.00
37426602,17.47,35.91,5238.74,11.00
37429602,17.47,35.91,6013.08,5.00
37432602,17.46,35.91,5692.54,0.00
37435602,17.46,35.90,5706.55,7.00
37438602,17.47,35.91,5478.57,7.00
37441602,17.46,35.91,6276.47,5.00
37444602,17.47,35.90,5513.22,0.00
37447602,17.46,35.90,7472.52,8.00
37450602,17.46,35.90,5637.57,7.00
37453602,17.46,35.90,6049.22,6.00
37456602,17.47,35.90,5832.11,6.00
37459602,17.46,35.90,5618.63,7.00
37462602,17.46,35.89,5492.57,0.00
37465602,17.46,35.90,4897.34,0.00
37468602,17.47,35.91,5457.89,3.00
37471602,17.47,35.90,6736.97,6.00
37474602,17.46,35.90,5185.36,7.00
37477602,17.47,35.89,5860.03,6.00
37480602,17.47,35.90,5997.26,2.00
37483602,17.47,35.89,5714.62,6.00
37486602,17.47,35.88,5717.58,6.00
37489602,17.47,35.89,5771.40,6.00
37492602,17.47,35.89,6106.18,7.00
37495602,17.47,35.89,6136.94,6.00
37498602,17.47,35.89,5444.39,10.00
37501602,17.48,35.88,4739.05,2.00
37504602,17.48,35.88,5915.93,21.00
37507602,17.48,35.88,5359.90,6.00
37510602,17.48,35.88,5707.15,7.00
37513602,17.48,35.88,6736.99,1.00
37516602,17.48,35.88,5909.75,2.00
37519602,17.48,35.89,7459.28,2.00
37522602,17.47,35.88,5914.44,6.00
37525602,17.47,35.88,6474.98,0.00
37528602,17.47,35.88,5829.47,0.00
37531602,17.48,35.88,5743.99,10.00
37534602,17.47,35.89,7482.89,6.00
37537602,17.47,35.88,5744.03,1.00
37540602,17.47,35.89,5317.53,5.00
37543602,17.47,35.89,6486.89,0.00
37546602,17.47,35.89,6603.13,8.00
37549602,17.47,35.89,5908.21,1.00
37552602,17.47,35.89,5681.92,0.00
37555602,17.47,35.88,6608.79,0.00
37558602,17.47,35.88,5646.36,8.00
37561602,17.47,35.88,5848.38,8.00
37564602,17.47,35.89,6447.81,0.00
37567602,17.47,35.88,6197.80,2.00
37570602,17.47,35.88,5922.66,10.00
37573602,17.47,35.89,5540.24,5.00
37576602,17.47,35.89,5348.60,6.00
37579602,17.47,35.89,5775.23,0.00
37582602,17.47,35.88,5299.03,5.00
37585602,17.47,35.89,5528.30,2.00
37588602,17.47,35.89,5818.53,5.00
37591602,17.46,35.89,4729.76,8.00
37594602,17.46,35.89,5225.90,0.00
37597602,17.46,35.89,5126.69,7.00
37600602,17.47,35.88,5165.13,8.00
37603602,17.47,35.88,5765.14,1.00
37606602,17.47,35.88,5130.90,0.00
37609602,17.47,35.89,5269.95,0.00
37612602,17.47,35.89,5343.82,6.00
37615602,17.47,35.88,6817.36,0.00
37618602,17.47,35.88,8164.29,11.00
37621602,17.47,35.88,5886.18,1.00
37624602,17.47,35.87,6118.53,2.00
37627602,17.47,35.88,5807.92,10.00
37630602,17.46,35.89,5977.28,0.00
37633602,17.47,35.88,4791.35,5.00
37636602,17.46,35.88,5539.81,9.00
37639602,17.46,35.88,5536.83,9.00
37642602,17.46,35.88,5264.79,2.00
37645602,17.46,35.89,5627.41,0.00
37648602,17.47,35.89,5425.64,0.00
37651602,17.46,35.88,5530.01,6.00
37654602,17.46,35.88,5571.39,27.00
37657602,17.46,35.88,5890.98,2.00
37660602,17.46,35.88,5968.72,0.00
37663602,17.47,35.88,5493.81,8.00
37666602,17.46,35.88,5987.00,0.00
37669602,17.47,35.88,4946.33,0.00
37672602,17.47,35.88,5837.22,7.00
37675602,17.47,35.88,7208.87,5.00
37678602,17.47,35.88,6207.24,3.00
37681602,17.47,35.88,7433.04,2.00
37684602,17.47,35.88,6686.13,1.00
37687602,17.47,35.89,5775.94,1.00
37690602,17.46,35.89,8373.02,7.00
37693602,17.46,35.89,6429.37,1.00
37696602,17.46,35.88,6398.67,0.00
37699602,17.46,35.89,5891.70,5.00
37702602,17.46,35.89,6071.08,1.00
37705602,17.46,35.90,6248.86,5.00
37708602,17.46,35.90,7105.55,2.00
37711602,17.46,35.90,6593.02,1.00
37714602,17.46,35.90,5191.44,6.00
37717602,17.46,35.90,5914.09,5.00
37720602,17.46,35.90,6376.20,3.00
37723602,17.46,35.90,6439.14,6.00
37726602,17.46,35.90,5673.52,2.00
37729602,17.46,35.91,5803.52,7.00
37732602,17.46,35.91,6133.87,6.00
37735602,17.46,35.90,6256.83,5.00
37738602,17.46,35.90,6137.64,6.00
37741602,17.46,35.91,5224.79,7.00
37744602,17.46,35.90,5490.29,7.00
37747602,17.46,35.93,6640.52,1.00
37750602,17.46,35.90,6354.60,6.00
37753602,17.46,35.90,6186.73,0.00
37756602,17.47,35.91,5777.05,8.00
37759602,17.47,35.90,6213.83,5.00
37762602,17.47,35.91,5229.38,5.00
37765602,17.47,35.90,6121.04,2.00
37768602,17.47,35.90,6529.75,0.00
37771602,17.47,35.90,5607.74,0.00
37774602,17.47,35.89,5812.84,0.00
37777602,17.48,35.90,6768.46,11.00
37780602,17.48,35.90,5780.33,7.00
37783602,17.48,35.89,7056.05,0.00
37786602,17.49,35.89,6352.52,0.00
37789602,17.48,35.89,6373.41,0.00
37792602,17.49,35.88,6158.73,1.00
37795602,17.49,35.88,6423.36,2.00
37798602,17.49,35.88,5981.31,7.00
37801602,17.49,35.88,6806.99,5.00
37804602,17.49,35.87,5873.96,9.00
37807602,17.50,35.86,5349.46,2.00
37810602,17.50,35.86,6015.67,5.00
37813602,17.49,35.87,6150.63,11.00
37816602,17.50,35.87,5660.54,4.00
37819602,17.49,35.87,6442.11,7.00
37822602,17.50,35.87,5770.07,7.00
37825602,17.49,35.87,5774.96,1.00
37828602,17.49,35.87,5671.11,6.00
37831602,17.49,35.88,5868.69,2.00
37834602,17.49,35.88,5820.00,0.00
37837602,17.49,35.87,6144.91,0.00
37840602,17.49,35.87,5389.82,0.00
37843602,17.49,35.87,6449.45,6.00
37846602,17.49,35.88,5850.76,7.00
37849602,17.48,35.87,6812.80,6.00
37852602,17.49,35.88,5947.35,6.00
37855602,17.48,35.88,7260.07,0.00
37858602,17.48,35.89,5500.90,0.00
37861602,17.48,35.89,6015.54,1.00
37864602,17.48,35.89,6293.15,6.00
37867602,17.48,35.88,6859.11,0.00
37870602,17.48,35.88,5965.01,0.00
37873602,17.48,35.88,5792.61,5.00
37876602,17.48,35.88,6077.44,5.00
37879602,17.48,35.88,5050.18,0.00
37882602,17.48,35.88,5770.64,1.00
37885602,17.49,35.89,5897.40,7.00
37888602,17.48,35.88,5860.90,6.00
37891602,17.49,35.88,5928.16,2.00
37894602,17.48,35.87,5262.15,0.00
37897602,17.48,35.87,6119.38,5.00
37900602,17.48,35.87,5339.92,7.00
37903602,17.48,35.87,6489.38,5.00
37906602,17.49,35.85,5650.13,6.00
37909602,17.48,35.87,5487.09,6.00
37912602,17.48,35.85,5409.13,1.00
37915602,17.48,35.87,5108.68,0.00
37918602,17.48,35.88,6555.07,9.00
37921602,17.48,35.87,5812.59,1.00
37924602,17.48,35.89,5034.57,5.00
37927602,17.48,35.87,6572.75,5.00
37930602,17.48,35.88,5636.01,1.00
37933602,17.48,35.88,5273.36,5.00
37936602,17.48,35.87,6374.91,7.00
37939602,17.48,35.88,7412.37,2.00
37942602,17.48,35.88,5649.52,8.00
37945602,17.48,35.88,5564.84,7.00
37948602,17.48,35.88,5891.16,5.00
37951602,17.47,35.88,5573.89,0.00
37954602,17.47,35.88,5146.71,2.00
37957602,17.47,35.89,4932.73,0.00
37960602,17.47,35.88,4681.82,6.00
37963602,17.47,35.88,5381.47,0.00
37966602,17.48,35.88,6501.59,21.00
37969602,17.47,35.89,5560.36,0.00
37972602,17.46,35.89,5371.00,11.00
37975602,17.47,35.88,5853.04,0.00
37978602,17.46,35.87,5247.05,0.00
37981602,17.46,35.88,5840.31,7.00
37984602,17.46,35.88,7123.50,5.00
37987602,17.47,35.89,5983.65,5.00
37990602,17.47,35.88,6339.95,6.00
37993602,17.46,35.89,5580.02,0.00
37996602,17.47,35.88,6048.78,6.00
37999602,17.47,35.88,5648.82,1.00
38002602,17.46,35.89,5742.82,6.00
38005602,17.46,35.88,5851.57,0.00
38008602,17.46,35.89,5528.05,9.00
38011602,17.46,35.88,5290.33,0.00
38014602,17.46,35.89,6043.58,0.00
38017602,17.47,35.90,6010.82,1.00
38020602,17.46,35.88,6319.37,0.00
38023602,17.46,35.88,6301.42,0.00
38026602,17.46,35.89,5260.89,7.00
38029602,17.46,35.89,6116.69,11.00
38032602,17.46,35.89,6621.33,7.00
38035602,17.46,35.89,5578.76,5.00
38038602,17.46,35.90,6562.11,10.00
38041602,17.46,35.90,6005.78,0.00
38044602,17.45,35.90,7489.05,0.00
38047602,17.46,35.90,5943.34,0.00
38050602,17.45,35.90,6045.10,0.00
38053602,17.46,35.89,5706.28,6.00
38056602,17.46,35.90,6221.66,0.00
38059602,17.46,35.90,6562.76,7.00
38062602,17.46,35.90,6940.94,27.00
38065602,17.46,35.90,5829.72,1.00
38068602,17.46,35.90,5233.61,8.00
38071602,17.46,35.89,5814.12,0.00
38074602,17.46,35.90,4795.02,0.00
38077602,17.46,35.89,5028.05,2.00
38080602,17.46,35.89,5149.35,6.00
38083602,17.46,35.89,6508.27,0.00
38086602,17.46,35.89,5454.85,0.00
38089602,17.46,35.89,5394.09,2.00
38092602,17.46,35.89,5601.84,2.00
38095602,17.45,35.89,6216.32,6.00
38098602,17.46,35.90,5257.06,5.00
38101602,17.45,35.89,6266.17,6.00
38104602,17.46,35.90,5073.66,0.00
38107602,17.45,35.89,6491.34,5.00
38110602,17.46,35.88,6039.12,5.00
38113602,17.46,35.89,5714.75,5.00
38116602,17.46,35.89,6480.38,5.00
38119602,17.47,35.89,6056.43,2.00
38122602,17.46,35.89,7349.19,0.00
38125602,17.46,35.88,7108.20,7.00
38128602,17.47,35.88,6607.01,14.00
38131602,17.46,35.88,7624.15,7.00
38134602,17.47,35.88,5851.98,1.00
38137602,17.46,35.88,7989.14,6.00
38140602,17.46,35.87,10079.99,1.00
38143602,17.46,35.88,7421.56,8.00
38146602,17.46,35.88,7864.26,7.00
38149602,17.46,35.88,6963.82,2.00
38152602,17.46,35.88,5551.84,5.00
38155602,17.46,35.87,6041.63,7.00
38158602,17.46,35.88,7795.00,2.00
38161602,17.46,35.88,6721.28,0.00
38164602,17.46,35.87,5045.31,0.00
38167602,17.46,35.88,5007.06,0.00
38170602,17.46,35.88,6863.36,5.00
38173602,17.46,35.87,6294.51,2.00
38176602,17.47,35.88,5718.29,0.00
38179602,17.46,35.88,5623.42,2.00
38182602,17.46,35.88,5927.18,24.00
38185602,17.46,35.88,5428.22,6.00
38188602,17.46,35.88,5031.95,6.00
38191602,17.46,35.86,5768.39,6.00
38194602,17.45,35.86,6874.48,26.00
38197602,17.45,35.86,6076.54,11.00
38200602,17.47,35.87,5805.46,7.00
38203602,17.46,35.87,5873.71,6.00
38206602,17.46,35.88,6297.93,2.00
38209602,17.46,35.88,5807.95,7.00
38212602,17.46,35.88,5887.78,4.00
38215602,17.46,35.88,5637.72,10.00
38218602,17.45,35.88,6577.99,7.00
38221602,17.46,35.88,5289.18,6.00
38224602,17.45,35.89,5811.45,6.00
38227602,17.46,35.89,6511.75,2.00
38230602,17.45,35.89,5853.55,1.00
38233602,17.45,35.88,5687.47,0.00
38236602,17.46,35.88,4863.40,8.00
38239602,17.45,35.89,5738.47,5.00
38242602,17.45,35.89,5459.85,0.00
38245602,17.45,35.89,6656.13,7.00
38248602,17.45,35.88,8002.78,2.00
38251602,17.44,35.88,6729.65,9.00
38254602,17.45,35.89,6021.47,1.00
38257602,17.45,35.88,5797.75,6.00
38260602,17.45,35.88,7056.05,10.00
38263602,17.44,35.89,8156.27,0.00
38266602,17.44,35.88,6313.14,7.00
38269602,17.45,35.88,6612.96,1.00
38272602,17.45,35.89,8789.26,11.00
38275602,17.45,35.89,7323.55,2.00
38278602,17.45,35.89,7104.23,0.00
38281602,17.45,35.88,6533.60,5.00
38284602,17.45,35.89,6285.16,0.00
38287602,17.45,35.89,6660.14,6.00
38290602,17.45,35.89,6442.06,6.00
38293602,17.46,35.89,5456.14,1.00
38296602,17.46,35.88,6961.02,6.00
38299602,17.46,35.86,5987.63,6.00
38302602,17.46,35.87,5702.45,2.00
38305602,17.46,35.86,6257.99,2.00
38308602,17.46,35.85,6357.64,6.00
38311602,17.46,35.86,5750.08,0.00
38314602,17.46,35.87,5013.95,6.00
38317602,17.46,35.86,4946.61,7.00
38320602,17.46,35.85,5577.67,22.00
38323602,17.46,35.85,6029.72,2.00
38326602,17.46,35.86,5844.99,11.00
38329602,17.46,35.85,5969.78,6.00
38332602,17.46,35.85,6115.54,2.00
38335602,17.46,35.85,5470.44,1.00
38338602,17.46,35.85,4942.93,5.00
38341602,17.46,35.87,5581.87,2.00
38344602,17.46,35.85,5471.07,2.00
38347602,17.46,35.85,6468.44,10.00
38350602,17.47,35.87,5150.08,0.00
38353602,17.47,35.85,6664.65,7.00
38356602,17.47,35.85,6217.90,0.00
38359602,17.46,35.84,8222.58,7.00
38362602,17.47,35.84,6200.97,11.00
38365602,17.47,35.84,7972.84,0.00
38368602,17.47,35.83,8763.69,6.00
38371602,17.47,35.83,5717.77,6.00
38374602,17.47,35.83,6374.85,8.00
38377602,17.47,35.83,11865.00,7.00
38380602,17.47,35.82,8465.30,6.00
38383602,17.47,35.82,7589.43,5.00
38386602,17.48,35.83,6700.05,1.00
38389602,17.47,35.83,6526.15,5.00
38392602,17.47,35.82,6370.99,11.00
38395602,17.48,35.81,5971.60,1.00
38398602,17.48,35.82,6318.00,7.00
38401602,17.48,35.82,6620.49,0.00
38404602,17.48,35.82,6145.84,5.00
38407602,17.48,35.82,6018.18,0.00
38410602,17.48,35.82,7720.52,5.00
38413602,17.48,35.82,6298.32,1.00
38416602,17.48,35.82,6780.41,0.00
38419602,17.47,35.81,6121.07,6.00
38422602,17.48,35.81,6792.47,7.00
38425602,17.48,35.81,5680.71,0.00
38428602,17.48,35.81,6501.22,10.00
38431602,17.47,35.81,5552.20,12.00
38434602,17.47,35.81,5527.62,5.00
38437602,17.48,35.81,6345.34,10.00
38440602,17.47,35.81,5966.01,2.00
38443602,17.47,35.79,5566.66,1.00
38446602,17.47,35.81,6305.04,0.00
38449602,17.48,35.81,5962.30,1.00
38452602,17.47,35.81,6294.63,0.00
38455602,17.47,35.81,6308.72,0.00
38458602,17.48,35.79,5730.46,11.00
38461602,17.47,35.81,6618.27,5.00
38464602,17.47,35.81,5560.15,26.00
38467602,17.47,35.79,5704.49,8.00
38470602,17.47,35.79,5159.54,6.00
38473602,17.47,35.81,5641.14,1.00
38476602,17.47,35.81,6663.37,0.00
38479602,17.47,35.81,6490.85,0.00
38482602,17.47,35.81,6932.51,0.00
38485602,17.47,35.81,5757.64,6.00
38488602,17.47,35.81,5679.57,0.00
38491602,17.47,35.79,6737.29,9.00
38494602,17.47,35.80,5324.53,5.00
38497602,17.47,35.81,5883.32,2.00
38500602,17.47,35.81,6468.43,6.00
38503602,17.47,35.82,6945.12,6.00
38506602,17.47,35.82,5673.94,5.00
38509602,17.47,35.82,5915.62,0.00
38512602,17.47,35.82,6564.19,7.00
38515602,17.46,35.82,7071.59,1.00
38518602,17.47,35.81,8036.64,7.00
38521602,17.46,35.79,6723.91,1.00
38524602,17.47,35.79,6412.57,1.00
38527602,17.47,35.79,6510.12,0.00
38530602,17.47,35.80,7862.47,0.00
38533602,17.47,35.80,6566.74,2.00
38536602,17.46,35.80,6551.39,0.00
38539602,17.47,35.79,8766.82,1.00
38542602,17.46,35.79,7763.91,5.00
38545602,17.46,35.80,7418.42,0.00
38548602,17.47,35.79,6483.69,8.00
38551602,17.47,35.79,6168.00,2.00
38554602,17.47,35.79,7097.84,7.00
38557602,17.47,35.79,5759.84,2.00
38560602,17.47,35.81,8307.23,1.00
38563602,17.47,35.81,6806.72,2.00
38566602,17.47,35.82,6437.86,5.00
38569602,17.47,35.80,5694.19,0.00
38572602,17.47,35.80,6854.71,0.00
38575602,17.47,35.81,6505.16,6.00
38578602,17.47,35.81,6357.80,5.00
38581602,17.47,35.79,6083.87,7.00
38584602,17.47,35.79,6455.73,9.00
38587602,17.48,35.79,5573.82,0.00
38590602,17.47,35.78,6915.82,0.00
38593602,17.47,35.78,7763.96,2.00
38596602,17.47,35.79,6425.92,5.00
38599602,17.47,35.79,6695.88,0.00
38602602,17.47,35.78,7370.87,7.00
38605602,17.47,35.78,6718.30,26.00
38608602,17.47,35.78,7631.88,2.00
38611602,17.47,35.78,7658.77,9.00
38614602,17.47,35.81,6721.69,1.00
38617602,17.47,35.79,6361.36,6.00
38620602,17.47,35.78,6274.84,7.00
38623602,17.47,35.78,6282.55,7.00
38626602,17.47,35.79,5902.39,5.00
38629602,17.47,35.78,7230.14,1.00
38632602,17.47,35.77,7734.14,1.00
38635602,17.46,35.78,8136.16,11.00
38638602,17.47,35.78,6350.71,0.00
38641602,17.47,35.77,6933.04,5.00
38644602,17.46,35.78,7700.18,7.00
38647602,17.47,35.78,5808.13,7.00
38650602,17.47,35.78,6153.35,8.00
38653602,17.46,35.78,6167.04,8.00
38656602,17.46,35.78,7088.07,0.00
38659602,17.46,35.78,6510.36,22.00
38662602,17.46,35.78,6467.60,6.00
38665602,17.46,35.78,6331.16,8.00
38668602,17.47,35.79,6617.92,0.00
38671602,17.47,35.78,5602.13,8.00
38674602,17.47,35.78,5787.84,6.00
38677602,17.47,35.78,6503.14,2.00
38680602,17.47,35.77,5901.18,4.00
38683602,17.47,35.79,6583.04,7.00
38686602,17.47,35.78,5421.42,0.00
38689602,17.47,35.78,5318.34,3.00
38692602,17.47,35.78,6807.84,8.00
38695602,17.46,35.78,6050.70,2.00
38698602,17.47,35.77,5439.73,0.00
38701602,17.47,35.78,5418.34,10.00
38704602,17.47,35.78,5421.34,0.00
38707602,17.47,35.78,5948.17,4.00
38710602,17.46,35.78,6279.77,0.00
38713602,17.46,35.78,5273.00,6.00
38716602,17.46,35.78,6095.61,6.00
38719602,17.46,35.79,5985.55,10.00
38722602,17.46,35.78,6803.77,0.00
38725602,17.46,35.79,5618.92,6.00
38728602,17.46,35.79,6355.74,6.00
38731602,17.46,35.79,6863.04,8.00
38734602,17.46,35.78,6897.41,1.00
38737602,17.46,35.79,7162.00,1.00
38740602,17.46,35.80,5964.97,0.00
38743602,17.46,35.79,5895.59,0.00
38746602,17.46,35.79,5232.10,24.00
38749602,17.45,35.78,5501.91,5.00
38752602,17.46,35.78,5723.60,0.00
38755602,17.45,35.78,6107.90,0.00
38758602,17.45,35.79,6097.15,5.00
38761602,17.45,35.78,6997.79,5.00
38764602,17.45,35.79,7077.91,12.00
38767602,17.45,35.77,5732.31,5.00
38770602,17.46,35.78,5510.01,0.00
38773602,17.45,35.79,5197.83,5.00
38776602,17.45,35.79,5183.67,7.00
38779602,17.45,35.79,4832.53,1.00
38782602,17.45,35.80,5782.17,7.00
38785602,17.45,35.79,5816.03,0.00
38788602,17.45,35.79,6585.17,1.00
38791602,17.45,35.79,6424.67,5.00
38794602,17.45,35.79,6343.69,0.00
38797602,17.44,35.79,5865.80,11.00
38800602,17.45,35.80,5779.60,21.00
38803602,17.44,35.80,6516.22,0.00
38806602,17.45,35.82,6568.11,5.00
38809602,17.44,35.80,5454.83,1.00
38812602,17.44,35.80,6640.07,6.00
38815602,17.44,35.82,6035.31,2.00
38818602,17.45,35.82,5785.70,5.00
38821602,17.44,35.81,5971.35,0.00
38824602,17.44,35.82,9833.89,2.00
38827602,17.44,35.81,6969.40,2.00
38830602,17.45,35.82,6161.75,8.00
38833602,17.43,35.81,7752.72,5.00
38836602,17.45,35.82,6122.85,1.00
38839602,17.44,35.81,6838.21,0.00
38842602,17.43,35.83,5856.76,0.00
38845602,17.44,35.82,7184.48,6.00
38848602,17.44,35.81,7526.53,0.00
38851602,17.44,35.81,7644.59,6.00
38854602,17.44,35.81,6088.62,5.00
38857602,17.43,35.81,5610.99,2.00
38860602,17.44,35.83,5437.42,7.00
38863602,17.44,35.81,6406.85,7.00
38866602,17.44,35.83,6264.78,14.00
38869602,17.44,35.83,6535.72,4.00
38872602,17.44,35.83,5846.26,7.00
38875602,17.44,35.83,5999.74,8.00
38878602,17.44,35.83,5221.17,26.00
38881602,17.44,35.83,5898.55,7.00
38884602,17.44,35.83,5139.66,0.00
38887602,17.44,35.83,6748.32,1.00
38890602,17.44,35.83,5912.48,10.00
38893602,17.45,35.82,6838.61,2.00
38896602,17.45,35.82,6615.41,5.00
38899602,17.45,35.82,5960.98,1.00
38902602,17.44,35.80,6446.55,5.00
38905602,17.44,35.80,5762.26,7.00
38908602,17.44,35.80,5733.23,0.00
38911602,17.44,35.82,5921.09,2.00
38914602,17.44,35.81,7154.50,7.00
38917602,17.44,35.80,7772.79,7.00
38920602,17.44,35.80,5481.48,5.00
38923602,17.44,35.82,5312.29,0.00
38926602,17.44,35.82,5617.48,7.00
38929602,17.44,35.82,6375.33,7.00
38932602,17.44,35.80,5686.75,7.00
38935602,17.44,35.80,6062.11,0.00
38938602,17.45,35.80,6078.06,1.00
38941602,17.44,35.82,6287.58,0.00
38944602,17.45,35.80,7221.65,5.00
38947602,17.44,35.82,5812.03,5.00
38950602,17.45,35.80,5765.03,11.00
38953602,17.44,35.80,5226.15,1.00
38956602,17.43,35.80,6581.27,7.00
38959602,17.44,35.80,5609.41,0.00
38962602,17.44,35.80,6020.73,11.00
38965602,17.44,35.79,5768.53,5.00
38968602,17.43,35.80,5704.27,0.00
38971602,17.43,35.80,5770.86,6.00
38974602,17.44,35.80,5980.17,0.00
38977602,17.44,35.80,5825.95,2.00
38980602,17.44,35.80,5679.33,7.00
38983602,17.44,35.80,5595.00,11.00
38986602,17.44,35.80,5508.83,5.00
38989602,17.44,35.80,5025.10,0.00
38992602,17.44,35.80,5581.20,8.00
38995602,17.44,35.80,5769.86,1.00
38998602,17.44,35.79,5772.62,0.00
39001602,17.44,35.80,5817.52,2.00
39004602,17.43,35.80,6694.69,6.00
39007602,17.44,35.80,5848.81,2.00
39010602,17.43,35.80,6677.51,6.00
39013602,17.44,35.80,5699.35,2.00
39016602,17.43,35.80,5829.31,2.00
39019602,17.44,35.80,5282.06,5.00
39022602,17.43,35.80,6777.63,0.00
39025602,17.44,35.80,5490.00,10.00
39028602,17.44,35.80,6487.13,2.00
39031602,17.44,35.79,6458.12,0.00
39034602,17.43,35.80,7571.70,0.00
39037602,17.43,35.79,5545.53,7.00
39040602,17.43,35.80,5551.46,2.00
39043602,17.43,35.80,5757.35,0.00
39046602,17.43,35.81,6117.25,0.00
39049602,17.43,35.81,7429.67,1.00
39052602,17.43,35.81,6937.42,0.00
39055602,17.43,35.81,6886.82,6.00
39058602,17.43,35.80,6485.82,1.00
39061602,17.43,35.81,5097.50,0.00
39064602,17.43,35.81,6985.09,8.00
39067602,17.43,35.81,5483.54,0.00
39070602,17.43,35.81,5760.57,7.00
39073602,17.43,35.81,5530.87,8.00
39076602,17.43,35.80,6157.10,5.00
39079602,17.43,35.81,5698.59,0.00
39082602,17.43,35.83,6199.37,0.00
39085602,17.43,35.81,6550.62,7.00
39088602,17.43,35.81,7242.52,12.00
39091602,17.43,35.83,6457.47,1.00
39094602,17.43,35.83,5524.26,0.00
39097602,17.42,35.81,5351.96,6.00
39100602,17.42,35.81,5950.32,0.00
39103602,17.43,35.81,7064.33,1.00
39106602,17.43,35.81,6244.60,7.00
39109602,17.43,35.83,6595.35,7.00
39112602,17.43,35.81,5404.64,0.00
39115602,17.42,35.79,7880.03,10.00
39118602,17.43,35.79,10639.11,1.00
39121602,17.42,35.79,6259.84,2.00
39124602,17.43,35.78,6110.28,0.00
39127602,17.43,35.79,6614.89,0.00
39130602,17.43,35.79,7025.47,5.00
39133602,17.43,35.79,6312.42,5.00
39136602,17.43,35.79,5914.92,2.00
39139602,17.43,35.79,5242.46,0.00
39142602,17.43,35.78,7344.56,2.00
39145602,17.43,35.79,8999.22,0.00
39148602,17.43,35.78,10317.16,0.00
39151602,17.43,35.79,6024.27,0.00
39154602,17.43,35.78,6624.22,6.00
39157602,17.43,35.78,8051.83,1.00
39160602,17.43,35.78,6816.64,2.00
39163602,17.43,35.78,6636.99,1.00
39166602,17.43,35.78,5730.00,8.00
39169602,17.43,35.77,6547.25,3.00
39172602,17.43,35.78,6117.85,5.00
39175602,17.43,35.77,6809.14,9.00
39178602,17.43,35.75,9237.52,1.00
39181602,17.43,35.77,8058.56,0.00
39184602,17.43,35.75,8180.91,6.00
39187602,17.43,35.77,6379.07,4.00
39190602,17.43,35.75,5920.51,8.00
39193602,17.43,35.75,6674.03,5.00
39196602,17.43,35.75,6167.95,7.00
39199602,17.43,35.75,6163.67,5.00
39202602,17.43,35.75,5826.96,0.00
39205602,17.43,35.79,5861.78,7.00
39208602,17.43,35.75,5139.61,0.00
39211602,17.43,35.77,5946.57,5.00
39214602,17.43,35.75,6426.21,11.00
39217602,17.43,35.75,6123.16,0.00
39220602,17.43,35.74,5833.48,0.00
39223602,17.42,35.74,5200.60,7.00
39226602,17.43,35.75,5436.89,5.00
39229602,17.43,35.74,4921.63,9.00
39232602,17.43,35.74,5537.04,7.00
39235602,17.43,35.75,5421.71,0.00
39238602,17.43,35.74,6625.35,0.00
39241602,17.43,35.74,5777.59,0.00
39244602,17.42,35.74,5542.47,11.00
39247602,17.43,35.73,5193.71,0.00
39250602,17.43,35.73,5727.50,0.00
39253602,17.43,35.74,7320.08,0.00
39256602,17.42,35.73,5550.10,1.00
39259602,17.42,35.73,6619.76,0.00
39262602,17.42,35.73,5941.15,12.00
39265602,17.42,35.73,5997.74,2.00
39268602,17.42,35.73,6663.90,0.00
39271602,17.42,35.72,7745.66,1.00
39274602,17.42,35.72,5897.86,2.00
39277602,17.42,35.73,6931.62,7.00
39280602,17.42,35.72,6347.39,5.00
39283602,17.42,35.71,6127.75,1.00
39286602,17.42,35.71,6869.28,8.00
39289602,17.41,35.72,7580.51,0.00
39292602,17.42,35.71,6334.38,6.00
39295602,17.42,35.71,5845.31,26.00
39298602,17.42,35.69,6074.40,0.00
39301602,17.42,35.69,6039.07,8.00
39304602,17.41,35.69,6295.56,5.00
39307602,17.41,35.70,6882.51,0.00
39310602,17.41,35.69,6617.76,6.00
39313602,17.42,35.71,6148.54,0.00
39316602,17.42,35.69,5177.91,0.00
39319602,17.42,35.68,5265.97,1.00
39322602,17.43,35.69,5847.35,5.00
39325602,17.42,35.68,7368.36,0.00
39328602,17.43,35.68,6508.81,0.00
39331602,17.43,35.68,5574.40,0.00
39334602,17.43,35.68,5866.38,5.00
39337602,17.43,35.68,6453.89,1.00
39340602,17.43,35.68,5084.86,1.00
39343602,17.43,35.67,7099.22,5.00
39346602,17.43,35.67,6223.12,0.00
39349602,17.43,35.66,7784.96,5.00
39352602,17.44,35.66,6619.66,6.00
39355602,17.44,35.65,5854.35,5.00
39358602,17.43,35.66,6681.52,0.00
39361602,17.45,35.65,6765.31,3.00
39364602,17.44,35.65,5889.37,0.00
39367602,17.44,35.65,6805.70,1.00
39370602,17.45,35.65,6467.22,4.00
39373602,17.44,35.65,6415.54,6.00
39376602,17.44,35.63,6008.60,1.00
39379602,17.45,35.64,5888.92,1.00
39382602,17.45,35.63,8761.78,1.00
39385602,17.44,35.62,5771.62,8.00
39388602,17.45,35.62,6013.41,5.00
39391602,17.45,35.62,6303.21,2.00
39394602,17.45,35.62,6989.53,0.00
39397602,17.45,35.61,6711.76,0.00
39400602,17.45,35.60,6115.76,2.00
39403602,17.45,35.60,5939.66,0.00
39406602,17.45,35.60,6338.83,5.00
39409602,17.45,35.59,6351.31,4.00
39412602,17.45,35.59,6883.71,7.00
39415602,17.45,35.58,6728.90,7.00
39418602,17.45,35.56,6504.28,7.00
39421602,17.46,35.56,5749.17,5.00
39424602,17.46,35.56,6082.74,5.00
39427602,17.45,35.56,8294.14,8.00
39430602,17.45,35.58,6280.16,1.00
39433602,17.46,35.56,5530.31,6.00
39436602,17.46,35.55,6020.16,1.00
39439602,17.45,35.54,6395.92,6.00
39442602,17.46,35.54,6480.98,8.00
39445602,17.46,35.54,6968.73,1.00
39448602,17.46,35.54,6786.22,6.00
39451602,17.46,35.51,5618.83,2.00
39454602,17.46,35.51,5980.54,5.00
39457602,17.46,35.51,5305.55,0.00
39460602,17.46,35.53,6038.66,2.00
39463602,17.46,35.50,4736.28,1.00
39466602,17.46,35.51,4970.98,5.00
39469602,17.46,35.50,5266.75,9.00
39472602,17.46,35.50,5330.01,6.00
39475602,17.46,35.50,5603.77,6.00
39478602,17.45,35.50,5250.33,8.00
39481602,17.45,35.49,4776.49,0.00
39484602,17.45,35.49,5985.83,13.00
39487602,17.45,35.48,6876.94,0.00
39490602,17.45,35.48,6410.06,3.00
39493602,17.44,35.48,6586.26,5.00
39496602,17.45,35.47,7004.19,5.00
39499602,17.45,35.48,5693.16,2.00
39502602,17.45,35.48,5342.55,12.00
39505602,17.45,35.48,5382.54,0.00
39508602,17.45,35.48,6519.17,7.00
39511602,17.45,35.47,6275.42,0.00
39514602,17.45,35.47,6655.44,10.00
39517602,17.45,35.47,5682.81,2.00
39520602,17.45,35.45,5691.21,8.00
39523602,17.45,35.45,6745.59,2.00
39526602,17.45,35.45,5811.36,6.00
39529602,17.45,35.45,5437.82,1.00
39532602,17.45,35.44,6318.85,6.00
39535602,17.45,35.44,5484.03,0.00
39538602,17.45,35.44,5156.38,7.00
39541602,17.45,35.43,5006.10,11.00
39544602,17.45,35.43,5236.11,5.00
39547602,17.45,35.43,5202.08,0.00
39550602,17.44,35.43,6959.05,0.00
39553602,17.45,35.44,5223.03,2.00
39556602,17.45,35.44,4884.54,6.00
39559602,17.44,35.44,5342.28,10.00
39562602,17.44,35.44,5406.19,6.00
39565602,17.45,35.43,5034.20,5.00
39568602,17.45,35.43,5999.49,7.00
39571602,17.44,35.43,6162.19,2.00
39574602,17.44,35.43,6017.60,6.00
39577602,17.45,35.43,5172.64,5.00
39580602,17.45,35.43,6634.04,1.00
39583602,17.44,35.44,5593.74,7.00
39586602,17.45,35.42,5338.37,10.00
39589602,17.45,35.41,5526.14,0.00
39592602,17.44,35.41,4827.13,5.00
39595602,17.45,35.41,5729.02,0.00
39598602,17.45,35.39,5442.18,10.00
39601602,17.46,35.39,5750.08,0.00
39604602,17.45,35.41,5803.45,6.00
39607602,17.46,35.39,5542.66,8.00
39610602,17.45,35.39,5306.30,14.00
39613602,17.45,35.39,5798.13,6.00
39616602,17.45,35.39,6123.45,3.00
39619602,17.45,35.39,5706.77,0.00
39622602,17.45,35.38,6244.18,0.00
39625602,17.45,35.39,8076.31,0.00
39628602,17.45,35.39,9533.00,8.00
39631602,17.46,35.41,7256.87,0.00
39634602,17.45,35.39,6960.83,5.00
39637602,17.45,35.39,6550.52,7.00
39640602,17.45,35.38,6665.20,6.00
39643602,17.45,35.38,6048.98,0.00
39646602,17.46,35.37,6417.28,6.00
39649602,17.45,35.37,7430.33,8.00
39652602,17.45,35.37,8679.33,6.00
39655602,17.46,35.37,7789.06,1.00
39658602,17.46,35.37,7508.47,0.00
39661602,17.45,35.37,6591.10,0.00
39664602,17.45,35.36,6545.35,7.00
39667602,17.45,35.37,8554.84,0.00
39670602,17.45,35.36,10398.66,6.00
39673602,17.46,35.36,6769.48,6.00
39676602,17.46,35.36,7246.26,1.00
39679602,17.45,35.33,7478.94,0.00
39682602,17.46,35.35,6643.54,0.00
39685602,17.45,35.33,6154.28,7.00
39688602,17.46,35.32,7153.17,0.00
39691602,17.46,35.31,6517.67,0.00
39694602,17.45,35.31,8189.33,7.00
39697602,17.45,35.31,5428.19,7.00
39700602,17.46,35.31,6299.42,0.00
39703602,17.46,35.30,6149.16,2.00
39706602,17.46,35.31,5903.94,6.00
39709602,17.46,35.32,5749.08,7.00
39712602,17.46,35.32,5904.90,7.00
39715602,17.46,35.30,6624.39,0.00
39718602,17.46,35.30,6210.48,6.00
39721602,17.46,35.30,6098.37,0.00
39724602,17.46,35.30,5260.91,5.00
39727602,17.45,35.30,5701.84,8.00
39730602,17.45,35.29,5178.01,6.00
39733602,17.46,35.29,5398.60,0.00
39736602,17.46,35.27,4559.63,6.00
39739602,17.45,35.27,5641.19,5.00
39742602,17.45,35.27,5472.49,6.00
39745602,17.45,35.27,5498.94,7.00
39748602,17.46,35.27,5407.70,24.00
39751602,17.45,35.27,5438.64,1.00
39754602,17.45,35.29,6056.92,6.00
39757602,17.46,35.29,5491.23,5.00
39760602,17.46,35.27,5487.91,1.00
39763602,17.46,35.26,5991.63,5.00
39766602,17.46,35.25,6120.59,6.00
39769602,17.46,35.24,8187.33,0.00
39772602,17.45,35.24,6955.01,2.00
39775602,17.45,35.23,6057.66,1.00
39778602,17.45,35.21,6481.60,0.00
39781602,17.46,35.21,5641.13,2.00
39784602,17.46,35.21,5797.52,3.00
39787602,17.46,35.23,6987.72,0.00
39790602,17.46,35.21,7370.95,0.00
39793602,17.45,35.20,6662.40,1.00
39796602,17.45,35.20,6721.31,1.00
39799602,17.46,35.21,5619.58,6.00
39802602,17.46,35.21,6669.38,0.00
39805602,17.45,35.20,6663.52,6.00
39808602,17.45,35.19,6663.52,0.00
39811602,17.45,35.19,6663.52,1.00
39818223,17.44,35.18,0.00,10.00
39821223,17.45,35.19,5925.37,3.00
39824223,17.45,35.19,5244.53,10.00
39827223,17.45,35.19,5415.14,7.00
39830223,17.45,35.19,6476.44,1.00
39833223,17.45,35.18,7294.26,4.00
39836223,17.46,35.19,6430.41,0.00
39839223,17.46,35.17,6879.74,0.00
39842223,17.46,35.15,6289.24,2.00
39845223,17.46,35.15,6893.64,1.00
39848223,17.45,35.14,6539.15,6.00
39851223,17.46,35.15,5168.75,8.00
39854223,17.46,35.15,5900.05,5.00
39857223,17.46,35.15,6329.52,0.00
39860223,17.46,35.14,5469.51,2.00
39863223,17.46,35.13,6123.26,1.00
39866223,17.45,35.13,5898.84,0.00
39869223,17.46,35.12,5570.71,10.00
39872223,17.46,35.10,6047.70,9.00
39875223,17.46,35.10,5980.34,6.00
39878223,17.46,35.10,4872.22,6.00
39881223,17.46,35.10,5039.87,3.00
39884223,17.46,35.10,4917.75,7.00
39887223,17.46,35.10,5780.28,5.00
39890223,17.46,35.10,5865.02,2.00
39893223,17.46,35.10,5859.40,6.00
39896223,17.45,35.09,7000.04,6.00
39899223,17.45,35.10,6543.03,2.00
39902223,17.46,35.09,5850.08,1.00
39905223,17.46,35.09,5470.33,8.00
39908223,17.45,35.09,5851.65,5.00
39911223,17.46,35.09,5698.54,5.00
39914223,17.46,35.10,5294.95,1.00
39917223,17.45,35.09,7195.67,7.00
39920223,17.46,35.09,6505.60,5.00
39923223,17.45,35.07,5784.73,47.00
39926223,17.45,35.07,6803.19,2.00
39929223,17.45,35.06,6712.64,0.00
39932223,17.45,35.04,7428.84,2.00
39935223,17.45,35.04,6980.03,2.00
39938223,17.45,35.04,7164.91,5.00
39941223,17.46,35.04,5643.19,2.00
39944223,17.46,35.04,6263.56,1.00
39947223,17.45,35.03,5736.70,9.00
39950223,17.45,35.06,6071.05,8.00
39953223,17.46,35.04,5058.33,6.00
39956223,17.46,35.04,5585.53,6.00
39959223,17.46,35.04,6477.05,10.00
39962223,17.46,35.04,5567.94,0.00
39965223,17.46,35.03,6496.50,0.00
39968223,17.46,35.02,5889.95,0.00
39971223,17.46,35.02,6777.30,7.00
39974223,17.45,35.01,6353.84,1.00
39977223,17.45,35.00,6344.85,0.00
39980223,17.45,35.00,6592.22,5.00
39983223,17.45,34.98,7139.13,5.00
39986223,17.46,35.00,6322.97,2.00
39989223,17.45,35.01,6507.91,1.00
39992223,17.46,35.01,6591.74,7.00
39995223,17.46,35.00,5687.98,5.00
39998223,17.45,34.98,5372.51,0.00
40001223,17.45,34.97,6587.98,0.00
40004223,17.45,34.98,6531.84,2.00
40007223,17.45,34.97,6492.91,0.00
40010223,17.45,34.96,6016.06,2.00
40013223,17.46,34.95,6602.74,2.00
40016223,17.46,34.95,5963.09,0.00
40019223,17.46,34.95,6564.98,5.00
40022223,17.46,34.94,5619.36,1.00
40025223,17.45,34.94,6409.44,11.00
40028223,17.46,34.92,7485.00,5.00
40031223,17.46,34.94,6208.07,5.00
40034223,17.46,34.92,6645.20,0.00
40037223,17.46,34.92,6790.77,0.00
40040223,17.46,34.92,5775.30,2.00
40043223,17.46,34.91,6662.09,5.00
40046223,17.46,34.92,10476.74,1.00
40049223,17.46,34.91,7038.97,6.00
40052223,17.46,34.91,7440.58,5.00
40055223,17.46,34.91,6290.24,6.00
40058223,17.46,34.90,5760.40,5.00
40061223,17.46,34.90,5841.88,11.00
40064223,17.46,34.90,6033.22,0.00
40067223,17.46,34.89,6471.67,1.00
40070223,17.46,34.89,6052.85,2.00
40073223,17.46,34.88,5598.90,11.00
40076223,17.46,34.89,6901.28,7.00
40079223,17.46,34.89,6193.15,1.00
40082223,17.47,34.89,5098.75,0.00
40085223,17.47,34.88,6385.92,8.00
40088223,17.46,34.88,5912.04,7.00
40091223,17.46,34.89,6204.68,6.00
40094223,17.46,34.88,5937.38,46.00
40097223,17.46,34.88,6750.96,5.00
40100223,17.46,34.88,6053.94,0.00
40103223,17.46,34.88,6033.59,4.00
40106223,17.46,34.88,6646.35,2.00
40109223,17.46,34.88,5576.24,1.00
40112223,17.46,34.88,5989.71,6.00
40115223,17.47,34.88,5288.23,5.00
40118223,17.46,34.86,5572.49,6.00
40121223,17.46,34.86,6462.09,1.00
40124223,17.47,34.88,4844.55,7.00
40127223,17.46,34.86,5423.08,6.00
40130223,17.46,34.86,7076.05,5.00
40133223,17.46,34.86,5608.57,7.00
40136223,17.46,34.88,5649.66,0.00
40139223,17.46,34.86,5971.12,0.00
40142223,17.47,34.85,5544.84,0.00
40145223,17.47,34.85,7256.79,0.00
40148223,17.47,34.83,6109.70,0.00
40151223,17.46,34.83,6564.90,6.00
40154223,17.47,34.82,5990.56,2.00
40157223,17.47,34.83,6183.83,0.00
40160223,17.46,34.82,5304.56,3.00
40163223,17.46,34.82,6061.52,0.00
40166223,17.46,34.82,6135.59,0.00
40169223,17.47,34.82,6025.03,0.00
40172223,17.46,34.82,6178.79,13.00
40175223,17.47,34.82,5878.84,6.00
40178223,17.46,34.80,5825.15,1.00
40181223,17.46,34.79,5077.74,0.00
40184223,17.46,34.78,5548.74,1.00
40187223,17.46,34.79,5991.52,5.00
40190223,17.46,34.78,6237.22,0.00
40193223,17.46,34.79,4817.85,5.00
40196223,17.46,34.80,5495.49,6.00
40199223,17.46,34.79,5389.20,2.00
40202223,17.46,34.79,6046.93,5.00
40205223,17.47,34.77,5065.60,5.00
40208223,17.46,34.78,5621.96,6.00
40211223,17.47,34.78,6928.42,11.00
40214223,17.46,34.78,5767.64,2.00
40217223,17.46,34.78,6301.90,5.00
40220223,17.46,34.77,5822.40,0.00
40223223,17.46,34.78,5933.67,0.00
40226223,17.46,34.77,6229.42,0.00
40229223,17.47,34.77,6419.15,7.00
40232223,17.46,34.78,6985.01,6.00
40235223,17.46,34.75,8670.66,5.00
40238223,17.45,34.75,6267.73,6.00
40241223,17.45,34.75,5885.24,0.00
40244223,17.45,34.77,6325.55,2.00
40247223,17.45,34.75,6825.67,12.00
40250223,17.46,34.77,6402.18,7.00
40253223,17.45,34.75,5876.44,6.00
40256223,17.45,34.75,6153.01,7.00
40259223,17.46,34.75,6513.92,2.00
40262223,17.46,34.75,6727.82,2.00
40265223,17.46,34.74,6748.58,2.00
40268223,17.46,34.74,7707.34,27.00
40271223,17.46,34.74,7014.17,0.00
40274223,17.46,34.74,5975.81,0.00
40277223,17.46,34.74,5738.06,3.00
40280223,17.46,34.74,5966.03,2.00
40283223,17.46,34.74,6522.44,10.00
40286223,17.46,34.74,6555.40,0.00
40289223,17.46,34.74,6947.05,8.00
40292223,17.47,34.73,6187.43,1.00
40295223,17.47,34.72,7200.80,2.00
40298223,17.47,34.72,7588.37,0.00
40301223,17.47,34.71,5946.05,5.00
40304223,17.47,34.71,5840.03,6.00
40307223,17.48,34.72,5904.18,0.00
40310223,17.47,34.72,6065.17,6.00
40313223,17.47,34.71,6241.97,0.00
40316223,17.47,34.70,6628.60,0.00
40319223,17.47,34.70,6191.64,9.00
40322223,17.47,34.70,5143.88,26.00
40325223,17.47,34.70,4947.44,11.00
40328223,17.47,34.70,4765.91,0.00
40331223,17.47,34.71,5490.19,7.00
40334223,17.47,34.71,5501.84,7.00
40337223,17.47,34.68,5264.88,1.00
40340223,17.47,34.68,7204.91,1.00
40343223,17.47,34.67,6227.47,7.00
40346223,17.47,34.67,6723.26,0.00
40349223,17.47,34.67,10252.08,7.00
40352223,17.47,34.68,7309.72,0.00
40355223,17.47,34.67,7830.79,2.00
40358223,17.48,34.66,6629.97,6.00
40361223,17.47,34.66,6235.09,7.00
40364223,17.47,34.67,6939.70,5.00
40367223,17.47,34.66,6699.17,0.00
40370223,17.47,34.65,7273.34,1.00
40373223,17.47,34.65,6742.26,6.00
40376223,17.47,34.65,7693.60,2.00
40379223,17.47,34.65,6609.29,0.00
40382223,17.47,34.65,6732.31,0.00
40385223,17.47,34.63,7320.89,2.00
40388223,17.47,34.64,6024.62,0.00
40391223,17.47,34.65,7041.11,10.00
40394223,17.47,34.65,6430.00,0.00
40397223,17.47,34.65,6086.13,1.00
40400223,17.48,34.66,6409.46,6.00
40403223,17.47,34.66,5479.60,2.00
40406223,17.48,34.66,6718.20,0.00
40409223,17.47,34.67,6733.81,0.00
40412223,17.48,34.67,6154.30,6.00
40415223,17.47,34.66,5975.51,5.00
40418223,17.47,34.66,5361.97,0.00
40421223,17.48,34.65,5859.15,14.00
40424223,17.47,34.66,7075.75,1.00
40427223,17.47,34.65,8978.05,5.00
40430223,17.48,34.65,11023.89,5.00
40433223,17.47,34.65,6853.13,9.00
40436223,17.47,34.65,7747.92,5.00
40439223,17.47,34.66,6786.30,6.00
40442223,17.48,34.65,7150.90,9.00
40445223,17.47,34.65,6541.12,6.00
40448223,17.47,34.66,6504.21,1.00
40451223,17.47,34.65,5670.69,11.00
40454223,17.47,34.65,6037.35,4.00
40457223,17.47,34.65,5792.61,2.00
40460223,17.48,34.66,7516.85,2.00
40463223,17.48,34.65,9018.15,5.00
40466223,17.47,34.64,9340.69,1.00
40469223,17.48,34.62,8949.55,3.00
40472223,17.48,34.62,6788.07,2.00
40475223,17.47,34.61,7174.73,6.00
40478223,17.48,34.60,6544.84,3.00
40481223,17.47,34.60,5893.35,0.00
40484223,17.48,34.61,7307.51,0.00
40487223,17.48,34.61,6638.51,3.00
40490223,17.47,34.61,6262.52,1.00
40493223,17.47,34.61,6146.75,2.00
40496223,17.47,34.61,6971.93,0.00
40499223,17.47,34.60,7030.29,5.00
40502223,17.46,34.60,6471.89,5.00
40505223,17.46,34.60,7069.12,1.00
40508223,17.46,34.60,6775.13,7.00
40511223,17.46,34.59,7390.34,0.00
40514223,17.45,34.59,6148.67,13.00
40517223,17.46,34.60,5973.05,0.00
40520223,17.46,34.59,7408.34,6.00
40523223,17.45,34.60,8062.92,5.00
40526223,17.45,34.60,7189.00,5.00
40529223,17.45,34.60,8697.54,2.00
40532223,17.45,34.59,8576.68,6.00
40535223,17.45,34.60,6793.86,0.00
40538223,17.45,34.59,7657.25,5.00
40541223,17.45,34.60,12200.37,5.00
40544223,17.45,34.60,8720.08,1.00
40547223,17.45,34.59,8433.15,6.00
40550223,17.45,34.57,6025.22,0.00
40553223,17.45,34.57,6276.20,6.00
40556223,17.45,34.59,6163.14,2.00
40559223,17.45,34.59,9231.35,7.00
40562223,17.46,34.59,7388.53,8.00
40565223,17.46,34.56,7288.20,5.00
40568223,17.46,34.55,7082.97,27.00
40571223,17.46,34.55,7276.63,5.00
40574223,17.46,34.54,6496.11,2.00
40577223,17.46,34.54,5853.99,6.00
40580223,17.46,34.54,5113.24,6.00
40583223,17.47,34.55,5651.14,5.00
40586223,17.46,34.54,7248.53,5.00
40589223,17.47,34.54,6308.57,6.00
40592223,17.47,34.54,6511.05,6.00
40595223,17.47,34.54,6108.81,6.00
40598223,17.47,34.54,6735.98,7.00
40601223,17.47,34.54,6066.30,10.00
40604223,17.47,34.54,6196.69,7.00
40607223,17.47,34.53,6125.86,5.00
40610223,17.47,34.53,6699.88,6.00
40613223,17.47,34.53,5655.57,4.00
40616223,17.47,34.53,6171.53,2.00
40619223,17.47,34.53,5437.49,5.00
40622223,17.46,34.53,5668.70,5.00
40625223,17.47,34.53,6272.23,6.00
40628223,17.46,34.54,7838.40,0.00
40631223,17.46,34.54,6827.76,2.00
40634223,17.46,34.54,5705.77,0.00
40637223,17.46,34.53,5670.52,7.00
40640223,17.46,34.54,5716.64,1.00
40643223,17.46,34.53,6077.04,6.00
40646223,17.46,34.53,5699.54,7.00
40649223,17.45,34.55,6205.18,7.00
40652223,17.46,34.54,5853.26,0.00
40655223,17.46,34.54,7617.66,2.00
40658223,17.47,34.54,6803.64,0.00
40661223,17.46,34.53,7303.01,5.00
40664223,17.46,34.53,6148.00,6.00
40667223,17.46,34.51,6769.56,7.00
40670223,17.46,34.50,6214.07,12.00
40673223,17.46,34.50,5569.38,4.00
40676223,17.46,34.50,5538.07,2.00
40679223,17.46,34.50,5522.23,5.00
40682223,17.46,34.50,6176.94,8.00
40685223,17.46,34.50,6339.62,5.00
40688223,17.46,34.49,7187.92,1.00
40691223,17.46,34.48,6131.36,2.00
40694223,17.46,34.48,7870.89,6.00
40697223,17.46,34.48,7001.03,11.00
40700223,17.46,34.47,7564.37,5.00
40703223,17.46,34.48,6187.64,0.00
40706223,17.46,34.49,5937.12,7.00
40709223,17.46,34.48,5594.04,1.00
40712223,17.46,34.47,5259.29,6.00
40715223,17.47,34.47,6006.17,6.00
40718223,17.47,34.45,5840.49,1.00
40721223,17.46,34.47,5248.15,9.00
40724223,17.46,34.47,5556.49,0.00
40727223,17.46,34.47,6688.54,2.00
40730223,17.47,34.45,6357.62,5.00
40733223,17.46,34.45,8786.46,12.00
40736223,17.46,34.44,6253.84,0.00
40739223,17.46,34.44,6330.30,7.00
40742223,17.47,34.46,5182.33,1.00
40745223,17.47,34.45,6168.46,0.00
40748223,17.47,34.44,6775.25,10.00
40751223,17.47,34.45,6230.58,5.00
40754223,17.47,34.47,6497.48,0.00
40757223,17.47,34.46,6099.16,0.00
40760223,17.46,34.44,5322.34,6.00
40763223,17.47,34.45,6240.49,7.00
40766223,17.46,34.45,7390.56,0.00
40769223,17.46,34.45,5969.64,5.00
40772223,17.45,34.44,6056.45,0.00
40775223,17.45,34.44,5853.99,10.00
40778223,17.45,34.44,6291.18,1.00
40781223,17.45,34.44,5391.78,1.00
40784223,17.45,34.44,5692.06,0.00
40787223,17.46,34.44,4991.78,6.00
40790223,17.45,34.45,5936.72,4.00
40793223,17.45,34.45,5584.09,8.00
40796223,17.45,34.44,5283.39,6.00
40799223,17.45,34.43,5047.16,0.00
40802223,17.44,34.44,5870.25,8.00
40805223,17.46,34.43,6249.37,21.00
40808223,17.45,34.43,6552.37,5.00
40811223,17.45,34.43,6255.15,6.00
40814223,17.45,34.44,6974.59,1.00
40817223,17.45,34.44,5725.86,21.00
40820223,17.45,34.42,6481.65,5.00
40823223,17.45,34.42,6958.54,0.00
40826223,17.45,34.43,5914.60,7.00
40829223,17.45,34.43,5510.38,0.00
40832223,17.45,34.42,6226.52,2.00
40835223,17.45,34.44,7050.97,0.00
40838223,17.45,34.43,7047.84,5.00
40841223,17.45,34.43,5657.51,2.00
40844223,17.45,34.43,6270.98,0.00
40847223,17.45,34.43,5735.56,0.00
40850223,17.44,34.43,6618.65,2.00
40853223,17.44,34.44,5761.56,14.00
40856223,17.43,34.44,5667.90,5.00
40859223,17.44,34.43,5289.60,5.00
40862223,17.44,34.43,6159.11,0.00
40865223,17.45,34.43,5952.37,3.00
40868223,17.44,34.43,6151.44,0.00
40871223,17.45,34.42,6197.63,0.00
40874223,17.44,34.43,6738.22,6.00
40877223,17.44,34.43,7006.96,7.00
40880223,17.44,34.43,5964.92,13.00
40883223,17.45,34.43,6150.39,5.00
40886223,17.44,34.43,6927.75,6.00
40889223,17.44,34.43,6631.86,5.00
40892223,17.44,34.43,6729.42,0.00
40895223,17.43,34.43,6427.13,11.00
40898223,17.44,34.43,5837.02,8.00
40901223,17.44,34.42,6146.85,0.00
40904223,17.44,34.42,6712.65,1.00
40907223,17.44,34.42,7185.02,10.00
40910223,17.44,34.40,6405.65,0.00
40913223,17.44,34.40,6161.56,2.00
40916223,17.45,34.42,6143.84,11.00
40919223,17.44,34.40,5404.18,1.00
40922223,17.44,34.40,6146.15,0.00
40925223,17.44,34.39,6924.40,1.00
40928223,17.44,34.39,5774.26,6.00
40931223,17.44,34.38,7061.60,0.00
40934223,17.44,34.39,6351.45,9.00
40937223,17.45,34.39,6175.65,7.00
40940223,17.44,34.39,5005.29,2.00
40943223,17.44,34.38,5070.94,1.00
40946223,17.45,34.38,5070.13,0.00
40949223,17.45,34.39,4899.96,0.00
40952223,17.45,34.39,6043.43,8.00
40955223,17.45,34.39,6506.29,5.00
40958223,17.46,34.39,5541.95,1.00
40961223,17.45,34.41,6801.47,6.00
40964223,17.45,34.39,5817.86,2.00
40967223,17.46,34.38,4828.73,6.00
40970223,17.46,34.39,5640.84,0.00
40973223,17.45,34.38,5414.00,5.00
40976223,17.46,34.37,5415.09,1.00
40979223,17.45,34.37,5479.91,26.00
40982223,17.45,34.36,6354.32,2.00
40985223,17.45,34.34,6201.36,8.00
40988223,17.45,34.34,5450.94,0.00
40991223,17.45,34.34,6745.56,5.00
40994223,17.45,34.34,6672.56,6.00
40997223,17.45,34.36,6246.07,6.00
41000223,17.45,34.36,7081.87,5.00
41003223,17.45,34.36,6910.53,0.00
41006223,17.45,34.37,6000.40,0.00
41009223,17.44,34.38,7371.34,5.00
41012223,17.44,34.36,5821.01,5.00
41015223,17.44,34.34,6456.57,1.00
41018223,17.44,34.34,6966.61,7.00
41021223,17.44,34.36,7113.17,0.00
41024223,17.44,34.36,6470.97,2.00
41027223,17.43,34.37,5578.67,7.00
41030223,17.43,34.37,5465.42,6.00
41033223,17.42,34.37,6135.63,3.00
41036223,17.43,34.37,7048.11,2.00
41039223,17.44,34.38,8118.69,24.00
41042223,17.43,34.37,6627.51,0.00
41045223,17.44,34.37,7094.78,6.00
41048223,17.45,34.34,6487.92,0.00
41051223,17.44,34.34,6933.89,1.00
41054223,17.44,34.34,6697.61,1.00
41057223,17.44,34.36,5292.36,6.00
41060223,17.44,34.36,6183.98,0.00
41063223,17.44,34.37,7194.59,10.00
41066223,17.43,34.35,6062.55,5.00
41069223,17.43,34.35,5248.14,5.00
41072223,17.42,34.35,7501.51,0.00
41075223,17.43,34.37,5887.89,6.00
41078223,17.43,34.37,6404.34,8.00
41081223,17.43,34.35,5134.92,3.00
41084223,17.43,34.35,6294.15,0.00
41087223,17.42,34.35,6073.68,12.00
41090223,17.43,34.35,7181.86,6.00
41093223,17.43,34.35,6597.93,0.00
41096223,17.42,34.37,7840.78,2.00
41099223,17.43,34.35,6359.04,22.00
41102223,17.43,34.37,7094.48,5.00
41105223,17.42,34.38,7375.85,3.00
41108223,17.43,34.38,7404.81,6.00
41111223,17.43,34.37,5519.21,8.00
41114223,17.43,34.37,5613.19,27.00
41117223,17.42,34.35,6830.56,0.00
41120223,17.43,34.37,7176.19,6.00
41123223,17.43,34.37,5995.49,2.00
41126223,17.43,34.37,5934.68,1.00
41129223,17.43,34.37,6937.00,5.00
41132223,17.43,34.35,7594.76,0.00
41135223,17.43,34.35,7173.32,6.00
41138223,17.43,34.34,6139.34,2.00
41141223,17.43,34.34,5484.55,0.00
41144223,17.43,34.34,5398.00,2.00
41147223,17.44,34.34,6286.65,2.00
41150223,17.44,34.33,7161.19,2.00
41153223,17.43,34.33,6552.13,5.00
41156223,17.43,34.33,8272.94,6.00
41159223,17.44,34.34,7657.45,5.00
41162223,17.43,34.34,6711.74,0.00
41165223,17.44,34.34,6928.83,7.00
41168223,17.43,34.34,7108.69,0.00
41171223,17.44,34.34,7049.76,8.00
41174223,17.44,34.33,7848.61,6.00
41177223,17.44,34.32,6520.98,0.00
41180223,17.44,34.32,8258.21,1.00
41183223,17.44,34.32,9673.61,6.00
41186223,17.45,34.32,6314.89,6.00
41189223,17.44,34.33,6198.97,0.00
41192223,17.45,34.32,6903.16,0.00
41195223,17.45,34.32,6898.42,3.00
41198223,17.44,34.32,5603.66,0.00
41201223,17.44,34.32,6078.68,0.00
41204223,17.45,34.32,6937.54,6.00
41207223,17.44,34.32,6061.80,5.00
41210223,17.45,34.31,6153.53,7.00
41213223,17.44,34.30,5865.08,10.00
41216223,17.45,34.31,5657.03,1.00
41219223,17.45,34.31,5737.97,2.00
41222223,17.45,34.31,6325.32,1.00
41225223,17.45,34.31,5978.30,6.00
41228223,17.45,34.31,5181.38,0.00
41231223,17.44,34.32,6316.35,7.00
41234223,17.44,34.32,6518.93,8.00
41237223,17.44,34.32,6008.53,6.00
41240223,17.45,34.32,7729.18,2.00
41243223,17.45,34.32,6141.64,4.00
41246223,17.45,34.31,5844.33,0.00
41249223,17.45,34.32,5743.40,0.00
41252223,17.45,34.32,5573.41,0.00
41255223,17.45,34.32,5704.33,1.00
41258223,17.44,34.31,5635.27,2.00
41261223,17.44,34.31,7999.24,9.00
41264223,17.45,34.28,6958.63,0.00
41267223,17.44,34.29,5589.99,1.00
41270223,17.44,34.31,5660.09,2.00
41273223,17.44,34.28,5923.27,5.00
41276223,17.43,34.28,5620.63,0.00
41279223,17.44,34.28,6248.79,12.00
41282223,17.43,34.28,5409.80,2.00
41285223,17.43,34.29,7520.23,5.00
41288223,17.44,34.28,6276.32,0.00
41291223,17.43,34.28,6858.36,0.00
41294223,17.43,34.29,7660.65,1.00
41297223,17.44,34.28,10379.93,7.00
41300223,17.44,34.28,6705.34,5.00
41303223,17.44,34.28,8002.12,9.00
41306223,17.44,34.28,6294.54,1.00
41309223,17.44,34.28,6945.04,0.00
41312223,17.43,34.27,6434.23,11.00
41315223,17.44,34.28,6109.53,0.00
41318223,17.44,34.27,6623.52,2.00
41321223,17.44,34.27,6717.80,0.00
41324223,17.45,34.27,5951.89,1.00
41327223,17.44,34.28,6668.25,0.00
41330223,17.44,34.27,6036.63,8.00
41333223,17.44,34.28,5893.64,5.00
41336223,17.44,34.28,5953.16,1.00
41339223,17.44,34.27,5780.63,1.00
41342223,17.44,34.27,5647.26,5.00
41345223,17.45,34.28,6425.10,0.00
41348223,17.44,34.27,7988.91,0.00
41351223,17.45,34.28,7571.47,0.00
41354223,17.45,34.30,8280.07,11.00
41357223,17.44,34.28,6542.85,0.00
41360223,17.44,34.27,5949.30,1.00
41363223,17.44,34.27,6050.50,1.00
41366223,17.44,34.27,5973.29,0.00
41369223,17.44,34.27,5824.56,8.00
41372223,17.44,34.27,6316.67,7.00
41375223,17.45,34.26,5551.93,2.00
41378223,17.45,34.26,6033.87,0.00
41381223,17.45,34.26,5885.73,1.00
41384223,17.44,34.26,7213.54,2.00
41387223,17.45,34.26,6302.60,6.00
41390223,17.45,34.27,5645.97,2.00
41393223,17.45,34.28,5704.67,0.00
41396223,17.45,34.27,7525.28,0.00
41399223,17.45,34.26,9984.94,22.00
41402223,17.45,34.27,6895.78,5.00
41405223,17.45,34.26,6831.92,7.00
41408223,17.45,34.25,8299.90,0.00
41411223,17.46,34.26,9660.67,2.00
41414223,17.46,34.26,6839.61,12.00
41417223,17.46,34.24,6748.73,5.00
41420223,17.46,34.25,6847.15,0.00
41423223,17.46,34.25,7498.42,6.00
41426223,17.45,34.25,7410.37,7.00
41429223,17.46,34.24,7438.29,6.00
41432223,17.45,34.24,8274.67,6.00
41435223,17.46,34.24,9929.29,1.00
41438223,17.46,34.25,9504.41,6.00
41441223,17.46,34.26,8829.91,1.00
41444223,17.46,34.26,9701.92,1.00
41447223,17.46,34.26,9838.63,1.00
41450223,17.46,34.24,8214.50,22.00
41453223,17.46,34.22,10058.75,6.00
41456223,17.46,34.22,7878.07,0.00
41459223,17.46,34.22,7316.15,5.00
41462223,17.47,34.25,8071.13,0.00
41465223,17.46,34.24,6209.78,1.00
41468223,17.47,34.24,6607.40,0.00
41471223,17.47,34.24,5972.13,7.00
41474223,17.47,34.23,5573.19,0.00
41477223,17.47,34.24,5552.59,2.00
41480223,17.47,34.21,5961.07,0.00
41483223,17.47,34.20,6309.11,0.00
41486223,17.47,34.20,7376.40,8.00
41489223,17.47,34.20,7075.70,8.00
41492223,17.47,34.21,6972.96,0.00
41495223,17.47,34.20,6301.34,5.00
41498223,17.47,34.21,5532.93,0.00
41501223,17.47,34.21,6363.19,1.00
41504223,17.47,34.21,6143.45,7.00
41507223,17.47,34.20,6614.65,0.00
41510223,17.47,34.20,5916.55,2.00
41513223,17.47,34.19,6202.55,2.00
41516223,17.47,34.18,5652.08,1.00
41519223,17.47,34.19,5834.06,1.00
41522223,17.47,34.19,5244.20,0.00
41525223,17.47,34.20,5315.25,7.00
41528223,17.47,34.19,5351.45,1.00
41531223,17.47,34.19,6024.61,0.00
41534223,17.47,34.18,7128.98,4.00
41537223,17.47,34.18,6680.63,0.00
41540223,17.47,34.19,7881.83,2.00
41543223,17.47,34.19,6551.81,6.00
41546223,17.47,34.19,6405.47,0.00
41549223,17.47,34.18,6515.51,2.00
41552223,17.47,34.17,7247.59,11.00
41555223,17.47,34.17,7114.89,5.00
41558223,17.47,34.17,5108.34,0.00
41561223,17.47,34.17,6400.47,5.00
41564223,17.47,34.17,5794.97,4.00
41567223,17.47,34.18,5165.19,16.00
41570223,17.48,34.17,6318.47,7.00
41573223,17.47,34.18,7528.84,5.00
41576223,17.47,34.17,6330.56,6.00
41579223,17.47,34.17,5908.87,6.00
41582223,17.47,34.15,6414.20,0.00
41585223,17.48,34.15,5888.70,6.00
41588223,17.47,34.15,7389.04,0.00
41591223,17.47,34.15,6498.71,0.00
41594223,17.47,34.15,5904.57,5.00
41597223,17.47,34.17,6966.74,0.00
41600223,17.48,34.17,6173.20,0.00
41603223,17.47,34.15,7067.65,1.00
41606223,17.47,34.16,7975.49,8.00
41609223,17.46,34.16,7561.19,7.00
41612223,17.46,34.16,6515.25,0.00
41615223,17.46,34.16,6608.33,2.00
41618223,17.46,34.16,6801.65,6.00
41621223,17.46,34.16,11602.45,1.00
41624223,17.47,34.15,12942.29,5.00
41627223,17.46,34.15,8053.89,7.00
41630223,17.47,34.15,11790.00,6.00
41633223,17.47,34.15,12730.47,7.00
41636223,17.47,34.14,8853.06,7.00
41639223,17.47,34.14,9476.89,10.00
41642223,17.47,34.14,7429.20,5.00
41645223,17.47,34.14,8369.17,12.00
41648223,17.48,34.14,8632.19,8.00
41651223,17.47,34.15,7636.26,1.00
41654223,17.48,34.14,7097.65,7.00
41657223,17.47,34.15,7737.08,1.00
41660223,17.47,34.14,7835.02,0.00
41663223,17.47,34.15,8118.29,7.00
41666223,17.47,34.15,7520.39,0.00
41669223,17.47,34.14,6812.29,27.00
41672223,17.47,34.14,10056.27,5.00
41675223,17.47,34.14,9782.93,0.00
41678223,17.47,34.14,10539.02,7.00
41681223,17.46,34.13,9702.21,8.00
41684223,17.47,34.13,8967.45,6.00
41687223,17.47,34.14,8951.15,13.00
41690223,17.47,34.14,10383.19,6.00
41693223,17.47,34.14,9008.38,14.00
41696223,17.47,34.15,9777.82,12.00
41699223,17.46,34.15,6704.81,0.00
41702223,17.45,34.16,7476.15,0.00
41705223,17.45,34.15,10124.19,0.00
41708223,17.45,34.15,11799.58,6.00
41711223,17.45,34.15,10715.57,1.00
41714223,17.45,34.14,12015.33,0.00
41717223,17.45,34.15,13926.87,8.00
41720223,17.45,34.16,14426.20,0.00
41723223,17.45,34.16,14153.64,5.00
41726223,17.46,34.16,13794.79,0.00
41729223,17.45,34.16,13407.74,8.00
41732223,17.46,34.15,7001.16,2.00
41735223,17.46,34.16,8949.12,5.00
41738223,17.45,34.16,11152.60,5.00
41741223,17.46,34.15,12078.93,0.00
41744223,17.46,34.15,14854.33,1.00
41747223,17.46,34.15,11076.43,8.00
41750223,17.45,34.15,10005.72,4.00
41753223,17.46,34.15,10331.40,0.00
41756223,17.45,34.16,8716.66,6.00
41759223,17.45,34.16,7164.39,6.00
41762223,17.45,34.18,11126.82,2.00
41765223,17.46,34.16,10199.28,0.00
41768223,17.45,34.16,11427.58,27.00
41771223,17.45,34.16,9981.46,5.00
41774223,17.45,34.16,11143.81,0.00
41777223,17.46,34.16,11700.13,1.00
41780223,17.45,34.16,10370.18,6.00
41783223,17.45,34.16,9250.99,11.00
41786223,17.45,34.16,11373.51,0.00
41789223,17.45,34.15,11311.29,0.00
41792223,17.45,34.15,9566.27,0.00
41795223,17.44,34.16,10398.21,6.00
41798223,17.45,34.18,10157.31,0.00
41801223,17.45,34.18,10196.33,2.00
41804223,17.45,34.18,9628.81,2.00
41807223,17.45,34.18,9556.83,7.00
41810223,17.46,34.18,8421.03,6.00
41813223,17.46,34.18,10146.35,5.00
41816223,17.45,34.16,8990.78,3.00
41819223,17.45,34.16,9539.36,6.00
41822223,17.45,34.16,9103.60,7.00
41825223,17.45,34.15,9028.31,7.00
41828223,17.45,34.15,14007.19,9.00
41831223,17.45,34.15,13900.89,0.00
41834223,17.45,34.15,14019.02,5.00
41837223,17.45,34.14,11688.17,10.00
41840223,17.44,34.14,10825.83,1.00
41843223,17.44,34.15,10769.99,0.00
41846223,17.45,34.15,6849.84,8.00
41849223,17.45,34.14,7684.25,7.00
41852223,17.45,34.15,7254.02,7.00
41855223,17.45,34.15,5621.92,8.00
41858223,17.45,34.16,6202.91,0.00
41861223,17.44,34.15,7252.73,0.00
41864223,17.44,34.15,6555.94,5.00
41867223,17.44,34.15,5645.99,10.00
41870223,17.44,34.16,6806.92,0.00
41873223,17.44,34.15,7406.24,7.00
41876223,17.44,34.15,7214.62,7.00
41879223,17.44,34.15,7098.57,5.00
41882223,17.44,34.16,7526.67,1.00
41885223,17.43,34.16,11130.63,0.00
41888223,17.43,34.15,9994.84,0.00
41891223,17.44,34.15,10049.30,8.00
41894223,17.44,34.15,8128.15,0.00
41897223,17.44,34.15,9579.68,0.00
41900223,17.44,34.15,8035.04,2.00
41903223,17.44,34.14,8299.53,2.00
41906223,17.44,34.14,10705.07,4.00
41909223,17.44,34.15,9080.04,1.00
41912223,17.43,34.15,8505.86,0.00
41915223,17.44,34.15,8736.47,7.00
41918223,17.44,34.15,7755.19,6.00
41921223,17.43,34.15,7750.22,6.00
41924223,17.43,34.16,7750.22,6.00
41927223,17.43,34.16,7750.22,0.00
41930223,17.43,34.15,7750.22,5.00
41934094,17.42,34.16,0.00,9.00
41937094,17.43,34.15,6594.61,7.00
41940094,17.43,34.15,7883.24,6.00
41943094,17.43,34.15,7127.01,0.00
41946094,17.43,34.15,10678.68,5.00
41949094,17.43,34.15,10782.19,2.00
41952094,17.43,34.15,8244.07,7.00
41955094,17.43,34.15,11863.80,6.00
41958094,17.43,34.16,8259.87,0.00
41961094,17.43,34.16,7492.56,1.00
41964094,17.43,34.16,8310.80,6.00
41967094,17.44,34.16,7983.46,27.00
41970094,17.43,34.17,7553.50,6.00
41973094,17.43,34.17,7604.14,1.00
41976094,17.43,34.16,7938.89,5.00
41979094,17.43,34.17,7585.62,0.00
41982094,17.44,34.19,6376.54,2.00
41985094,17.43,34.19,6779.16,0.00
41988094,17.43,34.19,9662.56,8.00
41991094,17.43,34.19,7798.96,6.00
41994094,17.43,34.17,8620.44,8.00
41997094,17.43,34.17,9087.21,2.00
42000094,17.43,34.16,9714.36,6.00
42003094,17.43,34.17,7821.38,7.00
42006094,17.43,34.17,6632.22,1.00
42009094,17.43,34.19,6780.30,11.00
42012094,17.44,34.17,9206.49,0.00
42015094,17.43,34.17,10010.70,0.00
42018094,17.43,34.17,8678.52,26.00
42021094,17.43,34.17,6399.17,6.00
42024094,17.44,34.15,10139.71,0.00
42027094,17.44,34.15,6653.05,8.00
42030094,17.44,34.15,10005.57,1.00
42033094,17.44,34.15,10349.49,5.00
42036094,17.44,34.16,10089.58,6.00
42039094,17.44,34.17,10633.45,5.00
42042094,17.44,34.15,9373.20,0.00
42045094,17.44,34.16,10279.86,7.00
42048094,17.44,34.15,9566.02,1.00
42051094,17.44,34.16,6670.84,8.00
42054094,17.44,34.16,7559.88,5.00
42057094,17.43,34.16,6401.80,5.00
42060094,17.43,34.16,9375.01,2.00
42063094,17.44,34.15,7691.21,2.00
42066094,17.45,34.16,7665.87,2.00
42069094,17.44,34.17,6548.19,0.00
42072094,17.44,34.16,8418.28,7.00
42075094,17.44,34.15,12692.64,0.00
42078094,17.43,34.16,10312.33,8.00
42081094,17.44,34.15,9240.55,0.00
42084094,17.43,34.16,8230.94,7.00
42087094,17.44,34.16,9432.53,0.00
42090094,17.44,34.16,9449.93,1.00
42093094,17.44,34.16,11695.99,2.00
42096094,17.44,34.17,9544.79,0.00
42099094,17.43,34.17,7872.83,1.00
42102094,17.44,34.17,7234.63,0.00
42105094,17.43,34.19,9076.09,5.00
42108094,17.43,34.17,8188.80,27.00
42111094,17.44,34.16,9044.48,6.00
42114094,17.43,34.17,10949.83,2.00
42117094,17.43,34.17,7443.34,10.00
42120094,17.43,34.16,7267.91,4.00
42123094,17.43,34.19,7183.14,7.00
42126094,17.43,34.17,8597.31,2.00
42129094,17.43,34.17,5819.51,9.00
42132094,17.43,34.16,6897.00,1.00
42135094,17.43,34.17,7383.48,6.00
42138094,17.43,34.17,7098.71,6.00
42141094,17.43,34.19,8610.99,0.00
42144094,17.43,34.17,10631.60,2.00
42147094,17.43,34.17,10581.51,9.00
42150094,17.43,34.17,10282.72,6.00
42153094,17.43,34.17,9925.94,0.00
42156094,17.43,34.17,7426.40,0.00
42159094,17.43,34.17,6994.32,6.00
42162094,17.43,34.17,5613.09,2.00
42165094,17.42,34.19,6452.41,10.00
42168094,17.43,34.17,6680.58,1.00
42171094,17.43,34.19,6005.21,1.00
42174094,17.43,34.17,6321.83,3.00
42177094,17.43,34.19,6143.00,5.00
42180094,17.43,34.19,6705.31,22.00
42183094,17.43,34.17,8635.12,0.00
42186094,17.43,34.17,14787.56,6.00
42189094,17.43,34.19,11729.38,7.00
42192094,17.43,34.17,7514.63,0.00
42195094,17.43,34.17,8432.98,5.00
42198094,17.43,34.17,6144.70,2.00
42201094,17.43,34.17,6831.63,5.00
42204094,17.43,34.17,6353.03,6.00
42207094,17.44,34.16,8924.30,2.00
42210094,17.44,34.16,6584.79,7.00
42213094,17.44,34.15,5845.19,11.00
42216094,17.44,34.15,6475.29,11.00
42219094,17.44,34.15,8405.55,0.00
42222094,17.45,34.15,7884.08,6.00
42225094,17.45,34.14,6752.07,0.00
42228094,17.45,34.14,8913.54,11.00
42231094,17.45,34.15,10263.71,2.00
42234094,17.45,34.15,10022.98,4.00
42237094,17.46,34.14,7366.10,2.00
42240094,17.45,34.13,10533.92,6.00
42243094,17.45,34.14,11194.27,1.00
42246094,17.46,34.15,21428.68,4.00
42249094,17.45,34.15,20374.31,0.00
42252094,17.45,34.15,13975.56,1.00
42255094,17.45,34.15,11191.66,0.00
42258094,17.46,34.15,11915.29,10.00
42261094,17.46,34.14,10301.34,1.00
42264094,17.46,34.14,11855.39,5.00
42267094,17.46,34.14,16245.80,5.00
42270094,17.46,34.14,9988.21,6.00
42273094,17.45,34.14,10020.16,0.00
42276094,17.45,34.13,9717.17,7.00
42279094,17.45,34.14,9068.19,6.00
42282094,17.45,34.14,6241.84,0.00
42285094,17.44,34.13,5914.24,5.00
42288094,17.45,34.14,6584.55,0.00
42291094,17.45,34.14,6669.06,0.00
42294094,17.45,34.14,6274.25,1.00
42297094,17.44,34.14,8807.87,6.00
42300094,17.45,34.14,8038.63,2.00
42303094,17.45,34.14,8923.01,6.00
42306094,17.45,34.14,11141.09,1.00
42309094,17.45,34.13,8989.62,5.00
42312094,17.45,34.13,9540.77,5.00
42315094,17.45,34.13,10469.88,1.00
42318094,17.45,34.13,10000.60,1.00
42321094,17.45,34.13,8431.01,0.00
42324094,17.45,34.13,8737.10,5.00
42327094,17.45,34.13,6917.27,5.00
42330094,17.46,34.13,10767.01,7.00
42333094,17.45,34.13,9806.50,1.00
42336094,17.45,34.12,6763.76,0.00
42339094,17.46,34.13,7087.16,8.00
42342094,17.45,34.13,7041.69,5.00
42345094,17.45,34.13,5864.21,12.00
42348094,17.45,34.14,6397.51,1.00
42351094,17.45,34.14,6558.46,7.00
42354094,17.45,34.14,7278.21,0.00
42357094,17.45,34.14,7296.32,11.00
42360094,17.46,34.14,7168.32,10.00
42363094,17.45,34.13,8310.24,7.00
42366094,17.45,34.13,13482.07,0.00
42369094,17.45,34.12,14387.29,0.00
42372094,17.45,34.12,12430.92,0.00
42375094,17.45,34.13,8464.56,0.00
42378094,17.45,34.13,6227.21,8.00
42381094,17.45,34.12,6185.40,0.00
42384094,17.45,34.10,7412.97,11.00
42387094,17.45,34.12,6546.85,5.00
42390094,17.45,34.12,7299.02,0.00
42393094,17.46,34.10,6412.26,6.00
42396094,17.45,34.10,8099.77,6.00
42399094,17.45,34.12,6860.77,6.00
42402094,17.45,34.10,8269.13,5.00
42405094,17.45,34.10,7547.16,0.00
42408094,17.46,34.10,6318.90,7.00
42411094,17.46,34.10,7572.07,0.00
42414094,17.46,34.09,7384.33,0.00
42417094,17.45,34.10,8167.77,0.00
42420094,17.46,34.10,7684.80,0.00
42423094,17.46,34.10,7084.13,6.00
42426094,17.45,34.10,7920.49,26.00
42429094,17.45,34.10,8078.95,0.00
42432094,17.45,34.12,10617.63,6.00
42435094,17.45,34.10,8819.45,0.00
42438094,17.45,34.12,7951.39,0.00
42441094,17.45,34.12,7874.59,1.00
42444094,17.44,34.10,5881.04,7.00
42447094,17.45,34.09,5426.20,0.00
42450094,17.45,34.10,6678.94,6.00
42453094,17.45,34.12,6270.88,8.00
42456094,17.45,34.10,6003.38,0.00
42459094,17.45,34.12,7136.17,5.00
42462094,17.45,34.12,7151.61,7.00
42465094,17.45,34.12,8013.78,7.00
42468094,17.45,34.10,8856.45,12.00
42471094,17.45,34.12,7887.38,6.00
42474094,17.45,34.12,13150.62,7.00
42477094,17.44,34.11,8469.77,1.00
42480094,17.44,34.12,6288.13,7.00
42483094,17.44,34.11,6023.27,2.00
42486094,17.44,34.11,6052.69,5.00
42489094,17.43,34.11,7287.74,0.00
42492094,17.44,34.12,8462.41,0.00
42495094,17.44,34.13,7322.53,6.00
42498094,17.44,34.14,6501.94,0.00
42501094,17.44,34.14,7391.62,6.00
42504094,17.43,34.14,8450.54,2.00
42507094,17.44,34.14,8571.35,2.00
42510094,17.44,34.14,8365.06,1.00
42513094,17.43,34.14,10686.94,0.00
42516094,17.43,34.15,11115.37,6.00
42519094,17.43,34.14,9523.77,1.00
42522094,17.43,34.14,10388.50,2.00
42525094,17.43,34.14,9482.63,5.00
42528094,17.42,34.14,8348.51,9.00
42531094,17.43,34.14,9398.66,1.00
42534094,17.42,34.14,9873.74,6.00
42537094,17.43,34.11,9990.50,5.00
42540094,17.43,34.13,9910.66,7.00
42543094,17.43,34.13,8657.25,0.00
42546094,17.43,34.13,9549.91,0.00
42549094,17.44,34.11,7750.82,0.00
42552094,17.43,34.13,7704.17,0.00
42555094,17.43,34.13,9774.28,7.00
42558094,17.44,34.11,7583.95,1.00
42561094,17.44,34.12,8627.81,7.00
42564094,17.44,34.12,7171.14,7.00
42567094,17.44,34.11,6435.91,6.00
42570094,17.45,34.12,6836.86,1.00
42573094,17.43,34.11,5956.67,0.00
42576094,17.44,34.10,5945.16,1.00
42579094,17.44,34.11,6328.60,1.00
42582094,17.44,34.11,7366.23,7.00
42585094,17.44,34.11,8430.31,6.00
42588094,17.44,34.13,7592.10,11.00
42591094,17.44,34.11,6855.21,5.00
42594094,17.43,34.13,6586.91,0.00
42597094,17.43,34.13,6163.81,11.00
42600094,17.44,34.10,11184.01,0.00
42603094,17.44,34.12,9579.88,6.00
42606094,17.44,34.12,11921.32,1.00
42609094,17.44,34.13,8768.65,0.00
42612094,17.44,34.12,8753.15,7.00
42615094,17.44,34.12,9609.04,5.00
42618094,17.45,34.10,5830.35,11.00
42621094,17.44,34.11,7624.36,27.00
42624094,17.44,34.10,6655.35,2.00
42627094,17.44,34.11,8009.86,2.00
42630094,17.45,34.10,6817.18,5.00
42633094,17.44,34.10,5939.80,2.00
42636094,17.45,34.12,9312.56,8.00
42639094,17.44,34.10,17430.17,8.00
42642094,17.44,34.12,9347.71,8.00
42645094,17.45,34.10,8891.56,1.00
42648094,17.45,34.10,8769.57,0.00
42651094,17.46,34.10,7452.99,0.00
42654094,17.46,34.09,7791.05,5.00
42657094,17.46,34.10,8897.17,0.00
42660094,17.46,34.09,8879.27,12.00
42663094,17.47,34.09,7735.68,5.00
42666094,17.46,34.10,10144.40,5.00
42669094,17.47,34.10,11852.60,6.00
42672094,17.46,34.09,11304.03,2.00
42675094,17.46,34.09,10268.53,8.00
42678094,17.47,34.09,10142.14,5.00
42681094,17.47,34.08,7221.28,0.00
42684094,17.47,34.08,7415.23,4.00
42687094,17.47,34.08,7191.46,1.00
42690094,17.47,34.10,6876.91,1.00
42693094,17.47,34.10,9733.16,8.00
42696094,17.47,34.10,10286.13,10.00
42699094,17.47,34.09,8771.56,6.00
42702094,17.47,34.09,7830.72,1.00
42705094,17.47,34.09,9122.41,2.00
42708094,17.47,34.09,8162.26,0.00
42711094,17.47,34.09,8380.77,7.00
42714094,17.47,34.09,12983.72,6.00
42717094,17.47,34.10,11484.84,7.00
42720094,17.47,34.09,12602.33,7.00
42723094,17.47,34.09,15009.98,7.00
42726094,17.47,34.09,13175.84,0.00
42729094,17.47,34.10,9162.95,1.00
42732094,17.47,34.10,6786.86,1.00
42735094,17.47,34.10,6600.19,8.00
42738094,17.47,34.10,6757.38,9.00
42741094,17.46,34.09,7320.13,6.00
42744094,17.46,34.10,13020.28,0.00
42747094,17.46,34.10,7781.04,5.00
42750094,17.46,34.10,6147.05,2.00
42753094,17.46,34.10,7156.85,27.00
42756094,17.46,34.10,6846.72,7.00
42759094,17.46,34.10,7023.21,6.00
42762094,17.46,34.12,6972.48,7.00
42765094,17.47,34.13,5776.00,2.00
42768094,17.46,34.12,8001.16,6.00
42771094,17.47,34.12,5276.60,6.00
42774094,17.46,34.12,5713.60,5.00
42777094,17.46,34.13,5879.80,6.00
42780094,17.46,34.12,5684.34,5.00
42783094,17.46,34.12,6044.16,6.00
42786094,17.46,34.12,5588.50,0.00
42789094,17.46,34.10,6376.24,6.00
42792094,17.46,34.12,6293.08,1.00
42795094,17.46,34.13,5945.93,11.00
42798094,17.46,34.13,6044.95,8.00
42801094,17.46,34.13,5526.63,0.00
42804094,17.45,34.14,5913.85,5.00
42807094,17.46,34.13,7101.01,2.00
42810094,17.46,34.13,6047.78,22.00
42813094,17.45,34.13,7936.84,6.00
42816094,17.45,34.13,7056.12,7.00
42819094,17.45,34.13,7048.33,10.00
42822094,17.46,34.14,7177.09,6.00
42825094,17.45,34.14,5262.77,9.00
42828094,17.45,34.13,6131.94,6.00
42831094,17.46,34.13,7067.46,7.00
42834094,17.46,34.13,5777.78,6.00
42837094,17.46,34.13,6278.21,6.00
42840094,17.46,34.13,6355.94,0.00
42843094,17.46,34.13,8261.35,4.00
42846094,17.45,34.12,8229.86,4.00
42849094,17.46,34.12,6436.71,0.00
42852094,17.47,34.12,8932.70,0.00
42855094,17.47,34.12,10029.26,6.00
42858094,17.47,34.10,7058.19,6.00
42861094,17.47,34.10,7822.10,1.00
42864094,17.47,34.09,7951.29,12.00
42867094,17.47,34.09,8624.37,0.00
42870094,17.47,34.09,7876.40,0.00
42873094,17.47,34.10,9954.25,7.00
42876094,17.47,34.09,12870.86,9.00
42879094,17.48,34.11,8886.56,2.00
42882094,17.48,34.09,7036.18,7.00
42885094,17.48,34.09,6720.80,10.00
42888094,17.48,34.09,8584.45,10.00
42891094,17.48,34.08,7299.81,5.00
42894094,17.49,34.09,8972.54,11.00
42897094,17.48,34.08,8248.21,1.00
42900094,17.48,34.08,6555.21,0.00
42903094,17.49,34.07,8597.52,0.00
42906094,17.49,34.08,6330.65,6.00
42909094,17.49,34.08,7595.10,2.00
42912094,17.49,34.08,6576.11,7.00
42915094,17.49,34.08,7935.11,6.00
42918094,17.49,34.07,7929.50,7.00
42921094,17.49,34.06,7125.24,11.00
42924094,17.49,34.06,6914.19,6.00
42927094,17.49,34.07,7098.47,1.00
42930094,17.49,34.08,6564.58,7.00
42933094,17.49,34.07,9184.73,6.00
42936094,17.49,34.07,8447.96,6.00
42939094,17.49,34.07,7531.69,2.00
42942094,17.49,34.08,8899.28,0.00
42945094,17.50,34.07,8684.18,1.00
42948094,17.49,34.07,6795.06,5.00
42951094,17.49,34.07,9450.64,7.00
42954094,17.49,34.07,7851.51,5.00
42957094,17.49,34.06,10773.89,0.00
42960094,17.49,34.06,8520.76,5.00
42963094,17.49,34.05,9689.94,10.00
42966094,17.49,34.05,7218.51,6.00
42969094,17.49,34.05,7600.44,10.00
42972094,17.50,34.05,6016.84,6.00
42975094,17.49,34.03,6734.37,6.00
42978094,17.49,34.03,7367.94,2.00
42981094,17.49,34.05,6234.80,0.00
42984094,17.49,34.04,6600.37,5.00
42987094,17.49,34.04,7957.76,1.00
42990094,17.48,34.04,6838.24,7.00
42993094,17.48,34.04,6469.13,1.00
42996094,17.48,34.04,8165.46,9.00
42999094,17.49,34.04,7058.67,8.00
43002094,17.48,34.04,6484.39,1.00
43005094,17.48,34.06,6295.14,6.00
43008094,17.48,34.06,7197.36,7.00
43011094,17.48,34.06,7120.85,5.00
43014094,17.47,34.06,6248.24,7.00
43017094,17.48,34.06,7455.60,1.00
43020094,17.47,34.06,6459.27,1.00
43023094,17.48,34.06,6326.35,12.00
43026094,17.47,34.06,6653.93,0.00
43029094,17.47,34.07,6118.39,6.00
43032094,17.47,34.07,6421.77,9.00
43035094,17.47,34.08,5975.13,2.00
43038094,17.47,34.06,6967.74,0.00
43041094,17.47,34.07,7363.82,5.00
43044094,17.47,34.07,6046.58,2.00
43047094,17.48,34.08,7673.66,0.00
43050094,17.48,34.07,7178.89,5.00
43053094,17.48,34.07,6573.62,12.00
43056094,17.48,34.07,6564.12,9.00
43059094,17.48,34.07,6075.20,0.00
43062094,17.48,34.07,6119.19,0.00
43065094,17.48,34.07,5812.82,1.00
43068094,17.48,34.06,6944.66,25.00
43071094,17.48,34.07,6130.57,2.00
43074094,17.48,34.06,8490.84,10.00
43077094,17.48,34.06,6423.94,9.00
43080094,17.48,34.07,7474.98,7.00
43083094,17.48,34.07,6817.87,0.00
43086094,17.47,34.07,5996.06,2.00
43089094,17.48,34.07,6188.81,6.00
43092094,17.48,34.07,5775.65,2.00
43095094,17.48,34.08,5358.38,10.00
43098094,17.48,34.08,6835.07,1.00
43101094,17.48,34.08,6012.15,8.00
43104094,17.48,34.07,6319.57,5.00
43107094,17.48,34.07,6304.08,9.00
43110094,17.48,34.08,7003.05,1.00
43113094,17.48,34.08,6925.86,0.00
43116094,17.48,34.08,6748.30,0.00
43119094,17.48,34.09,5354.20,0.00
43122094,17.47,34.08,6480.60,6.00
43125094,17.48,34.08,7654.80,1.00
43128094,17.48,34.08,7483.85,7.00
43131094,17.48,34.08,7126.90,5.00
43134094,17.47,34.08,6303.08,0.00
43137094,17.48,34.08,6321.71,1.00
43140094,17.48,34.08,5867.46,1.00
43143094,17.47,34.09,6489.80,10.00
43146094,17.47,34.09,6431.62,2.00
43149094,17.47,34.09,6011.53,0.00
43152094,17.47,34.09,6310.19,1.00
43155094,17.47,34.09,5962.51,7.00
43158094,17.47,34.08,6657.67,0.00
43161094,17.47,34.09,6416.10,1.00
43164094,17.47,34.09,5998.43,5.00
43167094,17.47,34.09,5947.83,6.00
43170094,17.47,34.09,6184.32,27.00
43173094,17.47,34.09,5641.13,7.00
43176094,17.47,34.09,5988.21,10.00
43179094,17.47,34.09,6519.26,9.00
43182094,17.47,34.09,6211.60,0.00
43185094,17.47,34.10,7512.64,0.00
43188094,17.47,34.09,8501.12,4.00
43191094,17.47,34.09,8288.29,8.00
43194094,17.47,34.09,8414.13,7.00
43197094,17.47,34.09,7165.26,10.00
43200094,17.47,34.09,7602.09,1.00
43203094,17.47,34.09,8979.59,6.00
43206094,17.47,34.09,8454.07,7.00
43209094,17.48,34.09,7963.35,0.00
43212094,17.47,34.09,6717.27,5.00
43215094,17.48,34.09,6465.54,6.00
43218094,17.47,34.08,8066.33,0.00
43221094,17.47,34.09,8135.75,7.00
43224094,17.47,34.08,8165.30,10.00
43227094,17.48,34.09,8340.98,0.00
43230094,17.48,34.08,8116.28,0.00
43233094,17.48,34.08,7031.41,1.00
43236094,17.48,34.09,7097.27,6.00
43239094,17.48,34.09,8369.57,7.00
43242094,17.48,34.09,6927.33,7.00
43245094,17.47,34.08,8192.69,6.00
43248094,17.48,34.09,8141.30,0.00
43251094,17.48,34.09,7832.68,0.00
43254094,17.48,34.08,7287.52,11.00
43257094,17.48,34.09,8278.63,8.00
43260094,17.47,34.09,6874.17,7.00
43263094,17.48,34.08,6427.08,1.00
43266094,17.47,34.09,7536.55,8.00
43269094,17.47,34.09,8619.46,0.00
43272094,17.48,34.09,6849.34,0.00
43275094,17.47,34.09,7390.36,1.00
43278094,17.47,34.08,7043.42,2.00
43281094,17.47,34.08,6096.67,0.00
43284094,17.47,34.09,6238.70,7.00
43287094,17.48,34.09,7721.35,1.00
43290094,17.47,34.09,6545.58,1.00
43293094,17.48,34.11,6274.15,1.00
43296094,17.48,34.09,5969.09,2.00
43299094,17.48,34.09,6295.67,10.00
43302094,17.48,34.08,5577.46,0.00
43305094,17.48,34.09,5396.93,1.00
43308094,17.49,34.11,5666.88,7.00
43311094,17.48,34.09,5490.64,1.00
43314094,17.48,34.09,5525.91,6.00
43317094,17.48,34.09,6240.44,1.00
43320094,17.48,34.09,6287.87,0.00
43323094,17.48,34.08,6375.69,5.00
43326094,17.48,34.09,6399.88,6.00
43329094,17.48,34.09,5949.88,1.00
43332094,17.48,34.08,6194.49,8.00
43335094,17.49,34.08,7096.23,0.00
43338094,17.48,34.08,6041.78,7.00
43341094,17.49,34.08,6366.50,7.00
43344094,17.49,34.08,6067.85,6.00
43347094,17.48,34.08,6396.02,1.00
43350094,17.49,34.08,8050.54,8.00
43353094,17.49,34.09,6201.19,8.00
43356094,17.49,34.08,6869.06,5.00
43359094,17.49,34.07,6603.83,7.00
43362094,17.49,34.07,7240.50,9.00
43365094,17.48,34.08,6280.79,7.00
43368094,17.48,34.07,6821.16,0.00
43371094,17.49,34.07,6830.40,4.00
43374094,17.48,34.07,8318.48,8.00
43377094,17.49,34.06,6232.34,0.00
43380094,17.49,34.06,6295.73,4.00
43383094,17.48,34.06,6916.15,0.00
43386094,17.48,34.06,7165.36,0.00
43389094,17.49,34.07,6922.95,1.00
43392094,17.49,34.06,6681.15,1.00
43395094,17.49,34.06,5927.38,2.00
43398094,17.49,34.06,5907.73,0.00
43401094,17.49,34.06,6352.91,0.00
43404094,17.49,34.06,5877.81,7.00
43407094,17.49,34.06,5333.24,2.00
43410094,17.49,34.07,6110.50,0.00
43413094,17.49,34.06,6859.49,6.00
43416094,17.49,34.05,5877.70,5.00
43419094,17.49,34.06,7257.22,3.00
43422094,17.49,34.05,8475.07,1.00
43425094,17.49,34.06,7982.97,1.00
43428094,17.49,34.06,6679.33,2.00
43431094,17.49,34.06,6120.64,8.00
43434094,17.49,34.06,5555.76,7.00
43437094,17.49,34.04,5955.87,8.00
43440094,17.49,34.06,7133.80,10.00
43443094,17.49,34.07,6377.15,7.00
43446094,17.49,34.06,6559.80,0.00
43449094,17.49,34.04,7275.27,0.00
43452094,17.49,34.06,6434.11,2.00
43455094,17.49,34.06,6984.99,2.00
43458094,17.48,34.06,8029.27,7.00
43461094,17.48,34.04,7594.21,1.00
43464094,17.49,34.06,6609.94,6.00
43467094,17.49,34.05,5560.22,1.00
43470094,17.48,34.04,6871.56,0.00
43473094,17.49,34.04,6796.32,0.00
43476094,17.48,34.06,8032.55,6.00
43479094,17.48,34.06,6161.46,0.00
43482094,17.48,34.04,6095.98,0.00
43485094,17.48,34.04,6011.16,0.00
43488094,17.48,34.06,6060.58,7.00
43491094,17.48,34.06,6534.45,11.00
43494094,17.48,34.04,6061.79,0.00
43497094,17.48,34.06,6412.55,5.00
43500094,17.48,34.06,6177.31,0.00
43503094,17.48,34.06,7244.90,2.00
43506094,17.48,34.04,5738.08,7.00
43509094,17.49,34.04,6346.95,0.00
43512094,17.49,34.05,5674.40,14.00
43515094,17.49,34.05,5599.27,3.00
43518094,17.49,34.05,5517.11,5.00
43521094,17.49,34.03,5196.17,0.00
43524094,17.49,34.05,5982.73,11.00
43527094,17.49,34.03,6718.66,0.00
43530094,17.50,34.03,6680.79,6.00
43533094,17.49,34.05,6068.99,0.00
43536094,17.49,34.05,6661.25,2.00
43539094,17.49,34.05,7757.53,6.00
43542094,17.49,34.05,6983.82,2.00
43545094,17.49,34.05,6426.25,1.00
43548094,17.50,34.02,6588.75,22.00
43551094,17.49,34.03,6652.18,1.00
43554094,17.49,34.05,6930.98,6.00
43557094,17.49,34.05,5721.90,0.00
43560094,17.50,34.04,6560.50,0.00
43563094,17.50,34.05,5321.80,0.00
43566094,17.50,34.05,6072.57,6.00
43569094,17.50,34.05,6165.56,2.00
43572094,17.50,34.05,5952.02,24.00
43575094,17.50,34.05,6043.14,23.00
43578094,17.50,34.04,6339.67,0.00
43581094,17.50,34.05,6920.00,6.00
43584094,17.50,34.05,6245.85,8.00
43587094,17.50,34.05,6473.76,6.00
43590094,17.49,34.05,7070.64,7.00
43593094,17.49,34.05,6184.82,0.00
43596094,17.49,34.05,7163.32,5.00
43599094,17.49,34.05,8208.04,0.00
43602094,17.50,34.03,8452.84,0.00
43605094,17.49,34.05,6134.66,1.00
43608094,17.50,34.03,7979.78,11.00
43611094,17.50,34.05,6890.70,6.00
43614094,17.49,34.05,7543.83,2.00
43617094,17.50,34.03,7632.72,0.00
43620094,17.50,34.04,7480.74,7.00
43623094,17.50,34.05,8013.52,5.00
43626094,17.50,34.05,6606.07,6.00
43629094,17.50,34.04,7596.11,1.00
43632094,17.50,34.04,7588.31,0.00
43635094,17.50,34.03,7115.14,6.00
43638094,17.50,34.03,8876.39,5.00
43641094,17.49,34.05,7918.98,5.00
43644094,17.50,34.05,8533.83,5.00
43647094,17.50,34.05,8345.41,0.00
43650094,17.50,34.03,7357.25,7.00
43653094,17.50,34.05,9578.31,2.00
43656094,17.50,34.05,10889.63,2.00
43659094,17.50,34.05,8425.90,0.00
43662094,17.50,34.05,14655.74,1.00
43665094,17.51,34.05,7072.96,5.00
43668094,17.51,34.05,7191.20,6.00
43671094,17.50,34.05,7158.50,7.00
43674094,17.50,34.05,9474.14,0.00
43677094,17.49,34.05,6671.18,0.00
43680094,17.49,34.06,7553.19,7.00
43683094,17.49,34.05,6378.51,6.00
43686094,17.50,34.05,6527.31,5.00
43689094,17.50,34.06,7711.43,10.00
43692094,17.50,34.06,7539.74,0.00
43695094,17.49,34.07,6037.92,25.00
43698094,17.49,34.06,6741.37,1.00
43701094,17.49,34.07,7361.57,1.00
43704094,17.49,34.07,7660.90,0.00
43707094,17.49,34.07,6244.86,5.00
43710094,17.49,34.07,6288.57,5.00
43713094,17.49,34.08,6599.51,11.00
43716094,17.49,34.07,6648.04,8.00
43719094,17.49,34.07,5806.42,5.00
43722094,17.48,34.07,6655.41,7.00
43725094,17.48,34.08,5813.79,0.00
43728094,17.48,34.07,6434.26,0.00
43731094,17.48,34.07,5511.21,6.00
43734094,17.49,34.07,5740.00,0.00
43737094,17.49,34.07,5451.90,12.00
43740094,17.49,34.07,7207.93,7.00
43743094,17.49,34.07,6169.44,5.00
43746094,17.49,34.06,6529.18,8.00
43749094,17.49,34.06,5542.35,1.00
43752094,17.48,34.06,5245.04,7.00
43755094,17.48,34.06,6228.94,28.00
43758094,17.49,34.06,5489.24,1.00
43761094,17.49,34.06,5533.21,0.00
43764094,17.49,34.06,5273.09,6.00
43767094,17.49,34.06,5726.93,1.00
43770094,17.49,34.07,6120.05,1.00
43773094,17.49,34.06,5097.24,22.00
43776094,17.49,34.06,6224.74,2.00
43779094,17.49,34.06,5491.37,7.00
43782094,17.49,34.06,4931.96,0.00
43785094,17.49,34.05,5892.04,7.00
43788094,17.49,34.05,6604.67,0.00
43791094,17.49,34.05,4632.15,7.00
43794094,17.50,34.03,5631.83,10.00
43797094,17.50,34.05,5302.66,0.00
43800094,17.49,34.03,5933.77,0.00
43803094,17.49,34.03,4849.12,11.00
43806094,17.49,34.03,4762.05,7.00
43809094,17.49,34.03,4866.71,1.00
43812094,17.50,34.03,4676.49,7.00
43815094,17.49,34.05,6053.94,7.00
43818094,17.49,34.05,5595.05,7.00
43821094,17.50,34.03,5043.91,2.00
43824094,17.50,34.03,4641.95,6.00
43827094,17.50,34.05,5646.47,2.00
43830094,17.50,34.04,5778.16,10.00
43833094,17.50,34.03,6329.00,8.00
43836094,17.50,34.05,5501.89,5.00
43839094,17.49,34.05,5059.07,7.00
43842094,17.50,34.03,5087.40,8.00
43845094,17.50,34.03,5995.11,1.00
43848094,17.50,34.03,6640.62,1.00
43851094,17.50,34.03,5492.41,5.00
43854094,17.50,34.05,5151.42,2.00
43857094,17.50,34.04,5184.07,8.00
43860094,17.50,34.05,5006.46,3.00
43863094,17.50,34.05,5766.09,2.00
43866094,17.50,34.04,5491.73,10.00
43869094,17.50,34.04,6123.76,5.00
43872094,17.50,34.05,5875.89,7.00
43875094,17.50,34.04,5064.54,6.00
43878094,17.50,34.04,5846.80,2.00
43881094,17.50,34.05,6104.09,6.00
43884094,17.49,34.05,6064.93,7.00
43887094,17.50,34.05,7232.80,7.00
43890094,17.50,34.04,6803.99,0.00
43893094,17.50,34.05,6141.69,2.00
43896094,17.50,34.04,6260.33,1.00
43899094,17.50,34.03,5585.14,1.00
43902094,17.50,34.05,5237.77,1.00
43905094,17.50,34.05,5751.96,5.00
43908094,17.50,34.05,5473.51,1.00
43911094,17.50,34.05,5814.56,13.00
43914094,17.50,34.05,6269.28,1.00
43917094,17.50,34.05,5984.03,2.00
43920094,17.50,34.04,5961.36,0.00
43923094,17.50,34.03,6024.94,5.00
43926094,17.50,34.05,5606.78,0.00
43929094,17.50,34.05,5218.89,7.00
43932094,17.50,34.05,5469.07,9.00
43935094,17.50,34.05,6113.06,0.00
43938094,17.50,34.05,5526.14,2.00
43941094,17.50,34.03,5621.15,5.00
43944094,17.50,34.05,6722.56,9.00
43947094,17.50,34.04,5732.79,5.00
43950094,17.50,34.05,6881.30,1.00
43953094,17.50,34.05,6367.38,8.00
43956094,17.51,34.05,5196.46,6.00
43959094,17.50,34.04,6064.05,5.00
43962094,17.50,34.03,5194.36,2.00
43965094,17.50,34.04,5345.34,6.00
43968094,17.50,34.03,5364.71,2.00
43971094,17.50,34.03,6388.58,8.00
43974094,17.49,34.03,4956.61,6.00
43977094,17.50,34.03,6079.28,0.00
43980094,17.49,34.03,5603.98,0.00
43983094,17.49,34.02,5448.14,8.00
43986094,17.49,34.02,5931.82,6.00
43989094,17.50,34.03,5128.90,0.00
43992094,17.49,34.03,5744.95,7.00
43995094,17.49,34.03,5435.31,4.00
43998094,17.50,34.03,5175.13,14.00
44001094,17.49,34.03,5180.89,8.00
44004094,17.49,34.02,5171.09,0.00
44007094,17.50,34.02,5177.39,7.00
44010094,17.50,34.03,5849.77,0.00
44013094,17.50,34.03,5569.84,6.00
44016094,17.50,34.05,5664.64,1.00
44019094,17.50,34.05,6110.56,6.00
44022094,17.50,34.03,5813.56,8.00
44025094,17.50,34.04,5729.28,5.00
44028094,17.50,34.03,6818.15,0.00
44031094,17.50,34.02,6102.94,2.00
44034094,17.50,34.03,5699.77,0.00
44037094,17.50,34.02,5207.46,13.00
44040094,17.51,34.02,6253.60,7.00
44043094,17.51,34.02,5860.12,11.00
44046094,17.50,34.02,7104.44,6.00
44049094,17.50,34.02,8141.29,1.00
44052094,17.49,34.02,9405.00,0.00
44055094,17.50,34.02,6516.30,5.00
44058094,17.50,34.01,6604.75,1.00
44061094,17.50,34.02,9350.69,0.00
44064094,17.50,34.02,5690.26,2.00
44067094,17.50,34.02,5359.01,1.00
44070094,17.50,34.02,5021.39,1.00
44073094,17.50,34.03,4946.23,1.00
44076094,17.50,34.02,5170.48,1.00
44079094,17.50,34.02,5335.60,0.00
44082094,17.51,34.02,5631.92,3.00
44085094,17.50,34.02,4816.87,6.00
44088094,17.50,34.02,5615.97,7.00
44091094,17.49,34.03,5387.33,1.00
44094094,17.50,34.03,5119.76,0.00
44097094,17.50,34.05,5481.87,7.00
44100094,17.50,34.05,5548.03,1.00
44103094,17.50,34.05,5301.94,5.00
44106094,17.50,34.03,5872.99,7.00
44109094,17.49,34.06,4602.50,0.00
44112094,17.49,34.05,5118.84,0.00
44115094,17.49,34.06,5174.59,0.00
44118094,17.49,34.06,5322.16,0.00
44121094,17.49,34.05,5378.12,7.00
44124094,17.49,34.06,5446.49,0.00
44127094,17.49,34.05,5365.81,0.00
44130094,17.49,34.06,5357.01,2.00
44133094,17.49,34.05,5751.72,5.00
44136094,17.49,34.05,4869.79,1.00
44139094,17.50,34.05,5053.20,5.00
44142094,17.50,34.05,5604.27,7.00
44145094,17.50,34.03,4651.96,5.00
44148094,17.50,34.03,4941.20,7.00
44151094,17.49,34.03,5060.70,5.00
44154094,17.50,34.05,5776.30,0.00
44157094,17.49,34.05,6203.60,2.00
44160094,17.49,34.05,6678.99,0.00
44163094,17.50,34.03,5889.19,7.00
44166094,17.49,34.03,5463.55,2.00
44169094,17.49,34.03,5221.37,0.00
44172094,17.49,34.05,5944.22,6.00
44175094,17.49,34.06,5884.80,1.00
44178094,17.49,34.06,5006.88,0.00
44181094,17.49,34.06,5202.33,7.00
44184094,17.49,34.06,5491.23,0.00
44187094,17.48,34.07,5957.63,0.00
44190094,17.48,34.07,5041.55,6.00
44193094,17.48,34.06,5037.14,1.00
44196094,17.48,34.07,5402.22,7.00
44199094,17.48,34.07,5488.98,1.00
44202094,17.48,34.07,5102.63,2.00
44205094,17.48,34.06,5791.12,7.00
44208094,17.49,34.06,6174.90,5.00
44211094,17.49,34.07,4728.63,1.00
44214094,17.49,34.07,5062.97,5.00
44217094,17.50,34.07,5564.68,7.00
44220094,17.49,34.06,5227.08,5.00
44223094,17.50,34.06,4999.84,9.00
44226094,17.50,34.05,5876.81,0.00
44229094,17.50,34.05,5136.53,7.00
44232094,17.50,34.05,5332.35,0.00
44235094,17.50,34.05,5181.23,8.00
44238094,17.50,34.06,4981.54,5.00
44241094,17.50,34.05,5893.13,8.00
44244094,17.50,34.06,6323.57,6.00
44247094,17.50,34.06,6001.54,1.00
44250094,17.50,34.06,5744.71,1.00
44253094,17.49,34.06,5572.74,1.00
44256094,17.49,34.06,5381.49,0.00
44259094,17.49,34.06,5038.36,6.00
44262094,17.49,34.06,5312.83,5.00
44265094,17.49,34.06,5315.96,1.00
44268094,17.49,34.07,5508.33,1.00
44271094,17.50,34.06,5430.22,0.00
44274094,17.49,34.06,5813.51,1.00
44277094,17.49,34.06,5802.78,10.00
44280094,17.49,34.07,6454.71,10.00
44283094,17.49,34.07,8300.94,0.00
44286094,17.49,34.09,6293.42,5.00
44289094,17.48,34.07,7203.71,23.00
44292094,17.49,34.07,8458.07,5.00
44295094,17.49,34.07,14320.05,5.00
44298094,17.49,34.08,9051.47,7.00
44301094,17.49,34.08,8128.88,6.00
44304094,17.49,34.07,9613.50,2.00
44307094,17.49,34.07,6229.04,5.00
44310094,17.49,34.08,6913.56,6.00
44313094,17.49,34.08,6259.90,6.00
44316094,17.49,34.08,6241.63,7.00
44319094,17.49,34.08,6239.73,0.00
44322094,17.49,34.08,6889.04,6.00
44325094,17.49,34.08,6495.47,6.00
44328094,17.49,34.08,5487.45,6.00
44331094,17.48,34.08,5346.85,1.00
44334094,17.49,34.08,5771.76,7.00
44337094,17.49,34.08,5654.82,2.00
44340094,17.48,34.08,5775.84,1.00
44343094,17.49,34.09,5068.60,5.00
44346094,17.49,34.08,6165.69,7.00
44349094,17.48,34.08,6240.01,7.00
44352094,17.48,34.09,6418.33,0.00
44355094,17.48,34.09,6084.20,26.00
44358094,17.49,34.09,5134.33,6.00
44361094,17.49,34.11,5483.06,8.00
44364094,17.49,34.09,5614.35,6.00
44367094,17.48,34.09,4745.95,1.00
44370094,17.49,34.09,4789.42,0.00
44373094,17.48,34.11,5346.23,0.00
44376094,17.49,34.11,5149.85,27.00
44379094,17.49,34.11,6467.70,2.00
44382094,17.49,34.11,5572.73,2.00
44385094,17.49,34.11,5606.82,0.00
44388094,17.49,34.09,5305.26,6.00
44391094,17.49,34.09,5094.72,0.00
44394094,17.49,34.09,5539.24,5.00
44397094,17.50,34.08,5837.04,0.00
44400094,17.49,34.08,4713.85,0.00
44403094,17.50,34.09,5386.18,8.00
44406094,17.50,34.08,6267.75,7.00
44409094,17.50,34.08,6025.35,11.00
44412094,17.50,34.07,5702.67,7.00
44415094,17.50,34.07,6357.01,0.00
44418094,17.50,34.07,5455.46,5.00
44421094,17.50,34.06,5314.03,6.00
44424094,17.50,34.07,5519.34,0.00
44427094,17.50,34.07,5326.06,11.00
44430094,17.50,34.07,5759.87,0.00
44433094,17.50,34.08,5821.89,5.00
44436094,17.50,34.08,5279.63,5.00
44439094,17.50,34.07,5520.92,22.00
44442094,17.50,34.08,4904.67,1.00
44445094,17.50,34.08,5565.17,8.00
44448094,17.50,34.07,4971.64,6.00
44451094,17.50,34.07,5439.85,24.00
44454094,17.50,34.08,5706.94,0.00
44457094,17.50,34.07,6038.74,5.00
44460094,17.50,34.07,5832.97,1.00
44463094,17.50,34.08,6331.02,0.00
44466094,17.50,34.08,6088.01,1.00
44469094,17.50,34.07,5564.58,0.00
44472094,17.50,34.06,6049.21,11.00
44475094,17.50,34.07,5288.12,6.00
44478094,17.49,34.07,5161.85,1.00
44481094,17.50,34.07,6617.37,6.00
44484094,17.50,34.07,5336.97,2.00
44487094,17.50,34.07,5328.59,5.00
44490094,17.49,34.07,6533.29,0.00
44493094,17.50,34.07,7534.85,2.00
44496094,17.50,34.07,7018.24,0.00
44499094,17.50,34.07,8421.81,1.00
44502094,17.50,34.07,7136.95,0.00
44505094,17.50,34.07,6828.89,0.00
44508094,17.50,34.07,5950.15,6.00
44511094,17.50,34.07,6025.75,7.00
44514094,17.51,34.06,7819.03,1.00
44517094,17.50,34.06,7664.48,2.00
44520094,17.50,34.06,6146.28,7.00
44523094,17.50,34.06,10400.80,5.00
44526094,17.51,34.06,5849.56,0.00
44529094,17.50,34.06,5694.97,4.00
44532094,17.51,34.07,6099.80,2.00
44535094,17.51,34.07,5723.71,8.00
44538094,17.50,34.07,6030.16,8.00
44541094,17.50,34.06,5124.83,0.00
44544094,17.50,34.06,6374.44,7.00
44547094,17.51,34.06,5625.23,2.00
44550094,17.51,34.06,5502.33,0.00
44553094,17.51,34.06,4903.09,22.00
44556094,17.50,34.05,5023.43,8.00
44559094,17.51,34.06,5540.81,8.00
44562094,17.51,34.05,5576.95,8.00
44565094,17.52,34.05,5597.64,0.00
44568094,17.51,34.05,4852.97,5.00
44571094,17.51,34.05,5241.07,7.00
44574094,17.51,34.05,5881.76,1.00
44577094,17.51,34.05,5866.79,5.00
44580094,17.51,34.05,4928.54,2.00
44583094,17.51,34.05,4252.00,0.00
44586094,17.51,34.04,4885.15,0.00
44589094,17.51,34.05,5795.49,7.00
44592094,17.52,34.05,5351.69,1.00
44595094,17.51,34.05,5346.56,0.00
44598094,17.51,34.04,6254.04,7.00
44601094,17.51,34.06,6286.45,8.00
44604094,17.52,34.05,5760.63,0.00
44607094,17.52,34.04,5907.99,3.00
44610094,17.51,34.05,6095.91,2.00
44613094,17.51,34.05,5163.60,6.00
44616094,17.52,34.06,6930.09,27.00
44619094,17.51,34.05,5419.54,12.00
44622094,17.51,34.06,5575.69,3.00
44625094,17.51,34.05,5334.69,7.00
44628094,17.51,34.05,5310.69,0.00
44631094,17.51,34.05,5582.12,0.00
44634094,17.51,34.05,5206.46,2.00
44637094,17.51,34.05,5423.47,6.00
44640094,17.51,34.05,4685.02,0.00
44643094,17.51,34.05,5453.60,1.00
44646094,17.51,34.05,5316.36,6.00
44649094,17.50,34.05,4853.12,7.00
44652094,17.51,34.05,5484.12,0.00
44655094,17.51,34.05,6717.34,0.00
44658094,17.51,34.05,6949.72,10.00
44661094,17.50,34.05,5291.29,6.00
44664094,17.51,34.06,4897.12,5.00
44667094,17.51,34.05,4861.81,10.00
44670094,17.51,34.04,6234.65,6.00
44673094,17.50,34.05,7105.92,6.00
44676094,17.51,34.05,7087.03,6.00
44679094,17.51,34.04,8609.41,2.00
44682094,17.51,34.04,7858.82,0.00
44685094,17.51,34.05,6601.90,8.00
44688094,17.51,34.04,8646.33,7.00
44691094,17.51,34.04,6863.12,8.00
44694094,17.51,34.04,6211.18,1.00
44697094,17.51,34.05,5422.19,12.00
44700094,17.51,34.05,5893.30,2.00
44703094,17.51,34.05,5905.69,7.00
44706094,17.52,34.05,5373.37,6.00
44709094,17.52,34.06,5403.59,1.00
44712094,17.51,34.06,5952.15,5.00
44715094,17.51,34.05,5153.38,1.00
44718094,17.51,34.05,6527.07,2.00
44721094,17.51,34.05,6097.86,1.00
44724094,17.51,34.06,6128.10,2.00
44727094,17.52,34.06,6771.30,0.00
44730094,17.52,34.06,5532.44,0.00
44733094,17.51,34.07,4858.17,2.00
44736094,17.52,34.05,6171.48,6.00
44739094,17.51,34.06,5172.49,1.00
44742094,17.51,34.06,5446.92,7.00
44745094,17.51,34.07,5343.05,0.00
44748094,17.51,34.07,5559.27,2.00
44751094,17.51,34.07,5288.53,7.00
44754094,17.51,34.06,5022.96,0.00
44757094,17.52,34.06,4761.95,6.00
44760094,17.51,34.07,5597.16,6.00
44763094,17.52,34.06,6619.70,8.00
44766094,17.52,34.07,5967.77,0.00
44769094,17.52,34.07,6248.13,0.00
44772094,17.51,34.06,7198.37,2.00
44775094,17.51,34.07,6376.89,6.00
44778094,17.51,34.07,5411.60,8.00
44781094,17.52,34.06,6865.36,7.00
44784094,17.52,34.06,6657.52,7.00
44787094,17.52,34.08,8904.75,15.00
44790094,17.51,34.08,7305.44,7.00
44793094,17.51,34.08,5838.98,5.00
44796094,17.51,34.07,7265.43,0.00
44799094,17.51,34.08,6495.10,2.00
44802094,17.51,34.07,6502.52,0.00
44805094,17.51,34.07,6317.27,7.00
44808094,17.51,34.07,6879.89,9.00
44811094,17.51,34.08,6133.39,6.00
44814094,17.50,34.07,5826.41,5.00
44817094,17.51,34.07,6309.05,5.00
44820094,17.51,34.07,12653.59,5.00
44823094,17.51,34.06,7379.51,1.00
44826094,17.51,34.06,9245.38,7.00
44829094,17.51,34.07,8326.73,1.00
44832094,17.51,34.07,5427.88,0.00
44835094,17.52,34.07,7252.86,1.00
44838094,17.51,34.07,6843.65,7.00
44841094,17.51,34.07,10050.42,6.00
44844094,17.51,34.07,8914.50,0.00
44847094,17.51,34.06,7994.38,6.00
44850094,17.51,34.06,8593.91,1.00
44853094,17.51,34.07,7115.85,1.00
44856094,17.52,34.06,5225.92,6.00
44859094,17.51,34.07,5949.84,7.00
44862094,17.51,34.07,17266.77,0.00
44865094,17.51,34.07,5580.94,6.00
44868094,17.51,34.07,5921.81,0.00
44871094,17.51,34.07,5670.64,5.00
44874094,17.51,34.08,5603.99,0.00
44877094,17.51,34.08,5933.18,7.00
44880094,17.50,34.08,4803.58,6.00
44883094,17.51,34.08,5869.49,11.00
44886094,17.50,34.07,6980.76,6.00
44889094,17.50,34.08,5868.85,0.00
44892094,17.51,34.08,5691.63,6.00
44895094,17.51,34.08,5423.95,8.00
44898094,17.50,34.08,4921.73,1.00
44901094,17.50,34.08,5443.67,2.00
44904094,17.50,34.08,5244.58,5.00
44907094,17.51,34.08,4803.22,0.00
44910094,17.51,34.08,5263.86,1.00
44913094,17.51,34.08,5430.07,13.00
44916094,17.51,34.08,5519.48,0.00
44919094,17.50,34.08,6710.29,0.00
44922094,17.51,34.10,5193.22,6.00
44925094,17.51,34.10,6293.70,5.00
44928094,17.51,34.08,5867.51,1.00
44931094,17.51,34.08,5956.68,6.00
44934094,17.51,34.08,6392.07,6.00
44937094,17.51,34.08,5590.37,1.00
44940094,17.51,34.08,6509.94,7.00
44943094,17.50,34.08,6622.34,7.00
44946094,17.51,34.08,7537.89,7.00
44949094,17.51,34.08,6726.62,9.00
44952094,17.51,34.10,6920.21,1.00
44955094,17.51,34.10,7434.21,6.00
44958094,17.51,34.10,7330.18,6.00
44961094,17.51,34.08,6047.69,6.00
44964094,17.52,34.08,6080.48,0.00
44967094,17.51,34.08,6233.43,1.00
44970094,17.51,34.10,6849.13,1.00
44973094,17.51,34.10,6555.94,5.00
44976094,17.51,34.11,6778.45,2.00
44979094,17.51,34.10,7269.66,6.00
44982094,17.51,34.10,5960.83,7.00
44985094,17.51,34.11,5984.06,6.00
44988094,17.51,34.10,5599.58,0.00
44991094,17.51,34.11,5485.38,8.00
44994094,17.51,34.11,5577.11,10.00
44997094,17.51,34.10,7038.73,6.00
45000094,17.51,34.10,5896.91,0.00
45003094,17.52,34.10,5437.93,0.00
45006094,17.51,34.10,5328.67,0.00
45009094,17.52,34.08,5250.71,6.00
45012094,17.51,34.08,5623.61,9.00
45015094,17.52,34.08,5378.42,5.00
45018094,17.52,34.08,4996.51,5.00
45021094,17.52,34.08,5013.77,5.00
45024094,17.52,34.08,5168.19,0.00
45027094,17.52,34.07,6116.44,1.00
45030094,17.52,34.08,5360.09,2.00
45033094,17.52,34.07,6024.38,6.00
45036094,17.52,34.07,5969.94,6.00
45039094,17.52,34.07,5759.54,6.00
45042094,17.52,34.06,6118.07,0.00
45045094,17.52,34.06,6318.56,7.00
45048094,17.52,34.06,5539.27,10.00
45051094,17.53,34.06,4829.74,0.00
45054094,17.52,34.06,5434.63,5.00
45057094,17.53,34.06,5770.56,2.00
45060094,17.53,34.05,5724.03,6.00
45063094,17.52,34.05,5329.44,6.00
45066094,17.52,34.05,6144.17,0.00
45069094,17.52,34.06,5976.66,1.00
45072094,17.53,34.06,5348.14,1.00
45075094,17.52,34.05,6411.02,0.00
45078094,17.52,34.05,7127.71,6.00
45081094,17.52,34.05,5929.63,25.00
45084094,17.52,34.05,6557.31,5.00
45087094,17.53,34.04,6300.70,0.00
45090094,17.52,34.05,6097.11,0.00
45093094,17.52,34.05,5418.83,6.00
45096094,17.53,34.05,5775.23,8.00
45099094,17.52,34.05,6760.70,0.00
45102094,17.52,34.06,6214.53,4.00
45105094,17.52,34.05,6730.84,2.00
45108094,17.52,34.06,5288.85,1.00
45111094,17.52,34.05,6204.88,9.00
45114094,17.53,34.04,5112.53,7.00
45117094,17.52,34.05,5510.16,2.00
45120094,17.52,34.05,6211.12,2.00
45123094,17.52,34.04,5345.29,7.00
45126094,17.52,34.05,5096.39,0.00
45129094,17.52,34.05,5278.70,11.00
45132094,17.53,34.05,5346.40,7.00
45135094,17.52,34.05,5325.34,6.00
45138094,17.52,34.05,5212.97,1.00
45141094,17.52,34.06,4872.39,5.00
45144094,17.52,34.06,5015.31,10.00
45147094,17.52,34.06,5916.71,2.00
45150094,17.52,34.06,5550.43,5.00
45153094,17.52,34.06,5918.97,0.00
45156094,17.52,34.06,9125.17,8.00
45159094,17.52,34.06,8090.34,5.00
45162094,17.52,34.07,6751.87,0.00
45165094,17.52,34.06,6167.30,7.00
45168094,17.52,34.06,5937.92,5.00
45171094,17.52,34.05,6798.23,7.00
45174094,17.52,34.06,6220.54,6.00
45177094,17.52,34.06,6481.07,0.00
45180094,17.53,34.06,5402.81,7.00
45183094,17.52,34.07,6002.67,3.00
45186094,17.53,34.06,5334.62,1.00
45189094,17.53,34.06,5475.03,5.00
45192094,17.52,34.06,5434.43,0.00
45195094,17.52,34.06,5398.22,7.00
45198094,17.52,34.06,4947.92,5.00
45201094,17.52,34.05,5645.19,0.00
45204094,17.52,34.06,5267.21,0.00
45207094,17.52,34.06,4900.64,5.00
45210094,17.52,34.07,5036.50,13.00
45213094,17.52,34.07,5428.27,4.00
45216094,17.53,34.07,5235.52,2.00
45219094,17.52,34.07,5582.98,6.00
45222094,17.53,34.06,5048.41,1.00
45225094,17.52,34.06,6003.17,1.00
45228094,17.52,34.06,5810.31,1.00
45231094,17.53,34.06,8426.98,2.00
45234094,17.53,34.07,7279.62,0.00
45237094,17.53,34.06,4865.05,6.00
45240094,17.53,34.07,4887.96,6.00
45243094,17.53,34.06,5198.22,11.00
45246094,17.53,34.06,5660.48,11.00
45249094,17.53,34.06,5521.87,1.00
45252094,17.53,34.06,5188.19,7.00
45255094,17.53,34.05,6473.72,8.00
45258094,17.53,34.05,5713.02,0.00
45261094,17.53,34.05,5903.01,8.00
45264094,17.54,34.05,5608.94,0.00
45267094,17.54,34.05,5600.12,0.00
45270094,17.54,34.05,5703.33,1.00
45273094,17.54,34.05,6084.80,0.00
45276094,17.54,34.04,5877.96,0.00
45279094,17.54,34.04,6997.96,3.00
45282094,17.54,34.03,5815.02,0.00
45285094,17.55,34.03,7197.33,0.00
45288094,17.55,34.03,5857.99,7.00
45291094,17.55,34.03,5845.17,2.00
45294094,17.55,34.01,5417.30,13.00
45297094,17.55,34.01,5616.39,2.00
45300094,17.55,34.03,4566.85,7.00
45303094,17.55,34.01,5141.38,2.00
45306094,17.56,34.01,5027.11,6.00
45309094,17.55,34.01,4934.31,9.00
45312094,17.56,34.01,5195.49,6.00
45315094,17.55,34.01,5310.10,2.00
45318094,17.56,34.00,4837.63,10.00
45321094,17.56,34.01,5866.83,0.00
45324094,17.56,34.00,5050.03,1.00
45327094,17.56,34.00,4929.50,1.00
45330094,17.56,34.00,5243.04,3.00
45333094,17.57,33.99,4539.53,0.00
45336094,17.56,33.99,4833.93,6.00
45339094,17.56,33.99,5074.89,6.00
45342094,17.56,33.99,7954.98,6.00
45345094,17.57,33.98,7708.43,14.00
45348094,17.56,33.99,5450.82,6.00
45351094,17.56,33.98,6666.09,5.00
45354094,17.56,33.99,8403.47,5.00
45357094,17.56,33.99,7201.58,6.00
45360094,17.56,34.00,6172.57,0.00
45363094,17.56,33.99,5456.62,0.00
45366094,17.56,33.99,5511.75,0.00
45369094,17.56,33.98,5606.43,1.00
45372094,17.56,33.98,5035.75,0.00
45375094,17.56,33.99,5627.23,10.00
45378094,17.56,33.99,5294.60,6.00
45381094,17.56,33.99,5237.61,10.00
45384094,17.56,33.99,5960.83,6.00
45387094,17.56,34.00,5235.63,0.00
45390094,17.56,34.00,6551.21,7.00
45393094,17.56,34.00,5954.44,8.00
45396094,17.56,34.00,6095.29,0.00
45399094,17.56,34.00,6523.37,7.00
45402094,17.56,34.00,5672.34,2.00
45405094,17.56,34.00,6843.72,1.00
45408094,17.56,34.00,5884.56,0.00
45411094,17.55,34.00,6097.63,0.00
45414094,17.56,33.99,6050.30,2.00
45417094,17.56,34.01,6470.65,7.00
45420094,17.56,34.01,6488.90,6.00
45423094,17.56,34.00,5477.10,0.00
45426094,17.55,34.00,5942.27,0.00
45429094,17.55,34.01,6235.45,8.00
45432094,17.55,34.01,6034.89,7.00
45435094,17.54,34.01,6000.37,0.00
45438094,17.55,34.03,6174.92,0.00
45441094,17.54,34.01,6174.56,0.00
45444094,17.55,34.01,5493.98,1.00
45447094,17.55,34.01,6283.77,0.00
45450094,17.55,34.01,5687.38,0.00
45453094,17.55,34.01,6982.51,0.00
45456094,17.55,34.01,6972.35,5.00
45459094,17.55,34.01,7047.34,1.00
45462094,17.55,34.01,7171.85,7.00
45465094,17.55,34.01,6563.89,16.00
45468094,17.55,34.01,6539.81,8.00
45471094,17.55,34.03,6256.52,6.00
45474094,17.55,34.03,6184.16,13.00
45477094,17.54,34.03,6268.66,0.00
45480094,17.55,34.04,6292.09,6.00
45483094,17.54,34.03,5118.24,12.00
45486094,17.55,34.04,5961.01,6.00
45489094,17.53,34.04,5930.21,0.00
45492094,17.53,34.05,5414.87,6.00
45495094,17.54,34.05,5764.71,7.00
45498094,17.54,34.05,5971.01,6.00
45501094,17.53,34.04,5805.25,0.00
45504094,17.53,34.04,5825.75,7.00
45507094,17.53,34.04,5822.60,0.00
45510094,17.53,34.04,5767.59,1.00
45513094,17.53,34.04,5677.97,1.00
45516094,17.53,34.05,5358.58,2.00
45519094,17.52,34.05,5465.80,2.00
45522094,17.53,34.04,6380.74,0.00
45525094,17.53,34.05,5853.30,6.00
45528094,17.53,34.05,6530.26,6.00
45531094,17.53,34.04,6183.73,2.00
45534094,17.53,34.05,6802.15,5.00
45537094,17.53,34.05,6656.91,5.00
45540094,17.53,34.05,6454.94,11.00
45543094,17.52,34.06,6841.39,0.00
45546094,17.52,34.05,6099.49,1.00
45549094,17.52,34.05,6993.68,7.00
45552094,17.52,34.05,6181.55,2.00
45555094,17.52,34.05,6522.72,6.00
45558094,17.52,34.06,6444.09,8.00
45561094,17.52,34.05,5499.02,0.00
45564094,17.52,34.06,5948.40,0.00
45567094,17.52,34.05,5838.46,1.00
45570094,17.53,34.06,6266.61,11.00
45573094,17.52,34.05,4879.66,0.00
45576094,17.52,34.04,5294.27,1.00
45579094,17.52,34.04,6897.69,0.00
45582094,17.52,34.05,5462.30,11.00
45585094,17.52,34.06,5392.40,7.00
45588094,17.52,34.05,6332.13,5.00
45591094,17.52,34.06,6790.19,6.00
45594094,17.52,34.06,7177.23,10.00
45597094,17.52,34.05,5348.04,2.00
45600094,17.52,34.05,5953.41,6.00
45603094,17.53,34.05,6206.52,5.00
45606094,17.52,34.05,7470.25,0.00
45609094,17.53,34.06,6201.11,0.00
45612094,17.53,34.05,5963.06,0.00
45615094,17.53,34.05,7584.17,0.00
45618094,17.53,34.05,6271.22,1.00
45621094,17.53,34.04,5472.85,6.00
45624094,17.53,34.05,6120.44,5.00
45627094,17.53,34.04,5910.64,7.00
45630094,17.53,34.04,5890.35,5.00
45633094,17.53,34.04,7016.57,7.00
45636094,17.53,34.04,6248.58,0.00
45639094,17.53,34.04,5889.21,4.00
45642094,17.53,34.04,5052.69,7.00
45645094,17.53,34.04,6228.53,6.00
45648094,17.53,34.04,6128.97,0.00
45651094,17.53,34.05,6267.41,7.00
45654094,17.53,34.04,6312.57,6.00
45657094,17.53,34.05,6043.98,1.00
45660094,17.53,34.04,12457.86,5.00
45663094,17.54,34.04,6520.23,0.00
45666094,17.54,34.04,6156.09,7.00
45669094,17.54,34.05,5651.93,6.00
45672094,17.54,34.05,6392.07,4.00
45675094,17.53,34.05,6698.01,0.00
45678094,17.53,34.06,5771.63,4.00
45681094,17.53,34.06,5451.59,0.00
45684094,17.53,34.05,5272.45,0.00
45687094,17.54,34.06,5768.62,0.00
45690094,17.54,34.05,5266.39,6.00
45693094,17.53,34.05,5248.10,8.00
45696094,17.53,34.05,4950.64,0.00
45699094,17.53,34.05,5344.45,0.00
45702094,17.53,34.04,4996.85,2.00
45705094,17.53,34.05,5010.12,2.00
45708094,17.53,34.05,5009.15,2.00
45711094,17.53,34.04,5363.43,0.00
45714094,17.54,34.03,5709.20,0.00
45717094,17.54,34.04,6465.22,6.00
45720094,17.54,34.04,7229.18,6.00
45723094,17.53,34.04,7225.75,2.00
45726094,17.53,34.04,6659.28,1.00
45729094,17.53,34.04,6764.09,5.00
45732094,17.54,34.05,5489.50,7.00
45735094,17.53,34.04,5825.98,5.00
45738094,17.54,34.03,5749.58,1.00
45741094,17.54,34.04,6369.25,2.00
45744094,17.54,34.04,5360.50,5.00
45747094,17.54,34.04,5256.62,0.00
45750094,17.54,34.04,5039.59,7.00
45753094,17.54,34.05,5919.55,8.00
45756094,17.55,34.05,5896.89,1.00
45759094,17.55,34.05,6009.26,0.00
45762094,17.55,34.06,5401.39,7.00
45765094,17.55,34.05,4968.97,7.00
45768094,17.55,34.05,6644.68,6.00
45771094,17.54,34.06,5697.65,5.00
45774094,17.54,34.05,5462.64,4.00
45777094,17.54,34.05,5798.03,6.00
45780094,17.54,34.05,6163.46,5.00
45783094,17.54,34.05,5840.14,0.00
45786094,17.54,34.06,7219.36,2.00
45789094,17.54,34.05,8345.76,0.00
45792094,17.54,34.05,5446.28,1.00
45795094,17.55,34.06,6290.38,2.00
45798094,17.55,34.05,6242.72,6.00
45801094,17.55,34.05,6827.58,12.00
45804094,17.54,34.05,7255.20,10.00
45807094,17.54,34.04,5716.05,7.00
45810094,17.54,34.04,5972.44,5.00
45813094,17.54,34.05,6521.35,4.00
45816094,17.54,34.05,5193.39,6.00
45819094,17.54,34.05,6110.97,7.00
45822094,17.54,34.04,6364.68,7.00
45825094,17.54,34.05,7141.90,4.00
45828094,17.54,34.04,5014.90,5.00
45831094,17.53,34.05,5551.13,7.00
45834094,17.54,34.05,6180.94,3.00
45837094,17.53,34.05,6122.29,1.00
45840094,17.53,34.05,6310.72,5.00
45843094,17.53,34.05,6337.38,1.00
45846094,17.53,34.05,5425.60,0.00
45849094,17.53,34.05,5597.43,1.00
45852094,17.52,34.05,5766.98,1.00
45855094,17.52,34.05,6573.02,6.00
45858094,17.53,34.05,6072.19,2.00
45861094,17.53,34.06,7431.79,0.00
45864094,17.53,34.06,5679.75,6.00
45867094,17.53,34.05,5642.74,2.00
45870094,17.53,34.05,6914.16,1.00
45873094,17.52,34.06,6211.63,28.00
45876094,17.53,34.06,5887.07,8.00
45879094,17.52,34.06,6160.59,0.00
45882094,17.53,34.06,5943.03,10.00
45885094,17.52,34.06,6264.50,6.00
45888094,17.52,34.06,5500.08,0.00
45891094,17.52,34.06,5908.41,7.00
45894094,17.52,34.05,6829.54,0.00
45897094,17.53,34.05,5830.22,11.00
45900094,17.52,34.05,6854.10,0.00
45903094,17.52,34.05,6148.19,6.00
45906094,17.52,34.06,6079.61,10.00
45909094,17.51,34.05,5899.65,7.00
45912094,17.52,34.05,7092.92,2.00
45915094,17.52,34.05,6059.89,6.00
45918094,17.52,34.05,7190.68,7.00
45921094,17.52,34.04,6529.84,4.00
45924094,17.52,34.04,7940.56,5.00
45927094,17.52,34.05,6954.54,0.00
45930094,17.53,34.04,9934.42,6.00
45933094,17.52,34.04,9290.14,0.00
45936094,17.52,34.04,7143.60,6.00
45939094,17.53,34.05,7245.65,0.00
45942094,17.53,34.05,8139.29,1.00
45945094,17.53,34.05,7054.28,10.00
45948094,17.53,34.05,6854.23,1.00
45951094,17.52,34.04,6458.67,8.00
45954094,17.53,34.05,6691.18,11.00
45957094,17.53,34.04,6320.80,5.00
45960094,17.53,34.03,6473.74,0.00
45963094,17.53,34.04,7283.45,0.00
45966094,17.53,34.04,6059.20,0.00
45969094,17.53,34.04,6381.37,0.00
45972094,17.54,34.04,7474.58,5.00
45975094,17.53,34.04,10927.76,6.00
45978094,17.53,34.04,8255.45,10.00
45981094,17.54,34.04,8734.01,5.00
45984094,17.53,34.03,6983.31,0.00
45987094,17.54,34.03,7139.82,8.00
45990094,17.54,34.03,8635.75,0.00
45993094,17.54,34.03,10344.50,9.00
45996094,17.53,34.04,8339.10,0.00
45999094,17.54,34.03,6860.78,0.00
46002094,17.54,34.04,8003.66,23.00
46005094,17.53,34.03,8869.78,1.00
46008094,17.53,34.04,7877.90,5.00
46011094,17.53,34.03,11136.99,5.00
46014094,17.53,34.04,8387.47,2.00
46017094,17.53,34.03,7417.69,0.00
46020094,17.53,34.04,7460.02,0.00
46023094,17.53,34.04,7911.05,0.00
46026094,17.53,34.04,9361.78,2.00
46029094,17.54,34.04,8236.12,46.00
46032094,17.53,34.04,6798.71,6.00
46035094,17.54,34.04,7570.44,8.00
46038094,17.53,34.04,9433.97,0.00
46041094,17.54,34.04,7879.79,7.00
46044094,17.54,34.04,9461.05,2.00
46047094,17.53,34.04,7204.87,6.00
46050094,17.54,34.03,6944.85,5.00
46053094,17.54,34.03,8316.76,6.00
46056094,17.54,34.04,8094.45,2.00
46059094,17.54,34.03,7603.60,2.00
46062094,17.55,34.03,7014.58,1.00
46065094,17.55,34.01,6822.91,5.00
46068094,17.55,34.01,13373.05,5.00
46071094,17.55,34.01,6623.25,8.00
46074094,17.55,34.00,5635.54,6.00
46077094,17.55,34.00,6908.77,0.00
46080094,17.55,34.00,6637.18,5.00
46083094,17.55,34.01,6582.22,0.00
46086094,17.55,34.01,7737.26,5.00
46089094,17.55,34.01,7603.45,5.00
46092094,17.55,34.00,5944.50,6.00
46095094,17.54,34.00,7371.07,7.00
46098094,17.55,34.00,6283.61,6.00
46101094,17.55,33.99,8141.06,1.00
46104094,17.55,33.99,7701.20,3.00
46107094,17.55,34.00,8202.65,1.00
46110094,17.55,33.99,6606.51,0.00
46113094,17.55,33.98,14501.89,1.00
46116094,17.55,33.99,5018.49,2.00
46119094,17.56,33.98,5399.44,1.00
46122094,17.56,33.99,5481.72,2.00
46125094,17.55,33.98,5012.48,0.00
46128094,17.55,33.98,4711.37,3.00
46131094,17.55,33.98,5176.21,2.00
46134094,17.55,33.97,5979.90,6.00
46137094,17.55,33.98,7807.35,0.00
46140094,17.56,33.98,6660.63,1.00
46143094,17.56,33.98,5771.31,2.00
46146094,17.55,33.97,5863.48,6.00
46149094,17.56,33.96,5923.14,0.00
46152094,17.56,33.94,5270.86,8.00
46155094,17.56,33.96,6864.58,1.00
46158094,17.56,33.96,5625.38,7.00
46161094,17.56,33.96,7356.26,0.00
46164094,17.56,33.96,8056.05,2.00
46167094,17.56,33.94,7037.90,5.00
46170094,17.57,33.93,5803.59,3.00
46173094,17.57,33.93,5549.93,6.00
46176094,17.56,33.93,7472.08,6.00
46179094,17.57,33.93,6681.91,1.00
46182094,17.57,33.93,5221.26,6.00
46185094,17.57,33.93,6682.32,2.00
46188094,17.57,33.93,5439.19,10.00
46191094,17.57,33.92,5405.04,5.00
46194094,17.57,33.92,5925.01,6.00
46197094,17.57,33.92,5824.27,0.00
46200094,17.58,33.92,6173.29,1.00
46203094,17.57,33.91,6323.47,6.00
46206094,17.58,33.91,5607.88,7.00
46209094,17.58,33.92,6700.55,1.00
46212094,17.58,33.91,6599.93,1.00
46215094,17.58,33.91,7436.81,0.00
46218094,17.59,33.91,6705.22,1.00
46221094,17.59,33.90,6155.19,2.00
46224094,17.59,33.91,6697.32,6.00
46227094,17.59,33.90,5555.11,0.00
46230094,17.59,33.90,6102.18,1.00
46233094,17.60,33.90,5670.07,0.00
46236094,17.60,33.90,5592.80,6.00
46239094,17.60,33.90,6216.39,8.00
46242094,17.60,33.89,4878.55,7.00
46245094,17.59,33.90,5719.64,7.00
46248094,17.59,33.90,5633.58,6.00
46251094,17.59,33.90,6141.53,2.00
46254094,17.59,33.90,6131.63,2.00
46257094,17.59,33.90,5679.72,1.00
46260094,17.60,33.90,6016.13,10.00
46263094,17.59,33.91,5612.65,5.00
46266094,17.59,33.91,5945.00,5.00
46269094,17.58,33.91,5295.68,5.00
46272094,17.59,33.91,5178.28,7.00
46275094,17.59,33.91,5818.19,8.00
46278094,17.59,33.91,5612.75,1.00
46281094,17.60,33.90,6654.55,7.00
46284094,17.59,33.90,7373.36,0.00
46287094,17.59,33.91,6679.02,2.00
46290094,17.59,33.91,6581.75,7.00
46293094,17.59,33.91,6532.67,2.00
46296094,17.59,33.92,6453.40,1.00
46299094,17.59,33.92,5661.41,0.00
46302094,17.59,33.92,7318.33,0.00
46305094,17.59,33.92,6934.11,14.00
46308094,17.59,33.92,6912.18,23.00
46311094,17.59,33.93,7118.59,6.00
46314094,17.59,33.93,7310.30,9.00
46317094,17.58,33.93,6342.98,9.00
46320094,17.58,33.92,5850.13,9.00
46323094,17.59,33.92,7150.07,4.00
46326094,17.58,33.92,7464.30,7.00
46329094,17.58,33.92,5938.83,0.00
46332094,17.58,33.93,7776.33,1.00
46335094,17.58,33.93,6411.85,10.00
46338094,17.58,33.93,6097.44,1.00
46341094,17.58,33.93,5716.88,0.00
46344094,17.58,33.93,5940.74,8.00
46347094,17.58,33.94,5995.63,2.00
46350094,17.57,33.94,6175.62,0.00
46353094,17.57,33.93,6662.70,6.00
46356094,17.57,33.93,7139.69,3.00
46359094,17.57,33.93,8097.16,0.00
46362094,17.57,33.93,6648.92,6.00
46365094,17.57,33.93,6714.08,8.00
46368094,17.57,33.93,6023.48,0.00
46371094,17.57,33.93,8765.81,5.00
46374094,17.57,33.93,7157.85,1.00
46377094,17.57,33.93,7471.37,0.00
46380094,17.57,33.93,4939.29,0.00
46383094,17.57,33.92,9467.76,1.00
46386094,17.57,33.93,7756.59,2.00
46389094,17.57,33.94,6321.27,23.00
46392094,17.57,33.93,7256.77,6.00
46395094,17.58,33.93,6671.34,6.00
46398094,17.57,33.93,6861.85,5.00
46401094,17.57,33.93,6524.53,6.00
46404094,17.57,33.93,7169.42,1.00
46407094,17.57,33.93,5917.82,5.00
46410094,17.57,33.92,7359.90,7.00
46413094,17.57,33.93,7067.10,2.00
46416094,17.57,33.93,6461.85,5.00
46419094,17.57,33.93,8240.02,8.00
46422094,17.57,33.93,6619.32,0.00
46425094,17.57,33.93,8711.13,0.00
46428094,17.56,33.93,7737.56,0.00
46431094,17.56,33.93,6598.33,10.00
46434094,17.57,33.94,5498.67,5.00
46437094,17.56,33.94,8001.73,5.00
46440094,17.56,33.92,6794.06,0.00
46443094,17.56,33.93,16563.81,1.00
46446094,17.56,33.94,6923.78,8.00
46449094,17.56,33.93,7970.97,0.00
46452094,17.56,33.94,8352.83,5.00
46455094,17.56,33.94,8675.79,0.00
46458094,17.56,33.93,16668.90,1.00
46461094,17.56,33.93,6753.18,1.00
46464094,17.57,33.94,6812.00,0.00
46467094,17.56,33.93,6595.15,7.00
46470094,17.56,33.93,6099.46,6.00
46473094,17.57,33.93,7241.29,1.00
46476094,17.57,33.93,7763.57,8.00
46479094,17.57,33.93,6947.60,6.00
46482094,17.57,33.93,10251.20,0.00
46485094,17.57,33.93,7458.92,6.00
46488094,17.57,33.93,7293.05,2.00
46491094,17.57,33.93,9139.16,0.00
46494094,17.58,33.93,12628.09,8.00
46497094,17.57,33.93,8031.69,11.00
46500094,17.57,33.93,6438.86,0.00
46503094,17.57,33.92,6294.62,5.00
46506094,17.58,33.92,6170.17,6.00
46509094,17.58,33.92,6320.18,7.00
46512094,17.58,33.91,6763.67,0.00
46515094,17.58,33.91,7564.35,13.00
46518094,17.58,33.92,5427.14,7.00
46521094,17.59,33.91,8017.48,5.00
46524094,17.59,33.92,9622.04,5.00
46527094,17.59,33.92,7132.83,2.00
46530094,17.59,33.91,8297.51,0.00
46533094,17.59,33.91,9064.22,6.00
46536094,17.59,33.91,8867.42,2.00
46539094,17.59,33.91,6446.09,0.00
46542094,17.59,33.91,6670.93,5.00
46545094,17.58,33.91,21218.28,6.00
46548094,17.58,33.92,7972.87,6.00
46551094,17.58,33.91,6615.28,7.00
46554094,17.58,33.91,6012.67,5.00
46557094,17.58,33.91,5663.12,27.00
46560094,17.58,33.91,5546.86,2.00
46563094,17.58,33.91,7482.97,6.00
46566094,17.58,33.92,6612.55,10.00
46569094,17.58,33.92,5832.81,0.00
46572094,17.59,33.92,5358.31,0.00
46575094,17.59,33.92,5637.24,5.00
46578094,17.58,33.92,5812.29,6.00
46581094,17.59,33.93,6512.43,5.00
46584094,17.58,33.93,6031.87,6.00
46587094,17.59,33.92,6284.74,5.00
46590094,17.59,33.91,6599.58,11.00
46593094,17.59,33.92,6652.22,0.00
46596094,17.59,33.91,7017.16,26.00
46599094,17.59,33.91,7136.41,6.00
46602094,17.59,33.92,6548.90,5.00
46605094,17.59,33.91,7938.05,0.00
46608094,17.59,33.91,8778.57,8.00
46611094,17.59,33.90,7371.48,0.00
46614094,17.59,33.90,6990.49,0.00
46617094,17.59,33.90,8329.26,1.00
46620094,17.59,33.88,5842.85,2.00
46623094,17.59,33.88,7407.49,6.00
46626094,17.59,33.89,7901.66,6.00
46629094,17.60,33.89,7057.82,0.00
46632094,17.60,33.87,6783.11,0.00
46635094,17.60,33.87,7838.02,7.00
46638094,17.60,33.86,5718.46,6.00
46641094,17.59,33.87,7715.56,0.00
46644094,17.60,33.86,8252.78,22.00
46647094,17.60,33.86,6107.23,11.00
46650094,17.60,33.87,10482.07,6.00
46653094,17.60,33.86,7461.76,2.00
46656094,17.61,33.86,6165.85,6.00
46659094,17.60,33.86,7038.57,0.00
46662094,17.60,33.86,6769.71,2.00
46665094,17.60,33.86,5571.78,1.00
46668094,17.60,33.87,5809.42,0.00
46671094,17.60,33.86,7021.27,5.00
46674094,17.60,33.87,5715.60,2.00
46677094,17.60,33.87,9587.44,7.00
46680094,17.60,33.89,6949.82,1.00
46683094,17.60,33.87,7798.26,7.00
46686094,17.59,33.87,6117.66,6.00
46689094,17.60,33.87,6064.29,11.00
46692094,17.60,33.86,4858.91,2.00
46695094,17.59,33.87,6948.35,0.00
46698094,17.59,33.87,6066.88,1.00
46701094,17.59,33.87,5475.54,6.00
46704094,17.59,33.86,6967.87,7.00
46707094,17.59,33.87,7136.99,6.00
46710094,17.59,33.86,6323.32,8.00
46713094,17.59,33.87,5148.96,8.00
46716094,17.59,33.87,5580.11,0.00
46719094,17.59,33.86,5767.34,6.00
46722094,17.59,33.86,7913.51,9.00
46725094,17.59,33.86,9817.92,0.00
46728094,17.59,33.87,9786.35,6.00
46731094,17.59,33.85,8731.78,8.00
46734094,17.59,33.86,18277.50,0.00
46737094,17.59,33.86,7386.05,1.00
46740094,17.58,33.86,7642.78,7.00
46743094,17.58,33.87,12224.47,7.00
46746094,17.58,33.87,8020.64,7.00
46749094,17.58,33.87,7977.78,8.00
46752094,17.58,33.87,6549.66,6.00
46755094,17.58,33.87,6142.48,4.00
46758094,17.59,33.87,6607.25,0.00
46761094,17.59,33.87,6435.31,7.00
46764094,17.59,33.87,7466.19,2.00
46767094,17.59,33.88,6902.47,1.00
46770094,17.59,33.86,8008.58,0.00
46773094,17.59,33.87,9322.65,0.00
46776094,17.59,33.87,9106.46,1.00
46779094,17.59,33.87,17014.61,5.00
46782094,17.58,33.87,6663.34,5.00
46785094,17.59,33.87,7296.30,8.00
46788094,17.59,33.87,8272.92,1.00
46791094,17.59,33.87,8577.80,6.00
46794094,17.59,33.87,7264.77,6.00
46797094,17.59,33.87,7515.10,7.00
46800094,17.59,33.85,6471.03,9.00
46803094,17.59,33.86,11000.06,10.00
46806094,17.59,33.86,6792.62,2.00
46809094,17.58,33.86,10855.64,11.00
46812094,17.59,33.86,5740.94,0.00
46815094,17.59,33.85,6855.82,7.00
46818094,17.59,33.85,7730.97,6.00
46821094,17.59,33.85,6558.34,0.00
46824094,17.60,33.86,6219.30,6.00
46827094,17.59,33.86,7921.96,11.00
46830094,17.59,33.86,8494.87,27.00
46833094,17.59,33.86,8918.22,5.00
46836094,17.59,33.86,6874.76,0.00
46839094,17.59,33.86,7832.36,2.00
46842094,17.59,33.86,7970.31,5.00
46845094,17.59,33.86,7474.10,1.00
46848094,17.59,33.86,7179.03,7.00
46851094,17.59,33.86,6973.50,1.00
46854094,17.59,33.86,6795.47,0.00
46857094,17.58,33.86,6812.38,0.00
46860094,17.59,33.86,7169.30,6.00
46863094,17.59,33.86,7058.43,0.00
46866094,17.59,33.86,7795.39,1.00
46869094,17.58,33.87,8251.83,10.00
46872094,17.58,33.87,6729.57,2.00
46875094,17.58,33.87,6579.67,0.00
46878094,17.58,33.86,7160.33,5.00
46881094,17.58,33.87,6044.80,0.00
46884094,17.58,33.86,7940.55,8.00
46887094,17.58,33.86,6096.82,0.00
46890094,17.59,33.86,6387.09,0.00
46893094,17.59,33.86,6586.11,1.00
46896094,17.58,33.85,6078.83,1.00
46899094,17.58,33.85,5839.17,1.00
46902094,17.58,33.86,7543.59,0.00
46905094,17.58,33.86,6451.23,0.00
46908094,17.58,33.86,7469.00,12.00
46911094,17.58,33.86,6226.71,5.00
46914094,17.59,33.86,6447.18,0.00
46917094,17.58,33.86,5563.40,8.00
46920094,17.58,33.86,6065.23,10.00
46923094,17.58,33.86,5448.27,11.00
46926094,17.57,33.86,5577.68,2.00
46929094,17.58,33.86,5767.40,1.00
46932094,17.58,33.86,5831.75,0.00
46935094,17.57,33.86,6353.25,2.00
46938094,17.58,33.86,7160.19,7.00
46941094,17.58,33.86,8860.12,7.00
46944094,17.57,33.86,6890.07,5.00
46947094,17.57,33.86,6864.62,2.00
46950094,17.58,33.86,6754.26,0.00
46953094,17.58,33.86,5823.03,5.00
46956094,17.58,33.86,5648.94,0.00
46959094,17.58,33.86,5304.07,2.00
46962094,17.58,33.86,5724.60,2.00
46965094,17.58,33.86,6863.49,2.00
46968094,17.59,33.86,6109.93,1.00
46971094,17.59,33.86,7723.26,7.00
46974094,17.58,33.86,6198.54,8.00
46977094,17.59,33.86,5822.57,1.00
46980094,17.59,33.85,6751.57,0.00
46983094,17.59,33.85,6259.66,7.00
46986094,17.59,33.85,6181.23,0.00
46989094,17.59,33.86,6062.08,8.00
46992094,17.58,33.86,5699.33,0.00
46995094,17.59,33.86,7799.73,5.00
46998094,17.58,33.86,5167.51,7.00
47001094,17.58,33.85,6427.05,2.00
47004094,17.58,33.86,6400.37,5.00
47007094,17.58,33.85,6156.31,5.00
47010094,17.57,33.86,5542.75,10.00
47013094,17.57,33.86,5788.02,0.00
47016094,17.57,33.86,7736.21,8.00
47019094,17.57,33.86,6184.31,7.00
47022094,17.57,33.86,11088.72,25.00
47025094,17.57,33.86,6888.77,0.00
47028094,17.57,33.86,6099.20,1.00
47031094,17.56,33.86,6278.75,5.00
47034094,17.56,33.86,8554.27,0.00
47037094,17.57,33.85,6492.04,0.00
47040094,17.57,33.85,6904.97,6.00
47043094,17.56,33.85,7555.34,1.00
47046094,17.56,33.86,6266.10,9.00
47049094,17.56,33.86,10549.54,0.00
47052094,17.56,33.87,6384.16,6.00
47055094,17.56,33.86,5719.28,3.00
47058094,17.56,33.86,6434.24,0.00
47061094,17.56,33.86,6869.74,7.00
47064094,17.56,33.86,8466.44,2.00
47067094,17.56,33.86,9094.53,1.00
47070094,17.56,33.88,8205.27,11.00
47073094,17.56,33.88,9452.79,7.00
47076094,17.56,33.88,7953.66,1.00
47079094,17.56,33.87,11286.43,0.00
47082094,17.55,33.87,9726.08,0.00
47085094,17.56,33.86,8157.92,2.00
47088094,17.56,33.86,8963.98,8.00
47091094,17.56,33.86,15272.70,5.00
47094094,17.56,33.86,7712.19,0.00
47097094,17.56,33.85,6813.02,1.00
47100094,17.56,33.85,7740.56,7.00
47103094,17.56,33.85,8039.83,1.00
47106094,17.56,33.86,5283.48,0.00
47109094,17.56,33.87,6883.38,8.00
47112094,17.56,33.86,6755.43,2.00
47115094,17.56,33.86,6443.19,0.00
47118094,17.56,33.86,7019.27,0.00
47121094,17.57,33.86,6904.32,0.00
47124094,17.57,33.85,6857.35,1.00
47127094,17.57,33.83,6451.14,8.00
47130094,17.57,33.83,8137.29,6.00
47133094,17.58,33.83,8259.67,7.00
47136094,17.57,33.83,6921.44,5.00
47139094,17.57,33.83,9090.88,1.00
47142094,17.57,33.85,8400.25,6.00
47145094,17.57,33.83,10446.30,8.00
47148094,17.57,33.83,7968.69,0.00
47151094,17.57,33.83,7959.23,0.00
47154094,17.57,33.83,7742.42,0.00
47157094,17.57,33.83,7507.46,9.00
47160094,17.57,33.83,6812.19,3.00
47163094,17.57,33.83,7125.19,2.00
47166094,17.57,33.83,7884.91,7.00
47169094,17.57,33.83,9262.24,6.00
47172094,17.57,33.83,6625.51,2.00
47175094,17.57,33.85,6660.93,8.00
47178094,17.57,33.83,5624.04,1.00
47181094,17.57,33.82,20263.98,6.00
47184094,17.57,33.83,6450.71,8.00
47187094,17.57,33.83,9939.68,0.00
47190094,17.56,33.83,6858.54,0.00
47193094,17.57,33.83,6042.30,7.00
47196094,17.57,33.83,5916.00,6.00
47199094,17.57,33.82,6185.49,6.00
47202094,17.57,33.82,6234.62,6.00
47205094,17.57,33.81,6418.08,7.00
47208094,17.58,33.81,6836.51,2.00
47211094,17.57,33.82,6085.88,12.00
47214094,17.58,33.81,5009.19,1.00
47217094,17.58,33.81,5636.43,9.00
47220094,17.58,33.81,6988.04,0.00
47223094,17.58,33.80,6853.03,0.00
47226094,17.58,33.80,5588.29,2.00
47229094,17.57,33.80,5604.06,9.00
47232094,17.57,33.80,7163.83,3.00
47235094,17.58,33.80,7974.91,5.00
47238094,17.57,33.80,5543.25,7.00
47241094,17.58,33.81,6265.70,1.00
47244094,17.58,33.80,7503.94,1.00
47247094,17.58,33.82,6567.25,6.00
47250094,17.58,33.80,5779.18,6.00
47253094,17.58,33.77,5870.98,8.00
47256094,17.58,33.79,5709.80,0.00
47259094,17.58,33.79,5228.54,1.00
47262094,17.58,33.78,6545.98,2.00
47265094,17.58,33.78,6665.20,6.00
47268094,17.58,33.76,5742.95,5.00
47271094,17.58,33.79,6399.79,6.00
47274094,17.57,33.79,5403.67,6.00
47277094,17.57,33.79,5992.37,0.00
47280094,17.58,33.79,6427.91,3.00
47283094,17.57,33.80,6427.33,1.00
47286094,17.57,33.79,6568.62,6.00
47289094,17.57,33.79,6859.57,7.00
47292094,17.57,33.80,6274.20,0.00
47295094,17.57,33.79,6737.78,2.00
47298094,17.57,33.77,5547.07,0.00
47301094,17.58,33.79,7137.82,6.00
47304094,17.57,33.79,7273.91,5.00
47307094,17.57,33.79,7788.17,0.00
47310094,17.57,33.79,6127.55,3.00
47313094,17.57,33.79,7146.17,7.00
47316094,17.57,33.79,6454.39,1.00
47319094,17.57,33.79,7894.32,12.00
47322094,17.57,33.79,7168.20,0.00
47325094,17.57,33.79,7198.21,8.00
47328094,17.57,33.79,6736.87,7.00
47331094,17.57,33.79,6398.04,7.00
47334094,17.57,33.79,5816.17,6.00
47337094,17.58,33.79,6617.27,10.00
47340094,17.57,33.79,5860.19,6.00
47343094,17.57,33.77,6839.90,7.00
47346094,17.57,33.79,5781.49,6.00
47349094,17.57,33.79,6671.55,11.00
47352094,17.57,33.79,10434.65,5.00
47355094,17.58,33.80,6113.85,2.00
47358094,17.57,33.80,7938.97,7.00
47361094,17.57,33.81,7491.25,5.00
47364094,17.57,33.81,6815.27,6.00
47367094,17.57,33.80,6859.90,0.00
47370094,17.57,33.80,7781.87,0.00
47373094,17.57,33.80,9269.97,5.00
47376094,17.57,33.81,5420.36,1.00
47379094,17.57,33.80,6435.94,0.00
47382094,17.57,33.79,6665.68,2.00
47385094,17.58,33.80,5787.67,5.00
47388094,17.57,33.80,6118.09,6.00
47391094,17.57,33.80,6025.40,5.00
47394094,17.57,33.80,5929.44,5.00
47397094,17.57,33.80,5246.71,3.00
47400094,17.57,33.80,5913.02,11.00
47403094,17.57,33.79,6539.48,28.00
47406094,17.57,33.79,6209.54,0.00
47409094,17.58,33.79,6637.36,6.00
47412094,17.58,33.79,6368.34,9.00
47415094,17.58,33.79,5978.72,0.00
47418094,17.58,33.79,5489.63,4.00
47421094,17.58,33.77,5917.85,8.00
47424094,17.58,33.77,5925.31,6.00
47427094,17.58,33.77,5700.86,0.00
47430094,17.58,33.77,5513.51,0.00
47433094,17.58,33.77,6998.35,0.00
47436094,17.57,33.75,6209.43,1.00
47439094,17.57,33.77,5794.61,10.00
47442094,17.58,33.78,6223.86,9.00
47445094,17.58,33.77,5789.43,6.00
47448094,17.58,33.77,5801.13,0.00
47451094,17.58,33.76,5280.06,8.00
47454094,17.58,33.76,5912.04,1.00
47457094,17.59,33.76,6965.25,5.00
47460094,17.59,33.76,6872.78,6.00
47463094,17.59,33.75,5875.13,0.00
47466094,17.59,33.75,5966.94,7.00
47469094,17.59,33.75,6071.27,1.00
47472094,17.59,33.74,6241.02,2.00
47475094,17.59,33.75,6146.01,2.00
47478094,17.59,33.75,5901.09,0.00
47481094,17.59,33.75,5986.17,0.00
47484094,17.60,33.74,5312.27,0.00
47487094,17.59,33.75,6115.77,5.00
47490094,17.59,33.75,6349.50,7.00
47493094,17.60,33.74,5471.82,6.00
47496094,17.59,33.75,5698.16,2.00
47499094,17.59,33.75,6514.89,6.00
47502094,17.60,33.74,11193.90,8.00
47505094,17.59,33.73,13507.58,0.00
47508094,17.59,33.74,10262.15,0.00
47511094,17.59,33.74,9811.17,7.00
47514094,17.59,33.75,7903.11,0.00
47517094,17.59,33.74,9433.20,5.00
47520094,17.60,33.75,7936.65,1.00
47523094,17.59,33.74,9081.68,6.00
47526094,17.60,33.74,7480.15,1.00
47529094,17.59,33.74,6111.79,6.00
47532094,17.60,33.73,7200.02,8.00
47535094,17.60,33.74,6022.76,5.00
47538094,17.60,33.74,5881.62,8.00
47541094,17.60,33.74,4933.75,5.00
47544094,17.60,33.74,5678.13,0.00
47547094,17.60,33.73,5624.90,2.00
47550094,17.60,33.73,6047.42,6.00
47553094,17.60,33.73,8387.89,2.00
47556094,17.60,33.74,6347.93,5.00
47559094,17.60,33.74,6022.36,0.00
47562094,17.60,33.74,6979.23,0.00
47565094,17.60,33.74,6466.23,6.00
47568094,17.60,33.73,6540.31,0.00
47571094,17.60,33.74,6306.55,0.00
47574094,17.60,33.74,5625.46,11.00
47577094,17.60,33.75,5959.34,5.00
47580094,17.60,33.75,6019.61,5.00
47583094,17.60,33.75,6164.20,4.00
47586094,17.60,33.74,6438.68,0.00
47589094,17.60,33.74,7900.24,27.00
47592094,17.60,33.74,6371.19,8.00
47595094,17.60,33.74,7150.08,6.00
47598094,17.60,33.73,6252.31,9.00
47601094,17.60,33.74,5891.09,4.00
47604094,17.60,33.74,6014.00,0.00
47607094,17.60,33.74,6360.27,6.00
47610094,17.59,33.74,6030.95,0.00
47613094,17.59,33.75,5884.55,5.00
47616094,17.59,33.75,6169.33,7.00
47619094,17.59,33.76,6769.00,7.00
47622094,17.59,33.76,6905.39,6.00
47625094,17.59,33.75,6383.19,5.00
47628094,17.59,33.76,8223.85,5.00
47631094,17.58,33.76,6762.83,6.00
47634094,17.58,33.76,7705.35,0.00
47637094,17.59,33.76,6889.61,0.00
47640094,17.58,33.78,8377.69,11.00
47643094,17.59,33.78,6998.82,10.00
47646094,17.59,33.76,6405.34,6.00
47649094,17.59,33.78,6447.42,7.00
47652094,17.59,33.78,7210.68,6.00
47655094,17.59,33.76,5901.93,1.00
47658094,17.58,33.78,6725.95,5.00
47661094,17.59,33.78,7789.31,3.00
47664094,17.59,33.78,5308.94,0.00
47667094,17.59,33.78,5334.06,9.00
47670094,17.59,33.79,5496.84,5.00
47673094,17.59,33.79,5804.87,6.00
47676094,17.58,33.79,5631.60,0.00
47679094,17.59,33.80,7373.86,0.00
47682094,17.58,33.79,6010.63,7.00
47685094,17.58,33.79,6248.81,6.00
47688094,17.58,33.79,5996.23,7.00
47691094,17.59,33.80,5670.05,0.00
47694094,17.58,33.80,5004.98,1.00
47697094,17.59,33.80,5592.69,8.00
47700094,17.59,33.80,5479.55,5.00
47703094,17.58,33.79,6131.39,0.00
47706094,17.58,33.79,6037.02,0.00
47709094,17.58,33.80,9393.24,6.00
47712094,17.58,33.80,8145.53,0.00
47715094,17.58,33.80,7706.17,7.00
47718094,17.58,33.80,5649.98,1.00
47721094,17.58,33.80,6210.03,7.00
47724094,17.59,33.81,6112.79,2.00
47727094,17.58,33.82,5452.65,5.00
47730094,17.59,33.81,5854.47,0.00
47733094,17.58,33.80,5915.65,5.00
47736094,17.58,33.80,5562.88,6.00
47739094,17.59,33.81,6875.57,5.00
47742094,17.59,33.82,4935.79,2.00
47745094,17.59,33.82,6392.87,7.00
47748094,17.58,33.82,6194.09,8.00
47751094,17.58,33.81,6043.67,1.00
47754094,17.58,33.81,6802.64,2.00
47757094,17.58,33.81,8853.75,1.00
47760094,17.58,33.81,7859.12,0.00
47763094,17.58,33.81,13811.83,0.00
47766094,17.59,33.80,7760.26,8.00
47769094,17.58,33.81,6652.97,5.00
47772094,17.59,33.80,6882.06,5.00
47775094,17.59,33.81,6827.28,7.00
47778094,17.58,33.80,7342.11,5.00
47781094,17.58,33.80,7247.74,7.00
47784094,17.58,33.80,7143.60,0.00
47787094,17.58,33.80,7162.63,2.00
47790094,17.58,33.80,6158.09,5.00
47793094,17.58,33.81,5930.28,7.00
47796094,17.58,33.80,7315.86,4.00
47799094,17.58,33.80,7016.14,1.00
47802094,17.58,33.80,6250.55,0.00
47805094,17.58,33.80,5894.05,6.00
47808094,17.58,33.80,5718.18,8.00
47811094,17.58,33.81,5117.63,5.00
47814094,17.58,33.80,6601.54,0.00
47817094,17.58,33.80,6541.43,6.00
47820094,17.58,33.81,6529.23,2.00
47823094,17.58,33.80,6388.81,0.00
47826094,17.58,33.80,5973.11,0.00
47829094,17.58,33.83,6620.54,7.00
47832094,17.58,33.80,5729.95,13.00
47835094,17.58,33.81,6769.45,8.00
47838094,17.58,33.81,5565.37,0.00
47841094,17.59,33.81,6531.59,0.00
47844094,17.59,33.80,6126.15,0.00
47847094,17.59,33.80,5274.83,27.00
47850094,17.59,33.81,5135.23,5.00
47853094,17.59,33.80,7588.98,1.00
47856094,17.59,33.79,5209.77,0.00
47859094,17.59,33.79,5992.29,6.00
47862094,17.59,33.80,5023.35,28.00
47865094,17.59,33.79,6257.00,11.00
47868094,17.59,33.79,5566.05,0.00
47871094,17.60,33.79,5726.83,9.00
47874094,17.60,33.79,6388.31,6.00
47877094,17.59,33.79,8011.43,8.00
47880094,17.59,33.80,6598.76,8.00
47883094,17.59,33.79,6305.21,6.00
47886094,17.59,33.80,5993.93,0.00
47889094,17.60,33.80,5709.95,5.00
47892094,17.59,33.80,5244.47,6.00
47895094,17.59,33.80,5371.42,0.00
47898094,17.59,33.80,5132.58,0.00
47901094,17.59,33.79,6283.79,6.00
47904094,17.59,33.80,6079.52,5.00
47907094,17.59,33.80,5752.18,2.00
47910094,17.59,33.81,6944.61,1.00
47913094,17.59,33.81,6018.85,5.00
47916094,17.59,33.81,5451.12,10.00
47919094,17.59,33.81,5280.59,5.00
47922094,17.60,33.81,6111.71,5.00
47925094,17.59,33.81,5426.11,0.00
47928094,17.59,33.81,5893.60,2.00
47931094,17.60,33.81,5381.61,5.00
47934094,17.59,33.81,5477.76,6.00
47937094,17.59,33.81,6350.76,1.00
47940094,17.59,33.81,5449.37,1.00
47943094,17.59,33.81,5614.93,5.00
47946094,17.59,33.82,7350.13,0.00
47949094,17.59,33.80,7228.00,5.00
47952094,17.59,33.81,6038.85,0.00
47955094,17.59,33.81,8729.70,1.00
47958094,17.59,33.81,6028.57,1.00
47961094,17.59,33.82,5937.31,7.00
47964094,17.59,33.82,5805.46,0.00
47967094,17.59,33.82,7258.08,0.00
47970094,17.59,33.82,6253.58,2.00
47973094,17.59,33.84,6320.87,6.00
47976094,17.59,33.84,6047.54,0.00
47979094,17.59,33.82,6264.78,9.00
47982094,17.60,33.83,6350.89,5.00
47985094,17.60,33.83,6770.39,2.00
47988094,17.59,33.82,6022.83,7.00
47991094,17.59,33.82,6073.35,7.00
47994094,17.59,33.84,6315.17,8.00
47997094,17.59,33.82,6902.94,3.00
48000094,17.59,33.82,6123.95,6.00
48003094,17.59,33.84,6832.09,2.00
48006094,17.59,33.84,6518.14,7.00
48009094,17.59,33.84,5986.21,2.00
48012094,17.58,33.84,6201.56,14.00
48015094,17.59,33.84,6422.81,6.00
48018094,17.58,33.85,6760.90,7.00
48021094,17.58,33.84,5973.50,6.00
48024094,17.58,33.84,6503.37,2.00
48027094,17.58,33.85,6817.59,6.00
48030094,17.58,33.85,7415.95,0.00
48033094,17.58,33.85,6468.48,0.00
48036094,17.58,33.83,6134.48,2.00
48039094,17.58,33.85,7115.77,15.00
48042094,17.58,33.84,7298.15,7.00
48045094,17.58,33.84,14386.37,6.00
48048094,17.58,33.84,6591.77,0.00
48051094,17.58,33.84,6438.12,6.00
48054094,17.58,33.85,6342.25,7.00
48057094,17.58,33.85,7615.51,0.00
48060094,17.58,33.83,6565.55,5.00
48063094,17.58,33.85,7421.17,6.00
48066094,17.58,33.85,6381.25,1.00
48069094,17.58,33.84,6654.73,0.00
48072094,17.58,33.84,8030.39,6.00
48075094,17.58,33.85,8577.50,6.00
48078094,17.58,33.85,6088.04,0.00
48081094,17.58,33.84,7824.77,5.00
48084094,17.58,33.84,7170.39,9.00
48087094,17.58,33.85,7477.32,8.00
48090094,17.58,33.84,6064.68,6.00
48093094,17.59,33.84,5594.76,7.00
48096094,17.59,33.84,5622.73,1.00
48099094,17.58,33.85,6687.14,6.00
48102094,17.58,33.85,6650.38,0.00
48105094,17.59,33.85,6732.50,8.00
48108094,17.58,33.84,6723.77,6.00
48111094,17.59,33.84,7135.50,0.00
48114094,17.58,33.85,6403.44,6.00
48117094,17.59,33.85,6386.54,0.00
48120094,17.59,33.85,6652.36,8.00
48123094,17.59,33.84,6040.95,7.00
48126094,17.59,33.84,7250.59,0.00
48129094,17.59,33.84,8599.46,0.00
48132094,17.59,33.84,6548.91,6.00
48135094,17.59,33.85,6124.74,5.00
48138094,17.59,33.85,7732.71,7.00
48141094,17.59,33.85,6942.33,5.00
48144094,17.59,33.85,8272.25,1.00
48147094,17.59,33.85,8672.23,0.00
48150094,17.59,33.85,8178.11,6.00
48153094,17.59,33.85,6931.87,6.00
48156094,17.60,33.85,6163.70,2.00
48159094,17.60,33.85,6980.28,6.00
48162094,17.60,33.85,6079.28,6.00
48165094,17.60,33.85,6571.64,1.00
48168094,17.60,33.85,6859.55,5.00
48171094,17.60,33.85,10217.83,9.00
48174094,17.60,33.86,8342.79,7.00
48177094,17.60,33.85,9439.60,0.00
48180094,17.60,33.85,8271.65,5.00
48183094,17.60,33.85,7387.75,9.00
48186094,17.59,33.85,11299.32,1.00
48189094,17.59,33.86,9953.21,10.00
48192094,17.60,33.85,7783.77,8.00
48195094,17.60,33.85,6569.43,28.00
48198094,17.60,33.85,5964.55,0.00
48201094,17.60,33.85,5803.46,0.00
48204094,17.60,33.85,6417.56,1.00
48207094,17.59,33.85,5782.79,7.00
48210094,17.60,33.85,5648.02,7.00
48213094,17.60,33.85,8438.04,6.00
48216094,17.59,33.86,6022.55,7.00
48219094,17.60,33.86,12057.61,7.00
48222094,17.60,33.86,8061.35,11.00
48225094,17.60,33.86,7816.23,0.00
48228094,17.60,33.87,5621.98,11.00
48231094,17.61,33.87,5691.07,5.00
48234094,17.60,33.87,5829.57,4.00
48237094,17.61,33.86,7963.16,0.00
48240094,17.60,33.85,6518.67,0.00
48243094,17.61,33.85,9115.69,2.00
48246094,17.61,33.85,6347.44,0.00
48249094,17.61,33.85,6063.88,2.00
48252094,17.61,33.85,5776.65,1.00
48255094,17.61,33.85,5835.48,6.00
48258094,17.61,33.85,6507.35,5.00
48261094,17.62,33.85,6378.55,5.00
48264094,17.61,33.85,5821.61,4.00
48267094,17.62,33.86,5400.86,6.00
48270094,17.61,33.85,7715.15,5.00
48273094,17.62,33.85,5494.99,6.00
48276094,17.61,33.85,5581.73,0.00
48279094,17.61,33.85,5468.10,6.00
48282094,17.61,33.85,5345.41,0.00
48285094,17.61,33.85,5501.48,1.00
48288094,17.61,33.84,5485.97,2.00
48291094,17.61,33.84,4947.45,5.00
48294094,17.61,33.83,6176.01,6.00
48297094,17.61,33.84,6722.25,12.00
48300094,17.61,33.84,5592.74,2.00
48303094,17.61,33.84,4978.25,2.00
48306094,17.61,33.84,5581.56,1.00
48309094,17.62,33.84,5365.36,7.00
48312094,17.61,33.84,5239.00,0.00
48315094,17.61,33.85,5376.49,6.00
48318094,17.61,33.85,5737.75,8.00
48321094,17.61,33.84,5224.30,0.00
48324094,17.61,33.84,5828.90,0.00
48327094,17.61,33.84,5527.71,5.00
48330094,17.61,33.85,5024.18,11.00
48333094,17.61,33.84,5290.27,5.00
48336094,17.61,33.84,5135.82,7.00
48339094,17.61,33.84,6139.90,11.00
48342094,17.60,33.85,5651.31,0.00
48345094,17.61,33.85,5241.63,4.00
48348094,17.61,33.85,5196.02,10.00
48351094,17.61,33.85,5547.70,0.00
48354094,17.61,33.84,4909.54,2.00
48357094,17.61,33.84,5659.97,0.00
48360094,17.60,33.85,6053.05,22.00
48363094,17.60,33.84,6709.37,1.00
48366094,17.60,33.85,7341.30,6.00
48369094,17.60,33.85,5177.67,0.00
48372094,17.60,33.86,6081.40,1.00
48375094,17.61,33.85,5967.50,1.00
48378094,17.60,33.86,6339.57,7.00
48381094,17.61,33.86,5855.27,1.00
48384094,17.60,33.86,5759.52,1.00
48387094,17.61,33.86,5778.64,6.00
48390094,17.61,33.85,5649.60,8.00
48393094,17.61,33.85,5890.31,0.00
48396094,17.60,33.85,5863.79,0.00
48399094,17.60,33.85,6325.23,0.00
48402094,17.61,33.86,5364.54,1.00
48405094,17.61,33.85,5965.90,7.00
48408094,17.61,33.85,7965.51,0.00
48411094,17.61,33.85,7350.03,7.00
48414094,17.61,33.85,6894.56,2.00
48417094,17.61,33.85,6352.02,0.00
48420094,17.61,33.84,7485.73,0.00
48423094,17.61,33.86,8476.39,2.00
48426094,17.61,33.85,9680.66,5.00
48429094,17.62,33.85,8380.82,7.00
48432094,17.61,33.85,11879.26,7.00
48435094,17.61,33.85,7347.15,11.00
48438094,17.61,33.85,6945.01,7.00
48441094,17.61,33.85,5873.75,6.00
48444094,17.60,33.86,8145.39,2.00
48447094,17.60,33.85,7826.29,5.00
48450094,17.60,33.86,8342.67,2.00
48453094,17.61,33.86,5563.70,7.00
48456094,17.61,33.86,5927.59,6.00
48459094,17.61,33.86,5660.12,10.00
48462094,17.61,33.86,6120.10,5.00
48465094,17.61,33.86,5419.78,6.00
48468094,17.62,33.88,5699.39,13.00
48471094,17.61,33.88,6273.44,0.00
48474094,17.61,33.87,6429.87,7.00
48477094,17.61,33.86,6421.92,6.00
48480094,17.61,33.87,5503.59,6.00
48483094,17.61,33.87,6740.29,7.00
48486094,17.61,33.87,5348.53,0.00
48489094,17.62,33.88,6164.04,0.00
48492094,17.61,33.87,6312.81,7.00
48495094,17.61,33.88,5774.18,0.00
48498094,17.61,33.88,6364.55,11.00
48501094,17.61,33.88,6465.27,0.00
48504094,17.61,33.89,5637.64,2.00
48507094,17.62,33.88,6326.20,7.00
48510094,17.62,33.88,6692.71,1.00
48513094,17.61,33.86,9800.70,4.00
48516094,17.61,33.87,6873.15,0.00
48519094,17.61,33.87,6286.04,6.00
48522094,17.61,33.87,7037.18,5.00
48525094,17.61,33.87,6213.52,0.00
48528094,17.61,33.87,6273.02,1.00
48531094,17.61,33.87,6882.49,2.00
48534094,17.61,33.87,6763.94,11.00
48537094,17.61,33.88,7701.65,8.00
48540094,17.61,33.88,5954.35,8.00
48543094,17.61,33.87,5432.37,7.00
48546094,17.61,33.89,7158.92,2.00
48549094,17.61,33.87,6711.21,6.00
48552094,17.61,33.87,5925.91,0.00
48555094,17.61,33.89,6164.89,0.00
48558094,17.61,33.87,6417.58,2.00
48561094,17.61,33.87,7846.95,0.00
48564094,17.61,33.87,9036.46,2.00
48567094,17.61,33.87,7619.50,2.00
48570094,17.62,33.88,7943.23,1.00
48573094,17.61,33.86,8046.15,11.00
48576094,17.62,33.86,8282.93,0.00
48579094,17.62,33.86,7715.51,11.00
48582094,17.62,33.86,11848.53,0.00
48585094,17.62,33.88,6706.04,4.00
48588094,17.62,33.86,6626.94,1.00
48591094,17.62,33.88,6532.29,1.00
48594094,17.62,33.88,7617.44,5.00
48597094,17.62,33.88,5570.57,2.00
48600094,17.61,33.87,5947.91,5.00
48603094,17.62,33.89,6135.12,0.00
48606094,17.62,33.89,5748.19,6.00
48609094,17.62,33.88,6258.99,1.00
48612094,17.62,33.88,5455.70,7.00
48615094,17.62,33.88,5483.93,2.00
48618094,17.62,33.86,5891.44,2.00
48621094,17.62,33.88,5310.22,0.00
48624094,17.62,33.86,5836.85,10.00
48627094,17.62,33.85,6455.10,7.00
48630094,17.62,33.86,6334.21,6.00
48633094,17.62,33.86,6410.59,6.00
48636094,17.62,33.86,5735.92,6.00
48639094,17.62,33.86,5585.87,0.00
48642094,17.62,33.86,5648.76,10.00
48645094,17.62,33.88,5985.27,0.00
48648094,17.62,33.86,6535.83,7.00
48651094,17.62,33.86,6008.43,5.00
48654094,17.62,33.86,6855.04,7.00
48657094,17.62,33.88,6291.57,2.00
48660094,17.62,33.86,6302.68,0.00
48663094,17.62,33.86,5502.99,5.00
48666094,17.61,33.88,6011.68,6.00
48669094,17.62,33.88,5964.03,6.00
48672094,17.62,33.88,4658.43,5.00
48675094,17.62,33.88,6432.31,7.00
48678094,17.62,33.86,5748.45,5.00
48681094,17.62,33.86,5387.96,5.00
48684094,17.61,33.86,6034.65,0.00
48687094,17.62,33.88,6103.43,8.00
48690094,17.62,33.88,5018.29,6.00
48693094,17.61,33.87,4709.60,0.00
48696094,17.61,33.87,5149.50,6.00
48699094,17.61,33.87,6018.92,1.00
48702094,17.61,33.87,6733.53,8.00
48705094,17.61,33.87,6274.35,1.00
48708094,17.62,33.86,5852.03,11.00
48711094,17.61,33.88,7105.55,8.00
48714094,17.61,33.87,7327.90,0.00
48717094,17.61,33.86,6356.15,1.00
48720094,17.61,33.87,7547.41,0.00
48723094,17.61,33.87,6755.41,0.00
48726094,17.61,33.86,5223.21,1.00
48729094,17.61,33.88,5857.99,2.00
48732094,17.61,33.87,6742.77,7.00
48735094,17.61,33.89,5477.04,2.00
48738094,17.61,33.87,6490.69,6.00
48741094,17.62,33.88,6900.55,9.00
48744094,17.61,33.88,7246.07,0.00
48747094,17.61,33.88,7397.86,7.00
48750094,17.62,33.88,7292.60,0.00
48753094,17.62,33.88,6207.58,1.00
48756094,17.62,33.88,5859.81,0.00
48759094,17.61,33.89,7682.11,8.00
48762094,17.62,33.89,7331.26,2.00
48765094,17.61,33.89,8190.04,7.00
48768094,17.62,33.89,7440.06,1.00
48771094,17.62,33.88,7265.80,1.00
48774094,17.62,33.88,6424.74,6.00
48777094,17.62,33.88,6543.10,1.00
48780094,17.62,33.88,6320.63,6.00
48783094,17.62,33.88,5997.64,2.00
48786094,17.62,33.88,6516.31,0.00
48789094,17.63,33.88,6102.37,6.00
48792094,17.62,33.88,6392.25,7.00
48795094,17.62,33.88,5869.76,7.00
48798094,17.62,33.88,7307.99,5.00
48801094,17.63,33.89,7350.94,11.00
48804094,17.62,33.89,6530.92,6.00
48807094,17.62,33.88,7949.86,6.00
48810094,17.63,33.88,6117.09,10.00
48813094,17.62,33.89,8754.23,6.00
48816094,17.62,33.88,6687.95,9.00
48819094,17.62,33.89,6162.23,7.00
48822094,17.62,33.89,5920.59,0.00
48825094,17.62,33.89,6173.32,8.00
48828094,17.62,33.89,5667.30,1.00
48831094,17.62,33.90,6216.33,0.00
48834094,17.62,33.90,5347.28,5.00
48837094,17.62,33.90,6215.48,0.00
48840094,17.61,33.90,6017.20,1.00
48843094,17.62,33.91,6081.06,0.00
48846094,17.61,33.91,7079.21,6.00
48849094,17.61,33.91,6506.26,6.00
48852094,17.61,33.91,5767.91,6.00
48855094,17.61,33.91,5802.67,5.00
48858094,17.62,33.91,5548.43,7.00
48861094,17.62,33.91,6436.13,7.00
48864094,17.62,33.92,5108.40,6.00
48867094,17.61,33.91,5464.51,0.00
48870094,17.61,33.91,6182.57,11.00
48873094,17.62,33.91,5970.62,5.00
48876094,17.62,33.90,5459.71,1.00
48879094,17.62,33.91,5809.02,6.00
48882094,17.61,33.91,5648.57,1.00
48885094,17.61,33.91,5725.13,9.00
48888094,17.61,33.91,5449.43,6.00
48891094,17.61,33.92,5866.66,7.00
48894094,17.61,33.91,5685.47,0.00
48897094,17.61,33.90,6786.90,5.00
48900094,17.61,33.91,5793.67,0.00
48903094,17.62,33.91,5946.76,0.00
48906094,17.61,33.91,7481.43,0.00
48909094,17.61,33.91,6328.39,1.00
48912094,17.61,33.91,6675.51,7.00
48915094,17.61,33.91,5557.40,11.00
48918094,17.61,33.92,5678.37,6.00
48921094,17.61,33.91,7438.29,8.00
48924094,17.61,33.91,6146.53,0.00
48927094,17.61,33.92,5928.15,2.00
48930094,17.61,33.92,6014.03,0.00
48933094,17.61,33.93,5976.35,6.00
48936094,17.61,33.92,6726.04,7.00
48939094,17.62,33.92,7510.81,8.00
48942094,17.61,33.92,8289.02,0.00
48945094,17.62,33.92,9398.65,8.00
48948094,17.61,33.92,9139.22,0.00
48951094,17.61,33.92,8001.38,1.00
48954094,17.61,33.92,7121.26,7.00
48957094,17.61,33.92,6549.76,1.00
48960094,17.61,33.92,6937.51,0.00
48963094,17.61,33.93,8731.23,6.00
48966094,17.61,33.92,5489.56,2.00
48969094,17.61,33.92,5617.81,0.00
48972094,17.61,33.92,6117.48,1.00
48975094,17.61,33.92,5838.60,1.00
48978094,17.61,33.92,5438.13,0.00
48981094,17.61,33.92,5476.55,2.00
48984094,17.61,33.93,6543.33,8.00
48987094,17.61,33.93,5008.64,7.00
48990094,17.61,33.92,6079.00,5.00
48993094,17.61,33.93,5580.27,1.00
48996094,17.61,33.93,6895.40,0.00
48999094,17.61,33.95,6845.17,2.00
49002094,17.61,33.95,5639.88,2.00
49005094,17.61,33.94,5458.80,1.00
49008094,17.61,33.93,5558.37,7.00
49011094,17.61,33.95,6993.94,5.00
49014094,17.61,33.95,6066.34,9.00
49017094,17.61,33.96,6425.89,11.00
49020094,17.61,33.96,6939.90,1.00
49023094,17.60,33.96,6581.62,0.00
49026094,17.61,33.95,18946.33,2.00
49029094,17.61,33.95,7656.89,1.00
49032094,17.61,33.95,6433.29,2.00
49035094,17.60,33.95,7108.08,0.00
49038094,17.60,33.95,7240.06,5.00
49041094,17.60,33.95,8074.77,7.00
49044094,17.60,33.95,8048.51,5.00
49047094,17.60,33.95,6019.54,1.00
49050094,17.61,33.95,5598.24,0.00
49053094,17.60,33.95,6060.47,1.00
49056094,17.60,33.95,6463.33,4.00
49059094,17.60,33.95,6043.05,0.00
49062094,17.60,33.96,7090.41,8.00
49065094,17.60,33.96,6435.24,0.00
49068094,17.60,33.96,5723.57,0.00
49071094,17.60,33.95,7036.46,5.00
49074094,17.60,33.96,6978.24,6.00
49077094,17.60,33.96,7373.95,1.00
49080094,17.60,33.97,6597.16,6.00
49083094,17.60,33.95,5702.71,3.00
49086094,17.60,33.97,6581.20,5.00
49089094,17.60,33.96,5796.73,3.00
49092094,17.60,33.96,7222.99,0.00
49095094,17.60,33.95,8050.72,8.00
49098094,17.60,33.95,6343.00,10.00
49101094,17.60,33.96,5756.01,7.00
49104094,17.60,33.95,6652.47,7.00
49107094,17.60,33.96,7105.17,2.00
49110094,17.60,33.96,6525.03,7.00
49113094,17.60,33.96,6355.55,8.00
49116094,17.60,33.96,7677.86,0.00
49119094,17.60,33.95,6740.98,1.00
49122094,17.60,33.96,7810.32,0.00
49125094,17.61,33.96,10088.49,8.00
49128094,17.60,33.95,9740.28,0.00
49131094,17.61,33.95,5917.64,2.00
49134094,17.61,33.96,6200.39,5.00
49137094,17.60,33.95,7780.31,6.00
49140094,17.61,33.95,5880.35,6.00
49143094,17.61,33.96,6972.55,8.00
49146094,17.60,33.96,6691.49,1.00
49149094,17.60,33.96,10446.18,5.00
49152094,17.61,33.96,5315.50,1.00
49155094,17.61,33.96,5558.04,6.00
49158094,17.61,33.96,5676.88,0.00
49161094,17.60,33.95,6043.35,7.00
49164094,17.60,33.96,5094.94,9.00
49167094,17.60,33.96,5876.20,0.00
49170094,17.60,33.96,5927.64,11.00
49173094,17.60,33.96,5945.44,6.00
49176094,17.60,33.96,5409.02,0.00
49179094,17.60,33.96,5315.61,0.00
49182094,17.61,33.96,5594.08,2.00
49185094,17.60,33.96,7377.44,22.00
49188094,17.60,33.96,7527.83,0.00
49191094,17.60,33.96,5546.86,0.00
49194094,17.61,33.95,5651.58,8.00
49197094,17.60,33.96,6007.60,1.00
49200094,17.60,33.95,6031.04,1.00
49203094,17.61,33.95,6080.38,5.00
49206094,17.61,33.95,6874.51,5.00
49209094,17.61,33.95,7596.86,6.00
49212094,17.61,33.95,7986.59,6.00
49215094,17.61,33.94,5649.38,7.00
49218094,17.61,33.93,5089.41,1.00
49221094,17.62,33.95,5699.43,7.00
49224094,17.62,33.95,5947.44,6.00
49227094,17.61,33.95,5568.35,11.00
49230094,17.61,33.95,6684.93,2.00
49233094,17.62,33.95,6182.76,2.00
49236094,17.61,33.95,5711.17,6.00
49239094,17.61,33.95,6241.83,5.00
49242094,17.61,33.96,6047.77,1.00
49245094,17.60,33.96,5433.37,5.00
49248094,17.61,33.95,7035.18,6.00
49251094,17.61,33.96,6023.13,1.00
49254094,17.61,33.95,10269.36,1.00
49257094,17.61,33.96,18427.48,6.00
49260094,17.61,33.96,9947.15,7.00
49263094,17.61,33.95,9572.41,5.00
49266094,17.61,33.96,8827.50,0.00
49269094,17.61,33.96,13394.49,8.00
49272094,17.62,33.96,8547.98,11.00
49275094,17.62,33.95,7201.89,5.00
49278094,17.62,33.95,6858.30,3.00
49281094,17.61,33.96,6462.72,0.00
49284094,17.62,33.95,5946.92,6.00
49287094,17.62,33.94,7618.89,0.00
49290094,17.62,33.94,7483.22,0.00
49293094,17.62,33.95,7357.57,0.00
49296094,17.62,33.94,5365.31,0.00
49299094,17.62,33.94,7166.11,6.00
49302094,17.62,33.95,5675.26,2.00
49305094,17.62,33.95,6194.42,5.00
49308094,17.62,33.95,6223.91,1.00
49311094,17.62,33.95,6196.92,5.00
49314094,17.62,33.95,6395.65,0.00
49317094,17.61,33.95,5838.59,13.00
49320094,17.62,33.95,7165.17,6.00
49323094,17.62,33.95,6712.50,0.00
49326094,17.61,33.95,6638.95,0.00
49329094,17.61,33.95,8833.36,0.00
49332094,17.62,33.95,7524.93,7.00
49335094,17.62,33.95,6957.23,7.00
49338094,17.62,33.95,5546.16,6.00
49341094,17.62,33.95,5885.54,8.00
49344094,17.62,33.95,6565.37,6.00
49347094,17.62,33.94,6615.85,5.00
49350094,17.62,33.95,6077.63,7.00
49353094,17.62,33.94,6775.96,0.00
49356094,17.62,33.95,5553.98,9.00
49359094,17.61,33.94,5976.68,7.00
49362094,17.61,33.94,6443.05,5.00
49365094,17.61,33.94,6166.73,0.00
49368094,17.62,33.94,7186.66,1.00
49371094,17.61,33.95,6204.03,6.00
49374094,17.61,33.95,5485.25,0.00
49377094,17.61,33.95,6475.88,5.00
49380094,17.61,33.94,6238.90,2.00
49383094,17.62,33.94,7267.97,6.00
49386094,17.61,33.95,6501.65,10.00
49389094,17.61,33.95,6265.53,0.00
49392094,17.61,33.95,6232.03,1.00
49395094,17.62,33.95,8090.83,10.00
49398094,17.62,33.95,6076.66,7.00
49401094,17.62,33.95,5924.41,0.00
49404094,17.61,33.95,6565.36,1.00
49407094,17.62,33.95,6624.31,0.00
49410094,17.62,33.95,6473.56,0.00
49413094,17.62,33.95,7120.48,2.00
49416094,17.62,33.95,6063.72,7.00
49419094,17.62,33.95,5447.92,1.00
49422094,17.62,33.95,6262.12,8.00
49425094,17.62,33.95,5856.96,2.00
49428094,17.62,33.95,5932.17,6.00
49431094,17.62,33.95,6873.33,2.00
49434094,17.62,33.95,6117.56,5.00
49437094,17.63,33.95,5889.60,0.00
49440094,17.62,33.95,6724.44,4.00
49443094,17.62,33.96,6198.99,0.00
49446094,17.62,33.96,5629.93,6.00
49449094,17.62,33.95,5566.64,0.00
49452094,17.62,33.96,6317.86,1.00
49455094,17.62,33.95,6171.48,2.00
49458094,17.62,33.96,5907.38,0.00
49461094,17.62,33.96,6542.69,11.00
49464094,17.61,33.96,7144.69,0.00
49467094,17.62,33.96,7247.76,0.00
49470094,17.61,33.96,6532.93,1.00
49473094,17.62,33.97,7243.65,11.00
49476094,17.62,33.97,6743.45,0.00
49479094,17.62,33.97,7256.00,0.00
49482094,17.62,33.97,9157.80,1.00
49485094,17.62,33.97,7042.74,8.00
49488094,17.62,33.97,13171.85,8.00
49491094,17.62,33.97,6552.58,2.00
49494094,17.62,33.98,6798.27,1.00
49497094,17.62,33.97,9910.27,5.00
49500094,17.62,33.97,11036.19,6.00
49503094,17.62,33.97,8375.13,0.00
49506094,17.62,33.97,10445.29,6.00
49509094,17.62,33.97,6887.53,0.00
49512094,17.62,33.98,7110.25,1.00
49515094,17.62,33.98,8540.23,2.00
49518094,17.62,34.00,7394.42,8.00
49521094,17.62,34.00,7696.37,10.00
49524094,17.61,34.01,7833.94,2.00
49527094,17.62,34.01,7882.77,5.00
49530094,17.62,34.00,7049.86,0.00
49533094,17.61,34.01,6960.78,10.00
49536094,17.61,34.01,5952.43,2.00
49539094,17.61,34.01,6457.89,1.00
49542094,17.62,34.01,7096.91,0.00
49545094,17.62,34.02,6553.44,2.00
49548094,17.62,34.01,6858.07,2.00
49551094,17.62,34.02,6971.45,0.00
49554094,17.61,34.02,7761.62,7.00
49557094,17.61,34.00,8277.21,0.00
49560094,17.61,34.01,6286.91,2.00
49563094,17.62,34.01,7804.18,6.00
49566094,17.62,34.02,6721.90,0.00
49569094,17.62,34.02,6285.01,7.00
49572094,17.62,34.01,6127.76,0.00
49575094,17.62,34.01,5370.51,6.00
49578094,17.62,34.01,6279.24,7.00
49581094,17.62,34.01,6929.95,11.00
49584094,17.62,34.01,7172.03,0.00
49587094,17.62,34.00,6939.04,6.00
49590094,17.62,34.01,5457.22,12.00
49593094,17.62,34.01,5282.37,0.00
49596094,17.63,34.00,7235.27,0.00
49599094,17.62,34.01,5683.98,5.00
49602094,17.63,34.00,7875.14,5.00
49605094,17.62,34.00,7582.74,1.00
49608094,17.63,34.00,7290.92,1.00
49611094,17.63,34.01,8156.57,7.00
49614094,17.63,34.00,7113.31,10.00
49617094,17.63,34.00,6007.39,1.00
49620094,17.63,34.00,6031.08,1.00
49623094,17.63,34.00,5527.35,0.00
49626094,17.63,34.00,5522.66,6.00
49629094,17.63,34.00,5967.95,0.00
49632094,17.63,34.00,6614.92,6.00
49635094,17.63,34.01,6009.56,8.00
49638094,17.63,34.01,6315.39,0.00
49641094,17.63,34.01,7103.86,1.00
49644094,17.63,34.01,6816.48,7.00
49647094,17.63,34.01,6185.16,7.00
49650094,17.63,34.01,6111.21,0.00
49653094,17.63,34.02,6186.59,6.00
49656094,17.64,34.01,5666.03,1.00
49659094,17.64,34.01,6260.82,0.00
49662094,17.63,34.01,6761.75,5.00
49665094,17.64,34.02,6599.88,1.00
49668094,17.63,34.02,5678.11,0.00
49671094,17.63,34.02,6602.72,2.00
49674094,17.63,34.01,6430.38,0.00
49677094,17.63,34.01,7123.94,8.00
49680094,17.63,34.01,6134.59,2.00
49683094,17.64,34.01,6106.37,5.00
49686094,17.63,34.01,6179.95,6.00
49689094,17.63,34.02,5809.66,0.00
49692094,17.64,34.02,5930.84,7.00
49695094,17.64,34.02,6039.98,2.00
49698094,17.64,34.02,5430.83,5.00
49701094,17.64,34.02,5116.63,1.00
49704094,17.64,34.01,6560.58,6.00
49707094,17.64,34.01,7249.71,3.00
49710094,17.64,34.02,10467.58,0.00
49713094,17.64,34.01,6805.71,11.00
49716094,17.64,34.01,6893.81,10.00
49719094,17.64,34.01,6356.10,2.00
49722094,17.64,34.01,6852.67,1.00
49725094,17.64,34.02,6141.36,7.00
49728094,17.64,34.01,6807.63,0.00
49731094,17.64,34.02,6234.66,1.00
49734094,17.64,34.01,5518.63,3.00
49737094,17.64,34.02,5938.00,1.00
49740094,17.64,34.01,5645.74,1.00
49743094,17.64,34.01,6510.32,8.00
49746094,17.64,34.01,6109.84,7.00
49749094,17.64,34.00,5264.30,0.00
49752094,17.64,34.00,6991.48,2.00
49755094,17.65,34.00,5234.79,11.00
49758094,17.65,34.01,6010.12,6.00
49761094,17.64,34.00,5482.43,0.00
49764094,17.64,34.01,6499.71,0.00
49767094,17.64,34.01,7994.45,6.00
49770094,17.64,34.01,8811.78,7.00
49773094,17.64,34.01,6562.73,6.00
49776094,17.64,34.02,6626.99,7.00
49779094,17.64,34.01,6840.71,0.00
49782094,17.64,34.02,6857.41,7.00
49785094,17.64,34.02,6237.54,6.00
49788094,17.64,34.02,6083.06,1.00
49791094,17.64,34.03,6695.94,5.00
49794094,17.64,34.02,5754.04,1.00
49797094,17.63,34.02,6070.23,0.00
49800094,17.63,34.02,5948.64,10.00
49803094,17.64,34.02,5834.50,5.00
49806094,17.64,34.02,6070.44,7.00
49809094,17.64,34.04,6786.73,11.00
49812094,17.63,34.03,7168.17,7.00
49815094,17.64,34.03,5642.41,5.00
49818094,17.63,34.03,5239.24,4.00
49821094,17.63,34.03,5518.88,6.00
49824094,17.64,34.02,4848.89,2.00
49827094,17.64,34.03,5869.35,5.00
49830094,17.64,34.02,5910.61,6.00
49833094,17.64,34.03,6139.00,7.00
49836094,17.64,34.03,6003.24,6.00
49839094,17.64,34.03,6173.27,2.00
49842094,17.64,34.02,5992.90,0.00
49845094,17.64,34.03,6983.48,0.00
49848094,17.64,34.03,6687.16,0.00
49851094,17.64,34.03,7716.79,0.00
49854094,17.64,34.03,7401.35,2.00
49857094,17.64,34.03,6338.29,6.00
49860094,17.64,34.03,6495.02,2.00
49863094,17.64,34.03,6515.79,10.00
49866094,17.64,34.03,5991.53,8.00
49869094,17.64,34.03,6041.08,7.00
49872094,17.64,34.03,7116.31,0.00
49875094,17.64,34.03,7541.88,10.00
49878094,17.64,34.03,6715.78,12.00
49881094,17.64,34.04,6642.98,0.00
49884094,17.64,34.03,7402.85,0.00
49887094,17.64,34.07,7042.13,0.00
49890094,17.64,34.05,7087.15,6.00
49893094,17.64,34.03,8415.45,0.00
49896094,17.64,34.04,8843.64,7.00
49899094,17.64,34.05,7318.89,1.00
49902094,17.65,34.05,8441.97,7.00
49905094,17.64,34.04,8557.38,6.00
49908094,17.65,34.05,10071.63,1.00
49911094,17.65,34.06,8018.21,1.00
49914094,17.64,34.06,7068.78,0.00
49917094,17.64,34.05,7310.77,5.00
49920094,17.65,34.05,5796.47,6.00
49923094,17.65,34.05,6053.22,1.00
49926094,17.64,34.05,5032.65,0.00
49929094,17.65,34.05,6009.98,2.00
49932094,17.64,34.05,5950.30,7.00
49935094,17.65,34.05,5602.14,2.00
49938094,17.65,34.05,6653.48,1.00
49941094,17.64,34.06,6164.43,13.00
49944094,17.64,34.05,6565.20,0.00
49947094,17.64,34.03,6880.21,5.00
49950094,17.64,34.05,6948.38,4.00
49953094,17.65,34.03,5689.71,7.00
49956094,17.64,34.05,6582.72,8.00
49959094,17.65,34.05,7484.00,6.00
49962094,17.64,34.03,7752.18,5.00
49965094,17.64,34.05,6949.73,8.00
49968094,17.65,34.05,6824.75,5.00
49971094,17.64,34.04,6978.60,7.00
49974094,17.64,34.05,5461.21,7.00
49977094,17.64,34.05,7061.34,2.00
49980094,17.64,34.04,6039.28,8.00
49983094,17.64,34.04,5999.24,0.00
49986094,17.64,34.05,5733.54,0.00
49989094,17.65,34.05,6436.13,2.00
49992094,17.64,34.06,6587.16,6.00
49995094,17.64,34.06,6210.77,8.00
49998094,17.64,34.04,5621.07,0.00
50001094,17.64,34.06,5800.96,6.00
50004094,17.64,34.05,7146.11,6.00
50007094,17.64,34.04,5921.68,5.00
50010094,17.64,34.04,7897.39,1.00
50013094,17.64,34.04,7433.50,0.00
50016094,17.64,34.03,6075.54,0.00
50019094,17.64,34.05,5582.39,6.00
50022094,17.65,34.05,5785.13,2.00
50025094,17.64,34.05,6413.94,6.00
50028094,17.64,34.05,6282.82,6.00
50031094,17.64,34.05,6528.67,0.00
50034094,17.65,34.03,7413.26,2.00
50037094,17.64,34.03,7413.53,1.00
50040094,17.65,34.05,5560.00,7.00
50043094,17.64,34.03,6270.77,5.00
50046094,17.65,34.05,7816.39,7.00
50049094,17.65,34.05,6590.78,5.00
50052094,17.65,34.05,7884.76,7.00
50055094,17.65,34.05,6239.14,5.00
50058094,17.64,34.05,5832.94,6.00
50061094,17.64,34.05,7764.40,6.00
50064094,17.64,34.05,7033.61,5.00
50067094,17.64,34.06,7121.31,5.00
50070094,17.64,34.06,6601.15,0.00
50073094,17.63,34.04,6398.03,0.00
50076094,17.63,34.06,5599.91,2.00
50079094,17.62,34.07,6363.29,0.00
50082094,17.63,34.06,5770.94,7.00
50085094,17.63,34.08,6133.72,8.00
50088094,17.63,34.07,7569.22,7.00
50091094,17.63,34.07,6820.98,0.00
50094094,17.63,34.07,6104.30,5.00
50097094,17.63,34.08,5164.63,2.00
50100094,17.63,34.07,6215.51,0.00
50103094,17.63,34.08,5927.44,1.00
50106094,17.62,34.08,5701.27,7.00
50109094,17.62,34.08,6773.43,1.00
50112094,17.63,34.07,7215.07,7.00
50115094,17.62,34.08,6682.12,0.00
50118094,17.62,34.08,6177.18,7.00
50121094,17.62,34.08,6322.55,1.00
50124094,17.62,34.09,6724.36,14.00
50127094,17.62,34.09,5510.20,6.00
50130094,17.62,34.10,6800.53,6.00
50133094,17.62,34.09,6786.15,10.00
50136094,17.62,34.09,6455.50,5.00
50139094,17.62,34.09,5560.11,1.00
50142094,17.62,34.09,5778.90,4.00
50145094,17.62,34.09,6286.46,11.00
50148094,17.62,34.09,6391.12,1.00
50151094,17.62,34.10,6469.06,0.00
50154094,17.62,34.10,6152.17,0.00
50157094,17.62,34.10,6765.45,7.00
50160094,17.62,34.10,7031.14,2.00
50163094,17.62,34.09,8286.58,4.00
50166094,17.63,34.09,6255.19,0.00
50169094,17.63,34.09,7736.25,0.00
50172094,17.62,34.09,5977.91,2.00
50175094,17.62,34.09,8651.83,0.00
50178094,17.62,34.09,6565.97,7.00
50181094,17.62,34.10,6648.16,5.00
50184094,17.62,34.10,5851.31,8.00
50187094,17.62,34.10,6033.41,0.00
50190094,17.61,34.10,6302.59,6.00
50193094,17.62,34.10,6034.85,6.00
50196094,17.61,34.12,5804.33,2.00
50199094,17.62,34.12,6473.50,2.00
50202094,17.62,34.12,8381.31,4.00
50205094,17.62,34.10,6035.35,6.00
50208094,17.61,34.12,6141.93,5.00
50211094,17.61,34.12,6287.45,1.00
50214094,17.62,34.12,6940.33,7.00
50217094,17.61,34.10,7448.27,7.00
50220094,17.62,34.10,6818.07,5.00
50223094,17.62,34.12,6125.53,6.00
50226094,17.62,34.10,7234.62,0.00
50229094,17.61,34.10,6784.89,11.00
50232094,17.62,34.10,8035.92,0.00
50235094,17.62,34.10,7662.38,0.00
50238094,17.62,34.12,6681.41,6.00
50241094,17.62,34.12,9078.23,4.00
50244094,17.62,34.10,7497.31,0.00
50247094,17.63,34.10,7326.85,0.00
50250094,17.62,34.10,9421.45,8.00
50253094,17.62,34.12,8461.89,9.00
50256094,17.62,34.10,7517.32,0.00
50259094,17.62,34.10,7266.61,3.00
50262094,17.62,34.10,6454.64,7.00
50265094,17.62,34.10,7315.02,12.00
50268094,17.62,34.10,6473.85,13.00
50271094,17.62,34.12,7124.30,0.00
50274094,17.62,34.12,8154.55,0.00
50277094,17.62,34.12,8669.41,1.00
50280094,17.61,34.12,6181.93,15.00
50283094,17.62,34.12,5690.36,0.00
50286094,17.62,34.13,5981.47,5.00
50289094,17.62,34.13,6253.90,0.00
50292094,17.62,34.13,6716.92,5.00
50295094,17.62,34.13,5774.90,11.00
50298094,17.62,34.12,6415.10,6.00
50301094,17.61,34.12,8095.09,0.00
50304094,17.62,34.12,7511.15,0.00
50307094,17.62,34.13,8302.89,2.00
50310094,17.62,34.12,6069.35,1.00
50313094,17.61,34.12,6537.07,8.00
50316094,17.61,34.12,6431.15,7.00
50319094,17.61,34.12,8989.65,26.00
50322094,17.61,34.12,6382.18,0.00
50325094,17.61,34.13,7270.95,6.00
50328094,17.61,34.13,6215.07,8.00
50331094,17.61,34.13,6890.80,7.00
50334094,17.61,34.14,6898.10,0.00
50337094,17.60,34.14,6305.65,8.00
50340094,17.61,34.14,6750.30,10.00
50343094,17.61,34.14,6821.65,0.00
50346094,17.61,34.14,6219.60,6.00
50349094,17.61,34.13,5957.20,7.00
50352094,17.61,34.13,6020.71,7.00
50355094,17.61,34.13,6109.16,2.00
50358094,17.62,34.12,6519.68,5.00
50361094,17.61,34.13,6587.84,10.00
50364094,17.61,34.12,7364.20,0.00
50367094,17.62,34.13,5921.23,10.00
50370094,17.62,34.13,7539.12,6.00
50373094,17.62,34.12,6675.15,6.00
50376094,17.62,34.12,6459.55,0.00
50379094,17.62,34.12,6321.71,0.00
50382094,17.62,34.12,9964.76,1.00
50385094,17.62,34.12,6534.42,7.00
50388094,17.62,34.12,7506.64,0.00
50391094,17.62,34.12,7241.76,5.00
50394094,17.62,34.12,6223.41,1.00
50397094,17.62,34.12,7564.19,0.00
50400094,17.62,34.12,7798.65,0.00
50403094,17.62,34.13,9472.30,6.00
50406094,17.62,34.13,7095.31,11.00
50409094,17.62,34.13,8144.37,8.00
50412094,17.62,34.13,6435.85,6.00
50415094,17.62,34.12,6187.13,7.00
50418094,17.62,34.12,6990.99,1.00
50421094,17.62,34.13,6691.62,5.00
50424094,17.62,34.13,7024.64,0.00
50427094,17.62,34.13,6652.45,0.00
50430094,17.62,34.13,7650.15,7.00
50433094,17.62,34.14,15727.45,2.00
50436094,17.62,34.13,5986.09,2.00
50439094,17.62,34.13,5743.23,7.00
50442094,17.62,34.13,6646.70,7.00
50445094,17.62,34.13,8473.58,0.00
50448094,17.62,34.13,7161.76,3.00
50451094,17.62,34.13,9399.18,5.00
50454094,17.62,34.13,7984.36,6.00
50457094,17.62,34.13,6505.21,1.00
50460094,17.61,34.13,7959.80,6.00
50463094,17.62,34.14,6916.81,2.00
50466094,17.62,34.14,6490.02,1.00
50469094,17.62,34.14,6135.70,6.00
50472094,17.62,34.14,5383.99,1.00
50475094,17.62,34.13,6315.33,6.00
50478094,17.62,34.14,6548.57,8.00
50481094,17.62,34.15,7465.87,0.00
50484094,17.62,34.14,6227.62,2.00
50487094,17.62,34.15,7536.35,6.00
50490094,17.62,34.14,6244.42,7.00
50493094,17.62,34.13,7577.80,7.00
50496094,17.62,34.13,8121.72,1.00
50499094,17.62,34.13,8874.25,6.00
50502094,17.62,34.13,6855.73,7.00
50505094,17.62,34.13,7506.92,0.00
50508094,17.62,34.12,7157.22,0.00
50511094,17.62,34.12,7525.96,5.00
50514094,17.62,34.12,7465.51,8.00
50517094,17.62,34.12,6458.76,0.00
50520094,17.62,34.10,6713.45,6.00
50523094,17.62,34.12,7716.25,6.00
50526094,17.62,34.10,7104.08,5.00
50529094,17.62,34.10,7654.37,6.00
50532094,17.63,34.10,7229.42,5.00
50535094,17.63,34.10,5606.23,6.00
50538094,17.63,34.10,6737.73,6.00
50541094,17.62,34.10,6042.59,7.00
50544094,17.63,34.09,5447.33,0.00
50547094,17.62,34.10,5330.45,1.00
50550094,17.63,34.09,5610.32,8.00
50553094,17.62,34.09,6661.32,0.00
50556094,17.62,34.09,5564.63,1.00
50559094,17.63,34.09,5956.92,7.00
50562094,17.62,34.10,5358.80,6.00
50565094,17.62,34.10,5844.90,2.00
50568094,17.63,34.09,6391.50,6.00
50571094,17.63,34.09,6196.82,0.00
50574094,17.62,34.09,5214.45,6.00
50577094,17.63,34.09,5757.21,5.00
50580094,17.62,34.09,6025.33,8.00
50583094,17.63,34.09,7467.56,0.00
50586094,17.63,34.09,5623.48,10.00
50589094,17.62,34.10,5165.32,7.00
50592094,17.62,34.10,7981.24,14.00
50595094,17.62,34.10,6570.83,5.00
50598094,17.62,34.10,7373.32,6.00
50601094,17.63,34.09,7601.69,5.00
50604094,17.63,34.09,7232.56,0.00
50607094,17.63,34.09,6609.06,7.00
50610094,17.62,34.09,6995.92,5.00
50613094,17.62,34.09,6431.87,1.00
50616094,17.63,34.09,6309.35,7.00
50619094,17.63,34.09,9762.20,6.00
50622094,17.62,34.09,13254.14,1.00
50625094,17.63,34.09,8469.59,6.00
50628094,17.63,34.08,9784.53,28.00
50631094,17.63,34.09,10652.65,6.00
50634094,17.62,34.08,13480.62,6.00
50637094,17.62,34.09,17366.71,3.00
50640094,17.63,34.08,9460.70,0.00
50643094,17.63,34.09,6600.91,7.00
50646094,17.63,34.08,8480.78,5.00
50649094,17.63,34.08,8641.40,27.00
50652094,17.62,34.08,7148.87,8.00
50655094,17.62,34.09,13624.69,7.00
50658094,17.62,34.09,7201.56,0.00
50661094,17.62,34.09,8453.62,7.00
50664094,17.63,34.09,6876.74,0.00
50667094,17.63,34.09,7814.33,0.00
50670094,17.62,34.09,6913.42,0.00
50673094,17.63,34.08,6406.79,7.00
50676094,17.63,34.08,7811.56,7.00
50679094,17.63,34.08,7615.01,5.00
50682094,17.63,34.08,9050.16,5.00
50685094,17.63,34.08,7635.19,8.00
50688094,17.63,34.09,5898.92,7.00
50691094,17.63,34.08,5831.96,5.00
50694094,17.63,34.09,5831.72,1.00
50697094,17.63,34.09,5256.87,6.00
50700094,17.62,34.09,5414.78,6.00
50703094,17.62,34.10,7074.10,10.00
50706094,17.62,34.08,5963.40,0.00
50709094,17.62,34.08,6249.96,0.00
50712094,17.62,34.08,9179.88,2.00
50715094,17.62,34.09,5779.55,5.00
50718094,17.62,34.09,6949.19,6.00
50721094,17.62,34.09,9218.54,2.00
50724094,17.62,34.09,10275.29,0.00
50727094,17.62,34.09,8003.29,6.00
50730094,17.62,34.09,7273.39,6.00
50733094,17.62,34.09,8331.67,7.00
50736094,17.62,34.10,10700.35,5.00
50739094,17.62,34.10,8415.72,0.00
50742094,17.61,34.10,8969.32,8.00
50745094,17.62,34.10,6711.25,5.00
50748094,17.62,34.10,5773.22,5.00
50751094,17.62,34.09,6073.73,0.00
50754094,17.62,34.08,6273.47,2.00
50757094,17.63,34.08,5534.94,4.00
50760094,17.63,34.08,5415.85,8.00
50763094,17.63,34.09,4902.30,0.00
50766094,17.63,34.09,5122.29,6.00
50769094,17.63,34.08,5090.27,6.00
50772094,17.64,34.08,6567.47,0.00
50775094,17.63,34.08,5850.78,7.00
50778094,17.64,34.08,5501.74,1.00
50781094,17.64,34.08,6943.78,7.00
50784094,17.64,34.08,9189.39,7.00
50787094,17.64,34.07,8000.78,5.00
50790094,17.64,34.08,11600.86,6.00
50793094,17.64,34.07,6649.11,0.00
50796094,17.64,34.07,7533.88,1.00
50799094,17.64,34.07,6176.51,7.00
50802094,17.64,34.07,8440.14,9.00
50805094,17.64,34.08,6534.58,1.00
50808094,17.63,34.07,6450.69,1.00
50811094,17.63,34.07,7391.88,5.00
50814094,17.63,34.07,8819.50,5.00
50817094,17.64,34.07,5468.68,6.00
50820094,17.63,34.07,6475.57,0.00
50823094,17.63,34.07,6121.67,1.00
50826094,17.64,34.07,6942.00,6.00
50829094,17.64,34.07,5595.31,0.00
50832094,17.64,34.07,7513.85,2.00
50835094,17.63,34.07,6552.80,0.00
50838094,17.64,34.08,6835.37,1.00
50841094,17.64,34.07,8088.95,5.00
50844094,17.63,34.08,8035.07,1.00
50847094,17.63,34.08,11717.97,0.00
50850094,17.63,34.08,8635.28,11.00
50853094,17.64,34.07,9180.38,12.00
50856094,17.64,34.08,7534.46,2.00
50859094,17.64,34.08,10441.17,6.00
50862094,17.64,34.08,7240.87,11.00
50865094,17.64,34.08,7015.36,0.00
50868094,17.64,34.08,6091.23,0.00
50871094,17.64,34.08,6682.94,0.00
50874094,17.63,34.08,6513.26,2.00
50877094,17.64,34.08,6280.02,6.00
50880094,17.64,34.07,6053.00,6.00
50883094,17.64,34.07,6028.46,1.00
50886094,17.64,34.08,5819.73,2.00
50889094,17.64,34.09,6568.08,6.00
50892094,17.63,34.09,6873.57,5.00
50895094,17.63,34.09,7459.27,1.00
50898094,17.63,34.09,6327.57,10.00
50901094,17.63,34.09,7663.93,7.00
50904094,17.62,34.10,7213.65,27.00
50907094,17.62,34.10,7431.81,0.00
50910094,17.63,34.10,6106.23,14.00
50913094,17.62,34.12,7464.97,0.00
50916094,17.62,34.10,5904.48,6.00
50919094,17.62,34.10,6798.47,2.00
50922094,17.62,34.10,5972.75,1.00
50925094,17.62,34.12,7316.90,0.00
50928094,17.63,34.11,6485.56,5.00
50931094,17.63,34.10,5165.02,7.00
50934094,17.63,34.12,6193.00,6.00
50937094,17.62,34.12,6783.03,2.00
50940094,17.62,34.12,6468.83,7.00
50943094,17.62,34.12,12711.25,6.00
50946094,17.62,34.12,7654.56,6.00
50949094,17.62,34.13,9702.32,6.00
50952094,17.62,34.13,8523.89,6.00
50955094,17.62,34.12,12034.92,7.00
50958094,17.62,34.12,7143.38,8.00
50961094,17.62,34.12,11787.20,0.00
50964094,17.62,34.13,6425.62,6.00
50967094,17.62,34.13,10504.91,11.00
50970094,17.62,34.13,14113.36,7.00
50973094,17.62,34.13,6615.73,5.00
50976094,17.62,34.13,7732.46,1.00
50979094,17.62,34.14,6661.39,0.00
50982094,17.62,34.13,5140.42,8.00
50985094,17.62,34.13,7536.71,0.00
50988094,17.62,34.13,6648.75,6.00
50991094,17.62,34.13,8402.31,10.00
50994094,17.61,34.13,7545.81,0.00
50997094,17.61,34.13,6031.50,2.00
51000094,17.62,34.13,6347.96,6.00
51003094,17.62,34.12,5697.74,6.00
51006094,17.62,34.12,7070.72,7.00
51009094,17.62,34.13,8625.74,0.00
51012094,17.61,34.13,5883.13,5.00
51015094,17.61,34.13,5560.90,2.00
51018094,17.61,34.13,6190.46,0.00
51021094,17.62,34.13,5999.50,8.00
51024094,17.62,34.14,5601.27,12.00
51027094,17.62,34.14,5626.60,7.00
51030094,17.62,34.13,5874.33,0.00
51033094,17.62,34.14,5574.69,8.00
51036094,17.62,34.12,5945.65,7.00
51039094,17.62,34.12,9284.37,6.00
51042094,17.62,34.12,6299.66,1.00
51045094,17.63,34.13,6798.34,5.00
51048094,17.62,34.10,6837.19,7.00
51051094,17.62,34.12,6336.31,3.00
51054094,17.63,34.13,6759.79,2.00
51057094,17.62,34.12,9934.56,0.00
51060094,17.63,34.12,8742.70,6.00
51063094,17.63,34.12,7622.82,6.00
51066094,17.63,34.12,8059.41,7.00
51069094,17.63,34.11,7194.49,1.00
51072094,17.63,34.10,9176.98,1.00
51075094,17.63,34.12,7191.58,6.00
51078094,17.63,34.11,6699.34,1.00
51081094,17.63,34.11,8033.38,13.00
51084094,17.63,34.11,6507.70,0.00
51087094,17.63,34.10,6485.25,5.00
51090094,17.63,34.11,7240.41,9.00
51093094,17.63,34.11,6557.10,6.00
51096094,17.63,34.11,6960.06,7.00
51099094,17.63,34.12,6222.54,2.00
51102094,17.63,34.11,6827.19,1.00
51105094,17.64,34.11,7237.39,0.00
51108094,17.64,34.11,6580.97,8.00
51111094,17.64,34.11,6828.12,8.00
51114094,17.64,34.09,8304.74,0.00
51117094,17.65,34.09,6996.44,5.00
51120094,17.65,34.10,6832.77,0.00
51123094,17.65,34.08,5940.59,6.00
51126094,17.65,34.10,5505.06,6.00
51129094,17.65,34.08,7089.69,1.00
51132094,17.65,34.08,7453.29,3.00
51135094,17.65,34.08,6460.35,2.00
51138094,17.65,34.08,6160.94,11.00
51141094,17.65,34.07,7039.19,12.00
51144094,17.65,34.07,5914.15,6.00
51147094,17.65,34.07,7503.19,0.00
51150094,17.65,34.07,6834.32,1.00
51153094,17.64,34.08,6772.39,28.00
51156094,17.64,34.08,7259.17,0.00
51159094,17.64,34.08,5965.13,1.00
51162094,17.64,34.09,4972.20,7.00
51165094,17.64,34.09,6137.63,7.00
51168094,17.64,34.09,6990.91,7.00
51171094,17.64,34.09,5161.21,10.00
51174094,17.64,34.09,5833.88,0.00
51177094,17.64,34.11,6597.69,7.00
51180094,17.64,34.11,6946.15,2.00
51183094,17.63,34.11,4865.25,6.00
51186094,17.63,34.11,5454.90,2.00
51189094,17.64,34.11,6451.79,0.00
51192094,17.63,34.12,6944.24,6.00
51195094,17.63,34.12,5574.78,11.00
51198094,17.63,34.12,6290.84,7.00
51201094,17.63,34.12,7159.43,6.00
51204094,17.63,34.12,6710.14,0.00
51207094,17.63,34.13,6089.56,2.00
51210094,17.63,34.13,7388.78,6.00
51213094,17.63,34.12,6513.25,1.00
51216094,17.63,34.12,6126.01,7.00
51219094,17.63,34.12,6763.27,0.00
51222094,17.63,34.13,5667.72,7.00
51225094,17.62,34.13,6888.10,1.00
51228094,17.63,34.13,6056.55,6.00
51231094,17.63,34.13,6535.60,7.00
51234094,17.62,34.14,7369.10,5.00
51237094,17.62,34.13,7270.60,0.00
51240094,17.63,34.13,7176.40,0.00
51243094,17.62,34.13,5763.79,1.00
51246094,17.62,34.13,10406.12,5.00
51249094,17.62,34.14,6986.68,6.00
51252094,17.62,34.13,12443.10,7.00
51255094,17.63,34.14,6488.41,7.00
51258094,17.63,34.13,6316.69,0.00
51261094,17.63,34.13,7386.77,0.00
51264094,17.63,34.13,7194.95,0.00
51267094,17.63,34.13,7694.33,1.00
51270094,17.63,34.13,6905.70,0.00
51273094,17.63,34.13,6873.92,7.00
51276094,17.63,34.13,7433.66,0.00
51279094,17.64,34.13,8202.21,6.00
51282094,17.63,34.12,6028.41,5.00
51285094,17.64,34.13,7166.61,0.00
51288094,17.64,34.12,6372.06,2.00
51291094,17.63,34.11,9071.32,0.00
51294094,17.63,34.12,6269.75,0.00
51297094,17.63,34.12,6232.10,2.00
51300094,17.64,34.12,5012.71,2.00
51303094,17.64,34.12,6465.99,8.00
51306094,17.63,34.12,5084.60,5.00
51309094,17.63,34.12,5652.88,2.00
51312094,17.63,34.11,6027.18,7.00
51315094,17.63,34.12,6076.46,0.00
51318094,17.63,34.12,5252.98,2.00
51321094,17.63,34.12,6549.14,9.00
51324094,17.63,34.13,6109.45,0.00
51327094,17.63,34.12,6230.11,0.00
51330094,17.63,34.13,6876.64,8.00
51333094,17.63,34.13,6704.33,1.00
51336094,17.63,34.12,7666.15,5.00
51339094,17.63,34.12,7429.54,7.00
51342094,17.62,34.12,8516.24,0.00
51345094,17.63,34.12,7101.00,8.00
51348094,17.62,34.12,9086.39,7.00
51351094,17.63,34.12,7685.40,9.00
51354094,17.62,34.13,7751.25,0.00
51357094,17.62,34.13,8202.54,0.00
51360094,17.62,34.13,9995.65,0.00
51363094,17.63,34.13,10212.56,6.00
51366094,17.63,34.13,7734.21,2.00
51369094,17.63,34.13,12275.41,2.00
51372094,17.63,34.12,10312.17,0.00
51375094,17.63,34.13,6120.54,5.00
51378094,17.63,34.13,7266.94,6.00
51381094,17.63,34.13,9742.41,2.00
51384094,17.63,34.13,7836.22,6.00
51387094,17.63,34.13,7914.08,2.00
51390094,17.63,34.12,7703.16,1.00
51393094,17.63,34.13,6760.84,13.00
51396094,17.63,34.13,7481.94,6.00
51399094,17.63,34.13,9599.60,2.00
51402094,17.63,34.12,8042.65,8.00
51405094,17.63,34.13,17863.01,0.00
51408094,17.63,34.13,7529.29,6.00
51411094,17.63,34.13,7350.20,0.00
51414094,17.63,34.13,8719.02,9.00
51417094,17.63,34.13,8233.33,6.00
51420094,17.63,34.13,8884.84,9.00
51423094,17.63,34.12,8685.64,6.00
51426094,17.63,34.13,7280.91,1.00
51429094,17.63,34.13,7106.64,5.00
51432094,17.63,34.12,6800.12,0.00
51435094,17.64,34.12,6101.88,6.00
51438094,17.64,34.12,7338.02,2.00
51441094,17.64,34.12,6686.42,9.00
51444094,17.64,34.12,5650.17,8.00
51447094,17.64,34.12,7460.46,0.00
51450094,17.64,34.12,6454.61,0.00
51453094,17.64,34.11,9829.84,7.00
51456094,17.65,34.12,6753.21,6.00
51459094,17.64,34.11,6931.09,2.00
51462094,17.64,34.11,6691.10,8.00
51465094,17.64,34.11,6298.59,2.00
51468094,17.64,34.11,7055.44,0.00
51471094,17.64,34.11,14508.35,2.00
51474094,17.64,34.11,6746.61,0.00
51477094,17.65,34.11,6363.31,0.00
51480094,17.64,34.11,5136.41,6.00
51483094,17.64,34.11,6083.90,0.00
51486094,17.65,34.11,6637.42,1.00
51489094,17.64,34.11,5874.30,2.00
51492094,17.64,34.11,5961.82,8.00
51495094,17.64,34.12,6903.81,7.00
51498094,17.64,34.11,5902.04,0.00
51501094,17.65,34.11,7783.36,6.00
51504094,17.65,34.11,6158.48,6.00
51507094,17.65,34.12,10127.41,1.00
51510094,17.64,34.12,8200.13,2.00
51513094,17.64,34.12,9675.63,5.00
51516094,17.64,34.12,8883.58,4.00
51519094,17.64,34.12,8340.33,0.00
51522094,17.64,34.12,11055.32,0.00
51525094,17.64,34.12,6179.20,2.00
51528094,17.64,34.12,6707.60,5.00
51531094,17.64,34.12,5849.46,0.00
51534094,17.64,34.12,7715.77,1.00
51537094,17.64,34.11,7156.47,6.00
51540094,17.64,34.11,7899.90,6.00
51543094,17.64,34.12,6966.94,5.00
51546094,17.64,34.12,7571.08,10.00
51549094,17.64,34.12,6957.59,7.00
51552094,17.64,34.12,6316.92,4.00
51555094,17.64,34.12,7087.54,8.00
51558094,17.64,34.12,5972.80,7.00
51561094,17.64,34.12,6256.12,7.00
51564094,17.64,34.12,6806.93,2.00
51567094,17.64,34.11,5371.54,1.00
51570094,17.64,34.12,5446.95,1.00
51573094,17.64,34.12,6627.45,6.00
51576094,17.63,34.12,6439.85,12.00
51579094,17.64,34.12,5677.45,2.00
51582094,17.64,34.12,5950.02,7.00
51585094,17.64,34.12,5786.72,2.00
51588094,17.64,34.12,6220.88,3.00
51591094,17.64,34.11,7016.69,1.00
51594094,17.64,34.11,6647.75,5.00
51597094,17.64,34.12,7428.67,6.00
51600094,17.64,34.12,7639.66,7.00
51603094,17.64,34.12,7491.75,6.00
51606094,17.64,34.12,7285.64,0.00
51609094,17.64,34.12,6723.90,10.00
51612094,17.64,34.12,7241.71,7.00
51615094,17.64,34.12,8377.63,0.00
51618094,17.64,34.12,10580.88,0.00
51621094,17.64,34.11,6588.36,2.00
51624094,17.64,34.12,6429.19,10.00
51627094,17.64,34.11,5598.76,0.00
51630094,17.64,34.11,6841.87,5.00
51633094,17.64,34.11,6447.26,6.00
51636094,17.64,34.12,5942.99,5.00
51639094,17.64,34.11,5408.56,1.00
51642094,17.64,34.11,6208.46,8.00
51645094,17.64,34.11,10231.35,5.00
51648094,17.64,34.11,15114.05,7.00
51651094,17.64,34.11,11032.15,0.00
51654094,17.64,34.12,7450.98,7.00
51657094,17.65,34.11,7763.57,6.00
51660094,17.64,34.11,9163.56,6.00
51663094,17.64,34.12,9393.42,1.00
51666094,17.64,34.11,9281.27,0.00
51669094,17.64,34.11,6664.47,2.00
51672094,17.64,34.11,7601.89,0.00
51675094,17.64,34.12,8160.76,7.00
51678094,17.65,34.11,6442.75,2.00
51681094,17.65,34.09,6441.72,1.00
51684094,17.64,34.11,8308.78,5.00
51687094,17.65,34.12,5818.10,0.00
51690094,17.64,34.11,6441.32,0.00
51693094,17.65,34.12,6127.81,1.00
51696094,17.64,34.11,5311.36,6.00
51699094,17.65,34.09,6035.01,11.00
51702094,17.64,34.09,8922.29,8.00
51705094,17.65,34.11,5645.93,5.00
51708094,17.65,34.11,5350.19,6.00
51711094,17.65,34.09,6840.02,6.00
51714094,17.65,34.09,6147.91,2.00
51717094,17.65,34.09,7539.47,6.00
51720094,17.65,34.09,7954.69,0.00
51723094,17.64,34.09,6513.35,8.00
51726094,17.65,34.09,6623.91,2.00
51729094,17.65,34.09,9450.84,4.00
51732094,17.64,34.09,6380.22,7.00
51735094,17.65,34.09,6262.15,1.00
51738094,17.64,34.09,5998.04,8.00
51741094,17.64,34.11,7901.96,5.00
51744094,17.64,34.09,5965.05,1.00
51747094,17.64,34.09,7044.36,1.00
51750094,17.64,34.09,5924.22,0.00
51753094,17.64,34.09,5800.81,1.00
51756094,17.64,34.09,6162.90,6.00
51759094,17.65,34.09,7393.59,6.00
51762094,17.65,34.09,7611.54,6.00
51765094,17.65,34.09,6923.47,5.00
51768094,17.65,34.11,8057.99,5.00
51771094,17.65,34.09,7551.90,11.00
51774094,17.65,34.10,8184.39,8.00
51777094,17.65,34.11,7160.87,1.00
51780094,17.65,34.10,8142.22,7.00
51783094,17.65,34.09,6731.62,0.00
51786094,17.65,34.09,6902.18,11.00
51789094,17.65,34.09,5657.81,6.00
51792094,17.65,34.09,6395.51,5.00
51795094,17.65,34.11,6370.57,4.00
51798094,17.65,34.09,6561.54,6.00
51801094,17.65,34.09,6809.44,6.00
51804094,17.65,34.09,6320.29,1.00
51807094,17.64,34.11,5806.27,6.00
51810094,17.65,34.11,5953.99,0.00
51813094,17.65,34.09,7284.05,1.00
51816094,17.64,34.11,8463.79,6.00
51819094,17.64,34.11,7502.39,5.00
51822094,17.64,34.11,7230.62,6.00
51825094,17.64,34.11,6999.72,4.00
51828094,17.64,34.11,8370.28,7.00
51831094,17.65,34.11,6582.99,5.00
51834094,17.64,34.12,6267.67,5.00
51837094,17.64,34.12,6903.57,7.00
51840094,17.64,34.12,7239.54,6.00
51843094,17.64,34.12,7985.64,8.00
51846094,17.64,34.12,8791.33,6.00
51849094,17.63,34.13,7765.82,1.00
51852094,17.64,34.13,6943.82,10.00
51855094,17.64,34.13,9606.70,0.00
51858094,17.64,34.12,9159.34,0.00
51861094,17.64,34.13,7272.11,0.00
51864094,17.64,34.13,7040.58,7.00
51867094,17.63,34.14,6333.41,9.00
51870094,17.64,34.13,6105.74,5.00
51873094,17.64,34.13,5969.29,0.00
51876094,17.64,34.13,8125.00,8.00
51879094,17.63,34.13,7713.01,7.00
51882094,17.63,34.13,7037.88,5.00
51885094,17.63,34.13,8776.72,7.00
51888094,17.64,34.14,8048.86,7.00
51891094,17.63,34.14,7547.30,5.00
51894094,17.63,34.14,8338.04,7.00
51897094,17.63,34.14,7952.88,0.00
51900094,17.64,34.13,6668.64,0.00
51903094,17.64,34.13,5896.34,2.00
51906094,17.64,34.14,6277.55,5.00
51909094,17.64,34.14,8218.30,6.00
51912094,17.64,34.15,9215.73,0.00
51915094,17.63,34.14,8008.23,9.00
51918094,17.64,34.14,10160.23,6.00
51921094,17.64,34.14,7226.26,0.00
51924094,17.64,34.14,9270.37,1.00
51927094,17.64,34.15,6977.07,1.00
51930094,17.64,34.14,6028.43,1.00
51933094,17.63,34.15,6108.38,1.00
51936094,17.64,34.15,7485.43,7.00
51939094,17.64,34.14,6250.98,1.00
51942094,17.64,34.15,6647.01,6.00
51945094,17.64,34.15,7006.51,5.00
51948094,17.63,34.15,6410.96,5.00
51951094,17.63,34.14,7905.23,5.00
51954094,17.63,34.15,7759.06,5.00
51957094,17.64,34.14,7189.01,5.00
51960094,17.64,34.14,8594.88,14.00
51963094,17.63,34.17,8251.89,0.00
51966094,17.64,34.13,9046.39,10.00
51969094,17.64,34.14,9407.60,7.00
51972094,17.64,34.14,6596.83,8.00
51975094,17.65,34.14,7082.74,9.00
51978094,17.65,34.13,6627.14,7.00
51981094,17.65,34.13,7163.46,6.00
51984094,17.65,34.13,6594.62,2.00
51987094,17.66,34.13,6558.90,1.00
51990094,17.66,34.13,8536.54,6.00
51993094,17.66,34.12,6078.44,1.00
51996094,17.66,34.12,7381.63,7.00
51999094,17.66,34.12,8864.25,0.00
52002094,17.66,34.12,7495.51,9.00
52005094,17.66,34.12,8893.52,9.00
52008094,17.66,34.12,5982.51,7.00
52011094,17.66,34.13,6368.19,1.00
52014094,17.66,34.13,6571.04,0.00
52017094,17.67,34.13,7024.53,6.00
52020094,17.67,34.13,6574.47,7.00
52023094,17.66,34.13,6941.28,0.00
52026094,17.67,34.13,7063.46,6.00
52029094,17.66,34.13,8367.83,0.00
52032094,17.66,34.12,6006.48,2.00
52035094,17.66,34.12,6365.82,2.00
52038094,17.66,34.13,5972.41,7.00
52041094,17.67,34.12,5385.52,6.00
52044094,17.67,34.12,5679.63,2.00
52047094,17.67,34.13,5734.92,6.00
52050094,17.67,34.13,5445.00,0.00
52053094,17.67,34.13,6462.14,2.00
52056094,17.67,34.12,6660.05,0.00
52059094,17.67,34.12,6525.68,5.00
52062094,17.67,34.12,6723.81,0.00
52065094,17.67,34.12,6854.26,8.00
52068094,17.67,34.12,7994.46,7.00
52071094,17.67,34.12,6138.31,6.00
52074094,17.67,34.12,8263.02,11.00
52077094,17.67,34.12,7260.63,0.00
52080094,17.66,34.12,11398.73,6.00
52083094,17.67,34.12,6743.83,6.00
52086094,17.67,34.13,8231.10,7.00
52089094,17.68,34.12,7528.88,8.00
52092094,17.68,34.12,8172.74,10.00
52095094,17.67,34.12,7458.08,10.00
52098094,17.68,34.12,7695.13,6.00
52101094,17.68,34.13,8072.36,2.00
52104094,17.68,34.13,7221.99,0.00
52107094,17.67,34.13,8613.18,6.00
52110094,17.67,34.13,11588.12,5.00
52113094,17.67,34.13,11102.05,5.00
52116094,17.67,34.12,9165.19,7.00
52119094,17.68,34.13,6632.73,5.00
52122094,17.67,34.13,7873.32,2.00
52125094,17.67,34.13,6272.03,6.00
52128094,17.67,34.13,6896.78,6.00
52131094,17.68,34.14,6000.80,7.00
52134094,17.67,34.13,6332.55,2.00
52137094,17.67,34.13,20404.56,2.00
52140094,17.68,34.13,5824.40,0.00
52143094,17.68,34.14,6828.01,7.00
52146094,17.67,34.13,6287.80,2.00
52149094,17.67,34.16,5436.41,0.00
52152094,17.67,34.13,6221.37,6.00
52155094,17.67,34.13,7488.46,0.00
52158094,17.68,34.14,8081.44,0.00
52161094,17.67,34.14,6650.09,7.00
52164094,17.68,34.14,5674.00,1.00
52167094,17.68,34.14,6651.73,1.00
52170094,17.67,34.16,6628.31,0.00
52173094,17.67,34.14,7330.57,0.00
52176094,17.67,34.14,7656.69,1.00
52179094,17.67,34.14,7099.76,5.00
52182094,17.67,34.14,6855.78,5.00
52185094,17.67,34.14,7488.40,0.00
52188094,17.67,34.14,6604.34,4.00
52191094,17.67,34.16,6576.20,4.00
52194094,17.67,34.16,6226.78,5.00
52197094,17.67,34.16,5592.14,9.00
52200094,17.67,34.16,12887.99,1.00
52203094,17.67,34.14,7859.16,0.00
52206094,17.67,34.14,6888.01,6.00
52209094,17.67,34.16,7369.31,5.00
52212094,17.67,34.16,9043.42,7.00
52215094,17.67,34.16,7005.88,0.00
52218094,17.67,34.16,11628.34,7.00
52221094,17.67,34.16,8085.73,0.00
52224094,17.67,34.17,9658.04,7.00
52227094,17.66,34.17,7453.42,7.00
52230094,17.66,34.17,6428.43,6.00
52233094,17.66,34.17,5836.93,0.00
52236094,17.66,34.17,6833.82,6.00
52239094,17.66,34.18,6213.93,0.00
52242094,17.66,34.18,6326.87,0.00
52245094,17.66,34.18,5998.31,10.00
52248094,17.66,34.18,5783.27,1.00
52251094,17.66,34.18,5571.04,7.00
52254094,17.66,34.18,6067.10,6.00
52257094,17.65,34.18,5911.21,0.00
52260094,17.65,34.18,5872.67,2.00
52263094,17.66,34.18,6774.22,0.00
52266094,17.66,34.18,8166.62,6.00
52269094,17.65,34.19,6942.85,6.00
52272094,17.65,34.19,6231.65,0.00
52275094,17.65,34.19,6722.86,6.00
52278094,17.65,34.18,6936.68,1.00
52281094,17.65,34.19,6457.99,5.00
52284094,17.65,34.18,5423.78,10.00
52287094,17.66,34.18,6679.15,1.00
52290094,17.65,34.19,5857.60,10.00
52293094,17.66,34.19,6616.50,7.00
52296094,17.66,34.19,6872.57,0.00
52299094,17.65,34.19,5785.61,0.00
52302094,17.66,34.19,7002.88,7.00
52305094,17.66,34.19,7803.99,0.00
52308094,17.66,34.19,5580.71,7.00
52311094,17.65,34.20,6722.35,0.00
52314094,17.65,34.19,6546.81,6.00
52317094,17.66,34.19,6666.39,5.00
52320094,17.66,34.19,8157.01,0.00
52323094,17.66,34.19,8932.48,8.00
52326094,17.66,34.18,10377.14,1.00
52329094,17.66,34.19,7496.79,6.00
52332094,17.66,34.19,7658.41,4.00
52335094,17.67,34.19,6721.90,5.00
52338094,17.66,34.19,6651.32,6.00
52341094,17.67,34.19,5847.65,0.00
52344094,17.67,34.19,6288.09,0.00
52347094,17.67,34.19,5794.46,6.00
52350094,17.67,34.19,5308.90,2.00
52353094,17.67,34.19,5722.39,1.00
52356094,17.67,34.19,7177.30,0.00
52359094,17.68,34.18,6897.49,6.00
52362094,17.68,34.18,6908.53,0.00
52365094,17.68,34.19,6637.27,2.00
52368094,17.67,34.18,6822.42,10.00
52371094,17.67,34.19,7084.48,0.00
52374094,17.67,34.19,6557.56,5.00
52377094,17.68,34.21,6809.52,0.00
52380094,17.67,34.21,6637.18,5.00
52383094,17.67,34.21,7039.95,0.00
52386094,17.67,34.19,7309.94,0.00
52389094,17.68,34.19,7884.25,8.00
52392094,17.67,34.18,7118.85,7.00
52395094,17.68,34.19,5743.89,1.00
52398094,17.68,34.18,6037.57,1.00
52401094,17.68,34.18,7252.77,9.00
52404094,17.68,34.18,6202.69,6.00
52407094,17.68,34.18,5854.64,6.00
52410094,17.68,34.19,7903.31,7.00
52413094,17.68,34.19,8477.50,2.00
52416094,17.67,34.19,7664.69,0.00
52419094,17.68,34.19,5998.61,2.00
52422094,17.68,34.19,5922.20,9.00
52425094,17.68,34.19,6616.27,5.00
52428094,17.67,34.21,6665.29,2.00
52431094,17.68,34.21,5875.77,1.00
52434094,17.67,34.19,6966.26,0.00
52437094,17.68,34.19,4838.98,6.00
52440094,17.68,34.18,9599.38,7.00
52443094,17.68,34.19,9266.62,5.00
52446094,17.69,34.18,6550.07,8.00
52449094,17.68,34.19,6620.65,0.00
52452094,17.68,34.19,6320.56,6.00
52455094,17.68,34.19,6642.66,1.00
52458094,17.68,34.21,7392.56,0.00
52461094,17.68,34.19,9631.51,0.00
52464094,17.68,34.19,7032.50,8.00
52467094,17.68,34.19,9053.67,7.00
52470094,17.68,34.19,10764.53,0.00
52473094,17.68,34.19,10217.95,0.00
52476094,17.68,34.19,9253.63,7.00
52479094,17.68,34.19,8651.98,7.00
52482094,17.68,34.19,7534.89,5.00
52485094,17.68,34.18,8406.90,5.00
52488094,17.68,34.18,7556.28,7.00
52491094,17.68,34.18,9536.70,2.00
52494094,17.68,34.18,8133.78,0.00
52497094,17.68,34.19,7769.49,2.00
52500094,17.68,34.21,7358.26,6.00
52503094,17.67,34.19,7220.39,6.00
52506094,17.67,34.19,6519.24,0.00
52509094,17.67,34.19,7063.07,7.00
52512094,17.66,34.20,7040.39,7.00
52515094,17.67,34.22,8541.46,10.00
52518094,17.66,34.20,9670.90,6.00
52521094,17.66,34.20,12509.73,9.00
52524094,17.66,34.22,7171.61,7.00
52527094,17.66,34.22,7801.91,9.00
52530094,17.67,34.21,8080.45,1.00
52533094,17.66,34.22,7799.32,0.00
52536094,17.66,34.20,7829.67,2.00
52539094,17.66,34.22,7627.47,1.00
52542094,17.66,34.22,8710.61,6.00
52545094,17.66,34.23,6746.68,7.00
52548094,17.66,34.23,7985.22,5.00
52551094,17.66,34.22,8691.31,5.00
52554094,17.66,34.23,8021.83,2.00
52557094,17.66,34.24,8051.33,2.00
52560094,17.66,34.23,7027.51,1.00
52563094,17.66,34.24,7369.20,10.00
52566094,17.66,34.24,6714.47,2.00
52569094,17.67,34.24,6882.72,6.00
52572094,17.67,34.24,6987.97,9.00
52575094,17.66,34.25,5878.42,7.00
52578094,17.66,34.24,7033.48,7.00
52581094,17.66,34.25,7114.66,0.00
52584094,17.66,34.24,7366.75,5.00
52587094,17.66,34.25,7894.84,0.00
52590094,17.66,34.25,6391.80,1.00
52593094,17.67,34.25,5923.76,0.00
52596094,17.66,34.25,7044.38,0.00
52599094,17.66,34.24,8031.97,7.00
52602094,17.66,34.24,6140.12,5.00
52605094,17.66,34.24,5510.34,8.00
52608094,17.66,34.24,7390.71,2.00
52611094,17.66,34.24,8333.64,7.00
52614094,17.66,34.24,8365.78,7.00
52617094,17.67,34.25,8231.69,5.00
52620094,17.66,34.24,8531.98,10.00
52623094,17.66,34.25,7490.73,0.00
52626094,17.67,34.25,8140.68,1.00
52629094,17.66,34.25,8932.82,1.00
52632094,17.66,34.25,8579.28,1.00
52635094,17.66,34.25,7856.99,0.00
52638094,17.66,34.25,7734.60,4.00
52641094,17.66,34.25,7031.07,5.00
52644094,17.66,34.25,7096.28,2.00
52647094,17.66,34.26,8975.01,8.00
52650094,17.66,34.25,8507.39,5.00
52653094,17.66,34.25,7738.26,0.00
52656094,17.66,34.25,6683.66,8.00
52659094,17.66,34.25,7513.07,11.00
52662094,17.66,34.25,6954.05,6.00
52665094,17.66,34.25,6706.77,5.00
52668094,17.67,34.26,8146.83,5.00
52671094,17.66,34.24,7340.57,0.00
52674094,17.66,34.25,7246.26,2.00
52677094,17.66,34.25,5815.85,7.00
52680094,17.66,34.25,7504.45,24.00
52683094,17.66,34.25,6783.25,5.00
52686094,17.66,34.25,6292.51,0.00
52689094,17.66,34.25,6948.53,0.00
52692094,17.66,34.26,6955.55,7.00
52695094,17.66,34.26,7173.71,6.00
52698094,17.66,34.25,6206.33,8.00
52701094,17.66,34.26,6481.92,6.00
52704094,17.66,34.25,7353.74,5.00
52707094,17.67,34.26,5890.23,6.00
52710094,17.66,34.26,6056.57,2.00
52713094,17.67,34.26,6733.24,0.00
52716094,17.66,34.28,6215.60,8.00
52719094,17.66,34.26,6596.71,5.00
52722094,17.66,34.28,10567.60,0.00
52725094,17.66,34.26,6364.24,6.00
52728094,17.66,34.28,8476.11,1.00
52731094,17.66,34.28,14395.15,8.00
52734094,17.66,34.26,7000.44,8.00
52737094,17.66,34.26,7157.01,1.00
52740094,17.66,34.26,8558.36,1.00
52743094,17.66,34.26,8616.42,1.00
52746094,17.66,34.28,9371.77,3.00
52749094,17.66,34.26,9135.51,0.00
52752094,17.66,34.26,8158.42,7.00
52755094,17.66,34.26,7563.23,5.00
52758094,17.66,34.26,7723.96,6.00
52761094,17.66,34.26,7836.16,9.00
52764094,17.66,34.28,6265.07,2.00
52767094,17.66,34.26,7301.50,8.00
52770094,17.65,34.28,6706.79,1.00
52773094,17.66,34.28,6301.73,11.00
52776094,17.66,34.26,7266.00,5.00
52779094,17.66,34.28,7455.17,6.00
52782094,17.66,34.26,5884.75,7.00
52785094,17.67,34.26,7582.72,8.00
52788094,17.67,34.26,7094.42,6.00
52791094,17.66,34.26,7933.09,0.00
52794094,17.66,34.28,6724.18,0.00
52797094,17.66,34.28,11182.98,13.00
52800094,17.66,34.26,8445.76,0.00
52803094,17.67,34.26,14618.86,6.00
52806094,17.66,34.26,6700.85,7.00
52809094,17.67,34.26,7856.79,6.00
52812094,17.66,34.28,6392.74,13.00
52815094,17.67,34.28,6013.96,0.00
52818094,17.67,34.26,6296.92,6.00
52821094,17.67,34.26,5945.55,0.00
52824094,17.67,34.28,6685.90,2.00
52827094,17.67,34.28,6917.05,8.00
52830094,17.67,34.28,6389.04,8.00
52833094,17.66,34.28,6109.83,8.00
52836094,17.67,34.28,6450.65,1.00
52839094,17.66,34.28,7097.62,5.00
52842094,17.67,34.28,7142.17,0.00
52845094,17.66,34.28,6201.66,1.00
52848094,17.66,34.28,6648.58,1.00
52851094,17.67,34.29,6347.84,6.00
52854094,17.66,34.29,6570.96,4.00
52857094,17.67,34.28,5815.33,5.00
52860094,17.66,34.29,6277.88,2.00
52863094,17.66,34.30,6532.75,1.00
52866094,17.66,34.29,7029.87,6.00
52869094,17.66,34.29,7864.05,8.00
52872094,17.66,34.30,8529.39,2.00
52875094,17.66,34.30,7150.02,6.00
52878094,17.67,34.29,5619.41,0.00
52881094,17.66,34.29,6116.62,8.00
52884094,17.66,34.29,6946.33,8.00
52887094,17.66,34.29,10819.32,0.00
52890094,17.66,34.29,7294.66,1.00
52893094,17.66,34.30,6195.44,6.00
52896094,17.66,34.29,10885.96,2.00
52899094,17.67,34.29,18419.48,6.00
52902094,17.66,34.29,7578.15,4.00
52905094,17.67,34.30,5947.22,6.00
52908094,17.67,34.29,7535.65,6.00
52911094,17.67,34.30,6286.31,0.00
52914094,17.67,34.29,6508.02,5.00
52917094,17.67,34.30,7478.34,7.00
52920094,17.67,34.30,8759.71,0.00
52923094,17.67,34.30,8139.01,6.00
52926094,17.67,34.30,7331.34,2.00
52929094,17.67,34.31,7845.30,11.00
52932094,17.67,34.31,8212.62,0.00
52935094,17.67,34.31,7905.92,2.00
52938094,17.67,34.33,10829.32,1.00
52941094,17.67,34.31,7720.77,2.00
52944094,17.67,34.31,12211.93,5.00
52947094,17.67,34.33,7763.37,6.00
52950094,17.68,34.33,7962.96,6.00
52953094,17.68,34.33,7065.27,0.00
52956094,17.68,34.31,7117.48,11.00
52959094,17.67,34.33,8178.43,10.00
52962094,17.67,34.33,6646.25,6.00
52965094,17.67,34.34,7142.22,6.00
52968094,17.67,34.33,6505.23,2.00
52971094,17.67,34.34,5716.32,9.00
52974094,17.67,34.34,6299.09,6.00
52977094,17.67,34.34,6266.92,0.00
52980094,17.68,34.34,5739.49,11.00
52983094,17.68,34.35,5703.03,2.00
52986094,17.67,34.35,5136.02,1.00
52989094,17.67,34.35,5498.77,2.00
52992094,17.67,34.35,6236.46,6.00
52995094,17.67,34.35,5605.69,0.00
52998094,17.67,34.36,6035.82,1.00
53001094,17.67,34.37,5355.22,2.00
53004094,17.67,34.36,5233.67,7.00
53007094,17.67,34.35,5370.34,0.00
53010094,17.67,34.37,5531.82,0.00
53013094,17.67,34.36,5323.11,1.00
53016094,17.67,34.37,6565.45,5.00
53019094,17.66,34.37,5815.96,13.00
53022094,17.66,34.37,6782.76,8.00
53025094,17.66,34.38,5495.76,0.00
53028094,17.66,34.38,5741.06,5.00
53031094,17.67,34.37,5218.83,9.00
53034094,17.66,34.38,5197.64,2.00
53037094,17.66,34.38,5556.04,6.00
53040094,17.67,34.39,5308.71,5.00
53043094,17.66,34.40,5577.05,11.00
53046094,17.66,34.38,6361.60,7.00
53049094,17.66,34.40,6467.66,6.00
53052094,17.66,34.40,6082.16,6.00
53055094,17.66,34.40,5847.93,7.00
53058094,17.67,34.40,6344.14,6.00
53061094,17.66,34.38,5689.50,7.00
53064094,17.66,34.40,6074.32,7.00
53067094,17.66,34.38,5451.85,2.00
53070094,17.66,34.38,5532.15,6.00
53073094,17.67,34.39,7248.95,1.00
53076094,17.66,34.38,6752.14,7.00
53079094,17.66,34.38,5546.31,11.00
53082094,17.67,34.39,6742.66,0.00
53085094,17.66,34.38,6866.34,7.00
53088094,17.66,34.40,6359.08,5.00
53091094,17.66,34.38,6990.67,7.00
53094094,17.66,34.40,8537.71,2.00
53097094,17.65,34.40,6811.14,6.00
53100094,17.66,34.40,6555.12,7.00
53103094,17.65,34.40,6836.36,2.00
53106094,17.65,34.40,6381.57,6.00
53109094,17.66,34.41,5965.89,7.00
53112094,17.66,34.40,5526.00,2.00
53115094,17.65,34.42,6873.33,3.00
53118094,17.66,34.41,6484.50,5.00
53121094,17.65,34.41,5825.62,6.00
53124094,17.66,34.41,6286.39,5.00
53127094,17.65,34.41,6706.59,1.00
53130094,17.65,34.41,6257.87,7.00
53133094,17.66,34.41,5685.03,5.00
53136094,17.66,34.42,5492.65,1.00
53139094,17.66,34.41,5264.31,0.00
53142094,17.66,34.42,5009.97,5.00
53145094,17.66,34.42,5827.95,2.00
53148094,17.66,34.42,5659.31,7.00
53151094,17.65,34.43,6230.42,6.00
53154094,17.66,34.43,6522.77,6.00
53157094,17.65,34.45,9894.63,10.00
53160094,17.64,34.43,10408.28,6.00
53163094,17.65,34.43,8455.12,12.00
53166094,17.65,34.44,8268.19,0.00
53169094,17.65,34.43,7372.90,6.00
53172094,17.65,34.44,5689.65,2.00
53175094,17.65,34.44,6376.13,3.00
53178094,17.65,34.44,5620.98,5.00
53181094,17.65,34.44,5367.53,7.00
53184094,17.65,34.43,8834.25,24.00
53187094,17.65,34.45,7527.92,0.00
53190094,17.65,34.43,8995.37,0.00
53193094,17.65,34.43,6054.88,1.00
53196094,17.65,34.45,5712.66,5.00
53199094,17.66,34.45,6496.91,1.00
53202094,17.65,34.44,6328.86,1.00
53205094,17.65,34.44,6721.54,6.00
53208094,17.66,34.46,19261.36,1.00
53211094,17.66,34.45,5528.88,28.00
53214094,17.66,34.45,5652.94,6.00
53217094,17.66,34.45,6153.05,3.00
53220094,17.66,34.45,8135.01,0.00
53223094,17.66,34.43,11406.50,7.00
53226094,17.67,34.45,7115.87,1.00
53229094,17.67,34.45,5471.34,2.00
53232094,17.67,34.45,6130.83,12.00
53235094,17.67,34.45,6931.88,2.00
53238094,17.67,34.45,9248.86,1.00
53241094,17.67,34.45,7954.77,2.00
53244094,17.67,34.45,6751.63,5.00
53247094,17.67,34.45,5836.99,9.00
53250094,17.67,34.45,6269.32,7.00
53253094,17.67,34.45,7479.54,7.00
53256094,17.67,34.45,8254.77,0.00
53259094,17.67,34.45,9392.27,0.00
53262094,17.67,34.45,6015.94,1.00
53265094,17.67,34.43,6281.53,10.00
53268094,17.68,34.45,6693.20,12.00
53271094,17.67,34.45,6376.55,8.00
53274094,17.68,34.45,7800.67,2.00
53277094,17.68,34.45,7459.51,8.00
53280094,17.67,34.45,8225.72,8.00
53283094,17.67,34.43,7346.87,8.00
53286094,17.67,34.45,10945.18,7.00
53289094,17.67,34.45,7760.62,6.00
53292094,17.67,34.43,8465.92,5.00
53295094,17.67,34.45,10498.12,0.00
53298094,17.67,34.45,7500.11,6.00
53301094,17.67,34.45,8627.08,10.00
53304094,17.67,34.46,5619.25,2.00
53307094,17.67,34.45,6855.00,10.00
53310094,17.67,34.46,6008.28,11.00
53313094,17.66,34.46,7987.48,1.00
53316094,17.66,34.46,7270.03,23.00
53319094,17.67,34.46,7322.44,0.00
53322094,17.66,34.46,7025.57,1.00
53325094,17.66,34.46,7305.06,7.00
53328094,17.67,34.46,6564.63,27.00
53331094,17.67,34.45,8071.37,7.00
53334094,17.67,34.46,7765.95,6.00
53337094,17.67,34.45,8179.33,1.00
53340094,17.67,34.45,8646.24,6.00
53343094,17.67,34.45,7665.72,9.00
53346094,17.68,34.45,7578.77,2.00
53349094,17.68,34.45,9430.53,1.00
53352094,17.68,34.45,7704.27,1.00
53355094,17.69,34.45,8020.05,2.00
53358094,17.69,34.45,10913.33,1.00
53361094,17.68,34.44,14046.32,0.00
53364094,17.68,34.44,12339.78,6.00
53367094,17.69,34.45,9258.45,6.00
53370094,17.68,34.44,23466.93,6.00
53373094,17.69,34.44,7421.96,9.00
53376094,17.69,34.44,6789.91,2.00
53379094,17.68,34.45,7498.96,6.00
53382094,17.68,34.45,7427.82,2.00
53385094,17.69,34.45,7213.26,9.00
53388094,17.68,34.45,8080.95,6.00
53391094,17.68,34.45,8808.79,0.00
53394094,17.68,34.45,7323.80,5.00
53397094,17.69,34.44,6373.27,0.00
53400094,17.69,34.44,6781.13,7.00
53403094,17.69,34.45,7124.59,7.00
53406094,17.69,34.44,5805.20,6.00
53409094,17.69,34.44,6829.13,2.00
53412094,17.69,34.44,6694.30,14.00
53415094,17.69,34.45,6141.14,27.00
53418094,17.69,34.45,6089.06,5.00
53421094,17.68,34.45,6145.21,27.00
53424094,17.68,34.45,5309.56,9.00
53427094,17.68,34.45,6123.17,2.00
53430094,17.68,34.45,6960.48,0.00
53433094,17.68,34.45,6768.82,10.00
53436094,17.68,34.45,6928.97,0.00
53439094,17.68,34.45,7004.65,12.00
53442094,17.67,34.46,6509.56,7.00
53445094,17.67,34.46,5795.55,0.00
53448094,17.68,34.46,5469.91,8.00
53451094,17.68,34.46,5103.98,6.00
53454094,17.67,34.46,5914.03,8.00
53457094,17.67,34.46,7187.36,7.00
53460094,17.68,34.46,7442.32,7.00
53463094,17.68,34.46,6082.75,6.00
53466094,17.68,34.47,6274.11,2.00
53469094,17.68,34.46,5676.13,2.00
53472094,17.68,34.46,5435.19,0.00
53475094,17.69,34.46,6133.04,8.00
53478094,17.69,34.46,5931.78,6.00
53481094,17.69,34.45,5532.90,1.00
53484094,17.69,34.45,6408.30,0.00
53487094,17.69,34.45,7469.12,7.00
53490094,17.69,34.45,6668.88,0.00
53493094,17.69,34.44,5977.62,7.00
53496094,17.69,34.44,5930.40,0.00
53499094,17.69,34.45,5766.29,5.00
53502094,17.69,34.45,5805.14,0.00
53505094,17.69,34.45,6614.82,10.00
53508094,17.69,34.46,5917.40,1.00
53511094,17.69,34.45,6477.14,2.00
53514094,17.69,34.45,6466.49,0.00
53517094,17.69,34.46,5540.12,2.00
53520094,17.68,34.46,6139.70,0.00
53523094,17.68,34.47,5922.25,5.00
53526094,17.68,34.47,5527.47,5.00
53529094,17.68,34.47,5730.67,1.00
53532094,17.67,34.47,5157.65,11.00
53535094,17.68,34.47,5465.43,8.00
53538094,17.68,34.48,6037.70,7.00
53541094,17.67,34.48,6191.00,6.00
53544094,17.68,34.48,6192.34,6.00
53547094,17.68,34.48,5012.38,7.00
53550094,17.68,34.50,5915.15,1.00
53553094,17.67,34.50,6036.86,1.00
53556094,17.67,34.49,6069.96,6.00
53559094,17.67,34.51,8362.12,1.00
53562094,17.67,34.49,8429.06,6.00
53565094,17.67,34.49,7137.96,1.00
53568094,17.67,34.51,8766.30,6.00
53571094,17.67,34.50,8029.67,3.00
53574094,17.67,34.49,10224.28,8.00
53577094,17.67,34.49,9629.32,1.00
53580094,17.67,34.51,7867.78,0.00
53583094,17.67,34.51,8477.93,6.00
53586094,17.67,34.52,6968.05,0.00
53589094,17.67,34.51,17083.91,10.00
53592094,17.67,34.51,6128.06,6.00
53595094,17.67,34.51,8493.21,9.00
53598094,17.67,34.52,12416.12,8.00
53601094,17.67,34.51,7540.27,8.00
53604094,17.67,34.51,9931.06,6.00
53607094,17.67,34.51,6529.13,5.00
53610094,17.67,34.52,5997.21,1.00
53613094,17.67,34.52,6638.89,0.00
53616094,17.67,34.52,7740.15,3.00
53619094,17.67,34.52,6284.08,2.00
53622094,17.66,34.53,7418.47,0.00
53625094,17.67,34.53,7109.47,0.00
53628094,17.67,34.52,6513.14,6.00
53631094,17.66,34.53,6104.43,2.00
53634094,17.66,34.53,6171.06,7.00
53637094,17.67,34.52,5861.49,6.00
53640094,17.66,34.53,6713.37,0.00
53643094,17.67,34.52,6130.35,2.00
53646094,17.66,34.52,6561.62,7.00
53649094,17.66,34.53,6263.17,1.00
53652094,17.66,34.52,6137.48,2.00
53655094,17.66,34.52,6077.67,6.00
53658094,17.66,34.53,6966.49,9.00
53661094,17.66,34.53,9312.17,6.00
53664094,17.67,34.52,7247.73,5.00
53667094,17.67,34.52,7563.75,1.00
53670094,17.66,34.53,7323.61,7.00
53673094,17.66,34.53,7403.55,2.00
53676094,17.67,34.53,7459.97,1.00
53679094,17.66,34.53,6930.96,3.00
53682094,17.66,34.54,6100.54,6.00
53685094,17.66,34.54,5816.64,0.00
53688094,17.66,34.53,6251.27,3.00
53691094,17.66,34.53,6227.64,6.00
53694094,17.67,34.53,5661.54,6.00
53697094,17.66,34.53,5834.74,0.00
53700094,17.66,34.53,5548.46,8.00
53703094,17.66,34.53,5660.97,0.00
53706094,17.66,34.54,5693.20,6.00
53709094,17.66,34.53,5481.96,5.00
53712094,17.67,34.53,6105.13,11.00
53715094,17.66,34.53,6801.70,4.00
53718094,17.66,34.53,6558.35,1.00
53721094,17.67,34.53,6612.86,7.00
53724094,17.67,34.53,6312.59,4.00
53727094,17.67,34.53,5769.55,8.00
53730094,17.67,34.52,5362.62,7.00
53733094,17.67,34.53,5487.18,7.00
53736094,17.67,34.53,5538.89,1.00
53739094,17.68,34.53,6279.47,7.00
53742094,17.67,34.53,6405.78,7.00
53745094,17.68,34.52,6767.53,0.00
53748094,17.67,34.53,7842.05,8.00
53751094,17.67,34.53,5791.90,6.00
53754094,17.67,34.53,6960.08,0.00
53757094,17.67,34.53,7016.55,1.00
53760094,17.67,34.53,7445.03,0.00
53763094,17.67,34.53,6256.96,7.00
53766094,17.68,34.54,7328.01,0.00
53769094,17.67,34.53,5455.50,5.00
53772094,17.68,34.53,4929.82,7.00
53775094,17.67,34.53,6579.77,1.00
53778094,17.67,34.53,5883.01,3.00
53781094,17.67,34.54,5585.98,8.00
53784094,17.67,34.53,5636.65,8.00
53787094,17.67,34.53,5915.63,7.00
53790094,17.67,34.53,5213.09,8.00
53793094,17.67,34.53,5938.42,7.00
53796094,17.67,34.53,6418.29,8.00
53799094,17.67,34.53,7100.03,0.00
53802094,17.68,34.53,6327.01,6.00
53805094,17.68,34.53,10469.41,7.00
53808094,17.68,34.53,7466.08,8.00
53811094,17.68,34.53,7244.82,0.00
53814094,17.68,34.53,6290.21,23.00
53817094,17.68,34.53,6087.87,2.00
53820094,17.68,34.53,6137.58,3.00
53823094,17.68,34.53,5695.08,8.00
53826094,17.68,34.53,5683.46,9.00
53829094,17.68,34.52,6145.00,3.00
53832094,17.68,34.53,6379.92,0.00
53835094,17.68,34.52,5747.93,1.00
53838094,17.68,34.52,5528.09,6.00
53841094,17.68,34.52,5369.66,9.00
53844094,17.69,34.52,7485.26,7.00
53847094,17.68,34.52,6148.76,1.00
53850094,17.68,34.52,7842.01,0.00
53853094,17.69,34.52,6314.32,3.00
53856094,17.68,34.52,9161.19,8.00
53859094,17.69,34.52,7030.56,7.00
53862094,17.68,34.52,9833.80,6.00
53865094,17.68,34.51,7166.68,8.00
53868094,17.68,34.52,7514.51,0.00
53871094,17.68,34.52,6164.04,8.00
53874094,17.69,34.52,7387.37,8.00
53877094,17.68,34.52,6912.53,7.00
53880094,17.68,34.52,6904.52,1.00
53883094,17.68,34.52,5672.35,8.00
53886094,17.68,34.52,7019.72,6.00
53889094,17.68,34.53,6399.88,3.00
53892094,17.68,34.52,5533.82,0.00
53895094,17.68,34.52,5274.66,1.00
53898094,17.68,34.52,6475.56,2.00
53901094,17.68,34.52,6662.00,3.00
53904094,17.68,34.52,6374.46,6.00
53907094,17.68,34.53,5257.06,2.00
53910094,17.68,34.53,7053.71,8.00
53913094,17.68,34.53,6124.97,1.00
53916094,17.67,34.53,7328.38,6.00
53919094,17.68,34.53,8923.82,11.00
53922094,17.68,34.53,6792.60,1.00
53925094,17.67,34.52,5558.12,0.00
53928094,17.67,34.54,7174.66,2.00
53931094,17.67,34.53,6935.42,8.00
53934094,17.67,34.53,7292.77,8.00
53937094,17.67,34.54,9386.19,3.00
53940094,17.67,34.54,7625.07,8.00
53943094,17.67,34.54,6540.70,1.00
53946094,17.67,34.54,6679.90,4.00
53949094,17.67,34.54,5945.51,0.00
53952094,17.67,34.54,6232.56,0.00
53955094,17.68,34.54,9157.09,9.00
53958094,17.68,34.54,15259.33,7.00
53961094,17.68,34.57,12823.37,2.00
53964094,17.68,34.56,12598.90,2.00
53967094,17.69,34.54,8492.05,2.00
53970094,17.69,34.56,8519.90,0.00
53973094,17.69,34.54,6936.57,0.00
53976094,17.69,34.56,9433.91,7.00
53979094,17.69,34.54,7961.05,3.00
53982094,17.69,34.53,7871.43,3.00
53985094,17.70,34.54,9471.97,3.00
53988094,17.70,34.53,7020.80,2.00
53991094,17.70,34.53,6279.99,3.00
53994094,17.70,34.53,7508.72,6.00
53997094,17.70,34.53,7296.58,7.00
54000094,17.69,34.53,7964.55,0.00
54003094,17.70,34.53,7967.12,2.00
54006094,17.70,34.53,6799.94,3.00
54009094,17.69,34.53,7554.97,0.00
54012094,17.70,34.53,9153.67,6.00
54015094,17.70,34.54,8078.80,7.00
54018094,17.70,34.54,8609.02,14.00
54021094,17.70,34.54,9663.10,6.00
54024094,17.70,34.56,6982.46,11.00
54027094,17.70,34.54,7011.61,2.00
54030094,17.70,34.54,6064.63,1.00
54033094,17.70,34.56,5752.04,10.00
54036094,17.70,34.56,6009.24,3.00
54039094,17.70,34.56,5822.80,3.00
54042094,17.70,34.56,5460.02,1.00
54045094,17.70,34.56,6351.37,4.00
54048094,17.70,34.56,5708.06,8.00
54051094,17.70,34.57,6221.96,6.00
54054094,17.70,34.56,5748.74,16.00
54057094,17.70,34.56,5101.47,7.00
54060094,17.70,34.57,6266.05,0.00
54063094,17.70,34.57,5216.97,8.00
54066094,17.70,34.57,5303.94,3.00
54069094,17.69,34.56,5366.82,3.00
54072094,17.69,34.56,5284.58,8.00
54075094,17.70,34.57,5400.33,9.00
54078094,17.70,34.57,5842.36,12.00
54081094,17.70,34.57,5233.68,7.00
54084094,17.70,34.57,5289.39,9.00
54087094,17.69,34.58,6015.18,0.00
54090094,17.70,34.58,5837.52,6.00
54093094,17.69,34.58,6198.62,8.00
54096094,17.69,34.58,7105.98,7.00
54099094,17.69,34.58,6421.77,10.00
54102094,17.69,34.58,6007.95,8.00
54105094,17.69,34.58,8096.58,8.00
54108094,17.70,34.57,7872.11,10.00
54111094,17.70,34.58,11073.93,18.00
54114094,17.70,34.58,7998.55,2.00
54117094,17.70,34.58,10471.30,9.00
54120094,17.69,34.58,7448.91,8.00
54123094,17.70,34.58,16051.72,2.00
54126094,17.70,34.58,7368.11,0.00
54129094,17.70,34.58,7726.83,0.00
54132094,17.70,34.59,6754.85,2.00
54135094,17.70,34.58,6764.49,4.00
54138094,17.70,34.58,6728.55,1.00
54141094,17.70,34.58,6326.98,4.00
54144094,17.70,34.59,6426.83,9.00
54147094,17.70,34.58,6575.42,10.00
54150094,17.70,34.58,7123.16,8.00
54153094,17.70,34.59,6099.57,7.00
54156094,17.70,34.59,5932.78,3.00
54159094,17.70,34.59,6652.63,10.00
54162094,17.70,34.59,7219.18,3.00
54165094,17.70,34.59,6110.85,1.00
54168094,17.70,34.59,5703.56,9.00
54171094,17.70,34.58,6361.64,3.00
54174094,17.70,34.59,6164.34,4.00
54177094,17.70,34.60,8090.22,30.00
54180094,17.69,34.60,6019.58,4.00
54183094,17.70,34.59,7020.40,0.00
54186094,17.69,34.60,6100.66,8.00
54189094,17.69,34.60,6196.27,2.00
54192094,17.69,34.60,6598.27,8.00
54195094,17.70,34.60,8526.86,0.00
54198094,17.70,34.60,7633.97,2.00
54201094,17.70,34.60,6760.21,2.00
54204094,17.70,34.62,6075.63,8.00
54207094,17.70,34.62,5650.21,2.00
54210094,17.70,34.62,5950.10,4.00
54213094,17.70,34.63,7422.37,9.00
54216094,17.70,34.63,6798.18,29.00
54219094,17.69,34.63,7659.24,0.00
54222094,17.70,34.62,7068.55,9.00
54225094,17.70,34.63,9883.74,0.00
54228094,17.69,34.63,9152.25,7.00
54231094,17.70,34.64,7363.04,7.00
54234094,17.70,34.64,7264.44,3.00
54237094,17.70,34.64,20098.61,5.00
54240094,17.70,34.64,13908.09,4.00
54243094,17.70,34.64,7739.91,0.00
54246094,17.70,34.64,8329.89,1.00
54249094,17.70,34.65,8120.08,9.00
54252094,17.69,34.65,9575.35,7.00
54255094,17.70,34.65,8893.32,7.00
54258094,17.69,34.65,7920.25,25.00
54261094,17.69,34.66,6703.16,7.00
54264094,17.69,34.68,6669.34,7.00
54267094,17.69,34.68,6990.12,4.00
54270094,17.69,34.66,7886.51,8.00
54273094,17.68,34.69,5734.23,3.00
54276094,17.69,34.66,6176.84,7.00
54279094,17.68,34.69,5792.16,4.00
54282094,17.69,34.68,7464.70,4.00
54285094,17.68,34.69,7390.85,9.00
54288094,17.69,34.68,7325.53,8.00
54291094,17.69,34.69,5956.44,2.00
54294094,17.68,34.70,6271.24,8.00
54297094,17.68,34.70,6378.79,4.00
54300094,17.69,34.71,5980.01,3.00
54303094,17.68,34.71,6260.96,3.00
54306094,17.68,34.71,6353.02,9.00
54309094,17.69,34.71,6606.23,4.00
54312094,17.69,34.71,7274.59,27.00
54315094,17.69,34.72,7329.82,10.00
54318094,17.68,34.72,10208.35,9.00
54321094,17.68,34.72,8333.13,4.00
54324094,17.69,34.72,7106.09,3.00
54327094,17.68,34.74,6099.49,7.00
54330094,17.69,34.74,6454.26,2.00
54333094,17.68,34.74,7266.61,8.00
54336094,17.68,34.74,6062.96,10.00
54339094,17.68,34.74,7518.64,10.00
54342094,17.68,34.75,6770.50,3.00
54345094,17.68,34.75,8486.73,10.00
54348094,17.68,34.76,13539.71,30.00
54351094,17.68,34.75,18134.24,4.00
54354094,17.68,34.77,14773.59,0.00
54357094,17.68,34.77,6375.08,12.00
54360094,17.68,34.77,7731.17,9.00
54363094,17.68,34.77,6523.02,8.00
54366094,17.68,34.76,6160.67,14.00
54369094,17.68,34.77,5945.40,3.00
54372094,17.68,34.77,6058.55,5.00
54375094,17.68,34.77,6590.52,11.00
54378094,17.68,34.77,6630.19,1.00
54381094,17.68,34.77,5736.98,0.00
54384094,17.68,34.79,6647.54,5.00
54387094,17.68,34.77,7802.19,8.00
54390094,17.68,34.77,7213.49,1.00
54393094,17.68,34.77,6990.31,7.00
54396094,17.68,34.77,7833.64,5.00
54399094,17.68,34.78,6687.56,9.00
54402094,17.68,34.78,9186.44,4.00
54405094,17.68,34.79,9288.12,10.00
54408094,17.68,34.78,7579.08,9.00
54411094,17.68,34.80,7694.27,2.00
54414094,17.68,34.80,8308.42,3.00
54417094,17.68,34.81,16745.86,6.00
54420094,17.68,34.80,7916.59,9.00
54423094,17.68,34.81,6410.45,9.00
54426094,17.68,34.80,6759.36,6.00
54429094,17.68,34.80,7797.92,6.00
54432094,17.68,34.80,6665.57,10.00
54435094,17.68,34.81,7375.87,9.00
54438094,17.68,34.80,7541.20,4.00
54441094,17.68,34.80,6936.63,4.00
54444094,17.68,34.80,9535.85,9.00
54447094,17.69,34.80,8766.93,10.00
54450094,17.68,34.81,7511.69,9.00
54453094,17.69,34.81,9409.24,6.00
54456094,17.69,34.80,8520.18,5.00
54459094,17.68,34.81,8551.33,6.00
54462094,17.69,34.80,9168.64,6.00
54465094,17.69,34.80,10901.85,4.00
54468094,17.69,34.79,11214.70,7.00
54471094,17.69,34.81,8821.12,5.00
54474094,17.69,34.81,9673.92,9.00
54477094,17.69,34.82,9143.51,11.00
54480094,17.69,34.82,7381.01,10.00
54483094,17.69,34.81,7583.32,12.00
54486094,17.69,34.81,6559.93,12.00
54489094,17.70,34.81,6312.92,10.00
54492094,17.69,34.81,6453.86,7.00
54495094,17.69,34.81,6827.69,11.00
54498094,17.70,34.81,6664.92,7.00
54501094,17.69,34.81,6679.18,15.00
54504094,17.70,34.81,6238.18,4.00
54507094,17.70,34.81,10621.79,7.00
54510094,17.70,34.81,9300.84,10.00
54513094,17.70,34.81,7281.47,6.00
54516094,17.70,34.82,7118.13,13.00
54519094,17.70,34.81,7582.51,12.00
54522094,17.70,34.82,7649.91,11.00
54525094,17.70,34.82,10464.04,6.00
54528094,17.70,34.83,8841.58,9.00
54531094,17.70,34.83,7252.80,9.00
54534094,17.70,34.83,8462.22,10.00
54537094,17.70,34.82,6563.32,10.00
54540094,17.70,34.83,6516.79,11.00
54543094,17.70,34.83,8412.48,13.00
54546094,17.70,34.83,6534.22,9.00
54549094,17.70,34.85,8364.90,0.00
54552094,17.70,34.85,6712.05,9.00
54555094,17.70,34.86,8307.19,5.00
54558094,17.70,34.86,11370.73,11.00
54561094,17.70,34.86,5501.70,4.00
54564094,17.70,34.86,6475.81,9.00
54567094,17.70,34.86,6790.22,10.00
54570094,17.70,34.86,6196.05,7.00
54573094,17.70,34.87,7917.02,7.00
54576094,17.70,34.86,7353.08,9.00
54579094,17.70,34.87,6057.87,5.00
54582094,17.70,34.87,6840.87,3.00
54585094,17.69,34.87,8018.33,14.00
54588094,17.70,34.87,5995.99,6.00
54591094,17.70,34.87,7269.75,6.00
54594094,17.70,34.87,6110.72,9.00
54597094,17.70,34.88,7127.29,0.00
54600094,17.70,34.88,7312.96,8.00
54603094,17.69,34.88,6407.55,10.00
54606094,17.70,34.88,6810.97,12.00
54609094,17.70,34.88,6973.45,3.00
54612094,17.70,34.87,5944.28,12.00
54615094,17.70,34.88,6664.81,9.00
54618094,17.70,34.88,6695.54,13.00
54621094,17.69,34.88,6722.70,8.00
54624094,17.70,34.88,7364.97,10.00
54627094,17.70,34.90,7418.72,5.00
54630094,17.69,34.89,7986.40,10.00
54633094,17.69,34.89,6784.58,10.00
54636094,17.70,34.89,7030.24,7.00
54639094,17.70,34.90,8091.91,7.00
54642094,17.70,34.89,7177.15,6.00
54645094,17.70,34.89,7686.28,5.00
54648094,17.70,34.90,7089.23,5.00
54651094,17.70,34.89,6648.47,10.00
54654094,17.70,34.91,6366.23,6.00
54657094,17.70,34.89,7301.37,4.00
54660094,17.69,34.89,6029.78,0.00
54663094,17.70,34.91,8407.96,7.00
54666094,17.70,34.91,6280.35,12.00
54669094,17.70,34.89,6561.03,7.00
54672094,17.70,34.89,6406.13,11.00
54675094,17.69,34.89,6869.60,10.00
54678094,17.70,34.90,9371.69,16.00
54681094,17.70,34.90,7538.08,8.00
54684094,17.70,34.89,7199.29,11.00
54687094,17.71,34.90,7640.17,0.00
54690094,17.71,34.88,6786.64,11.00
54693094,17.71,34.90,7336.31,16.00
54696094,17.71,34.88,6723.81,10.00
54699094,17.71,34.88,6457.39,9.00
54702094,17.71,34.88,13342.81,10.00
54705094,17.71,34.88,10779.55,20.00
54708094,17.72,34.88,6766.91,11.00
54711094,17.72,34.88,6969.22,9.00
54714094,17.72,34.87,9134.68,12.00
54717094,17.72,34.88,8343.30,14.00
54720094,17.72,34.88,7905.16,13.00
54723094,17.72,34.87,7034.55,6.00
54726094,17.72,34.88,7418.50,7.00
54729094,17.72,34.87,6498.95,10.00
54732094,17.73,34.88,6616.50,18.00
54735094,17.73,34.88,6631.07,13.00
54738094,17.72,34.87,7052.23,19.00
54741094,17.73,34.87,6860.13,10.00
54744094,17.73,34.87,8011.17,13.00
54747094,17.73,34.87,7769.85,16.00
54750094,17.73,34.87,8367.05,14.00
54753094,17.72,34.87,8431.50,7.00
54756094,17.72,34.87,7675.62,9.00
54759094,17.72,34.87,7661.31,6.00
54762094,17.72,34.88,6669.69,10.00
54765094,17.72,34.88,6123.38,10.00
54768094,17.72,34.88,8176.45,15.00
54771094,17.72,34.88,7634.55,11.00
54774094,17.71,34.88,6718.47,19.00
54777094,17.72,34.88,7339.89,14.00
54780094,17.72,34.90,8396.53,10.00
54783094,17.72,34.90,13074.42,15.00
54786094,17.72,34.91,9170.17,16.00
54789094,17.73,34.90,10097.31,32.00
54792094,17.72,34.90,8796.74,0.00
54795094,17.72,34.90,8519.16,14.00
54798094,17.72,34.90,16953.73,14.00
54801094,17.72,34.90,7856.02,0.00
54804094,17.72,34.91,6645.79,10.00
54807094,17.72,34.90,6552.03,14.00
54810094,17.72,34.91,7946.20,16.00
54813094,17.72,34.91,6653.76,22.00
54816094,17.73,34.91,10417.63,17.00
54819094,17.72,34.91,12334.81,12.00
54822094,17.73,34.91,9272.44,9.00
54825094,17.73,34.90,7184.14,11.00
54828094,17.73,34.91,8734.04,13.00
54831094,17.73,34.91,8821.60,18.00
54834094,17.72,34.91,12076.37,14.00
54837094,17.72,34.91,11443.28,15.00
54840094,17.72,34.92,10317.25,17.00
54843094,17.72,34.92,8584.27,10.00
54846094,17.73,34.92,7752.33,12.00
54849094,17.72,34.92,8403.11,17.00
54852094,17.72,34.93,7070.42,12.00
54855094,17.72,34.92,8055.43,32.00
54858094,17.72,34.93,8216.98,13.00
54861094,17.72,34.93,6851.89,15.00
54864094,17.71,34.93,10343.30,18.00
54867094,17.71,34.95,8053.65,11.00
54870094,17.72,34.95,7004.77,16.00
54873094,17.71,34.93,7882.06,17.00
54876094,17.71,34.93,7949.36,13.00
54879094,17.71,34.95,9326.84,15.00
54882094,17.71,34.93,8452.16,13.00
54885094,17.71,34.95,8536.89,18.00
54888094,17.72,34.95,8385.31,11.00
54891094,17.71,34.93,7090.32,14.00
54894094,17.71,34.96,6371.20,10.00
54897094,17.71,34.96,7274.74,17.00
54900094,17.72,34.96,7762.92,18.00
54903094,17.71,34.96,7191.95,19.00
54906094,17.71,34.97,6624.54,17.00
54909094,17.71,34.97,8056.33,7.00
54912094,17.71,34.97,7363.83,0.00
54915094,17.71,34.97,10420.76,11.00
54918094,17.71,34.97,8653.42,5.00
54921094,17.71,34.97,7802.48,14.00
54924094,17.71,34.96,10137.95,12.00
54927094,17.72,34.97,7477.29,13.00
54930094,17.71,34.97,8743.51,12.00
54933094,17.71,34.97,9596.74,14.00
54936094,17.71,34.97,8616.07,12.00
54939094,17.72,34.97,7498.08,18.00
54942094,17.72,34.98,7454.83,18.00
54945094,17.72,34.97,6926.45,20.00
54948094,17.71,34.98,7768.70,23.00
54951094,17.72,34.97,7023.33,16.00
54954094,17.72,34.97,7280.79,11.00
54957094,17.72,34.97,6949.01,15.00
54960094,17.72,34.97,6776.74,8.00
54963094,17.72,34.97,7477.12,13.00
54966094,17.72,34.98,6466.22,18.00
54969094,17.72,34.97,8677.35,22.00
54972094,17.72,34.97,7476.79,16.00
54975094,17.72,34.97,8941.42,12.00
54978094,17.72,34.98,7266.73,17.00
54981094,17.72,34.97,6570.14,15.00
54984094,17.72,34.97,8149.07,0.00
54987094,17.72,34.97,7913.66,16.00
54990094,17.72,34.98,9117.40,13.00
54993094,17.72,34.98,7523.72,18.00
54996094,17.72,34.98,7146.39,17.00
54999094,17.72,34.98,7258.21,18.00
55002094,17.72,34.99,6795.64,12.00
55005094,17.72,34.99,7382.62,17.00
55008094,17.72,34.99,7285.24,14.00
55011094,17.72,34.99,7628.74,18.00
55014094,17.72,34.99,7908.72,17.00
55017094,17.72,34.99,6822.25,14.00
55020094,17.72,34.99,8909.86,19.00
55023094,17.72,35.00,8230.61,17.00
55026094,17.72,35.00,8534.28,17.00
55029094,17.73,35.01,8265.82,14.00
55032094,17.73,35.01,8422.49,19.00
55035094,17.72,35.00,8151.75,15.00
55038094,17.73,35.01,7282.96,17.00
55041094,17.72,34.99,8021.95,17.00
55044094,17.73,35.01,9341.40,9.00
55047094,17.73,34.99,7322.79,18.00
55050094,17.73,35.01,6561.18,19.00
55053094,17.73,34.99,7433.23,18.00
55056094,17.74,34.99,7253.18,14.00
55059094,17.74,35.00,7059.56,18.00
55062094,17.74,34.99,6968.28,18.00
55065094,17.74,35.00,7674.38,14.00
55068094,17.74,34.99,8922.36,19.00
55071094,17.74,34.99,7643.46,19.00
55074094,17.74,35.00,7176.59,17.00
55077094,17.74,35.01,6752.27,15.00
55080094,17.74,35.01,7272.55,18.00
55083094,17.74,35.01,9235.22,22.00
55086094,17.74,35.01,8587.26,15.00
55089094,17.73,35.01,10001.43,20.00
55092094,17.74,35.01,9313.06,16.00
55095094,17.73,35.01,10121.48,16.00
55098094,17.74,35.01,7675.20,17.00
55101094,17.73,35.01,10132.54,19.00
55104094,17.73,35.02,10470.01,19.00
55107094,17.73,35.03,9338.73,20.00
55110094,17.73,35.02,18026.44,20.00
55113094,17.73,35.02,9849.57,19.00
55116094,17.73,35.03,9534.52,21.00
55119094,17.73,35.02,8463.13,16.00
55122094,17.73,35.02,8345.03,21.00
55125094,17.73,35.03,7570.86,18.00
55128094,17.72,35.03,7232.67,0.00
55131094,17.72,35.03,10055.58,16.00
55134094,17.72,35.04,10196.70,10.00
55137094,17.72,35.04,8708.42,16.00
55140094,17.72,35.05,9708.11,16.00
55143094,17.72,35.04,9902.82,7.00
55146094,17.72,35.05,7112.46,20.00
55149094,17.72,35.05,8068.38,25.00
55152094,17.72,35.05,8890.68,20.00
55155094,17.71,35.05,10160.98,16.00
55158094,17.72,35.07,8253.43,20.00
55161094,17.71,35.05,8256.23,15.00
55164094,17.71,35.07,9136.23,14.00
55167094,17.71,35.08,8694.57,12.00
55170094,17.71,35.08,7684.62,17.00
55173094,17.72,35.09,8145.58,19.00
55176094,17.72,35.09,7736.79,15.00
55179094,17.72,35.09,9302.18,17.00
55182094,17.72,35.07,6721.75,15.00
55185094,17.71,35.07,7303.35,13.00
55188094,17.72,35.07,7158.06,17.00
55191094,17.72,35.07,7235.68,18.00
55194094,17.72,35.07,7565.90,17.00
55197094,17.73,35.05,7681.20,18.00
55200094,17.73,35.05,7405.67,21.00
55203094,17.73,35.05,8247.96,15.00
55206094,17.73,35.05,7630.12,18.00
55209094,17.73,35.05,9094.55,16.00
55212094,17.73,35.05,7787.92,19.00
55215094,17.73,35.05,7387.51,16.00
55218094,17.73,35.05,7312.43,15.00
55221094,17.74,35.05,8168.68,19.00
55224094,17.74,35.06,8243.75,15.00
55227094,17.74,35.06,6344.43,15.00
55230094,17.74,35.04,7681.38,18.00
55233094,17.74,35.04,6708.79,21.00
55236094,17.74,35.06,16813.09,19.00
55239094,17.74,35.04,7711.31,16.00
55242094,17.74,35.04,8187.25,18.00
55245094,17.75,35.04,7542.18,16.00
55248094,17.74,35.04,6748.02,16.00
55251094,17.74,35.06,6418.54,20.00
55254094,17.74,35.06,7585.78,16.00
55257094,17.74,35.07,9430.92,19.00
55260094,17.74,35.06,6904.14,17.00
55263094,17.74,35.07,6766.29,21.00
55266094,17.74,35.05,7598.53,15.00
55269094,17.74,35.05,8282.28,18.00
55272094,17.73,35.07,7506.54,20.00
55275094,17.73,35.05,7566.62,15.00
55278094,17.73,35.07,7517.95,22.00
55281094,17.73,35.07,7354.08,14.00
55284094,17.73,35.07,8445.05,9.00
55287094,17.73,35.07,11859.11,18.00
55290094,17.73,35.08,8505.93,15.00
55293094,17.73,35.08,9095.53,16.00
55296094,17.73,35.08,9253.63,17.00
55299094,17.73,35.08,7778.81,20.00
55302094,17.72,35.09,8596.23,17.00
55305094,17.73,35.09,9850.67,15.00
55308094,17.73,35.09,8169.76,15.00
55311094,17.73,35.09,7609.65,17.00
55314094,17.73,35.10,7383.38,15.00
55317094,17.73,35.10,8206.96,19.00
55320094,17.73,35.10,7436.07,15.00
55323094,17.73,35.10,6872.69,11.00
55326094,17.73,35.10,7991.51,14.00
55329094,17.73,35.10,7679.89,19.00
55332094,17.73,35.11,8278.28,15.00
55335094,17.73,35.11,6693.02,18.00
55338094,17.73,35.10,7539.88,0.00
55341094,17.73,35.10,7367.36,16.00
55344094,17.73,35.10,7955.87,18.00
55347094,17.74,35.10,7798.88,14.00
55350094,17.74,35.10,8435.63,19.00
55353094,17.74,35.09,8266.17,20.00
55356094,17.74,35.10,7129.70,15.00
55359094,17.74,35.10,6949.72,14.00
55362094,17.74,35.10,7325.88,17.00
55365094,17.75,35.10,6713.63,15.00
55368094,17.75,35.10,7321.86,20.00
55371094,17.74,35.10,6721.37,23.00
55374094,17.75,35.10,8378.51,18.00
55377094,17.75,35.12,7548.96,17.00
55380094,17.74,35.10,5644.41,17.00
55383094,17.74,35.10,7332.26,20.00
55386094,17.74,35.10,7979.67,16.00
55389094,17.74,35.10,7330.50,0.00
55392094,17.74,35.12,7665.05,25.00
55395094,17.73,35.12,7047.00,20.00
55398094,17.74,35.12,9364.38,19.00
55401094,17.74,35.12,6191.98,20.00
55404094,17.74,35.13,6974.21,18.00
55407094,17.74,35.13,7282.95,16.00
55410094,17.73,35.14,6853.11,20.00
55413094,17.73,35.14,8130.62,16.00
55416094,17.73,35.15,6675.86,23.00
55419094,17.74,35.15,7853.87,18.00
55422094,17.73,35.15,6590.59,14.00
55425094,17.73,35.15,6808.71,17.00
55428094,17.73,35.16,5713.60,0.00
55431094,17.74,35.15,7055.60,18.00
55434094,17.73,35.15,6984.02,16.00
55437094,17.73,35.16,7214.14,15.00
55440094,17.74,35.15,7088.95,14.00
55443094,17.73,35.15,7278.13,13.00
55446094,17.73,35.16,6359.06,12.00
55449094,17.73,35.16,10309.15,14.00
55452094,17.74,35.16,7909.54,15.00
55455094,17.73,35.16,8445.54,17.00
55458094,17.73,35.18,7690.23,17.00
55461094,17.73,35.16,7393.96,18.00
55464094,17.73,35.16,9658.95,22.00
55467094,17.74,35.18,7957.10,25.00
55470094,17.74,35.16,7066.24,17.00
55473094,17.73,35.18,7223.95,15.00
55476094,17.73,35.17,6740.34,15.00
55479094,17.73,35.19,7006.87,0.00
55482094,17.73,35.19,7393.15,13.00
55485094,17.73,35.17,7399.76,15.00
55488094,17.73,35.19,8219.78,12.00
55491094,17.73,35.20,7865.46,18.00
55494094,17.73,35.20,8093.08,14.00
55497094,17.73,35.20,7913.73,13.00
55500094,17.73,35.20,7296.88,18.00
55503094,17.73,35.19,7172.60,13.00
55506094,17.73,35.21,7128.07,14.00
55509094,17.73,35.21,18058.37,0.00
55512094,17.73,35.21,8138.57,16.00
55515094,17.73,35.21,7105.85,14.00
55518094,17.73,35.21,7200.10,15.00
55521094,17.73,35.22,7976.91,16.00
55524094,17.73,35.21,9203.90,14.00
55527094,17.73,35.21,8263.51,16.00
55530094,17.74,35.22,7225.36,14.00
55533094,17.73,35.21,8104.99,17.00
55536094,17.73,35.21,7229.21,22.00
55539094,17.73,35.21,7881.53,12.00
55542094,17.74,35.22,6525.07,17.00
55545094,17.73,35.22,8216.66,10.00
55548094,17.74,35.24,8348.59,17.00
55551094,17.73,35.24,7450.86,17.00
55554094,17.73,35.22,7525.46,13.00
55557094,17.73,35.24,6928.19,4.00
55560094,17.74,35.25,7483.19,17.00
55563094,17.73,35.26,9507.28,12.00
55566094,17.73,35.26,6759.79,21.00
55569094,17.72,35.26,7554.04,13.00
55572094,17.73,35.26,7052.89,12.00
55575094,17.73,35.25,13818.87,12.00
55578094,17.73,35.26,7069.75,16.00
55581094,17.73,35.26,7785.54,15.00
55584094,17.73,35.26,6766.47,11.00
55587094,17.73,35.27,7011.18,10.00
55590094,17.73,35.27,7381.00,20.00
55593094,17.74,35.27,6362.80,14.00
55596094,17.73,35.27,6164.87,16.00
55599094,17.73,35.27,6466.11,19.00
55602094,17.73,35.27,6640.48,9.00
55605094,17.73,35.27,7323.41,16.00
55608094,17.73,35.27,6460.13,10.00
55611094,17.73,35.28,7406.49,16.00
55614094,17.73,35.28,7440.57,0.00
55617094,17.73,35.28,6322.84,15.00
55620094,17.73,35.28,7985.74,15.00
55623094,17.73,35.28,6908.12,12.00
55626094,17.73,35.30,6498.09,5.00
55629094,17.73,35.31,7569.76,13.00
55632094,17.73,35.30,6418.54,14.00
55635094,17.73,35.31,7074.71,10.00
55638094,17.73,35.31,7933.86,16.00
55641094,17.73,35.31,6746.62,13.00
55644094,17.73,35.31,7536.44,9.00
55647094,17.73,35.31,7513.51,14.00
55650094,17.73,35.33,6990.67,18.00
55653094,17.73,35.32,7961.67,9.00
55656094,17.73,35.32,6454.81,13.00
55659094,17.73,35.33,6918.18,11.00
55662094,17.74,35.34,8739.12,9.00
55665094,17.73,35.33,6432.41,13.00
55668094,17.73,35.34,7177.49,14.00
55671094,17.73,35.33,6889.95,14.00
55674094,17.73,35.33,7881.99,13.00
55677094,17.73,35.36,7639.09,14.00
55680094,17.74,35.34,8237.87,2.00
55683094,17.73,35.34,8926.54,5.00
55686094,17.73,35.34,7355.71,10.00
55689094,17.73,35.34,7262.80,12.00
55692094,17.74,35.34,6858.78,10.00
55695094,17.74,35.34,7805.53,14.00
55698094,17.74,35.36,7781.83,1.00
55701094,17.74,35.36,6774.34,13.00
55704094,17.73,35.37,8013.91,0.00
55707094,17.74,35.38,7611.43,10.00
55710094,17.74,35.38,5951.17,15.00
55713094,17.74,35.38,6695.59,8.00
55716094,17.74,35.38,6400.72,15.00
55719094,17.74,35.38,6511.26,16.00
55722094,17.74,35.38,6696.81,13.00
55725094,17.73,35.38,7123.32,9.00
55728094,17.74,35.39,6495.91,17.00
55731094,17.74,35.38,6730.93,19.00
55734094,17.74,35.38,5949.92,5.00
55737094,17.74,35.40,6336.82,13.00
55740094,17.74,35.40,6679.23,18.00
55743094,17.74,35.41,7586.59,10.00
55746094,17.74,35.39,6985.81,0.00
55749094,17.74,35.40,7199.51,14.00
55752094,17.74,35.42,7692.72,16.00
55755094,17.74,35.40,8038.74,0.00
55758094,17.74,35.40,9041.95,6.00
55761094,17.74,35.42,7960.39,14.00
55764094,17.74,35.42,9222.94,15.00
55767094,17.74,35.42,7705.22,15.00
55770094,17.74,35.43,7547.93,11.00
55773094,17.74,35.44,8022.88,14.00
55776094,17.74,35.44,8746.44,14.00
55779094,17.74,35.44,8105.16,7.00
55782094,17.75,35.44,8029.62,18.00
55785094,17.75,35.44,11800.10,0.00
55788094,17.75,35.43,8920.57,10.00
55791094,17.75,35.43,7297.49,14.00
55794094,17.75,35.44,6473.07,14.00
55797094,17.75,35.44,10448.79,10.00
55800094,17.75,35.44,9136.78,15.00
55803094,17.75,35.44,8951.27,14.00
55806094,17.75,35.44,7707.54,14.00
55809094,17.75,35.45,7861.71,13.00
55812094,17.75,35.44,9868.20,13.00
55815094,17.75,35.44,9398.93,16.00
55818094,17.76,35.44,10061.57,10.00
55821094,17.75,35.44,8218.84,10.00
55824094,17.75,35.45,7214.12,10.00
55827094,17.75,35.45,9351.14,16.00
55830094,17.75,35.47,10233.19,10.00
55833094,17.75,35.45,8093.85,13.00
55836094,17.75,35.47,7907.50,15.00
55839094,17.75,35.47,8577.47,14.00
55842094,17.75,35.47,8119.01,14.00
55845094,17.75,35.47,7884.47,8.00
55848094,17.75,35.48,9203.06,14.00
55851094,17.75,35.47,7658.75,1.00
55854094,17.75,35.48,6533.62,10.00
55857094,17.75,35.49,6472.64,10.00
55860094,17.75,35.49,6405.94,13.00
55863094,17.75,35.49,5930.94,10.00
55866094,17.74,35.49,8457.65,12.00
55869094,17.74,35.51,8404.27,1.00
55872094,17.75,35.50,6496.76,9.00
55875094,17.75,35.51,7496.84,9.00
55878094,17.74,35.51,7503.11,12.00
55881094,17.75,35.50,7485.09,10.00
55884094,17.74,35.53,8346.97,14.00
55887094,17.74,35.51,7419.28,14.00
55890094,17.75,35.51,7284.85,6.00
55893094,17.74,35.51,6685.08,12.00
55896094,17.75,35.51,7261.99,9.00
55899094,17.75,35.51,6299.54,10.00
55902094,17.75,35.51,7233.41,9.00
55905094,17.75,35.53,6945.37,7.00
55908094,17.75,35.54,9951.13,5.00
55911094,17.74,35.54,7693.23,8.00
55914094,17.74,35.55,7516.34,7.00
55917094,17.74,35.55,6910.58,13.00
55920094,17.74,35.56,14401.21,6.00
55923094,17.74,35.56,11882.56,12.00
55926094,17.74,35.57,6907.01,14.00
55929094,17.74,35.57,7170.92,7.00
55932094,17.73,35.57,9544.62,13.00
55935094,17.74,35.57,9013.19,9.00
55938094,17.74,35.57,9450.75,12.00
55941094,17.74,35.57,8143.85,13.00
55944094,17.73,35.57,13683.84,11.00
55947094,17.74,35.59,8928.90,13.00
55950094,17.74,35.59,8544.60,12.00
55953094,17.74,35.59,9843.20,12.00
55956094,17.74,35.59,7491.05,19.00
55959094,17.74,35.59,8878.03,15.00
55962094,17.74,35.60,10927.23,15.00
55965094,17.74,35.59,10650.49,12.00
55968094,17.75,35.59,8573.84,15.00
55971094,17.75,35.59,9349.40,30.00
55974094,17.75,35.60,7811.35,13.00
55977094,17.74,35.59,7950.27,10.00
55980094,17.74,35.60,10379.06,11.00
55983094,17.75,35.59,15820.23,8.00
55986094,17.74,35.60,10446.39,10.00
55989094,17.75,35.61,11986.77,19.00
55992094,17.74,35.60,7960.20,10.00
55995094,17.74,35.60,14544.79,8.00
55998094,17.75,35.60,11916.26,9.00
56001094,17.75,35.60,8538.62,11.00
56004094,17.75,35.62,10417.79,11.00
56007094,17.75,35.61,12694.18,10.00
56010094,17.74,35.60,9802.60,14.00
56013094,17.75,35.60,11009.36,14.00
56016094,17.75,35.61,9598.95,9.00
56019094,17.74,35.61,8768.57,13.00
56022094,17.75,35.61,8422.50,13.00
56025094,17.75,35.61,8351.83,10.00
56028094,17.75,35.61,8214.84,10.00
56031094,17.75,35.61,7640.78,10.00
56034094,17.75,35.62,8575.08,10.00
56037094,17.75,35.61,9963.90,9.00
56040094,17.75,35.62,8103.72,14.00
56043094,17.75,35.62,7626.37,14.00
56046094,17.75,35.61,6765.83,9.00
56049094,17.75,35.63,8109.05,11.00
56052094,17.76,35.61,7898.96,6.00
56055094,17.76,35.61,9052.78,10.00
56058094,17.75,35.61,8128.96,9.00
56061094,17.75,35.62,8670.76,8.00
56064094,17.75,35.62,10313.54,18.00
56067094,17.75,35.62,9533.14,19.00
56070094,17.76,35.62,10514.99,16.00
56073094,17.76,35.64,9401.41,14.00
56076094,17.75,35.62,9169.10,13.00
56079094,17.76,35.62,12138.95,3.00
56082094,17.75,35.62,10236.15,14.00
56085094,17.75,35.63,9318.61,13.00
56088094,17.76,35.64,8729.83,10.00
56091094,17.76,35.64,9894.00,15.00
56094094,17.76,35.64,8240.17,0.00
56097094,17.75,35.64,8819.35,8.00
56100094,17.76,35.64,7870.24,10.00
56103094,17.75,35.64,8715.06,13.00
56106094,17.76,35.65,8541.16,10.00
56109094,17.76,35.64,9514.33,8.00
56112094,17.76,35.65,9192.47,12.00
56115094,17.75,35.65,9751.58,18.00
56118094,17.75,35.66,9889.41,30.00
56121094,17.76,35.66,10104.50,10.00
56124094,17.75,35.65,12152.72,15.00
56127094,17.76,35.66,11784.37,6.00
56130094,17.75,35.66,7610.34,19.00
56133094,17.75,35.66,8342.15,13.00
56136094,17.75,35.66,7910.83,12.00
56139094,17.75,35.66,9264.42,13.00
56142094,17.75,35.68,9545.99,10.00
56145094,17.75,35.68,7975.35,13.00
56148094,17.75,35.67,7915.82,14.00
56151094,17.75,35.67,10265.91,12.00
56154094,17.75,35.67,8280.35,14.00
56157094,17.75,35.68,6958.82,13.00
56160094,17.75,35.68,7258.10,35.00
56163094,17.76,35.68,7910.07,11.00
56166094,17.75,35.70,9548.72,14.00
56169094,17.75,35.71,9009.95,11.00
56172094,17.75,35.70,7845.97,15.00
56175094,17.76,35.70,8166.78,17.00
56178094,17.76,35.70,6976.60,15.00
56181094,17.75,35.70,8169.23,10.00
56184094,17.75,35.71,8271.34,6.00
56187094,17.75,35.71,7938.55,14.00
56190094,17.75,35.71,8536.19,15.00
56193094,17.76,35.71,9167.61,15.00
56196094,17.75,35.71,8331.21,13.00
56199094,17.76,35.71,8478.88,10.00
56202094,17.75,35.71,8853.18,10.00
56205094,17.75,35.71,9517.33,6.00
56208094,17.75,35.70,12563.81,14.00
56211094,17.76,35.71,10287.76,16.00
56214094,17.75,35.72,9760.42,9.00
56217094,17.75,35.74,8125.92,13.00
56220094,17.75,35.73,8372.65,13.00
56223094,17.75,35.74,7783.63,14.00
56226094,17.75,35.73,8734.12,13.00
56229094,17.75,35.73,8975.10,10.00
56232094,17.75,35.74,8219.93,9.00
56235094,17.76,35.73,7871.00,12.00
56238094,17.76,35.74,8092.30,16.00
56241094,17.76,35.76,10713.83,17.00
56244094,17.76,35.77,8982.54,35.00
56247094,17.76,35.78,9922.92,15.00
56250094,17.77,35.79,8733.75,16.00
56253094,17.77,35.81,9921.83,14.00
56256094,17.77,35.79,7548.47,12.00
56259094,17.77,35.79,7398.62,17.00
56262094,17.77,35.81,8635.01,10.00
56265094,17.77,35.82,7600.28,13.00
56268094,17.77,35.82,7524.33,14.00
56271094,17.78,35.83,8339.94,13.00
56274094,17.77,35.83,8209.98,12.00
56277094,17.78,35.83,7506.92,14.00
56280094,17.78,35.82,8233.92,12.00
56283094,17.79,35.81,7981.74,15.00
56286094,17.79,35.81,8853.77,9.00
56289094,17.79,35.78,8613.05,15.00
56292094,17.79,35.78,8244.54,10.00
56295094,17.79,35.77,7767.02,13.00
56298094,17.79,35.77,8835.50,15.00
56301094,17.80,35.77,8744.10,13.00
56304094,17.80,35.78,9333.00,13.00
56307094,17.80,35.78,8382.39,13.00
56310094,17.80,35.77,8267.66,15.00
56313094,17.80,35.77,10283.87,9.00
56316094,17.80,35.77,8882.48,13.00
56319094,17.80,35.78,14315.05,14.00
56322094,17.80,35.78,11878.02,15.00
56325094,17.80,35.78,8025.14,11.00
56328094,17.80,35.78,7162.97,14.00
56331094,17.81,35.78,8121.66,8.00
56334094,17.81,35.78,6991.51,20.00
56337094,17.81,35.77,6783.90,7.00
56340094,17.81,35.78,7351.28,15.00
56343094,17.80,35.80,9305.00,12.00
56346094,17.81,35.78,8828.77,11.00
56349094,17.81,35.78,12805.82,13.00
56352094,17.81,35.78,7025.00,14.00
56355094,17.82,35.79,7272.68,16.00
56358094,17.82,35.79,7671.11,10.00
56361094,17.82,35.77,7501.03,11.00
56364094,17.82,35.79,6747.35,10.00
56367094,17.83,35.77,10126.58,14.00
56370094,17.83,35.77,14986.66,13.00
56373094,17.83,35.76,11226.52,10.00
56376094,17.83,35.77,8318.51,15.00
56379094,17.83,35.77,7824.35,14.00
56382094,17.83,35.77,7313.82,35.00
56385094,17.83,35.77,9057.88,29.00
56388094,17.83,35.77,8409.00,8.00
56391094,17.83,35.77,6831.27,8.00
56394094,17.83,35.77,7330.31,15.00
56397094,17.83,35.77,7282.99,32.00
56400094,17.84,35.78,6970.44,15.00
56403094,17.83,35.76,9070.15,10.00
56406094,17.83,35.77,8031.19,12.00
56409094,17.84,35.76,8526.52,13.00
56412094,17.84,35.76,7854.91,13.00
56415094,17.84,35.76,7839.23,10.00
56418094,17.85,35.76,9197.42,11.00
56421094,17.84,35.76,8497.65,8.00
56424094,17.84,35.76,10225.36,10.00
56427094,17.85,35.76,8583.51,13.00
56430094,17.84,35.76,7993.64,2.00
56433094,17.85,35.76,7954.60,13.00
56436094,17.85,35.76,8084.07,19.00
56439094,17.85,35.75,8273.18,15.00
56442094,17.85,35.75,6935.15,13.00
56445094,17.86,35.75,9356.01,10.00
56448094,17.85,35.75,8378.81,11.00
56451094,17.86,35.75,7144.45,18.00
56454094,17.86,35.75,7449.14,10.00
56457094,17.86,35.74,8096.08,13.00
56460094,17.86,35.73,8101.51,10.00
56463094,17.87,35.74,9358.19,10.00
56466094,17.87,35.75,8358.46,16.00
56469094,17.87,35.75,9383.26,11.00
56472094,17.87,35.74,7418.01,11.00
56475094,17.87,35.75,7778.60,19.00
56478094,17.87,35.75,8033.58,10.00
56481094,17.88,35.75,7459.90,5.00
56484094,17.87,35.75,7675.73,13.00
56487094,17.88,35.75,7587.69,15.00
56490094,17.87,35.74,7718.22,10.00
56493094,17.88,35.74,7774.47,11.00
56496094,17.88,35.73,6313.10,22.00
56499094,17.88,35.73,7213.70,15.00
56502094,17.88,35.74,6222.89,12.00
56505094,17.89,35.74,8227.30,20.00
56508094,17.88,35.74,8385.29,13.00
56511094,17.88,35.73,7409.71,9.00
56514094,17.88,35.74,7164.90,16.00
56517094,17.88,35.74,7310.62,14.00
56520094,17.89,35.75,7587.32,14.00
56523094,17.89,35.74,7548.81,12.00
56526094,17.89,35.74,7297.15,16.00
56529094,17.89,35.74,6906.91,11.00
56532094,17.89,35.75,7121.19,3.00
56535094,17.89,35.74,7726.23,12.00
56538094,17.90,35.74,13214.53,15.00
56541094,17.90,35.74,7484.38,10.00
56544094,17.90,35.74,8606.50,11.00
56547094,17.90,35.74,9265.56,13.00
56550094,17.90,35.74,7728.88,14.00
56553094,17.90,35.74,8098.85,13.00
56556094,17.91,35.74,8107.88,12.00
56559094,17.91,35.73,12075.74,13.00
56562094,17.91,35.74,7923.77,15.00
56565094,17.91,35.74,8033.73,10.00
56568094,17.91,35.74,11053.38,14.00
56571094,17.91,35.74,7822.29,12.00
56574094,17.91,35.76,7994.76,12.00
56577094,17.91,35.74,8815.29,11.00
56580094,17.91,35.76,7016.25,11.00
56583094,17.91,35.76,8970.51,17.00
56586094,17.91,35.77,8233.60,12.00
56589094,17.91,35.77,8068.95,14.00
56592094,17.91,35.77,10842.75,14.00
56595094,17.91,35.76,11845.92,11.00
56598094,17.91,35.77,7161.51,21.00
56601094,17.91,35.77,7652.01,16.00
56604094,17.91,35.77,11469.36,20.00
56607094,17.91,35.76,7917.23,12.00
56610094,17.91,35.77,8332.16,9.00
56613094,17.92,35.77,9389.56,17.00
56616094,17.92,35.76,9698.89,16.00
56619094,17.92,35.76,8193.10,11.00
56622094,17.92,35.76,9007.01,14.00
56625094,17.92,35.77,7740.47,14.00
56628094,17.92,35.76,8327.77,16.00
56631094,17.92,35.76,7621.07,22.00
56634094,17.93,35.76,7543.20,13.00
56637094,17.93,35.77,8377.21,16.00
56640094,17.93,35.76,8539.10,11.00
56643094,17.93,35.77,7418.23,16.00
56646094,17.93,35.77,10386.10,12.00
56649094,17.93,35.76,8448.84,16.00
56652094,17.93,35.76,7514.28,14.00
56655094,17.94,35.76,7319.90,13.00
56658094,17.94,35.76,7070.29,9.00
56661094,17.94,35.76,7485.84,13.00
56664094,17.94,35.76,9258.55,16.00
56667094,17.94,35.75,7408.29,15.00
56670094,17.94,35.75,8684.09,12.00
56673094,17.94,35.76,8038.87,15.00
56676094,17.95,35.76,8759.91,0.00
56679094,17.95,35.75,7512.34,16.00
56682094,17.95,35.76,7630.78,15.00
56685094,17.95,35.75,6200.27,13.00
56688094,17.95,35.75,8429.33,11.00
56691094,17.94,35.75,7750.80,12.00
56694094,17.95,35.76,8382.74,18.00
56697094,17.95,35.76,6895.09,15.00
56700094,17.95,35.75,7994.85,15.00
56703094,17.95,35.75,8232.60,16.00
56706094,17.95,35.76,7584.62,13.00
56709094,17.95,35.77,8317.42,15.00
56712094,17.95,35.75,8064.50,17.00
56715094,17.95,35.76,7411.16,13.00
56718094,17.95,35.76,7593.75,20.00
56721094,17.95,35.75,6366.31,15.00
56724094,17.96,35.75,7295.36,0.00
56727094,17.96,35.75,8672.46,11.00
56730094,17.96,35.75,7767.42,17.00
56733094,17.96,35.75,6958.53,16.00
56736094,17.96,35.74,7675.46,13.00
56739094,17.96,35.75,7452.91,11.00
56742094,17.96,35.76,7265.68,21.00
56745094,17.96,35.77,9217.64,16.00
56748094,17.96,35.76,8895.21,12.00
56751094,17.97,35.77,8949.15,13.00
56754094,17.97,35.77,10189.35,14.00
56757094,17.97,35.77,9220.05,15.00
56760094,17.97,35.76,19802.07,13.00
56763094,17.97,35.76,8965.46,16.00
56766094,17.97,35.76,12782.54,14.00
56769094,17.97,35.77,8313.64,18.00
56772094,17.97,35.77,7801.27,10.00
56775094,17.97,35.77,7799.40,10.00
56778094,17.98,35.77,7042.96,7.00
56781094,17.98,35.77,8280.11,12.00
56784094,17.98,35.77,8143.04,20.00
56787094,17.98,35.76,7183.22,16.00
56790094,17.98,35.76,7151.56,12.00
56793094,17.98,35.78,7657.48,16.00
56796094,17.99,35.76,6520.81,3.00
56799094,17.99,35.76,8390.66,14.00
56802094,17.98,35.78,8103.21,15.00
56805094,17.99,35.78,7678.04,0.00
56808094,17.99,35.78,7851.40,8.00
56811094,17.99,35.78,7595.17,12.00
56814094,17.99,35.78,7053.91,12.00
56817094,17.99,35.76,7505.26,18.00
56820094,17.99,35.76,10428.97,15.00
56823094,17.99,35.78,9250.54,15.00
56826094,17.99,35.78,7392.98,13.00
56829094,18.00,35.78,6981.21,12.00
56832094,17.99,35.78,8613.38,11.00
56835094,17.99,35.78,11371.16,15.00
56838094,17.99,35.78,6779.01,14.00
56841094,18.00,35.78,8140.61,14.00
56844094,18.00,35.78,6627.52,17.00
56847094,18.00,35.79,7352.89,12.00
56850094,18.00,35.79,7561.67,5.00
56853094,18.00,35.79,7462.91,16.00
56856094,18.00,35.79,8203.20,14.00
56859094,18.00,35.79,7310.53,12.00
56862094,17.99,35.79,6751.20,15.00
56865094,18.00,35.78,8227.92,16.00
56868094,18.00,35.79,6524.32,16.00
56871094,18.00,35.79,6498.27,16.00
56874094,18.00,35.79,9663.37,13.00
56877094,18.00,35.79,8596.25,5.00
56880094,18.00,35.79,8884.80,14.00
56883094,18.00,35.79,8097.66,17.00
56886094,18.01,35.79,7476.35,15.00
56889094,18.01,35.79,9189.90,16.00
56892094,18.00,35.80,6918.23,38.00
56895094,18.00,35.79,9578.67,10.00
56898094,18.01,35.80,12837.77,18.00
56901094,18.00,35.80,9411.42,14.00
56904094,18.00,35.80,8000.71,15.00
56907094,18.00,35.80,7222.57,16.00
56910094,18.00,35.80,8822.39,16.00
56913094,18.00,35.79,6677.67,14.00
56916094,18.00,35.80,7444.53,17.00
56919094,18.00,35.79,7479.73,15.00
56922094,18.00,35.79,6943.63,1.00
56925094,18.00,35.80,7426.70,17.00
56928094,18.00,35.80,7775.76,35.00
56931094,18.01,35.80,7649.29,13.00
56934094,18.00,35.80,6898.37,19.00
56937094,18.01,35.80,7875.98,14.00
56940094,18.01,35.80,7563.64,21.00
56943094,18.00,35.80,7230.48,17.00
56946094,18.00,35.80,8256.72,15.00
56949094,18.00,35.81,7102.68,0.00
56952094,18.01,35.80,7085.35,16.00
56955094,18.01,35.80,7771.52,16.00
56958094,18.01,35.79,10457.78,16.00
56961094,18.01,35.81,7652.41,13.00
56964094,18.01,35.80,7166.81,14.00
56967094,18.01,35.80,8570.66,25.00
56970094,18.01,35.80,8542.80,17.00
56973094,18.01,35.80,8736.15,12.00
56976094,18.01,35.81,8185.96,25.00
56979094,18.01,35.81,8605.12,14.00
56982094,18.01,35.83,7433.10,18.00
56985094,18.02,35.81,7562.05,16.00
56988094,18.02,35.83,7173.18,12.00
56991094,18.02,35.81,8309.82,14.00
56994094,18.02,35.81,7277.85,12.00
56997094,18.02,35.80,22872.24,20.00
57000094,18.03,35.81,6861.48,12.00
57003094,18.03,35.81,7721.26,12.00
57006094,18.03,35.80,7152.19,13.00
57009094,18.02,35.80,8632.58,14.00
57012094,18.03,35.80,7581.72,18.00
57015094,18.03,35.80,6718.06,18.00
57018094,18.03,35.80,8695.55,33.00
57021094,18.03,35.81,7460.91,13.00
57024094,18.03,35.80,7668.43,12.00
57027094,18.03,35.80,7418.31,14.00
57030094,18.03,35.81,7496.48,14.00
57033094,18.03,35.81,7268.37,17.00
57036094,18.03,35.81,8161.85,16.00
57039094,18.03,35.83,9077.30,17.00
57042094,18.03,35.83,8033.73,19.00
57045094,18.03,35.81,11644.50,13.00
57048094,18.03,35.84,11892.66,12.00
57051094,18.03,35.84,9066.14,16.00
57054094,18.03,35.84,8334.88,12.00
57057094,18.03,35.83,8193.20,13.00
57060094,18.03,35.84,8844.28,18.00
57063094,18.03,35.84,7898.54,18.00
57066094,18.03,35.83,9739.12,18.00
57069094,18.03,35.84,10253.00,18.00
57072094,18.04,35.83,8623.67,14.00
57075094,18.04,35.84,7523.30,13.00
57078094,18.04,35.84,8752.29,17.00
57081094,18.04,35.85,7985.34,15.00
57084094,18.04,35.85,9823.16,13.00
57087094,18.04,35.85,10201.03,19.00
57090094,18.04,35.85,17855.44,14.00
57093094,18.04,35.85,10867.52,15.00
57096094,18.05,35.85,7706.87,14.00
57099094,18.04,35.85,7562.74,13.00
57102094,18.05,35.85,8951.62,22.00
57105094,18.05,35.84,8226.24,17.00
57108094,18.05,35.85,9595.33,18.00
57111094,18.05,35.84,8789.75,19.00
57114094,18.05,35.84,17599.00,40.00
57117094,18.06,35.84,8443.61,18.00
57120094,18.06,35.84,7813.18,18.00
57123094,18.06,35.85,9538.32,18.00
57126094,18.07,35.84,8340.34,19.00
57129094,18.07,35.84,9227.79,18.00
57132094,18.07,35.85,8310.99,16.00
57135094,18.07,35.85,8473.06,19.00
57138094,18.07,35.85,7986.05,18.00
57141094,18.08,35.85,7876.40,18.00
57144094,18.08,35.85,8112.05,15.00
57147094,18.08,35.85,14536.36,17.00
57150094,18.08,35.85,7849.01,15.00
57153094,18.09,35.85,6503.35,18.00
57156094,18.09,35.84,7889.65,18.00
57159094,18.09,35.84,8677.21,14.00
57162094,18.09,35.83,6975.13,17.00
57165094,18.10,35.84,8582.71,17.00
57168094,18.10,35.84,8507.72,20.00
57171094,18.11,35.82,7904.93,16.00
57174094,18.10,35.84,8138.90,16.00
57177094,18.10,35.83,11460.09,20.00
57180094,18.10,35.84,9679.89,16.00
57183094,18.11,35.83,7030.56,17.00
57186094,18.11,35.84,7072.29,18.00
57189094,18.11,35.83,7316.50,0.00
57192094,18.11,35.83,6314.67,19.00
57195094,18.12,35.83,7606.39,21.00
57198094,18.12,35.82,8599.39,19.00
57201094,18.11,35.83,7326.17,20.00
57204094,18.12,35.83,7386.95,19.00
57207094,18.12,35.82,7662.78,18.00
57210094,18.12,35.82,7886.17,15.00
57213094,18.13,35.82,12856.90,16.00
57216094,18.12,35.82,6269.39,18.00
57219094,18.12,35.82,8036.27,18.00
57222094,18.13,35.82,13693.10,18.00
57225094,18.13,35.82,7683.39,29.00
57228094,18.13,35.82,7412.09,22.00
57231094,18.13,35.82,7710.34,17.00
57234094,18.13,35.82,7099.84,21.00
57237094,18.13,35.83,7613.71,23.00
57240094,18.13,35.83,12069.34,20.00
57243094,18.12,35.83,7920.52,21.00
57246094,18.13,35.83,8978.50,10.00
57249094,18.12,35.85,9688.62,17.00
57252094,18.12,35.83,9263.92,12.00
57255094,18.12,35.85,8102.77,18.00
57258094,18.12,35.83,8872.02,19.00
57261094,18.12,35.83,8108.33,19.00
57264094,18.12,35.85,7043.72,19.00
57267094,18.12,35.85,7480.40,24.00
57270094,18.12,35.85,7354.52,21.00
57273094,18.12,35.86,7445.97,20.00
57276094,18.13,35.86,8179.76,18.00
57279094,18.13,35.85,7723.27,16.00
57282094,18.13,35.85,7779.64,27.00
57285094,18.13,35.85,11210.44,17.00
57288094,18.14,35.83,7578.50,17.00
57291094,18.14,35.83,7536.45,26.00
57294094,18.14,35.84,6345.45,11.00
57297094,18.15,35.84,7355.07,20.00
57300094,18.14,35.82,6611.64,17.00
57303094,18.15,35.82,8758.19,24.00
57306094,18.15,35.82,7263.54,22.00
57309094,18.16,35.84,7449.37,20.00
57312094,18.16,35.81,8099.89,21.00
57315094,18.15,35.83,6942.90,20.00
57318094,18.16,35.81,7041.02,21.00
57321094,18.16,35.80,8170.67,21.00
57324094,18.16,35.80,7888.28,1.00
57327094,18.17,35.81,7670.78,22.00
57330094,18.17,35.80,6498.23,19.00
57333094,18.17,35.80,7039.14,18.00
57336094,18.17,35.80,7560.05,18.00
57339094,18.17,35.80,6851.27,22.00
57342094,18.17,35.80,7778.91,18.00
57345094,18.18,35.81,7060.39,18.00
57348094,18.18,35.80,8969.69,20.00
57351094,18.18,35.82,7787.38,11.00
57354094,18.18,35.82,8336.54,19.00
57357094,18.18,35.82,6625.13,19.00
57360094,18.18,35.82,9266.34,23.00
57363094,18.18,35.80,8867.38,19.00
57366094,18.19,35.80,7635.29,22.00
57369094,18.19,35.80,6773.94,22.00
57372094,18.19,35.80,6370.41,19.00
57375094,18.19,35.82,7797.31,21.00
57378094,18.19,35.82,9268.32,22.00
57381094,18.20,35.80,8061.50,18.00
57384094,18.19,35.80,7525.20,15.00
57387094,18.20,35.80,7862.73,21.00
57390094,18.20,35.80,11995.69,20.00
57393094,18.20,35.80,8171.57,21.00
57396094,18.20,35.79,7512.11,27.00
57399094,18.20,35.80,8210.50,26.00
57402094,18.20,35.79,7137.56,20.00
57405094,18.20,35.80,6773.22,20.00
57408094,18.20,35.79,7748.23,24.00
57411094,18.21,35.79,6780.84,21.00
57414094,18.20,35.79,8243.83,21.00
57417094,18.21,35.79,8749.86,19.00
57420094,18.21,35.79,7549.21,22.00
57423094,18.21,35.80,8004.38,21.00
57426094,18.21,35.80,7612.41,23.00
57429094,18.21,35.79,7722.39,19.00
57432094,18.22,35.78,8104.88,21.00
57435094,18.21,35.79,7383.18,23.00
57438094,18.22,35.79,7417.21,22.00
57441094,18.22,35.78,9035.31,21.00
57444094,18.22,35.79,7340.80,19.00
57447094,18.22,35.78,7233.16,21.00
57450094,18.22,35.78,7246.35,22.00
57453094,18.23,35.78,8597.62,13.00
57456094,18.23,35.77,8494.59,19.00
57459094,18.23,35.77,7614.02,21.00
57462094,18.23,35.78,8277.60,19.00
57465094,18.23,35.78,7185.87,23.00
57468094,18.24,35.77,7607.76,20.00
57471094,18.24,35.78,9433.42,25.00
57474094,18.24,35.78,12228.09,24.00
57477094,18.24,35.78,10995.43,20.00
57480094,18.24,35.78,8484.67,22.00
57483094,18.24,35.77,8480.08,20.00
57486094,18.24,35.78,6900.98,24.00
57489094,18.25,35.77,6937.14,21.00
57492094,18.25,35.77,7426.24,23.00
57495094,18.25,35.78,7297.98,20.00
57498094,18.25,35.78,8235.32,23.00
57501094,18.25,35.78,8736.49,24.00
57504094,18.26,35.77,8136.01,21.00
57507094,18.25,35.77,8163.41,23.00
57510094,18.26,35.77,8873.40,22.00
57513094,18.26,35.77,8465.04,23.00
57516094,18.26,35.77,7096.88,21.00
57519094,18.26,35.76,7158.96,20.00
57522094,18.26,35.76,7358.59,20.00
57525094,18.26,35.75,7245.85,24.00
57528094,18.27,35.75,8248.96,25.00
57531094,18.27,35.75,9803.62,21.00
57534094,18.27,35.75,6642.92,22.00
57537094,18.27,35.75,6509.46,23.00
57540094,18.27,35.74,7896.29,23.00
57543094,18.27,35.75,7752.72,17.00
57546094,18.27,35.74,8624.75,26.00
57549094,18.27,35.74,7605.85,23.00
57552094,18.27,35.75,9373.01,23.00
57555094,18.27,35.76,9232.47,29.00
57558094,18.28,35.75,9270.76,22.00
57561094,18.28,35.75,7638.51,23.00
57564094,18.27,35.75,8704.94,23.00
57567094,18.28,35.74,8682.06,32.00
57570094,18.28,35.76,8583.75,25.00
57573094,18.28,35.75,8436.19,22.00
57576094,18.28,35.75,8503.15,29.00
57579094,18.28,35.75,9168.68,22.00
57582094,18.29,35.74,8092.92,22.00
57585094,18.29,35.74,7915.64,26.00
57588094,18.29,35.74,8234.72,25.00
57591094,18.29,35.74,10478.23,24.00
57594094,18.29,35.74,13261.48,24.00
57597094,18.30,35.74,10861.97,27.00
57600094,18.29,35.74,9196.63,23.00
57603094,18.30,35.73,7709.33,24.00
57606094,18.30,35.74,8051.57,25.00
57609094,18.30,35.74,9028.09,25.00
57612094,18.30,35.73,8673.23,25.00
57615094,18.30,35.73,9149.78,21.00
57618094,18.30,35.73,9272.11,20.00
57621094,18.31,35.72,8291.29,29.00
57624094,18.31,35.73,8012.92,25.00
57627094,18.31,35.73,8343.65,25.00
57630094,18.31,35.73,7055.18,25.00
57633094,18.32,35.72,7705.15,32.00
57636094,18.32,35.72,8352.94,26.00
57639094,18.32,35.73,7253.27,26.00
57642094,18.32,35.73,8412.54,26.00
57645094,18.32,35.73,8863.96,25.00
57648094,18.32,35.73,8019.13,28.00
57651094,18.32,35.72,6941.66,27.00
57654094,18.32,35.72,7472.09,28.00
57657094,18.32,35.73,7103.64,26.00
57660094,18.33,35.72,8110.77,24.00
57663094,18.32,35.72,7293.35,32.00
57666094,18.33,35.71,6843.93,26.00
57669094,18.33,35.72,7519.16,25.00
57672094,18.33,35.72,6655.45,28.00
57675094,18.33,35.72,7459.13,26.00
57678094,18.33,35.72,8012.14,26.00
57681094,18.33,35.71,7928.91,27.00
57684094,18.33,35.69,7416.97,26.00
57687094,18.33,35.69,9136.09,29.00
57690094,18.33,35.69,8105.21,26.00
57693094,18.33,35.69,8234.50,25.00
57696094,18.34,35.69,7092.27,24.00
57699094,18.33,35.69,7662.95,25.00
57702094,18.34,35.69,7428.45,26.00
57705094,18.34,35.69,7168.50,36.00
57708094,18.34,35.69,7684.56,28.00
57711094,18.34,35.68,7955.77,26.00
57714094,18.34,35.69,7698.22,24.00
57717094,18.34,35.68,7217.32,8.00
57720094,18.34,35.68,7894.08,25.00
57723094,18.35,35.68,7431.54,27.00
57726094,18.35,35.68,6846.76,25.00
57729094,18.35,35.68,7552.07,29.00
57732094,18.35,35.68,7024.59,25.00
57735094,18.35,35.68,6330.35,32.00
57738094,18.35,35.68,7262.71,24.00
57741094,18.35,35.68,7879.37,21.00
57744094,18.36,35.68,6911.62,25.00
57747094,18.36,35.67,8471.61,26.00
57750094,18.36,35.67,8959.67,26.00
57753094,18.36,35.67,9580.87,22.00
57756094,18.36,35.67,7524.26,26.00
57759094,18.36,35.67,8522.30,27.00
57762094,18.36,35.67,9559.43,23.00
57765094,18.36,35.66,8297.17,24.00
57768094,18.36,35.66,8354.06,31.00
57771094,18.36,35.66,9337.10,25.00
57774094,18.37,35.67,8205.18,25.00
57777094,18.37,35.67,6805.52,24.00
57780094,18.36,35.66,7989.58,22.00
57783094,18.37,35.66,7418.68,23.00
57786094,18.37,35.66,7989.01,23.00
57789094,18.37,35.66,7773.74,23.00
57792094,18.37,35.66,7187.00,23.00
57795094,18.37,35.66,7779.18,26.00
57798094,18.37,35.66,7333.35,25.00
57801094,18.37,35.65,7464.07,25.00
57804094,18.37,35.66,7674.13,27.00
57807094,18.38,35.66,7436.99,24.00
57810094,18.38,35.66,7236.66,25.00
57813094,18.38,35.66,6524.21,25.00
57816094,18.38,35.65,8243.01,27.00
57819094,18.37,35.66,8131.95,27.00
57822094,18.38,35.65,8292.13,28.00
57825094,18.38,35.65,7850.13,17.00
57828094,18.38,35.65,8166.53,26.00
57831094,18.38,35.65,10413.33,26.00
57834094,18.38,35.64,20678.48,27.00
57837094,18.38,35.65,9482.75,29.00
57840094,18.39,35.65,8047.65,27.00
57843094,18.39,35.64,9647.20,28.00
57846094,18.39,35.65,9085.30,26.00
57849094,18.39,35.64,12212.35,28.00
57852094,18.39,35.64,9440.00,30.00
57855094,18.39,35.64,9354.82,27.00
57858094,18.40,35.64,15887.96,29.00
57861094,18.40,35.63,9451.05,35.00
57864094,18.40,35.64,27019.59,26.00
57867094,18.40,35.63,8259.54,26.00
57870094,18.40,35.63,8296.14,27.00
57873094,18.40,35.64,6756.85,28.00
57876094,18.40,35.63,8145.68,29.00
57879094,18.40,35.63,8012.44,27.00
57882094,18.40,35.63,7178.29,29.00
57885094,18.40,35.62,7255.60,28.00
57888094,18.41,35.63,7415.37,30.00
57891094,18.40,35.63,6957.22,29.00
57894094,18.41,35.62,7162.11,29.00
57897094,18.41,35.62,7715.33,28.00
57900094,18.41,35.62,8212.02,31.00
57903094,18.41,35.62,7089.01,27.00
57906094,18.41,35.62,7654.19,29.00
57909094,18.41,35.62,6501.10,32.00
57912094,18.41,35.62,7981.17,30.00
57915094,18.42,35.62,6783.55,29.00
57918094,18.42,35.62,7222.91,29.00
57921094,18.42,35.62,7058.47,28.00
57924094,18.42,35.60,7308.66,28.00
57927094,18.43,35.62,6537.28,29.00
57930094,18.43,35.62,6907.06,28.00
57933094,18.43,35.61,8199.74,32.00
57936094,18.43,35.61,6655.94,30.00
57939094,18.43,35.61,6635.75,29.00
57942094,18.44,35.59,7772.25,29.00
57945094,18.44,35.61,7799.69,32.00
57948094,18.44,35.59,7577.60,29.00
57951094,18.44,35.61,7118.43,36.00
57954094,18.45,35.59,7372.31,31.00
57957094,18.44,35.59,7231.23,26.00
57960094,18.45,35.59,5356.90,28.00
57963094,18.44,35.61,5929.41,27.00
57966094,18.45,35.59,8426.29,29.00
57969094,18.45,35.59,7314.61,29.00
57972094,18.45,35.58,7279.35,29.00
57975094,18.45,35.58,7703.82,26.00
57978094,18.45,35.58,7162.38,29.00
57981094,18.45,35.59,9833.75,27.00
57984094,18.45,35.59,6947.47,30.00
57987094,18.45,35.58,8070.61,29.00
57990094,18.45,35.59,8089.74,52.00
57993094,18.46,35.58,8419.46,30.00
57996094,18.45,35.58,7454.15,27.00
57999094,18.46,35.57,8315.55,25.00
58002094,18.46,35.58,8292.99,21.00
58005094,18.46,35.58,10862.45,35.00
58008094,18.46,35.57,6995.99,26.00
58011094,18.46,35.58,7723.54,5.00
58014094,18.46,35.58,9144.28,26.00
58017094,18.46,35.60,10360.68,27.00
58020094,18.46,35.58,8676.75,27.00
58023094,18.46,35.58,7730.55,30.00
58026094,18.47,35.57,8896.76,19.00
58029094,18.47,35.57,8470.34,27.00
58032094,18.47,35.57,8760.12,29.00
58035094,18.47,35.57,9783.78,29.00
58038094,18.47,35.57,6969.28,28.00
58041094,18.47,35.57,6415.73,8.00
58044094,18.48,35.57,6859.41,29.00
58047094,18.48,35.57,7360.93,31.00
58050094,18.47,35.56,6675.66,31.00
58053094,18.48,35.56,6240.51,29.00
58056094,18.48,35.57,7905.70,28.00
58059094,18.48,35.57,8848.40,29.00
58062094,18.48,35.56,5807.33,29.00
58065094,18.48,35.57,7616.75,28.00
58068094,18.49,35.57,8022.76,35.00
58071094,18.49,35.57,7154.12,27.00
58074094,18.49,35.57,6452.47,30.00
58077094,18.49,35.57,9226.82,28.00
58080094,18.49,35.57,7683.48,29.00
58083094,18.49,35.59,7517.21,29.00
58086094,18.49,35.57,8903.60,30.00
58089094,18.50,35.57,6917.87,47.00
58092094,18.49,35.56,8653.08,29.00
58095094,18.50,35.56,7535.82,29.00
58098094,18.49,35.56,21893.21,35.00
58101094,18.50,35.56,6622.46,31.00
58104094,18.50,35.57,8344.02,30.00
58107094,18.49,35.56,8850.98,30.00
58110094,18.50,35.57,8633.50,31.00
58113094,18.49,35.56,7826.89,32.00
58116094,18.50,35.56,6942.07,29.00
58119094,18.50,35.58,20130.71,48.00
58122094,18.50,35.58,8829.81,37.00
58125094,18.51,35.56,7757.18,31.00
58128094,18.50,35.56,7597.59,29.00
58131094,18.51,35.55,6999.79,30.00
58134094,18.51,35.55,7299.24,34.00
58137094,18.51,35.56,7287.04,32.00
58140094,18.50,35.56,6825.86,31.00
58143094,18.50,35.55,8529.10,29.00
58146094,18.51,35.56,7660.83,12.00
58149094,18.51,35.56,7410.97,30.00
58152094,18.51,35.56,7836.95,30.00
58155094,18.51,35.56,9047.71,29.00
58158094,18.52,35.56,6987.93,31.00
58161094,18.52,35.56,7884.76,33.00
58164094,18.52,35.55,7779.43,32.00
58167094,18.52,35.55,7516.64,31.00
58170094,18.52,35.55,7607.84,33.00
58173094,18.52,35.55,9648.67,31.00
58176094,18.52,35.56,7628.94,33.00
58179094,18.52,35.56,6750.42,33.00
58182094,18.52,35.55,7708.67,36.00
58185094,18.52,35.55,7348.32,34.00
58188094,18.52,35.55,6748.22,35.00
58191094,18.53,35.55,7835.61,36.00
58194094,18.52,35.54,7804.68,35.00
58197094,18.52,35.55,7742.11,35.00
58200094,18.53,35.55,7840.97,38.00
58203094,18.52,35.54,7514.44,36.00
58206094,18.53,35.54,6765.48,36.00
58209094,18.53,35.54,8007.10,14.00
58212094,18.53,35.53,7172.78,37.00
58215094,18.53,35.53,12450.80,39.00
58218094,18.53,35.53,8002.25,35.00
58221094,18.53,35.55,8632.45,33.00
58224094,18.53,35.54,8705.30,40.00
58227094,18.53,35.53,7977.64,38.00
58230094,18.53,35.53,8411.19,38.00
58233094,18.53,35.53,9932.81,41.00
58236094,18.54,35.54,7456.48,39.00
58239094,18.53,35.53,8339.47,43.00
58242094,18.53,35.54,7597.82,39.00
58245094,18.54,35.54,8316.66,39.00
58248094,18.54,35.53,7493.27,40.00
58251094,18.54,35.53,8070.64,40.00
58254094,18.54,35.53,14254.79,41.00
58257094,18.54,35.53,7194.46,41.00
58260094,18.54,35.53,8607.63,40.00
58263094,18.54,35.53,8018.38,41.00
58266094,18.54,35.52,12629.46,41.00
58269094,18.55,35.53,9060.47,42.00
58272094,18.54,35.53,8296.11,40.00
58275094,18.55,35.52,8807.87,41.00
58278094,18.54,35.52,11400.75,18.00
58281094,18.55,35.52,8737.36,41.00
58284094,18.55,35.52,7748.76,43.00
58287094,18.55,35.52,7740.23,40.00
58290094,18.55,35.52,7751.30,43.00
58293094,18.55,35.52,8633.74,41.00
58296094,18.56,35.52,9904.54,40.00
58299094,18.55,35.52,23704.16,40.00
58302094,18.55,35.52,9274.21,40.00
58305094,18.56,35.52,9001.80,40.00
58308094,18.55,35.51,15137.66,40.00
58311094,18.56,35.52,10459.23,33.00
58314094,18.56,35.52,7620.32,38.00
58317094,18.56,35.51,8386.21,39.00
58320094,18.56,35.53,9284.92,38.00
58323094,18.56,35.51,7102.19,41.00
58326094,18.56,35.52,8282.80,41.00
58329094,18.56,35.52,26092.80,40.00
58332094,18.56,35.51,8850.70,41.00
58335094,18.56,35.52,9242.51,19.00
58338094,18.57,35.52,8867.97,41.00
58341094,18.56,35.51,8945.47,42.00
58344094,18.56,35.52,8061.82,49.00
58347094,18.56,35.51,9816.43,42.00
58350094,18.57,35.51,8556.02,39.00
58353094,18.56,35.50,9154.97,42.00
58356094,18.57,35.51,8819.38,42.00
58359094,18.57,35.51,6736.34,41.00
58362094,18.57,35.50,6900.77,42.00
58365094,18.57,35.51,8154.53,49.00
58368094,18.57,35.50,7668.76,43.00
58371094,18.57,35.51,25297.12,43.00
58374094,18.57,35.50,7787.09,43.00
58377094,18.58,35.51,8048.09,41.00
58380094,18.58,35.50,9150.37,42.00
58383094,18.58,35.51,9384.07,25.00
58386094,18.58,35.50,6847.46,44.00
58389094,18.58,35.51,18799.68,43.00
58392094,18.58,35.51,10745.62,43.00
58395094,18.58,35.51,14091.20,43.00
58398094,18.59,35.50,7346.66,48.00
58401094,18.59,35.50,7221.82,44.00
58404094,18.58,35.50,8560.80,45.00
58407094,18.58,35.48,8065.32,46.00
58410094,18.58,35.48,9709.43,52.00
58413094,18.59,35.49,7707.41,44.00
58416094,18.59,35.49,8722.27,45.00
58419094,18.59,35.49,8053.07,45.00
58422094,18.59,35.47,9037.86,45.00
58425094,18.60,35.47,9559.03,41.00
58428094,18.60,35.49,8479.84,44.00
58431094,18.59,35.49,6845.04,44.00
58434094,18.59,35.49,6725.52,44.00
58437094,18.60,35.50,9396.40,44.00
58440094,18.60,35.47,8344.98,43.00
58443094,18.60,35.47,7713.72,44.00
58446094,18.60,35.49,8077.18,37.00
58449094,18.60,35.47,7926.58,44.00
58452094,18.60,35.46,11323.43,44.00
58455094,18.61,35.47,8667.41,63.00
58458094,18.61,35.47,8476.29,46.00
58461094,18.62,35.48,7808.93,50.00
58464094,18.62,35.47,7574.69,44.00
58467094,18.61,35.47,7622.74,43.00
58470094,18.61,35.46,16005.95,42.00
58473094,18.61,35.47,7545.44,42.00
58476094,18.61,35.47,10575.01,41.00
58479094,18.61,35.47,9776.82,42.00
58482094,18.61,35.46,7915.64,35.00
58485094,18.62,35.46,8676.59,43.00
58488094,18.62,35.47,10262.17,42.00
58491094,18.62,35.46,8291.46,41.00
58494094,18.62,35.46,9614.95,18.00
58497094,18.62,35.46,7285.77,42.00
58500094,18.62,35.46,7339.03,41.00
58503094,18.63,35.46,6584.86,42.00
58506094,18.63,35.45,8434.86,23.00
58509094,18.63,35.45,9319.34,33.00
58512094,18.63,35.45,8864.33,43.00
58515094,18.63,35.45,7395.18,42.00
58518094,18.63,35.45,7921.35,43.00
58521094,18.63,35.45,14454.31,43.00
58524094,18.64,35.45,11845.59,43.00
58527094,18.64,35.44,10388.45,44.00
58530094,18.64,35.45,8528.59,44.00
58533094,18.64,35.44,8801.32,44.00
58536094,18.64,35.44,7794.25,43.00
58539094,18.64,35.44,11408.78,50.00
58542094,18.64,35.44,9373.98,43.00
58545094,18.64,35.44,9599.83,44.00
58548094,18.64,35.44,9540.22,43.00
58551094,18.64,35.44,8547.62,47.00
58554094,18.65,35.43,7311.12,39.00
58557094,18.65,35.44,7969.72,44.00
58560094,18.65,35.43,7696.76,45.00
58563094,18.65,35.42,7666.10,44.00
58566094,18.65,35.42,11904.93,47.00
58569094,18.65,35.42,8433.06,44.00
58572094,18.65,35.42,7690.50,44.00
58575094,18.66,35.42,7966.92,45.00
58578094,18.65,35.41,6910.56,44.00
58581094,18.65,35.41,9604.06,45.00
58584094,18.66,35.42,9183.59,44.00
58587094,18.66,35.42,8311.48,51.00
58590094,18.66,35.42,6449.45,52.00
58593094,18.66,35.42,7227.44,45.00
58596094,18.66,35.41,7319.70,48.00
58599094,18.66,35.41,7799.26,45.00
58602094,18.66,35.41,7437.76,44.00
58605094,18.66,35.42,6362.24,48.00
58608094,18.66,35.41,8279.73,51.00
58611094,18.66,35.41,7788.31,46.00
58614094,18.66,35.42,8053.51,46.00
58617094,18.66,35.41,8089.89,46.00
58620094,18.66,35.41,7302.24,45.00
58623094,18.67,35.42,8483.08,38.00
58626094,18.66,35.41,6512.33,45.00
58629094,18.66,35.41,6593.35,48.00
58632094,18.67,35.41,7542.39,47.00
58635094,18.67,35.41,6175.23,47.00
58638094,18.66,35.41,7155.40,46.00
58641094,18.67,35.41,7984.27,41.00
58644094,18.66,35.41,13032.98,49.00
58647094,18.67,35.42,8089.78,49.00
58650094,18.66,35.41,8695.83,48.00
58653094,18.67,35.41,6951.86,31.00
58656094,18.67,35.41,7401.67,50.00
58659094,18.67,35.41,8153.00,51.00
58662094,18.67,35.41,7958.04,52.00
58665094,18.67,35.42,7310.89,53.00
58668094,18.67,35.41,7013.41,51.00
58671094,18.67,35.41,7776.10,44.00
58674094,18.67,35.41,7739.89,54.00
58677094,18.67,35.41,6690.78,51.00
58680094,18.67,35.41,13983.26,51.00
58683094,18.67,35.41,7708.67,52.00
58686094,18.67,35.39,6798.75,52.00
58689094,18.68,35.41,7247.54,52.00
58692094,18.67,35.41,7468.74,51.00
58695094,18.67,35.41,7933.34,52.00
58698094,18.67,35.41,7643.46,57.00
58701094,18.68,35.41,8438.83,54.00
58704094,18.68,35.41,7060.50,51.00
58707094,18.68,35.41,6896.42,32.00
58710094,18.68,35.41,7366.04,51.00
58713094,18.68,35.41,7590.65,57.00
58716094,18.68,35.40,7303.80,53.00
58719094,18.68,35.41,7961.40,50.00
58722094,18.68,35.40,8772.93,50.00
58725094,18.68,35.40,7304.50,31.00
58728094,18.69,35.40,8790.19,49.00
58731094,18.69,35.40,8187.97,43.00
58734094,18.68,35.38,6909.82,48.00
58737094,18.68,35.38,7673.25,49.00
58740094,18.68,35.40,6297.03,48.00
58743094,18.68,35.41,8791.24,48.00
58746094,18.68,35.40,7902.28,48.00
58749094,18.68,35.40,6735.63,47.00
58752094,18.68,35.40,8978.39,47.00
58755094,18.68,35.40,8714.20,46.00
58758094,18.69,35.41,6952.91,46.00
58761094,18.68,35.41,7331.84,47.00
58764094,18.69,35.41,7508.37,46.00
58767094,18.68,35.41,7533.28,45.00
58770094,18.69,35.41,9843.16,64.00
58773094,18.69,35.41,7856.38,47.00
58776094,18.69,35.41,7852.13,44.00
58779094,18.69,35.41,7909.58,45.00
58782094,18.69,35.41,7507.76,45.00
58785094,18.69,35.41,7081.97,44.00
58788094,18.69,35.41,7512.49,44.00
58791094,18.69,35.41,7706.04,44.00
58794094,18.70,35.41,6982.08,43.00
58797094,18.69,35.40,7634.65,42.00
58800094,18.70,35.40,7363.75,42.00
58803094,18.70,35.40,9530.92,43.00
58806094,18.70,35.40,8541.45,43.00
58809094,18.71,35.40,8513.73,42.00
58812094,18.71,35.40,7978.30,45.00
58815094,18.70,35.40,7762.09,43.00
58818094,18.70,35.38,8134.63,43.00
58821094,18.70,35.40,8847.56,43.00
58824094,18.71,35.40,8060.81,45.00
58827094,18.70,35.40,7125.47,47.00
58830094,18.70,35.40,6971.96,41.00
58833094,18.70,35.40,8220.27,43.00
58836094,18.71,35.39,8392.05,50.00
58839094,18.71,35.39,8796.24,43.00
58842094,18.71,35.40,8292.43,43.00
58845094,18.71,35.40,8735.08,45.00
58848094,18.71,35.40,7292.22,42.00
58851094,18.71,35.40,7137.58,46.00
58854094,18.71,35.40,6544.81,20.00
58857094,18.71,35.40,7956.91,44.00
58860094,18.72,35.40,10412.07,43.00
58863094,18.72,35.40,8246.37,43.00
58866094,18.72,35.40,8085.58,39.00
58869094,18.72,35.40,8502.51,43.00
58872094,18.72,35.40,8019.55,42.00
58875094,18.72,35.40,8219.55,43.00
58878094,18.72,35.40,13558.38,42.00
58881094,18.72,35.41,8679.46,44.00
58884094,18.72,35.41,9593.93,53.00
58887094,18.72,35.41,7607.85,43.00
58890094,18.73,35.40,8607.25,43.00
58893094,18.72,35.40,8226.20,44.00
58896094,18.72,35.40,10359.07,44.00
58899094,18.72,35.40,9030.90,45.00
58902094,18.72,35.41,8005.29,44.00
58905094,18.72,35.41,7017.46,42.00
58908094,18.72,35.41,9831.22,45.00
58911094,18.72,35.41,14511.52,44.00
58914094,18.72,35.41,10792.67,43.00
58917094,18.72,35.41,11254.96,50.00
58920094,18.72,35.41,13728.90,56.00
58923094,18.72,35.41,10199.99,48.00
58926094,18.73,35.41,15141.86,48.00
58929094,18.73,35.41,28230.67,55.00
58932094,18.73,35.41,17260.60,60.00
58935094,18.73,35.41,19480.84,53.00
58938094,18.74,35.40,36550.79,54.00
58941094,18.74,35.41,27537.65,56.00
58944094,18.73,35.41,15966.90,57.00
58947094,18.74,35.57,17291.95,24.00
58950094,18.78,36.01,19218.31,41.00
