Timestamp,Temperature (C),Humidity (%),Sound,Light
4523,21.67,24.44,0.00,802.00
7523,21.90,24.53,40535.39,808.00
10523,21.90,24.51,38756.95,799.00
13523,21.90,24.58,15645.14,798.00
16523,21.89,24.37,24607.76,801.00
19523,21.91,24.47,25345.06,789.00
22523,21.90,24.26,16289.24,801.00
25523,21.90,24.29,25401.15,800.00
28523,21.90,24.38,11712.30,815.00
31523,21.90,24.38,14267.73,803.00
34523,21.90,24.46,13598.81,804.00
37523,21.89,24.56,11514.88,788.00
40523,21.88,24.40,13669.33,814.00
43523,21.88,24.38,12696.62,795.00
46523,21.87,24.28,13841.45,778.00
49523,21.86,24.26,13938.15,779.00
52523,21.86,24.22,16904.66,775.00
55523,21.85,24.17,13760.37,777.00
58523,21.85,24.10,13207.15,776.00
61523,21.83,24.06,14069.21,777.00
64523,21.83,24.08,13726.13,779.00
67523,21.82,24.04,14761.12,778.00
70523,21.81,24.06,21589.47,777.00
73523,21.80,24.00,19376.61,775.00
76523,21.79,23.92,13388.75,783.00
79523,21.78,23.98,18527.10,779.00
82523,21.78,24.07,19400.96,776.00
85523,21.77,24.18,15256.33,775.00
88523,21.77,24.23,15610.77,775.00
91523,21.76,24.19,14209.71,776.00
94523,21.76,24.24,34286.95,774.00
97523,21.75,24.29,16194.11,777.00
100523,21.73,24.30,14317.03,774.00
103523,21.73,24.24,12945.08,776.00
106523,21.72,24.24,11995.57,777.00
109523,21.71,24.10,11480.25,778.00
112523,21.71,23.87,14148.97,778.00
115523,21.70,23.93,12171.22,776.00
118523,21.69,23.87,13493.60,775.00
121523,21.69,23.96,12262.86,774.00
124523,21.68,23.99,20983.26,775.00
127523,21.66,23.89,13172.17,777.00
130523,21.66,23.99,14031.29,777.00
133523,21.66,24.01,13420.32,776.00
136523,21.65,23.99,26834.70,777.00
139523,21.64,23.90,14626.90,776.00
142523,21.62,23.84,14226.53,774.00
145523,21.62,23.75,11223.90,786.00
148523,21.61,23.77,17780.92,774.00
151523,21.61,23.84,15690.08,776.00
154523,21.61,23.84,12249.37,776.00
157523,21.60,23.78,16012.27,774.00
160523,21.59,23.81,20346.85,777.00
163523,21.58,23.86,18713.33,775.00
166523,21.57,23.74,16726.30,776.00
169523,21.57,23.65,25624.51,776.00
172523,21.56,23.63,15353.32,773.00
175523,21.55,23.69,15664.21,777.00
178523,21.55,23.73,14618.58,778.00
181523,21.54,23.70,11226.95,776.00
184523,21.53,23.65,13278.69,775.00
187523,21.53,23.67,13855.13,775.00
190523,21.51,23.64,20926.48,776.00
193523,21.51,23.70,12926.78,789.00
196523,21.51,23.72,16615.50,775.00
199523,21.50,23.67,16274.28,777.00
202523,21.49,23.65,14470.24,777.00
205523,21.49,23.66,33339.53,777.00
208523,21.49,23.69,49999.46,777.00
211523,21.48,23.72,16149.81,775.00
214523,21.47,23.73,47364.72,778.00
217523,21.47,23.76,26089.12,777.00
220523,21.46,23.81,26362.33,777.00
223523,21.46,23.82,12577.05,775.00
226523,21.45,23.72,12070.47,778.00
229523,21.44,23.70,14406.74,777.00
232523,21.44,23.60,24301.50,779.00
235523,21.43,23.63,16558.32,778.00
238523,21.43,23.68,13944.94,792.00
241523,21.42,23.75,30838.71,787.00
244523,21.41,23.73,26324.47,786.00
247523,21.41,23.77,23216.33,785.00
250523,21.41,23.82,19049.09,781.00
253523,21.41,23.88,23437.35,786.00
256523,21.40,23.91,21696.60,783.00
259523,21.40,23.95,28841.75,774.00
262523,21.41,23.95,17194.16,778.00
265523,21.39,23.83,23039.41,785.00
268523,21.38,23.78,16248.26,785.00
271523,21.38,23.70,30529.74,782.00
274523,21.38,23.63,39823.08,777.00
277523,21.36,23.69,36099.32,778.00
280523,21.36,23.61,20450.96,786.00
283523,21.35,23.51,25678.83,777.00
286523,21.34,23.56,28112.04,775.00
289523,21.33,23.60,19754.74,774.00
292523,21.33,23.51,28633.17,776.00
295523,21.33,23.49,22388.86,775.00
298523,21.33,23.46,31660.95,776.00
301523,21.32,23.46,26772.93,777.00
304523,21.32,23.43,34224.96,777.00
307523,21.31,23.46,27971.97,775.00
310523,21.31,23.52,18450.64,775.00
313523,21.30,23.63,34265.15,773.00
316523,21.30,23.68,28321.99,773.00
319523,21.29,23.71,21877.21,776.00
322523,21.29,23.76,31519.91,773.00
325523,21.28,23.77,45719.66,773.00
328523,21.27,23.78,25287.07,777.00
331523,21.28,23.81,36418.80,773.00
334523,21.27,23.81,34381.06,776.00
337523,21.26,23.83,32831.58,773.00
340523,21.26,23.81,30477.55,777.00
343523,21.26,23.79,26600.22,774.00
346523,21.25,23.79,39280.31,775.00
349523,21.25,23.71,48046.73,772.00
352523,21.24,23.76,30921.04,773.00
355523,21.25,23.77,28912.74,773.00
358523,21.24,23.75,24299.32,776.00
361523,21.24,23.78,33614.75,771.00
364523,21.24,23.84,30616.93,775.00
367523,21.23,23.87,36269.57,773.00
370523,21.23,23.92,28735.85,775.00
373523,21.23,23.94,17403.04,773.00
376523,21.23,23.89,29663.28,772.00
379523,21.22,23.90,29941.81,788.00
382523,21.22,23.93,20448.15,783.00
385523,21.22,23.89,19240.27,784.00
388523,21.21,23.88,24325.78,793.00
391523,21.21,23.89,29318.73,789.00
394523,21.21,23.96,20137.84,792.00
397523,21.21,23.99,43647.16,789.00
400523,21.21,24.04,38282.44,785.00
403523,21.21,24.08,26635.43,778.00
406523,21.20,24.12,34736.85,782.00
409523,21.21,24.11,23034.24,780.00
412523,21.19,24.07,31752.17,768.00
415523,21.18,24.01,20153.36,777.00
418523,21.18,23.99,20572.38,777.00
421523,21.18,23.83,21647.00,775.00
424523,21.17,23.75,24888.22,780.00
427523,21.17,23.69,14558.12,778.00
430523,21.17,23.74,24071.24,768.00
433523,21.17,23.83,22227.66,767.00
436523,21.17,23.85,20754.37,768.00
439523,21.17,23.86,22678.80,767.00
442523,21.16,23.89,36556.46,769.00
445523,21.16,23.90,14183.28,773.00
448523,21.16,23.88,20812.19,771.00
451523,21.15,23.87,35719.76,771.00
454523,21.15,23.86,17134.45,773.00
457523,21.14,23.89,18864.18,773.00
460523,21.14,23.94,21062.75,774.00
463523,21.14,23.91,39741.77,775.00
466523,21.14,23.92,20726.68,777.00
469523,21.14,23.92,19000.74,778.00
472523,21.14,23.96,21216.08,778.00
475523,21.13,24.00,16634.97,777.00
478523,21.13,24.03,21515.16,775.00
481523,21.13,24.04,36827.40,777.00
484523,21.12,24.06,49956.57,781.00
487523,21.12,24.06,19405.58,778.00
490523,21.12,24.06,20946.38,777.00
493523,21.12,24.07,20772.00,778.00
496523,21.12,24.06,19954.52,777.00
499523,21.12,24.07,19197.06,777.00
502523,21.11,23.98,18470.43,776.00
505523,21.11,23.93,19651.46,777.00
508523,21.10,23.98,17362.88,776.00
511523,21.10,24.02,22318.42,793.00
514523,21.10,24.01,30734.74,779.00
517523,21.09,24.03,39591.41,776.00
520523,21.09,24.04,30658.50,778.00
523523,21.09,24.03,26529.74,777.00
526523,21.08,24.03,20253.63,776.00
529523,21.08,24.05,24216.86,776.00
532523,21.08,24.05,19841.81,778.00
535523,21.07,24.02,26899.69,778.00
538523,21.07,24.02,20561.93,779.00
541523,21.07,24.04,18523.40,768.00
544523,21.07,24.05,18266.05,781.00
547523,21.07,24.03,15433.38,773.00
550523,21.07,24.00,16380.15,776.00
553523,21.07,23.99,21003.88,776.00
556523,21.07,24.02,16351.71,779.00
559523,21.07,24.02,14000.06,778.00
562523,21.06,23.97,19059.96,777.00
565523,21.05,23.97,15884.70,778.00
568523,21.05,23.98,14081.23,777.00
571523,21.05,23.98,20645.94,777.00
574523,21.05,24.02,22142.59,776.00
577523,21.04,24.03,22835.05,778.00
580523,21.04,24.03,15499.35,779.00
583523,21.04,24.06,16433.75,779.00
586523,21.05,24.09,11507.68,778.00
589523,21.04,24.08,11789.80,780.00
592523,21.04,24.06,20054.53,779.00
595523,21.04,24.04,14026.90,779.00
598523,21.04,24.03,15218.11,781.00
601523,21.04,23.99,20019.84,780.00
604523,21.04,23.99,14156.44,781.00
607523,21.03,24.00,20020.43,788.00
610523,21.03,24.01,12171.15,781.00
613523,21.03,24.03,26181.17,778.00
616523,21.03,24.05,17669.30,779.00
619523,21.02,24.06,14950.91,778.00
622523,21.02,24.08,13986.48,779.00
625523,21.02,24.09,20011.40,777.00
628523,21.01,24.10,18584.25,780.00
631523,21.01,24.10,18580.01,778.00
634523,21.01,24.10,17555.96,779.00
637523,21.01,24.08,17774.19,796.00
640523,21.01,24.05,16049.92,780.00
643523,21.01,24.04,20119.11,780.00
646523,21.01,24.04,13043.55,780.00
649523,21.01,24.00,15516.24,779.00
652523,21.01,24.00,17074.25,780.00
655523,21.00,24.01,13345.81,786.00
658523,21.00,24.03,16667.12,779.00
661523,21.00,24.00,13524.75,780.00
664523,21.00,23.99,14229.15,780.00
667523,21.01,24.00,37586.11,779.00
670523,21.01,24.03,24110.71,781.00
673523,21.00,24.04,17555.78,778.00
676523,21.00,24.05,19138.52,781.00
679523,21.00,24.05,24790.21,786.00
682523,21.00,24.06,15788.03,780.00
685523,20.98,24.05,16777.63,782.00
688523,20.99,24.07,26741.74,778.00
691523,20.98,24.06,13792.79,785.00
694523,20.98,23.94,16693.54,781.00
697523,20.98,23.99,15921.75,781.00
700523,20.98,24.05,20802.05,784.00
703523,20.98,24.07,16123.42,770.00
706523,20.98,24.07,20982.03,785.00
709523,20.98,24.08,12531.17,774.00
712523,20.98,24.12,20051.77,785.00
715523,20.97,24.11,23245.79,784.00
718523,20.97,24.11,22739.81,781.00
721523,20.96,24.10,15904.26,782.00
724523,20.96,24.10,14700.14,784.00
727523,20.95,24.10,23210.57,784.00
730523,20.95,24.10,18913.98,780.00
733523,20.95,24.06,17624.14,781.00
736523,20.95,24.05,15745.03,782.00
739523,20.94,24.02,15451.29,783.00
742523,20.94,23.97,20203.83,784.00
745523,20.94,23.95,13715.79,782.00
748523,20.93,23.92,30292.16,782.00
751523,20.94,23.89,20185.91,784.00
754523,20.93,23.92,21660.99,781.00
757523,20.93,23.97,21065.38,780.00
760523,20.93,24.01,18714.62,778.00
763523,20.93,24.02,16267.67,782.00
766523,20.93,24.05,18733.09,781.00
769523,20.93,24.06,17021.69,781.00
772523,20.92,24.06,12802.65,783.00
775523,20.92,24.05,16566.17,783.00
778523,20.93,23.97,14881.09,781.00
781523,20.92,23.87,16143.01,783.00
784523,20.92,23.86,16576.08,773.00
787523,20.92,23.86,18022.72,782.00
790523,20.92,23.89,28288.41,783.00
793523,20.92,23.94,21658.37,781.00
796523,20.92,24.02,12906.45,782.00
799523,20.92,24.02,17635.74,784.00
802523,20.92,24.00,19422.87,782.00
805523,20.93,23.96,16270.47,771.00
808523,20.93,23.96,22817.59,785.00
811523,20.93,23.95,14935.62,784.00
814523,20.93,23.95,17559.80,784.00
817523,20.93,23.90,29586.42,782.00
820523,20.93,23.90,20832.51,782.00
823523,20.92,23.89,17424.76,785.00
826523,20.92,23.86,15507.29,784.00
829523,20.93,23.87,15157.93,784.00
832523,20.93,23.92,14429.45,784.00
835523,20.94,23.81,18704.66,782.00
838523,20.93,23.72,19884.39,786.00
841523,20.94,23.69,17884.03,785.00
844523,20.94,23.66,20381.28,790.00
847523,20.94,23.68,18974.57,790.00
850523,20.94,23.73,15685.25,790.00
853523,20.94,23.74,25346.02,791.00
856523,20.94,23.77,13610.77,788.00
859523,20.94,23.79,13616.17,789.00
862523,20.94,23.75,20782.48,785.00
865523,20.93,23.74,21753.95,788.00
868523,20.94,23.71,16830.12,788.00
871523,20.94,23.68,16906.17,786.00
874523,20.94,23.71,19115.29,786.00
877523,20.94,23.73,19688.37,800.00
880523,20.95,23.73,19784.72,786.00
883523,20.94,23.74,19004.58,785.00
886523,20.95,23.72,12675.87,786.00
889523,20.95,23.68,16250.80,778.00
892523,20.95,23.71,13104.35,780.00
895523,20.94,23.72,12292.54,781.00
898523,20.94,23.67,13156.25,778.00
901523,20.94,23.64,16176.57,779.00
904523,20.94,23.64,16939.39,781.00
907523,20.94,23.63,17227.22,768.00
910523,20.94,23.67,13854.00,780.00
913523,20.94,23.69,16638.44,780.00
916523,20.95,23.71,11740.29,779.00
919523,20.94,23.69,16576.61,791.00
922523,20.95,23.68,14326.50,780.00
925523,20.94,23.66,18289.57,780.00
928523,20.94,23.50,16181.39,780.00
931523,20.93,23.46,16089.43,778.00
934523,20.93,23.45,16265.98,776.00
937523,20.93,23.41,18019.45,782.00
940523,20.94,23.32,15436.79,781.00
943523,20.94,23.40,15398.17,779.00
946523,20.94,23.51,19589.82,780.00
949523,20.94,23.60,17481.01,781.00
952523,20.94,23.64,18508.35,782.00
955523,20.94,23.66,14039.91,778.00
958523,20.94,23.66,14923.82,778.00
961523,20.95,23.66,16140.73,779.00
964523,20.94,23.66,12342.76,780.00
967523,20.94,23.68,15692.27,795.00
970523,20.93,23.67,17902.26,780.00
973523,20.93,23.67,16916.73,782.00
976523,20.93,23.64,18308.03,783.00
979523,20.93,23.64,20044.06,782.00
982523,20.93,23.64,13974.42,782.00
985523,20.92,23.62,17132.35,785.00
988523,20.93,23.62,16854.46,782.00
991523,20.92,23.62,15669.95,783.00
994523,20.92,23.64,13834.02,784.00
997523,20.93,23.69,15561.53,782.00
1000523,20.92,23.70,16110.79,795.00
1003523,20.93,23.73,15152.30,781.00
1006523,20.92,23.74,33872.36,774.00
1009523,20.92,23.74,14878.48,785.00
1012523,20.92,23.72,15495.77,782.00
1015523,20.92,23.72,16468.11,783.00
1018523,20.92,23.67,15126.58,786.00
1021523,20.92,23.63,12537.15,785.00
1024523,20.92,23.66,16265.76,782.00
1027523,20.92,23.62,17071.75,784.00
1030523,20.92,23.55,15330.92,785.00
1033523,20.92,23.61,16349.98,785.00
1036523,20.92,23.64,16424.80,787.00
1039523,20.92,23.64,21104.82,784.00
1042523,20.91,23.63,19375.84,785.00
1045523,20.91,23.63,14689.47,786.00
1048523,20.90,23.61,12027.11,785.00
1051523,20.90,23.61,14568.00,783.00
1054523,20.91,23.62,13359.74,783.00
1057523,20.91,23.54,12945.14,786.00
1060523,20.91,23.52,13701.08,785.00
1063523,20.91,23.52,12529.91,785.00
1066523,20.90,23.50,12644.82,785.00
1069523,20.90,23.52,13073.62,785.00
1072523,20.90,23.52,14229.85,799.00
1075523,20.90,23.50,17571.15,782.00
1078523,20.90,23.47,15306.90,792.00
1081523,20.89,23.47,20563.35,788.00
1084523,20.89,23.47,20110.27,786.00
1087523,20.89,23.47,16921.05,784.00
1090523,20.89,23.46,14859.27,788.00
1093523,20.89,23.46,13653.34,784.00
1096523,20.88,23.47,16715.20,785.00
1099523,20.88,23.46,13961.67,787.00
1102523,20.89,23.38,12975.06,788.00
1105523,20.89,23.36,14758.77,787.00
1108523,20.89,23.38,11620.74,786.00
1111523,20.89,23.34,16226.04,785.00
1114523,20.89,23.28,14291.04,784.00
1117523,20.90,23.26,15447.00,786.00
1120523,20.89,23.26,12458.73,788.00
1123523,20.89,23.26,15168.84,787.00
1126523,20.89,23.26,13012.07,786.00
1129523,20.89,23.21,12908.95,786.00
1132523,20.90,23.23,14012.38,789.00
1135523,20.90,23.30,12422.18,789.00
1138523,20.90,23.35,13670.40,790.00
1141523,20.90,23.33,15098.32,789.00
1144523,20.90,23.35,13031.24,790.00
1147523,20.90,23.39,14971.79,787.00
1150523,20.90,23.41,13296.74,789.00
1153523,20.89,23.43,13338.64,788.00
1156523,20.89,23.40,12011.00,788.00
1159523,20.89,23.37,17611.06,789.00
1162523,20.89,23.40,14753.83,789.00
1165523,20.88,23.41,16577.92,792.00
1168523,20.88,23.42,16199.32,790.00
1171523,20.88,23.45,15982.23,789.00
1174523,20.88,23.41,13932.92,794.00
1177523,20.88,23.38,14676.96,789.00
1180523,20.88,23.35,12901.10,788.00
1183523,20.88,23.29,13633.34,792.00
1186523,20.88,23.20,13275.64,789.00
1189523,20.88,23.19,15067.68,789.00
1192523,20.89,23.17,14451.73,792.00
1195523,20.89,23.17,14320.71,791.00
1198523,20.89,23.13,15405.88,790.00
1201523,20.90,23.11,16623.63,790.00
1204523,20.89,23.13,12782.09,790.00
1207523,20.90,23.15,14393.72,791.00
1210523,20.90,23.20,11728.83,791.00
1213523,20.89,23.24,15709.11,792.00
1216523,20.89,23.29,12658.86,791.00
1219523,20.90,23.32,12254.85,793.00
1222523,20.90,23.32,11589.42,793.00
1225523,20.90,23.30,13721.90,794.00
1228523,20.90,23.28,12759.91,791.00
1231523,20.90,23.30,13854.20,793.00
1234523,20.90,23.33,13118.43,793.00
1237523,20.90,23.36,12504.21,793.00
1240523,20.90,23.35,13744.20,795.00
1243523,20.90,23.32,13775.98,795.00
1246523,20.90,23.32,12361.70,792.00
1249523,20.89,23.32,12027.56,793.00
1252523,20.89,23.32,11731.08,795.00
1255523,20.89,23.32,12162.01,794.00
1258523,20.88,23.34,12617.93,794.00
1261523,20.89,23.28,13813.58,796.00
1264523,20.88,23.26,13458.31,795.00
1267523,20.88,23.30,12327.12,792.00
1270523,20.88,23.34,13290.17,795.00
1273523,20.88,23.35,13290.60,796.00
1276523,20.89,23.36,14421.80,796.00
1279523,20.88,23.37,10946.74,793.00
1282523,20.88,23.38,12065.00,793.00
1285523,20.88,23.40,12548.79,795.00
1288523,20.87,23.40,12613.34,794.00
1291523,20.87,23.42,13453.64,794.00
1294523,20.87,23.43,11181.14,793.00
1297523,20.86,23.45,13870.52,794.00
1300523,20.86,23.41,13355.27,801.00
1303523,20.86,23.42,18620.72,796.00
1306523,20.86,23.40,10934.99,797.00
1309523,20.86,23.40,12892.28,795.00
1312523,20.86,23.36,19774.29,792.00
1315523,20.87,23.35,22602.74,794.00
1318523,20.86,23.35,11386.52,794.00
1321523,20.86,23.36,11240.56,795.00
1324523,20.86,23.36,12282.02,793.00
1327523,20.86,23.38,10484.76,799.00
1330523,20.86,23.36,10954.65,797.00
1333523,20.85,23.33,12439.57,795.00
1336523,20.86,23.29,13226.70,796.00
1339523,20.86,23.27,15478.46,796.00
1342523,20.86,23.30,12432.69,796.00
1345523,20.85,23.30,14168.23,794.00
1348523,20.85,23.30,11853.52,794.00
1351523,20.85,23.29,13545.73,796.00
1354523,20.85,23.30,12787.69,794.00
1357523,20.85,23.29,13256.35,795.00
1360523,20.86,23.27,10387.95,796.00
1363523,20.86,23.30,13912.37,794.00
1366523,20.85,23.29,12618.53,794.00
1369523,20.86,23.26,12875.43,794.00
1372523,20.86,23.25,13986.34,797.00
1375523,20.86,23.25,15337.62,801.00
1378523,20.86,23.26,12301.07,795.00
1381523,20.86,23.32,11753.81,796.00
1384523,20.86,23.33,12292.13,786.00
1387523,20.86,23.31,11770.08,798.00
1390523,20.86,23.26,13190.21,797.00
1393523,20.86,23.24,19179.66,798.00
1396523,20.87,23.23,14761.20,797.00
1399523,20.86,23.23,13752.92,795.00
1402523,20.86,23.21,19778.63,796.00
1405523,20.86,23.24,16698.25,796.00
1408523,20.86,23.25,11030.07,810.00
1411523,20.86,23.26,12205.32,799.00
1414523,20.86,23.25,13235.95,796.00
1417523,20.86,23.26,17433.24,797.00
1420523,20.85,23.29,16635.88,795.00
1423523,20.86,23.26,18098.97,797.00
1426523,20.85,23.26,13104.00,798.00
1429523,20.85,23.26,14316.12,800.00
1432523,20.85,23.26,12021.22,796.00
1435523,20.85,23.22,12947.54,799.00
1438523,20.85,23.18,15006.08,797.00
1441523,20.85,23.15,15247.71,797.00
1444523,20.84,23.15,16113.80,798.00
1447523,20.84,23.18,17441.52,797.00
1450523,20.84,23.18,14328.33,814.00
1453523,20.85,23.15,17672.97,798.00
1456523,20.85,23.16,21771.19,799.00
1459523,20.85,23.19,17725.48,799.00
1462523,20.85,23.21,14542.74,800.00
1465523,20.85,23.25,17476.30,797.00
1468523,20.85,23.25,12517.50,800.00
1471523,20.84,23.27,17711.94,797.00
1474523,20.84,23.25,14060.23,799.00
1477523,20.84,23.20,16270.02,798.00
1480523,20.85,23.18,13836.46,797.00
1483523,20.85,23.21,13809.95,799.00
1486523,20.85,23.21,16678.20,799.00
1489523,20.85,23.20,14118.52,797.00
1492523,20.85,23.19,21574.13,796.00
1495523,20.84,23.19,44179.89,798.00
1498523,20.85,23.16,26836.19,799.00
1501523,20.85,23.18,15945.39,796.00
1504523,20.84,23.16,14250.08,795.00
1507523,20.84,23.18,17356.84,799.00
1510523,20.85,23.21,21077.66,800.00
1513523,20.85,23.20,20313.38,798.00
1516523,20.85,23.20,16132.70,798.00
1519523,20.85,23.19,28432.13,799.00
1522523,20.86,23.20,19415.52,797.00
1525523,20.85,23.19,18001.08,799.00
1528523,20.86,23.16,15264.22,799.00
1531523,20.86,23.15,14481.65,797.00
1534523,20.86,23.21,12771.93,800.00
1537523,20.85,23.21,13521.97,799.00
1540523,20.86,23.23,15338.73,812.00
1543523,20.86,23.23,16330.17,798.00
1546523,20.85,23.22,13505.86,800.00
1549523,20.85,23.18,14734.19,800.00
1552523,20.85,23.19,11762.06,799.00
1555523,20.84,23.19,12188.78,798.00
1558523,20.85,23.19,12994.65,798.00
1561523,20.85,23.21,14450.85,801.00
1564523,20.85,23.21,12831.30,798.00
1567523,20.85,23.24,10944.17,790.00
1570523,20.85,23.26,13102.17,800.00
1573523,20.85,23.25,11159.55,800.00
1576523,20.85,23.21,11849.05,800.00
1579523,20.84,23.18,12618.27,801.00
1582523,20.84,23.18,11360.13,799.00
1585523,20.85,23.18,12094.58,801.00
1588523,20.85,23.16,14296.21,800.00
1591523,20.85,23.14,36133.05,804.00
1594523,20.85,23.18,13020.87,790.00
1597523,20.86,23.21,14798.24,799.00
1600523,20.85,23.22,15602.79,799.00
1603523,20.85,23.21,12789.42,798.00
1606523,20.85,23.22,11940.08,799.00
1609523,20.84,23.25,13528.07,798.00
1612523,20.84,23.25,13101.61,800.00
1615523,20.84,23.24,13145.45,798.00
1618523,20.84,23.22,11376.42,801.00
1621523,20.84,23.21,12660.82,801.00
1624523,20.84,23.18,14277.80,815.00
1627523,20.84,23.18,12884.44,800.00
1630523,20.85,23.19,12550.53,801.00
1633523,20.84,23.21,12592.35,801.00
1636523,20.85,23.20,13526.91,808.00
1639523,20.84,23.11,13702.08,800.00
1642523,20.84,23.11,15550.94,802.00
1645523,20.84,23.13,14778.17,801.00
1648523,20.84,23.14,16253.71,801.00
1651523,20.84,23.16,14968.99,802.00
1654523,20.84,23.09,13446.21,800.00
1657523,20.84,23.10,13566.00,801.00
1660523,20.84,23.13,13130.52,802.00
1663523,20.84,23.11,15364.39,800.00
1666523,20.84,23.07,15098.81,799.00
1669523,20.84,23.04,14184.27,802.00
1672523,20.84,22.96,15424.40,804.00
1675523,20.85,22.97,15104.25,801.00
1678523,20.85,23.02,10771.15,800.00
1681523,20.85,23.05,11754.41,802.00
1684523,20.85,23.08,12553.72,803.00
1687523,20.85,23.09,12239.94,803.00
1690523,20.85,23.10,10232.51,803.00
1693523,20.85,23.10,11061.39,804.00
1696523,20.84,23.09,13370.55,804.00
1699523,20.86,23.04,12335.77,803.00
1702523,20.85,23.07,9843.81,793.00
1705523,20.86,23.10,10749.26,817.00
1708523,20.86,23.13,12986.29,803.00
1711523,20.85,23.13,15136.13,803.00
1714523,20.85,23.12,15125.91,803.00
1717523,20.86,23.12,12606.69,804.00
1720523,20.85,23.12,13818.44,801.00
1723523,20.85,23.10,11267.72,802.00
1726523,20.85,23.09,11728.37,802.00
1729523,20.84,23.08,10275.84,802.00
1732523,20.85,23.07,17332.08,804.00
1735523,20.85,23.08,11912.40,804.00
1738523,20.85,23.04,13838.68,805.00
1741523,20.85,23.02,13143.52,803.00
1744523,20.84,23.04,14442.90,803.00
1747523,20.84,23.02,12883.99,804.00
1750523,20.85,23.05,14461.09,806.00
1753523,20.84,23.05,13939.14,804.00
1756523,20.85,23.03,14727.09,804.00
1759523,20.84,22.98,19699.89,803.00
1762523,20.85,23.02,11658.26,804.00
1765523,20.85,23.03,21331.63,806.00
1768523,20.84,23.02,12483.00,807.00
1771523,20.85,23.00,14568.13,806.00
1774523,20.84,22.96,15270.30,806.00
1777523,20.85,22.94,16240.49,806.00
1780523,20.85,22.93,11799.64,807.00
1783523,20.85,22.91,13401.47,805.00
1786523,20.85,22.94,12188.72,833.00
1789523,20.85,22.98,13659.24,807.00
1792523,20.85,23.02,11942.34,808.00
1795523,20.85,23.05,10781.64,805.00
1798523,20.85,23.04,11585.11,806.00
1801523,20.84,23.04,12844.89,805.00
1804523,20.85,23.00,10745.83,805.00
1807523,20.85,22.97,12960.51,805.00
1810523,20.85,22.96,12792.66,807.00
1813523,20.85,22.97,11473.12,808.00
1816523,20.85,23.00,12265.45,808.00
1819523,20.86,22.97,11824.36,807.00
1822523,20.86,22.97,12985.51,807.00
1825523,20.86,22.99,11836.43,807.00
1828523,20.86,23.01,12437.07,806.00
1831523,20.85,23.03,14484.06,809.00
1834523,20.85,23.03,12788.00,810.00
1837523,20.85,23.04,11913.52,810.00
1840523,20.85,22.99,12082.92,808.00
1843523,20.85,22.99,11775.93,807.00
1846523,20.85,23.00,11273.88,806.00
1849523,20.85,23.02,15355.12,804.00
1852523,20.84,23.05,13054.54,807.00
1855523,20.84,23.04,12874.06,806.00
1858523,20.84,23.02,10994.58,807.00
1861523,20.84,23.02,13518.25,806.00
1864523,20.84,23.00,12989.23,807.00
1867523,20.84,23.02,11878.89,806.00
1870523,20.84,23.03,14315.95,796.00
1873523,20.84,23.04,11453.32,809.00
1876523,20.83,23.03,13912.65,807.00
1879523,20.83,23.02,11554.11,806.00
1882523,20.83,22.96,16948.86,806.00
1885523,20.83,22.98,15646.23,808.00
1888523,20.83,22.97,12620.54,807.00
1891523,20.83,22.96,12781.84,808.00
1894523,20.83,22.97,10878.60,807.00
1897523,20.83,22.97,13344.05,823.00
1900523,20.83,23.00,39528.17,807.00
1903523,20.84,23.04,11158.37,824.00
1906523,20.84,23.05,12728.88,806.00
1909523,20.84,23.03,11515.49,806.00
1912523,20.84,23.03,11244.56,808.00
1915523,20.84,23.03,9306.67,810.00
1918523,20.83,23.03,12396.26,810.00
1921523,20.84,23.03,10513.72,808.00
1924523,20.83,23.02,10798.33,808.00
1927523,20.84,23.02,10409.87,806.00
1930523,20.83,23.04,11966.00,805.00
1933523,20.83,23.05,9095.73,809.00
1936523,20.83,23.05,13578.83,808.00
1939523,20.83,23.07,13616.83,809.00
1942523,20.82,23.09,11455.17,809.00
1945523,20.82,23.10,11982.91,809.00
1948523,20.83,23.09,9529.66,810.00
1951523,20.82,23.10,11461.47,810.00
1954523,20.82,23.11,12029.46,812.00
1957523,20.82,23.11,11902.60,808.00
1960523,20.83,23.08,13130.04,810.00
1963523,20.82,23.04,17626.39,810.00
1966523,20.82,23.03,12458.80,809.00
1969523,20.83,23.03,12547.30,812.00
1972523,20.83,23.03,11399.21,811.00
1975523,20.82,23.05,11955.82,812.00
1978523,20.83,23.03,12341.15,810.00
1981523,20.82,23.04,12316.93,808.00
1984523,20.83,23.05,14210.41,808.00
1987523,20.83,23.05,12721.06,808.00
1990523,20.83,23.03,12670.62,809.00
1993523,20.84,22.99,12600.94,809.00
1996523,20.84,23.00,14806.74,810.00
1999523,20.84,23.03,13759.36,817.00
2002523,20.85,23.00,12771.16,811.00
2005523,20.85,22.97,11020.33,810.00
2008523,20.85,22.96,10884.94,811.00
2011523,20.85,22.99,14593.33,812.00
2014523,20.85,23.02,9965.78,811.00
2017523,20.85,23.02,11845.33,814.00
2020523,20.84,23.02,16551.19,815.00
2023523,20.84,23.00,12773.73,811.00
2026523,20.84,22.98,10444.39,812.00
2029523,20.84,22.93,16862.77,812.00
2032523,20.84,22.92,15291.40,813.00
2035523,20.84,22.92,12461.00,812.00
2038523,20.84,22.92,15659.38,812.00
2041523,20.83,22.96,12237.50,812.00
2044523,20.84,22.97,12247.00,814.00
2047523,20.84,22.99,15567.99,814.00
2050523,20.84,23.00,12734.84,830.00
2053523,20.84,22.99,16358.76,814.00
2056523,20.84,22.98,13505.97,814.00
2059523,20.84,22.97,11261.41,815.00
2062523,20.84,22.98,13565.44,814.00
2065523,20.84,22.99,15370.98,813.00
2068523,20.84,23.03,22369.25,807.00
2071523,20.84,23.08,14967.25,815.00
2074523,20.84,23.08,13520.96,814.00
2077523,20.84,23.10,13860.50,812.00
2080523,20.84,23.11,16290.06,813.00
2083523,20.85,23.13,15104.97,812.00
2086523,20.85,23.14,20868.58,813.00
2089523,20.85,23.10,22075.61,812.00
2092523,20.85,23.07,20673.29,814.00
2095523,20.85,23.00,21727.30,816.00
2098523,20.85,23.00,16316.96,813.00
2101523,20.86,23.02,19426.63,815.00
2104523,20.86,23.04,19207.94,816.00
2107523,20.86,23.05,19887.78,816.00
2110523,20.86,23.02,27570.01,815.00
2113523,20.86,22.96,25751.37,814.00
2116523,20.87,23.01,21264.96,815.00
2119523,20.87,23.02,21324.73,816.00
2122523,20.86,23.04,16643.81,813.00
2125523,20.86,23.07,16005.04,814.00
2128523,20.86,23.12,22095.64,814.00
2131523,20.86,23.17,17861.72,814.00
2134523,20.86,23.20,18226.05,814.00
2137523,20.86,23.21,21757.58,813.00
2140523,20.86,23.24,30427.75,814.00
2143523,20.86,23.26,26634.10,814.00
2146523,20.87,23.30,23526.29,820.00
2149523,20.87,23.32,32068.74,815.00
2152523,20.87,23.31,19307.31,814.00
2155523,20.87,23.31,31961.62,813.00
2158523,20.88,23.32,22766.98,817.00
2161523,20.87,23.33,30135.15,815.00
2164523,20.88,23.24,21101.49,816.00
2167523,20.88,23.18,22561.61,816.00
2170523,20.89,23.12,18850.70,814.00
2173523,20.89,23.12,17660.48,816.00
2176523,20.89,23.14,14503.97,817.00
2179523,20.90,23.19,17715.23,816.00
2182523,20.90,23.23,18093.30,816.00
2185523,20.90,23.26,22069.26,817.00
2188523,20.90,23.31,12031.90,819.00
2191523,20.90,23.30,20508.36,816.00
2194523,20.90,23.28,15408.86,814.00
2197523,20.90,23.29,18200.32,818.00
2200523,20.90,23.31,25343.38,816.00
2203523,20.90,23.34,20613.40,815.00
2206523,20.90,23.36,16331.22,818.00
2209523,20.90,23.37,20622.30,817.00
2212523,20.90,23.40,22735.55,816.00
2215523,20.90,23.41,13964.51,815.00
2218523,20.90,23.42,17635.37,817.00
2221523,20.90,23.45,13736.08,815.00
2224523,20.90,23.45,18677.91,806.00
2227523,20.89,23.46,23513.26,815.00
2230523,20.89,23.45,22476.10,817.00
2233523,20.89,23.42,22109.42,819.00
2236523,20.90,23.41,16792.83,818.00
2239523,20.90,23.40,15367.82,817.00
2242523,20.90,23.37,22024.75,817.00
2245523,20.90,23.36,20302.17,818.00
2248523,20.90,23.37,22515.09,818.00
2251523,20.90,23.40,21199.98,817.00
2254523,20.90,23.41,26290.64,818.00
2257523,20.90,23.41,19813.91,819.00
2260523,20.90,23.42,28035.26,819.00
2263523,20.90,23.42,26963.37,816.00
2266523,20.90,23.40,19274.80,818.00
2269523,20.91,23.35,15909.15,808.00
2272523,20.91,23.28,16776.05,820.00
2275523,20.91,23.24,12810.84,819.00
2278523,20.91,23.23,20157.37,817.00
2281523,20.92,23.25,36240.90,817.00
2284523,20.92,23.23,40476.63,817.00
2287523,20.92,23.18,21183.71,817.00
2290523,20.93,23.16,29022.14,819.00
2293523,20.93,23.16,29826.71,817.00
2296523,20.93,23.19,23683.91,818.00
2299523,20.93,23.24,22478.02,820.00
2302523,20.93,23.30,25541.14,820.00
2305523,20.93,23.33,20395.29,820.00
2308523,20.94,23.33,13779.88,817.00
2311523,20.94,23.35,14947.54,821.00
2314523,20.93,23.38,15142.82,820.00
2317523,20.94,23.38,20443.63,819.00
2320523,20.93,23.40,18076.87,819.00
2323523,20.93,23.39,14348.12,823.00
2326523,20.92,23.36,22890.70,820.00
2329523,20.93,23.35,26648.67,818.00
2332523,20.93,23.31,26759.34,820.00
2335523,20.94,23.33,25107.39,820.00
2338523,20.94,23.32,27543.15,820.00
2341523,20.95,23.29,25075.33,819.00
2344523,20.96,23.29,39134.52,820.00
2347523,20.96,23.32,26384.97,821.00
2350523,20.96,23.34,25254.06,831.00
2353523,20.96,23.38,30127.99,821.00
2356523,20.96,23.40,28116.47,821.00
2359523,20.95,23.41,18648.48,820.00
2362523,20.95,23.41,13802.78,820.00
2365523,20.94,23.41,16758.98,819.00
2368523,20.95,23.41,22960.47,820.00
2371523,20.94,23.41,18405.53,820.00
2374523,20.95,23.36,16490.37,821.00
2377523,20.94,23.33,18284.33,819.00
2380523,20.95,23.34,19916.09,821.00
2383523,20.95,23.35,12210.17,822.00
2386523,20.95,23.33,14506.17,821.00
2389523,20.95,23.33,15057.13,821.00
2392523,20.95,23.35,16774.94,822.00
2395523,20.95,23.36,15800.53,820.00
2398523,20.95,23.34,20173.36,824.00
2401523,20.95,23.34,25078.23,821.00
2404523,20.95,23.34,14200.11,823.00
2407523,20.95,23.33,15944.52,823.00
2410523,20.95,23.25,13830.08,822.00
2413523,20.95,23.14,22168.48,819.00
2416523,20.95,23.13,14718.03,835.00
2419523,20.95,23.12,13469.55,821.00
2422523,20.96,23.10,16126.02,822.00
2425523,20.97,23.11,14549.22,819.00
2428523,20.96,23.13,13914.09,823.00
2431523,20.97,23.18,21941.12,823.00
2434523,20.97,23.21,14418.29,822.00
2437523,20.97,23.22,15215.46,823.00
2440523,20.97,23.19,12800.21,822.00
2443523,20.97,23.20,14611.65,824.00
2446523,20.97,23.21,14463.37,823.00
2449523,20.97,23.22,16189.12,822.00
2452523,20.97,23.22,13876.24,823.00
2455523,20.98,23.21,16022.00,822.00
2458523,20.98,23.21,12954.08,825.00
2461523,20.97,23.24,16081.61,822.00
2464523,20.97,23.24,18901.12,823.00
2467523,20.97,23.24,12254.77,821.00
2470523,20.97,23.22,19408.61,822.00
2473523,20.97,23.22,15294.20,822.00
2476523,20.96,23.23,19659.74,822.00
2479523,20.96,23.24,14971.63,823.00
2482523,20.96,23.23,10645.47,821.00
2485523,20.96,23.25,15350.16,824.00
2488523,20.96,23.28,14171.68,836.00
2491523,20.95,23.27,19737.55,824.00
2494523,20.95,23.28,12487.00,825.00
2497523,20.95,23.30,15264.73,827.00
2500523,20.95,23.36,17996.01,825.00
2503523,20.96,23.38,13414.17,840.00
2506523,20.96,23.34,28421.78,826.00
2509523,20.97,23.29,20545.59,829.00
2512523,20.97,23.30,17015.74,824.00
2515523,20.98,23.33,13089.67,823.00
2518523,20.97,23.35,11198.58,815.00
2521523,20.97,23.38,13923.60,824.00
2524523,20.97,23.40,13975.45,825.00
2527523,20.97,23.40,14036.87,825.00
2530523,20.97,23.33,11696.14,826.00
2533523,20.97,23.28,15000.35,824.00
2536523,20.97,23.28,13564.02,825.00
2539523,20.97,23.29,14044.05,825.00
2542523,20.96,23.27,15513.07,825.00
2545523,20.97,23.28,17861.65,825.00
2548523,20.97,23.30,15549.31,824.00
2551523,20.97,23.34,11017.71,824.00
2554523,20.97,23.34,12930.74,824.00
2557523,20.97,23.37,11536.52,825.00
2560523,20.97,23.37,12275.26,826.00
2563523,20.96,23.35,13182.25,822.00
2566523,20.96,23.34,14350.92,825.00
2569523,20.96,23.34,19023.71,824.00
2572523,20.95,23.34,16481.16,826.00
2575523,20.95,23.34,12456.73,825.00
2578523,20.95,23.32,17341.00,822.00
2581523,20.94,23.32,14126.83,825.00
2584523,20.94,23.29,14821.76,823.00
2587523,20.94,23.32,13909.05,823.00
2590523,20.95,23.29,11324.09,823.00
2593523,20.95,23.27,11492.03,823.00
2596523,20.95,23.18,17784.56,827.00
2599523,20.95,23.16,13116.53,825.00
2602523,20.95,23.21,11007.30,825.00
2605523,20.95,23.22,14723.12,825.00
2608523,20.96,23.23,16047.31,825.00
2611523,20.95,23.24,12096.10,826.00
2614523,20.95,23.22,16949.49,824.00
2617523,20.95,23.21,14018.62,826.00
2620523,20.96,23.19,14138.11,828.00
2623523,20.96,23.17,11596.35,826.00
2626523,20.95,23.16,15921.15,825.00
2629523,20.95,23.16,13680.96,825.00
2632523,20.95,23.16,17702.05,825.00
2635523,20.95,23.13,27908.60,823.00
2638523,20.94,23.16,15618.91,823.00
2641523,20.94,23.18,24968.09,824.00
2644523,20.94,23.18,25652.22,826.00
2647523,20.94,23.17,14713.93,826.00
2650523,20.94,23.11,17385.91,827.00
2653523,20.94,23.06,13501.53,826.00
2656523,20.94,23.08,14920.36,827.00
2659523,20.94,23.12,28188.70,823.00
2662523,20.94,23.14,26063.05,825.00
2665523,20.94,23.14,25512.26,826.00
2668523,20.93,23.12,33355.27,824.00
2671523,20.94,23.09,25306.26,824.00
2674523,20.94,23.05,24113.21,827.00
2677523,20.94,23.07,25012.46,826.00
2680523,20.94,23.11,15127.70,826.00
2683523,20.94,23.11,14694.59,824.00
2686523,20.94,23.11,22432.81,824.00
2689523,20.94,23.12,15477.99,825.00
2692523,20.94,23.11,19498.68,823.00
2695523,20.94,23.11,20671.60,826.00
2698523,20.94,23.12,20632.35,825.00
2701523,20.95,23.12,26854.66,823.00
2704523,20.95,23.13,30593.90,824.00
2707523,20.94,23.11,29510.72,825.00
2710523,20.94,23.10,36079.87,823.00
2713523,20.94,23.11,28562.72,825.00
2716523,20.95,23.05,30552.13,828.00
2719523,20.95,23.00,18377.83,847.00
2722523,20.95,22.97,33894.21,829.00
2725523,20.95,23.02,27286.94,826.00
2728523,20.94,23.05,26311.29,819.00
2731523,20.94,23.03,13264.67,825.00
2734523,20.95,22.99,22999.38,827.00
2737523,20.95,22.99,16590.00,826.00
2740523,20.95,23.01,24654.78,826.00
2743523,20.95,23.06,25756.33,824.00
2746523,20.95,23.10,15759.81,826.00
2749523,20.95,23.05,13709.19,825.00
2752523,20.96,23.04,25843.68,828.00
2755523,20.96,22.99,17060.14,825.00
2758523,20.96,23.01,13157.87,823.00
2761523,20.96,23.05,11199.77,826.00
2764523,20.96,23.06,14989.40,825.00
2767523,20.96,23.06,16000.76,824.00
2770523,20.96,23.07,11520.96,828.00
2773523,20.96,23.04,13755.28,827.00
2776523,20.96,23.01,49632.07,827.00
2779523,20.96,23.04,13349.20,825.00
2782523,20.96,23.07,14915.88,823.00
2785523,20.96,23.06,11703.67,826.00
2788523,20.96,23.05,13495.91,825.00
2791523,20.96,23.05,15560.71,828.00
2794523,20.97,23.04,11543.51,829.00
2797523,20.96,23.04,15315.70,828.00
2800523,20.97,23.02,13019.03,830.00
2803523,20.97,23.00,13878.98,829.00
2806523,20.97,23.00,12950.30,833.00
2809523,20.97,22.97,16979.86,834.00
2812523,20.98,22.96,17229.28,830.00
2815523,20.97,22.95,19294.97,829.00
2818523,20.98,22.96,13534.07,829.00
2821523,20.98,22.96,23165.70,828.00
2824523,20.98,23.02,13454.49,826.00
2827523,20.99,23.00,23458.84,830.00
2830523,20.99,23.00,14553.75,830.00
2833523,20.99,23.01,20368.25,827.00
2836523,20.98,22.99,32114.49,828.00
2839523,20.99,22.99,19897.74,828.00
2842523,20.99,22.93,27810.08,826.00
2845523,20.99,22.94,28594.15,825.00
2848523,20.99,22.98,25931.18,827.00
2851523,20.99,23.00,14668.37,830.00
2854523,20.99,23.01,16643.38,827.00
2857523,20.98,23.01,15700.10,826.00
2860523,20.98,23.05,26233.33,826.00
2863523,20.99,23.00,17504.61,825.00
2866523,20.99,22.98,12289.16,826.00
2869523,20.99,22.96,12597.52,817.00
2872523,20.99,22.95,17834.71,843.00
2875523,20.99,22.95,20883.37,828.00
2878523,20.99,22.94,22583.40,827.00
2881523,20.99,22.95,14973.78,843.00
2884523,20.99,22.96,14661.85,826.00
2887523,20.99,22.95,20320.43,826.00
2890523,20.99,22.96,13565.65,826.00
2893523,20.99,22.98,16560.97,826.00
2896523,20.99,23.00,12429.30,827.00
2899523,20.99,23.03,14462.50,829.00
2902523,21.00,23.05,19935.11,830.00
2905523,21.00,23.03,28180.98,830.00
2908523,21.00,22.95,40868.79,828.00
2911523,20.99,22.95,20875.14,828.00
2914523,20.99,22.99,32675.43,829.00
2917523,20.99,23.01,31972.74,829.00
2920523,20.98,23.04,34206.93,829.00
2923523,20.99,23.04,25965.82,831.00
2926523,20.99,23.04,43273.59,831.00
2929523,20.99,23.01,35241.25,831.00
2932523,20.99,22.98,24246.25,829.00
2935523,20.99,22.98,23829.84,828.00
2938523,20.98,22.98,30516.54,832.00
2941523,20.98,22.99,21726.87,830.00
2944523,20.98,22.96,23004.81,831.00
2947523,20.98,22.98,21012.86,830.00
2950523,20.98,22.99,18918.04,829.00
2953523,20.98,23.01,18689.69,832.00
2956523,20.99,23.02,18503.15,829.00
2959523,20.98,23.05,17842.50,831.00
2962523,20.98,23.05,21186.40,832.00
2965523,20.98,23.05,27606.29,830.00
2968523,20.97,23.00,25176.26,830.00
2971523,20.98,23.02,29068.12,832.00
2974523,20.98,23.06,24861.91,834.00
2977523,20.98,23.07,37696.09,833.00
2980523,20.98,23.07,34830.51,833.00
2983523,20.97,23.07,19952.72,831.00
2986523,20.98,23.04,22748.98,830.00
2989523,20.98,23.00,21684.69,830.00
2992523,20.99,22.98,15872.91,831.00
2995523,20.98,22.96,14843.33,834.00
2998523,20.98,22.95,14394.98,835.00
3001523,20.99,22.96,15856.48,833.00
3004523,20.99,22.98,13888.12,832.00
3007523,20.99,23.01,26238.71,835.00
3010523,20.98,23.01,26871.48,831.00
3013523,20.99,23.00,13686.17,834.00
3016523,20.98,23.02,15906.84,833.00
3019523,20.99,23.01,19060.33,833.00
3022523,21.00,23.01,14161.78,834.00
3025523,20.99,23.02,24616.33,834.00
3028523,20.99,22.98,22218.48,835.00
3031523,20.99,22.98,32714.97,832.00
3034523,20.99,22.98,20398.67,835.00
3037523,20.98,22.96,49984.23,836.00
3040523,20.98,23.00,18777.59,836.00
3043523,20.97,23.02,30198.53,832.00
3046523,20.98,23.04,30656.21,833.00
3049523,20.97,23.06,21385.11,836.00
3052523,20.98,23.04,15697.99,834.00
3055523,20.97,23.02,26188.60,835.00
3058523,20.96,23.02,25353.36,838.00
3061523,20.96,23.06,14163.23,838.00
3064523,20.96,23.07,22353.54,837.00
3067523,20.96,23.10,19544.27,835.00
3070523,20.97,23.10,20484.32,838.00
3073523,20.97,23.06,21183.32,836.00
3076523,20.97,23.05,35148.18,835.00
3079523,20.97,23.07,24230.39,835.00
3082523,20.97,23.11,16925.51,837.00
3085523,20.96,23.08,16101.04,837.00
3088523,20.97,23.07,15190.88,834.00
3091523,20.96,23.07,24894.14,835.00
3094523,20.97,23.08,23139.46,838.00
3097523,20.96,23.08,15618.25,836.00
3100523,20.96,23.07,22466.43,835.00
3103523,20.96,23.07,20393.22,834.00
3106523,20.97,23.06,26033.70,835.00
3109523,20.97,23.06,22688.40,836.00
3112523,20.97,23.02,25734.70,837.00
3115523,20.97,23.04,25037.55,837.00
3118523,20.97,23.04,18920.82,837.00
3121523,20.97,23.04,23668.31,838.00
3124523,20.97,22.97,33920.13,836.00
3127523,20.97,22.96,19543.64,836.00
3130523,20.98,22.95,22452.04,836.00
3133523,20.98,22.99,21725.43,836.00
3136523,20.98,23.01,34246.04,836.00
3139523,20.98,23.04,20934.01,838.00
3142523,20.98,23.05,30369.40,839.00
3145523,20.98,23.06,35488.33,837.00
3148523,20.97,23.06,32162.35,838.00
3151523,20.97,23.05,28623.62,839.00
3154523,20.97,23.01,19416.99,838.00
3157523,20.97,23.05,35496.23,839.00
3160523,20.98,23.06,15140.55,838.00
3163523,20.98,23.08,18364.93,836.00
3166523,20.97,23.08,23089.46,839.00
3169523,20.97,23.06,24811.19,838.00
3172523,20.97,23.08,19503.94,840.00
3175523,20.97,23.10,37019.77,840.00
3178523,20.96,23.12,25590.58,839.00
3181523,20.96,23.13,12606.30,840.00
3184523,20.96,23.15,20319.26,835.00
3187523,20.96,23.13,19391.54,838.00
3190523,20.96,23.12,19046.75,839.00
3193523,20.96,23.07,26388.58,836.00
3196523,20.96,23.01,32825.41,838.00
3199523,20.96,23.04,22181.56,837.00
3202523,20.97,23.10,23591.53,837.00
3205523,20.98,23.16,16565.60,839.00
3208523,20.97,23.18,14697.93,839.00
3211523,20.98,23.21,12852.11,839.00
3214523,20.98,23.20,18700.78,836.00
3217523,20.98,23.17,14015.46,837.00
3220523,20.99,23.16,17809.27,837.00
3223523,20.98,23.12,33999.62,839.00
3226523,20.98,23.15,21180.16,838.00
3229523,20.98,23.15,22290.45,838.00
3232523,20.98,23.15,17852.07,840.00
3235523,20.98,23.16,26990.91,836.00
3238523,20.97,23.16,41226.23,836.00
3241523,20.98,23.16,22706.63,840.00
3244523,20.98,23.07,25202.06,837.00
3247523,20.98,23.06,16170.38,839.00
3250523,20.98,23.05,20643.11,837.00
3253523,20.99,23.09,18706.01,836.00
3256523,20.99,23.10,19021.83,840.00
3259523,20.99,23.12,15605.17,838.00
3262523,20.98,23.16,21915.89,838.00
3265523,20.98,23.13,22728.76,838.00
3268523,20.98,23.13,16721.21,836.00
3271523,20.98,23.15,19970.92,838.00
3274523,20.98,23.16,29837.92,837.00
3277523,20.98,23.15,22559.89,836.00
3280523,20.99,23.15,21880.73,836.00
3283523,20.98,23.13,26408.91,837.00
3286523,20.98,23.10,22610.02,835.00
3289523,20.99,23.10,22828.44,825.00
3292523,20.98,23.08,22294.45,835.00
3295523,20.98,23.10,19005.22,835.00
3298523,20.98,23.12,30930.39,838.00
3301523,20.97,23.15,35078.05,837.00
3304523,20.97,23.16,43101.91,840.00
3307523,20.96,23.16,41783.08,837.00
3310523,20.97,23.12,39207.50,836.00
3313523,20.97,23.07,38035.36,839.00
3316523,20.96,23.11,35368.96,837.00
3319523,20.97,23.15,38247.61,839.00
3322523,20.96,23.18,28755.71,837.00
3325523,20.96,23.19,23960.58,841.00
3328523,20.96,23.19,17778.67,843.00
3331523,20.96,23.22,30173.05,838.00
3334523,20.96,23.23,29017.94,838.00
3337523,20.96,23.23,20860.47,840.00
3340523,20.96,23.21,16428.68,838.00
3343523,20.95,23.22,15131.52,839.00
3346523,20.95,23.23,16448.97,837.00
3349523,20.95,23.23,41775.41,840.00
3352523,20.95,23.24,20716.68,842.00
3355523,20.96,23.24,35091.59,829.00
3358523,20.96,23.24,17327.44,842.00
3361523,20.96,23.22,21346.56,845.00
3364523,20.96,23.23,13805.01,840.00
3367523,20.96,23.21,15432.22,843.00
3370523,20.96,23.18,13800.80,841.00
3373523,20.97,23.18,19175.99,839.00
3376523,20.97,23.19,31955.81,840.00
3379523,20.97,23.18,24454.91,840.00
3382523,20.97,23.17,15484.62,840.00
3385523,20.97,23.18,19149.71,838.00
3388523,20.97,23.19,30106.14,843.00
3391523,20.97,23.22,17478.81,842.00
3394523,20.97,23.21,16613.63,840.00
3397523,20.96,23.23,16393.42,830.00
3400523,20.97,23.24,17143.41,841.00
3403523,20.96,23.21,21379.91,842.00
3406523,20.96,23.21,20866.78,841.00
3409523,20.96,23.23,34015.69,842.00
3412523,20.96,23.23,15310.84,841.00
3415523,20.96,23.21,22634.89,857.00
3418523,20.96,23.14,15572.43,843.00
3421523,20.95,23.14,13672.49,841.00
3424523,20.96,23.14,13653.48,841.00
3427523,20.96,23.13,21135.77,845.00
3430523,20.95,23.14,22161.75,843.00
3433523,20.96,23.16,11810.39,844.00
3436523,20.96,23.16,14126.46,845.00
3439523,20.96,23.14,23781.40,844.00
3442523,20.95,23.17,13800.51,855.00
3445523,20.95,23.18,13255.48,842.00
3448523,20.95,23.19,21269.61,844.00
3451523,20.95,23.19,16098.64,843.00
3454523,20.94,23.21,26997.40,841.00
3457523,20.94,23.19,18604.80,843.00
3460523,20.94,23.19,11594.07,844.00
3463523,20.95,23.17,21368.35,844.00
3466523,20.94,23.18,21868.64,844.00
3469523,20.95,23.17,17785.37,844.00
3472523,20.95,23.14,28394.84,843.00
3475523,20.95,23.14,16573.40,843.00
3478523,20.95,23.14,13664.47,843.00
3481523,20.95,23.16,16685.54,846.00
3484523,20.95,23.12,16111.92,845.00
3487523,20.95,23.11,13265.77,845.00
3490523,20.95,23.12,15845.42,843.00
3493523,20.95,23.11,14307.05,862.00
3496523,20.95,23.12,23466.98,845.00
3499523,20.95,23.13,19809.27,844.00
3502523,20.95,23.12,23275.72,847.00
3505523,20.95,23.07,17735.96,847.00
3508523,20.95,23.06,23083.28,845.00
3511523,20.95,23.06,18771.03,845.00
3514523,20.95,23.08,19168.33,846.00
3517523,20.95,23.11,20004.79,844.00
3520523,20.95,23.10,23690.90,845.00
3523523,20.95,23.08,21142.20,844.00
3526523,20.95,23.05,18993.46,844.00
3529523,20.95,23.04,18427.98,845.00
3532523,20.96,23.02,16378.12,847.00
3535523,20.96,23.02,14453.98,846.00
3538523,20.96,23.04,12085.69,844.00
3541523,20.96,23.04,18277.60,846.00
3544523,20.95,23.02,17389.23,846.00
3547523,20.96,23.04,19871.79,849.00
3550523,20.96,23.06,23594.74,845.00
3553523,20.96,23.06,25825.80,847.00
3556523,20.96,23.07,18967.06,846.00
3559523,20.95,23.08,14289.60,846.00
3562523,20.96,23.11,25737.11,845.00
3565523,20.96,23.13,18386.36,845.00
3568523,20.96,23.13,20419.24,847.00
3571523,20.95,23.13,22465.29,846.00
3574523,20.95,23.11,25012.92,848.00
3577523,20.95,23.11,27000.76,850.00
3580523,20.95,23.11,27848.56,848.00
3583523,20.95,23.10,22633.30,847.00
3586523,20.96,23.05,14962.72,847.00
3589523,20.96,23.07,20107.45,847.00
3592523,20.96,23.07,17203.46,860.00
3595523,20.96,23.06,17287.45,846.00
3598523,20.96,23.02,19652.15,849.00
3601523,20.96,23.00,16762.09,849.00
3604523,20.97,23.05,21590.61,849.00
3607523,20.96,23.08,17165.80,849.00
3610523,20.96,23.05,11469.79,849.00
3613523,20.96,23.07,32448.34,849.00
3616523,20.96,23.07,17006.37,849.00
3619523,20.97,23.08,18508.91,849.00
3622523,20.96,23.10,14604.67,849.00
3625523,20.96,23.07,16837.03,847.00
3628523,20.96,23.07,17076.76,848.00
3631523,20.97,23.05,14108.38,847.00
3634523,20.96,23.04,24886.58,847.00
3637523,20.97,22.97,14445.03,846.00
3640523,20.96,23.00,13894.61,849.00
3643523,20.97,23.04,14556.92,849.00
3646523,20.96,23.06,12808.65,847.00
3649523,20.96,23.08,20466.34,847.00
3652523,20.96,23.05,26737.80,847.00
3655523,20.97,23.04,41636.02,847.00
3658523,20.97,23.04,37454.63,839.00
3661523,20.97,23.04,32566.73,848.00
3664523,20.97,23.07,22275.77,849.00
3667523,20.97,23.08,14738.78,849.00
3670523,20.97,23.08,16969.84,847.00
3673523,20.96,23.07,19924.67,850.00
3676523,20.97,23.07,16359.82,850.00
3679523,20.97,23.08,25388.46,851.00
3682523,20.97,23.05,20433.41,850.00
3685523,20.97,23.02,23317.61,856.00
3688523,20.97,23.02,11957.61,848.00
3691523,20.97,23.04,31834.54,851.00
3694523,20.97,23.05,18381.95,850.00
3697523,20.97,23.06,22896.73,848.00
3700523,20.97,23.08,12287.70,849.00
3703523,20.97,23.08,21411.15,849.00
3706523,20.97,23.10,19472.77,851.00
3709523,20.97,23.11,34676.40,850.00
3712523,20.97,23.12,22600.59,865.00
3715523,20.96,23.12,17717.62,850.00
3718523,20.96,23.13,17906.79,850.00
3721523,20.97,23.13,33498.04,850.00
3724523,20.96,23.15,19848.94,861.00
3727523,20.96,23.15,14331.85,873.00
3730523,20.95,23.14,18046.88,851.00
3733523,20.96,23.16,13823.50,851.00
3736523,20.95,23.14,12844.69,851.00
3739523,20.95,23.16,11215.25,850.00
3742523,20.96,23.14,18262.17,852.00
3745523,20.95,23.16,30579.15,852.00
3748523,20.95,23.16,24461.21,850.00
3751523,20.95,23.17,17979.23,849.00
3754523,20.95,23.16,46673.29,849.00
3757523,20.95,23.16,29981.32,849.00
3760523,20.94,23.17,19029.34,851.00
3763523,20.94,23.16,12064.46,851.00
3766523,20.94,23.16,20542.52,852.00
3769523,20.94,23.16,13503.59,852.00
3772523,20.94,23.16,20206.66,851.00
3775523,20.94,23.14,13917.46,851.00
3778523,20.94,23.13,17672.72,852.00
3781523,20.94,23.12,21150.90,855.00
3784523,20.94,23.13,17171.21,851.00
3787523,20.94,23.12,25013.94,850.00
3790523,20.94,23.11,21327.74,850.00
3793523,20.94,23.08,26504.43,852.00
3796523,20.94,23.07,27569.54,851.00
3799523,20.94,23.07,21725.51,853.00
3802523,20.94,23.08,40814.72,853.00
3805523,20.94,23.08,24209.85,853.00
3808523,20.95,23.07,19165.93,866.00
3811523,20.95,23.02,15235.82,853.00
3814523,20.95,23.02,14863.55,852.00
3817523,20.95,23.04,16234.86,854.00
3820523,20.95,23.02,21218.03,852.00
3823523,20.95,23.04,17569.88,852.00
3826523,20.95,23.02,12998.93,852.00
3829523,20.96,23.04,11557.98,853.00
3832523,20.96,23.06,20272.02,852.00
3835523,20.95,23.06,21240.16,852.00
3838523,20.95,23.05,17249.72,853.00
3841523,20.94,23.07,17064.47,850.00
3844523,20.94,23.01,15884.58,867.00
3847523,20.95,22.94,19960.19,853.00
3850523,20.96,22.92,24808.15,854.00
3853523,20.95,22.96,28262.37,853.00
3856523,20.96,22.99,26869.52,853.00
3859523,20.96,23.02,28650.52,856.00
3862523,20.96,23.05,24829.91,853.00
3865523,20.96,23.04,18071.92,853.00
3868523,20.96,23.01,32295.68,854.00
3871523,20.96,23.01,19470.13,852.00
3874523,20.97,23.01,26603.10,852.00
3877523,20.96,23.01,25777.63,853.00
3880523,20.97,23.02,25355.76,853.00
3883523,20.97,23.02,26102.11,856.00
3886523,20.96,23.04,38826.56,856.00
3889523,20.96,23.04,15094.93,853.00
3892523,20.96,23.04,26842.88,855.00
3895523,20.96,23.05,26063.11,854.00
3898523,20.96,23.02,25761.96,855.00
3901523,20.96,23.02,27561.18,854.00
3904523,20.96,23.07,17897.17,853.00
3907523,20.96,23.06,22888.27,853.00
3910523,20.95,23.04,15259.44,854.00
3913523,20.95,22.96,17552.01,857.00
3916523,20.96,22.97,23376.73,854.00
3919523,20.96,23.01,25119.09,854.00
3922523,20.96,23.02,26434.50,855.00
3925523,20.96,23.04,18727.93,854.00
3928523,20.96,23.01,16036.97,854.00
3931523,20.96,22.96,30598.84,855.00
3934523,20.96,22.97,20975.96,857.00
3937523,20.97,22.99,22924.52,854.00
3940523,20.96,23.00,21715.16,854.00
3943523,20.96,22.99,18056.02,857.00
3946523,20.96,22.96,20047.95,855.00
3949523,20.96,22.97,15161.78,857.00
3952523,20.96,22.96,23161.21,855.00
3955523,20.96,22.94,30912.00,853.00
3958523,20.97,22.93,33612.73,857.00
3961523,20.97,22.95,22854.49,847.00
3964523,20.98,22.95,26041.05,858.00
3967523,20.98,22.95,22019.15,856.00
3970523,20.98,22.98,27641.87,855.00
3973523,20.97,22.95,22342.50,856.00
3976523,20.98,22.90,17115.35,857.00
3979523,20.97,22.91,30259.18,858.00
3982523,20.98,22.91,15313.24,859.00
3985523,20.98,22.91,30386.49,858.00
3988523,20.98,22.93,24812.07,869.00
3991523,20.98,22.94,22887.88,858.00
3994523,20.97,22.94,20941.72,858.00
3997523,20.97,22.95,19246.56,858.00
4000523,20.97,22.93,28983.02,856.00
4003523,20.97,22.90,26537.74,857.00
4006523,20.97,22.89,23079.23,858.00
4009523,20.96,22.88,19918.11,858.00
4012523,20.97,22.87,24678.90,858.00
4015523,20.97,22.83,12580.53,859.00
4018523,20.97,22.83,24016.38,858.00
4021523,20.97,22.82,21821.38,856.00
4024523,20.97,22.82,15288.80,858.00
4027523,20.97,22.79,18151.46,859.00
4030523,20.97,22.78,20751.75,857.00
4033523,20.97,22.80,26304.13,857.00
4036523,20.97,22.80,25304.42,859.00
4039523,20.97,22.80,15374.87,859.00
4042523,20.97,22.80,25251.49,858.00
4045523,20.97,22.83,15364.41,859.00
4048523,20.98,22.84,16388.78,859.00
4051523,20.98,22.85,13772.54,859.00
4054523,20.97,22.84,13985.04,859.00
4057523,20.98,22.87,26810.55,862.00
4060523,20.97,22.83,16613.39,859.00
4063523,20.98,22.84,16625.55,858.00
4066523,20.98,22.83,18569.34,858.00
4069523,20.98,22.85,21858.16,858.00
4072523,20.98,22.88,18625.12,860.00
4075523,20.98,22.87,12511.21,860.00
4078523,20.98,22.82,15369.05,857.00
4081523,20.98,22.82,15478.95,860.00
4084523,20.98,22.82,22124.46,859.00
4087523,20.98,22.85,17968.13,861.00
4090523,20.98,22.85,27575.76,860.00
4093523,20.98,22.84,23021.21,858.00
4096523,20.98,22.84,15710.82,859.00
4099523,20.98,22.84,15263.70,861.00
4102523,20.98,22.83,22384.79,860.00
4105523,20.98,22.83,18652.46,858.00
4108523,20.97,22.84,20624.63,860.00
4111523,20.97,22.83,22741.50,861.00
4114523,20.97,22.83,23783.02,858.00
4117523,20.97,22.85,18642.71,858.00
4120523,20.96,22.85,19602.66,859.00
4123523,20.96,22.75,19111.64,860.00
4126523,20.96,22.75,24019.51,860.00
4129523,20.97,22.79,24787.68,861.00
4132523,20.96,22.82,23822.81,861.00
4135523,20.97,22.79,27694.20,860.00
4138523,20.97,22.73,19221.99,859.00
4141523,20.97,22.78,22096.15,859.00
4144523,20.97,22.82,34672.77,860.00
4147523,20.96,22.82,36639.36,862.00
4150523,20.97,22.83,19329.51,860.00
4153523,20.97,22.83,23079.27,862.00
4156523,20.96,22.78,22814.55,861.00
4159523,20.97,22.77,24730.39,861.00
4162523,20.96,22.78,15948.22,862.00
4165523,20.96,22.78,11968.33,861.00
4168523,20.97,22.75,19176.31,862.00
4171523,20.97,22.69,19771.09,863.00
4174523,20.97,22.67,18455.52,863.00
4177523,20.97,22.67,18066.67,858.00
4180523,20.97,22.66,18521.57,861.00
4183523,20.97,22.68,20222.38,862.00
4186523,20.97,22.72,15318.13,863.00
4189523,20.97,22.72,19911.34,862.00
4192523,20.97,22.73,14242.05,861.00
4195523,20.97,22.72,17725.84,863.00
4198523,20.97,22.73,13138.20,862.00
4201523,20.97,22.72,16878.45,863.00
4204523,20.96,22.67,12798.74,861.00
4207523,20.96,22.62,17523.55,864.00
4210523,20.97,22.61,14187.98,862.00
4213523,20.97,22.62,16660.01,861.00
4216523,20.97,22.66,16626.87,865.00
4219523,20.97,22.68,21144.85,863.00
4222523,20.97,22.69,12676.13,861.00
4225523,20.97,22.71,12922.94,865.00
4228523,20.97,22.68,12633.99,864.00
4231523,20.97,22.69,13791.18,860.00
4234523,20.97,22.71,16986.63,863.00
4237523,20.97,22.71,12444.04,864.00
4240523,20.97,22.72,16180.28,863.00
4243523,20.97,22.72,20680.59,864.00
4246523,20.97,22.68,15247.62,864.00
4249523,20.97,22.67,15094.72,864.00
4252523,20.97,22.67,22125.02,854.00
4255523,20.97,22.67,23385.86,864.00
4258523,20.97,22.63,25610.90,866.00
4261523,20.97,22.62,29611.30,867.00
4264523,20.97,22.61,26211.94,854.00
4267523,20.97,22.61,24201.23,865.00
4270523,20.97,22.63,20147.79,866.00
4273523,20.97,22.65,22890.11,865.00
4276523,20.97,22.63,35520.64,864.00
4279523,20.96,22.60,33723.62,868.00
4282523,20.97,22.57,30503.06,866.00
4285523,20.97,22.57,36758.02,865.00
4288523,20.97,22.56,29421.21,865.00
4291523,20.97,22.56,42492.82,865.00
4294523,20.97,22.58,36291.28,865.00
4297523,20.98,22.52,26225.91,863.00
4300523,20.98,22.56,17932.73,867.00
4303523,20.98,22.57,13709.53,866.00
4306523,20.98,22.61,32166.16,865.00
4309523,20.98,22.62,23242.66,866.00
4312523,20.97,22.65,17059.21,867.00
4315523,20.97,22.65,17596.84,866.00
4318523,20.97,22.58,29436.85,865.00
4321523,20.97,22.60,13207.58,865.00
4324523,20.97,22.60,18130.46,865.00
4327523,20.98,22.58,17623.62,863.00
4330523,20.98,22.60,12781.12,868.00
4333523,20.98,22.63,20436.94,867.00
4336523,20.98,22.65,20314.22,867.00
4339523,20.97,22.62,17309.49,869.00
4342523,20.98,22.63,18448.84,868.00
4345523,20.97,22.66,19652.30,870.00
4348523,20.97,22.68,39117.19,879.00
4351523,20.97,22.60,16879.69,869.00
4354523,20.98,22.57,27564.76,867.00
4357523,20.98,22.57,41513.39,869.00
4360523,20.98,22.57,21389.41,871.00
4363523,20.98,22.61,27328.36,868.00
4366523,20.98,22.62,30121.69,866.00
4369523,20.98,22.63,16473.98,868.00
4372523,20.98,22.62,26014.37,870.00
4375523,20.99,22.61,18091.74,869.00
4378523,20.99,22.62,19837.07,883.00
4381523,20.98,22.63,31697.57,869.00
4384523,20.99,22.62,15818.93,871.00
4387523,20.99,22.63,22523.28,872.00
4390523,20.99,22.65,37520.25,869.00
4393523,20.98,22.65,25889.48,870.00
4396523,20.99,22.68,21597.76,869.00
4399523,20.98,22.68,31267.96,871.00
4402523,20.98,22.66,41792.65,869.00
4405523,20.98,22.65,30341.66,868.00
4408523,20.98,22.67,28341.44,868.00
4411523,20.98,22.68,14941.23,870.00
4414523,20.98,22.68,36696.16,869.00
4417523,20.98,22.68,16052.56,869.00
4420523,20.99,22.68,37770.89,867.00
4423523,20.99,22.68,26490.75,870.00
4426523,20.98,22.68,24136.58,869.00
4429523,20.99,22.68,16770.24,867.00
4432523,20.99,22.67,13882.13,870.00
4435523,20.99,22.67,17721.25,869.00
4438523,20.99,22.65,19148.56,870.00
4441523,20.99,22.65,27745.21,870.00
4444523,20.99,22.65,27865.37,870.00
4447523,20.98,22.67,18068.87,870.00
4450523,20.98,22.70,17501.61,872.00
4453523,20.99,22.70,30241.73,871.00
4456523,20.98,22.71,27132.13,858.00
4459523,20.98,22.71,39307.95,870.00
4462523,20.98,22.71,36454.31,871.00
4465523,20.97,22.72,46244.94,861.00
4468523,20.97,22.73,31745.31,869.00
4471523,20.97,22.72,31289.19,871.00
4474523,20.97,22.69,32260.95,875.00
4477523,20.98,22.68,32678.85,869.00
4480523,20.98,22.69,29819.87,871.00
4483523,20.98,22.71,29159.13,872.00
4486523,20.98,22.74,27339.19,870.00
4489523,20.99,22.77,29614.58,869.00
4492523,20.98,22.79,47308.21,868.00
4495523,20.99,22.79,36983.56,895.00
4498523,21.00,22.73,35424.20,873.00
4501523,21.00,22.74,27087.87,871.00
4504523,20.99,22.76,23957.93,872.00
4507523,20.98,22.77,28060.66,870.00
4510523,20.99,22.76,30450.32,870.00
4513523,20.99,22.73,26753.13,873.00
4516523,20.99,22.73,18634.69,877.00
4519523,21.00,22.74,23009.07,873.00
4522523,20.99,22.78,23152.68,872.00
4525523,21.00,22.77,19742.85,873.00
4528523,21.00,22.76,24647.46,873.00
4531523,21.00,22.76,26755.85,874.00
4534523,21.00,22.79,17657.81,873.00
4537523,21.00,22.82,21418.65,874.00
4540523,20.99,22.83,24330.15,873.00
4543523,20.99,22.83,24732.38,875.00
4546523,20.99,22.85,19472.36,875.00
4549523,20.99,22.87,28860.43,875.00
4552523,20.98,22.87,21794.72,875.00
4555523,20.98,22.88,25872.81,874.00
4558523,20.98,22.88,14845.16,878.00
4561523,20.97,22.89,25590.15,875.00
4564523,20.97,22.89,21903.37,875.00
4567523,20.98,22.83,16195.93,875.00
4570523,20.97,22.84,22590.29,877.00
4573523,20.98,22.88,20834.22,876.00
4576523,20.97,22.88,14573.20,874.00
4579523,20.97,22.84,18552.60,876.00
4582523,20.97,22.83,16134.92,874.00
4585523,20.97,22.78,15334.34,876.00
4588523,20.98,22.78,21823.23,876.00
4591523,20.98,22.77,16654.61,876.00
4594523,20.98,22.76,21360.44,871.00
4597523,20.98,22.78,21450.51,876.00
4600523,20.98,22.79,15251.25,876.00
4603523,20.99,22.79,17621.40,875.00
4606523,20.99,22.76,29755.92,878.00
4609523,20.99,22.78,16661.99,875.00
4612523,20.99,22.79,20294.99,881.00
4615523,21.00,22.78,19320.42,877.00
4618523,21.00,22.79,16336.25,877.00
4621523,20.99,22.81,19113.15,875.00
4624523,21.00,22.82,35084.98,877.00
4627523,20.99,22.83,20741.50,875.00
4630523,20.99,22.84,23650.24,881.00
4633523,20.99,22.84,19651.76,877.00
4636523,20.99,22.84,32024.85,875.00
4639523,20.99,22.80,16590.15,879.00
4642523,20.99,22.78,22538.09,877.00
4645523,20.99,22.79,35659.44,877.00
4648523,20.99,22.81,27386.05,881.00
4651523,20.99,22.82,22074.99,877.00
4654523,20.99,22.81,20508.13,875.00
4657523,20.98,22.82,24013.63,879.00
4660523,20.99,22.82,20681.13,877.00
4663523,20.99,22.83,18181.18,877.00
4666523,20.99,22.80,19223.95,877.00
4669523,20.99,22.79,24739.61,894.00
4672523,20.99,22.76,16826.81,879.00
4675523,20.99,22.78,15931.10,878.00
4678523,21.00,22.81,16523.82,879.00
4681523,21.00,22.78,19358.78,870.00
4684523,21.00,22.81,17499.75,878.00
4687523,21.01,22.82,22376.01,877.00
4690523,21.00,22.85,23790.16,878.00
4693523,21.00,22.87,20001.50,878.00
4696523,21.01,22.87,19378.04,879.00
4699523,21.01,22.86,31156.39,879.00
4702523,21.01,22.86,13521.24,879.00
4705523,21.01,22.87,22373.76,879.00
4708523,21.01,22.88,30994.07,879.00
4711523,21.01,22.88,18457.15,879.00
4714523,21.01,22.90,15404.19,879.00
4717523,21.01,22.92,17714.02,878.00
4720523,21.00,22.90,16460.54,877.00
4723523,21.00,22.89,14815.71,878.00
4726523,21.01,22.84,16325.85,879.00
4729523,21.01,22.82,18108.76,883.00
4732523,21.01,22.83,19414.08,879.00
4735523,21.01,22.85,20370.28,878.00
4738523,21.01,22.87,15485.51,879.00
4741523,21.01,22.86,20235.68,880.00
4744523,21.01,22.88,23020.35,878.00
4747523,21.02,22.88,21499.83,879.00
4750523,21.01,22.89,22540.96,878.00
4753523,21.01,22.88,20571.52,879.00
4756523,21.01,22.89,17454.21,868.00
4759523,21.01,22.88,18528.29,880.00
4762523,21.01,22.88,24105.98,880.00
4765523,21.01,22.88,18887.03,881.00
4768523,21.01,22.84,18593.74,882.00
4771523,21.01,22.84,22315.92,882.00
4774523,21.01,22.84,15860.28,881.00
4777523,21.01,22.82,19923.02,881.00
4780523,21.01,22.82,21256.75,881.00
4783523,21.01,22.83,26970.55,882.00
4786523,21.01,22.83,26500.40,882.00
4789523,21.01,22.84,20620.89,880.00
4792523,21.01,22.86,16174.09,879.00
4795523,21.01,22.83,25808.33,881.00
4798523,21.02,22.82,28016.09,880.00
4801523,21.02,22.79,30138.61,882.00
4804523,21.02,22.77,26345.55,880.00
4807523,21.03,22.78,13333.82,879.00
4810523,21.03,22.75,16326.90,880.00
4813523,21.04,22.76,20845.02,878.00
4816523,21.04,22.77,13708.87,881.00
4819523,21.04,22.79,30844.27,882.00
4822523,21.04,22.83,40400.25,882.00
4825523,21.04,22.81,20703.26,882.00
4828523,21.04,22.79,23345.95,881.00
4831523,21.04,22.78,18980.32,883.00
4834523,21.04,22.80,22537.96,881.00
4837523,21.04,22.82,16361.33,882.00
4840523,21.04,22.83,15289.71,883.00
4843523,21.04,22.81,13577.21,884.00
4846523,21.04,22.75,20270.84,884.00
4849523,21.04,22.69,14333.65,882.00
4852523,21.04,22.65,16308.26,882.00
4855523,21.04,22.65,22112.46,884.00
4858523,21.05,22.70,16632.11,883.00
4861523,21.04,22.72,20419.44,881.00
4864523,21.04,22.75,22548.08,883.00
4867523,21.04,22.78,22945.87,885.00
4870523,21.04,22.78,36618.91,884.00
4873523,21.04,22.79,22043.04,883.00
4876523,21.04,22.78,17148.59,885.00
4879523,21.04,22.78,18854.86,886.00
4882523,21.04,22.78,21666.05,884.00
4885523,21.04,22.77,16495.71,882.00
4888523,21.04,22.76,22019.65,883.00
4891523,21.04,22.71,26811.07,886.00
4894523,21.04,22.64,36978.12,883.00
4897523,21.04,22.59,21870.17,884.00
4900523,21.04,22.58,17576.78,886.00
4903523,21.04,22.59,18160.86,883.00
4906523,21.04,22.59,19481.16,885.00
4909523,21.04,22.61,18465.48,888.00
4912523,21.05,22.62,44384.03,887.00
4915523,21.05,22.64,19093.23,901.00
4918523,21.05,22.66,29552.63,901.00
4921523,21.05,22.69,17919.56,884.00
4924523,21.04,22.69,27346.06,898.00
4927523,21.04,22.70,15972.37,884.00
4930523,21.04,22.69,17408.91,882.00
4933523,21.05,22.66,30401.48,889.00
4936523,21.05,22.67,21622.74,886.00
4939523,21.05,22.66,14279.75,887.00
4942523,21.04,22.65,26154.16,876.00
4945523,21.05,22.67,19561.50,886.00
4948523,21.05,22.70,18969.32,874.00
4951523,21.05,22.72,46537.49,885.00
4954523,21.05,22.71,21005.49,887.00
4957523,21.05,22.69,24297.94,889.00
4960523,21.05,22.67,16432.46,889.00
4963523,21.05,22.69,21377.20,888.00
4966523,21.05,22.71,15368.91,887.00
4969523,21.05,22.73,20365.19,890.00
4972523,21.04,22.77,30059.66,888.00
4975523,21.05,22.77,27893.50,902.00
4978523,21.04,22.80,13722.10,889.00
4981523,21.04,22.81,17115.67,887.00
4984523,21.04,22.79,17641.20,890.00
4987523,21.03,22.79,24457.78,888.00
4990523,21.03,22.75,15220.63,888.00
4993523,21.03,22.75,16667.63,888.00
4996523,21.03,22.75,15327.02,889.00
4999523,21.03,22.75,15252.45,887.00
5002523,21.03,22.73,19745.23,888.00
5005523,21.02,22.68,14361.78,891.00
5008523,21.03,22.69,22104.20,890.00
5011523,21.03,22.69,21681.62,890.00
5014523,21.03,22.71,24252.52,890.00
5017523,21.03,22.73,25766.91,892.00
5020523,21.03,22.73,20828.28,889.00
5023523,21.02,22.73,30225.59,891.00
5026523,21.02,22.76,34009.12,888.00
5029523,21.02,22.77,22038.38,891.00
5032523,21.02,22.78,19637.96,889.00
5035523,21.02,22.77,15419.72,890.00
5038523,21.03,22.76,14649.83,893.00
5041523,21.03,22.75,12409.14,891.00
5044523,21.03,22.72,11916.63,891.00
5047523,21.03,22.73,33325.97,893.00
5050523,21.03,22.75,22976.83,892.00
5053523,21.02,22.72,24782.99,892.00
5056523,21.03,22.72,21034.48,892.00
5059523,21.03,22.71,24177.29,894.00
5062523,21.02,22.71,19892.14,892.00
5065523,21.02,22.70,19681.35,894.00
5068523,21.03,22.70,22641.45,892.00
5071523,21.02,22.68,16871.82,894.00
5074523,21.02,22.67,19663.33,911.00
5077523,21.02,22.68,16823.36,895.00
5080523,21.02,22.70,14982.60,895.00
5083523,21.02,22.72,16683.17,894.00
5086523,21.02,22.70,12886.43,895.00
5089523,21.03,22.72,20429.96,895.00
5092523,21.02,22.72,23040.47,893.00
5095523,21.02,22.71,24030.66,897.00
5098523,21.02,22.73,32129.90,895.00
5101523,21.03,22.71,19913.59,895.00
5104523,21.03,22.70,27089.59,895.00
5107523,21.03,22.69,22544.36,894.00
5110523,21.03,22.69,26354.62,897.00
5113523,21.02,22.67,20389.34,897.00
5116523,21.03,22.69,18482.34,898.00
5119523,21.03,22.69,45731.10,897.00
5122523,21.03,22.67,35737.27,897.00
5125523,21.03,22.69,23096.71,896.00
5128523,21.03,22.69,16953.02,897.00
5131523,21.03,22.67,14805.94,897.00
5134523,21.03,22.67,34227.08,897.00
5137523,21.03,22.67,28902.38,898.00
5140523,21.03,22.70,19368.28,896.00
5143523,21.04,22.72,15661.88,897.00
5146523,21.03,22.72,14630.07,897.00
5149523,21.03,22.72,17287.93,900.00
5152523,21.03,22.72,12997.48,900.00
5155523,21.03,22.71,13247.17,900.00
5158523,21.04,22.70,13702.11,898.00
5161523,21.03,22.72,19113.92,901.00
5164523,21.04,22.72,17675.12,900.00
5167523,21.04,22.73,23424.75,899.00
5170523,21.03,22.73,21037.22,896.00
5173523,21.03,22.73,16518.79,900.00
5176523,21.03,22.75,14853.10,901.00
5179523,21.03,22.72,12307.09,902.00
5182523,21.03,22.73,42228.68,901.00
5185523,21.03,22.71,23860.42,900.00
5188523,21.03,22.72,31711.95,904.00
5191523,21.03,22.72,32294.26,902.00
5194523,21.03,22.70,19850.51,900.00
5197523,21.02,22.67,18774.71,902.00
5200523,21.02,22.66,20411.32,903.00
5203523,21.03,22.66,16937.72,902.00
5206523,21.02,22.66,18790.81,901.00
5209523,21.02,22.66,20552.66,901.00
5212523,21.02,22.66,19436.32,903.00
5215523,21.02,22.66,18380.02,904.00
5218523,21.02,22.67,26032.63,904.00
5221523,21.03,22.67,20947.19,904.00
5224523,21.03,22.69,17662.58,902.00
5227523,21.03,22.67,18106.45,904.00
5230523,21.03,22.66,17094.30,902.00
5233523,21.03,22.66,27398.76,904.00
5236523,21.03,22.66,27581.83,904.00
5239523,21.03,22.62,23989.65,904.00
5242523,21.03,22.65,17696.78,904.00
5245523,21.03,22.65,30599.80,904.00
5248523,21.03,22.65,22176.45,905.00
5251523,21.03,22.64,25355.83,906.00
5254523,21.03,22.66,12102.20,907.00
5257523,21.03,22.66,21104.34,905.00
5260523,21.02,22.67,18868.35,906.00
5263523,21.02,22.68,34843.12,904.00
5266523,21.02,22.68,34377.77,905.00
5269523,21.02,22.68,20117.05,921.00
5272523,21.02,22.70,30196.07,905.00
5275523,21.02,22.71,17166.07,906.00
5278523,21.01,22.71,17463.81,907.00
5281523,21.01,22.71,14894.85,908.00
5284523,21.01,22.67,16047.47,906.00
5287523,21.01,22.68,21862.81,909.00
5290523,21.01,22.68,20642.03,906.00
5293523,21.01,22.70,32760.35,907.00
5296523,21.01,22.68,30732.69,908.00
5299523,21.01,22.68,26569.27,907.00
5302523,21.01,22.66,19580.41,908.00
5305523,21.01,22.66,21538.05,907.00
5308523,21.01,22.65,21541.92,909.00
5311523,21.01,22.64,21160.94,910.00
5314523,21.01,22.65,17915.46,909.00
5317523,21.01,22.66,19134.51,910.00
5320523,21.02,22.61,15855.26,911.00
5323523,21.01,22.61,12747.03,910.00
5326523,21.01,22.61,17739.88,907.00
5329523,21.01,22.59,12691.68,908.00
5332523,21.02,22.59,15458.40,910.00
5335523,21.01,22.56,13413.04,912.00
5338523,21.02,22.55,23126.24,911.00
5341523,21.02,22.56,21721.34,909.00
5344523,21.02,22.58,14061.16,912.00
5347523,21.02,22.56,18154.11,910.00
5350523,21.02,22.54,16109.38,937.00
5353523,21.02,22.53,17692.07,909.00
5356523,21.02,22.51,18401.69,924.00
5359523,21.02,22.51,22559.50,911.00
5362523,21.02,22.50,16027.35,911.00
5365523,21.02,22.51,13838.81,912.00
5368523,21.02,22.53,17369.06,912.00
5371523,21.02,22.53,21926.06,912.00
5374523,21.02,22.54,13223.51,914.00
5377523,21.02,22.55,12220.20,913.00
5380523,21.02,22.56,12408.97,912.00
5383523,21.02,22.58,16581.37,913.00
5386523,21.03,22.58,15409.54,914.00
5389523,21.03,22.59,21288.40,913.00
5392523,21.03,22.61,14401.70,913.00
5395523,21.03,22.56,14745.77,914.00
5398523,21.03,22.58,12650.55,913.00
5401523,21.03,22.55,18123.32,913.00
5404523,21.03,22.53,18484.34,914.00
5407523,21.04,22.50,16679.80,916.00
5410523,21.04,22.48,15037.47,914.00
5413523,21.04,22.49,22999.55,913.00
5416523,21.04,22.49,16398.25,913.00
5419523,21.04,22.44,14724.66,932.00
5422523,21.05,22.44,34224.29,916.00
5425523,21.05,22.43,16726.26,914.00
5428523,21.05,22.44,14672.77,916.00
5431523,21.05,22.42,15124.52,915.00
5434523,21.05,22.43,19133.84,915.00
5437523,21.05,22.44,14057.10,915.00
5440523,21.06,22.47,19266.58,917.00
5443523,21.05,22.45,27154.79,918.00
5446523,21.06,22.45,18717.11,918.00
5449523,21.05,22.44,16227.31,918.00
5452523,21.05,22.42,14187.31,919.00
5455523,21.05,22.42,18844.23,918.00
5458523,21.05,22.42,17206.99,918.00
5461523,21.05,22.42,27539.21,916.00
5464523,21.05,22.44,11776.47,916.00
5467523,21.05,22.47,26452.35,918.00
5470523,21.05,22.49,16821.79,918.00
5473523,21.05,22.50,15898.04,917.00
5476523,21.05,22.49,16196.86,918.00
5479523,21.04,22.45,25406.47,920.00
5482523,21.04,22.38,13538.79,919.00
5485523,21.04,22.37,14651.20,918.00
5488523,21.04,22.37,14197.32,918.00
5491523,21.04,22.39,16051.72,920.00
5494523,21.05,22.39,12706.80,919.00
5497523,21.05,22.41,13711.32,918.00
5500523,21.05,22.43,17769.45,919.00
5503523,21.05,22.45,30268.42,919.00
5506523,21.05,22.49,22920.90,921.00
5509523,21.05,22.51,24711.63,920.00
5512523,21.05,22.50,19451.11,919.00
5515523,21.05,22.47,12056.02,919.00
5518523,21.05,22.45,13910.22,921.00
5521523,21.05,22.44,12878.28,920.00
5524523,21.05,22.43,14678.84,920.00
5527523,21.05,22.44,14783.30,923.00
5530523,21.06,22.42,14400.67,921.00
5533523,21.05,22.42,12238.19,920.00
5536523,21.05,22.47,19538.21,918.00
5539523,21.05,22.47,14414.03,920.00
5542523,21.05,22.48,16115.96,921.00
5545523,21.05,22.49,14580.42,919.00
5548523,21.05,22.50,17222.22,920.00
5551523,21.05,22.49,16913.20,921.00
5554523,21.06,22.44,17188.70,920.00
5557523,21.06,22.47,16085.51,922.00
5560523,21.06,22.43,18730.14,921.00
5563523,21.05,22.43,23789.57,921.00
5566523,21.05,22.42,14136.56,921.00
5569523,21.05,22.39,10303.05,920.00
5572523,21.06,22.41,13283.46,921.00
5575523,21.06,22.42,17206.64,921.00
5578523,21.06,22.46,13440.58,921.00
5581523,21.06,22.45,12409.92,924.00
5584523,21.06,22.49,14759.59,919.00
5587523,21.05,22.47,13930.30,924.00
5590523,21.05,22.43,10697.33,921.00
5593523,21.05,22.41,12003.63,920.00
5596523,21.06,22.37,14951.33,919.00
5599523,21.06,22.38,15703.79,921.00
5602523,21.06,22.39,17381.16,919.00
5605523,21.06,22.39,21643.59,936.00
5608523,21.06,22.41,20428.72,921.00
5611523,21.07,22.43,22413.79,921.00
5614523,21.07,22.46,18067.28,920.00
5617523,21.06,22.45,18432.93,922.00
5620523,21.06,22.41,14241.12,923.00
5623523,21.06,22.39,18772.84,922.00
5626523,21.06,22.42,27600.16,922.00
5629523,21.06,22.41,14398.94,921.00
5632523,21.06,22.39,19586.60,921.00
5635523,21.07,22.41,21911.10,921.00
5638523,21.06,22.42,12462.76,923.00
5641523,21.06,22.42,14719.20,924.00
5644523,21.06,22.44,16398.01,938.00
5647523,21.06,22.43,17693.93,920.00
5650523,21.06,22.45,22856.69,923.00
5653523,21.06,22.44,23489.76,922.00
5656523,21.06,22.43,15385.41,922.00
5659523,21.06,22.42,15880.10,922.00
5662523,21.06,22.39,10319.30,922.00
5665523,21.06,22.42,13827.98,922.00
5668523,21.06,22.42,21927.96,921.00
5671523,21.06,22.41,12318.79,922.00
5674523,21.06,22.41,13041.54,921.00
5677523,21.06,22.38,16506.67,920.00
5680523,21.06,22.37,16078.32,919.00
5683523,21.06,22.33,14898.12,920.00
5686523,21.07,22.33,15775.17,919.00
5689523,21.06,22.36,13925.32,934.00
5692523,21.07,22.36,14833.69,918.00
5695523,21.07,22.37,22962.99,919.00
5698523,21.07,22.37,16755.97,918.00
5701523,21.07,22.37,30470.21,918.00
5704523,21.07,22.41,26183.98,917.00
5707523,21.07,22.42,23603.58,916.00
5710523,21.07,22.42,29373.78,917.00
5713523,21.07,22.43,37740.96,917.00
5716523,21.06,22.44,47871.05,918.00
5719523,21.06,22.46,34164.68,917.00
5722523,21.06,22.46,19174.55,916.00
5725523,21.06,22.47,19543.90,913.00
5728523,21.05,22.48,15588.93,914.00
5731523,21.06,22.48,12350.22,906.00
5734523,21.05,22.49,28366.90,917.00
5737523,21.05,22.52,19563.07,917.00
5740523,21.05,22.50,14842.53,917.00
5743523,21.05,22.47,12805.97,918.00
5746523,21.05,22.48,19010.31,917.00
5749523,21.05,22.49,14954.38,917.00
5752523,21.05,22.49,12628.62,918.00
5755523,21.05,22.50,15865.51,918.00
5758523,21.05,22.48,16542.94,917.00
5761523,21.05,22.49,23177.61,919.00
5764523,21.05,22.47,31338.35,917.00
5767523,21.04,22.47,21023.60,916.00
5770523,21.04,22.48,26885.90,919.00
5773523,21.04,22.48,25104.78,918.00
5776523,21.04,22.48,21775.23,916.00
5779523,21.05,22.45,13711.08,918.00
5782523,21.04,22.49,19110.86,918.00
5785523,21.04,22.50,27673.75,918.00
5788523,21.04,22.50,28420.05,917.00
5791523,21.05,22.50,20791.08,917.00
5794523,21.04,22.48,18967.11,918.00
5797523,21.05,22.47,13461.94,917.00
5800523,21.05,22.49,13764.03,916.00
5803523,21.05,22.51,13568.59,916.00
5806523,21.05,22.50,10567.34,916.00
5809523,21.05,22.49,12595.47,916.00
5812523,21.05,22.48,12819.32,911.00
5815523,21.05,22.50,9974.10,911.00
5818523,21.05,22.48,10870.31,913.00
5821523,21.05,22.47,12749.34,924.00
5824523,21.05,22.49,16224.96,913.00
5827523,21.05,22.49,21137.53,913.00
5830523,21.05,22.47,28260.73,913.00
5833523,21.06,22.47,13901.17,912.00
5836523,21.06,22.47,16217.94,912.00
5839523,21.05,22.45,30467.07,913.00
5842523,21.06,22.45,24392.61,911.00
5845523,21.06,22.44,11664.54,911.00
5848523,21.06,22.42,32129.62,913.00
5851523,21.06,22.44,23487.28,911.00
5854523,21.06,22.44,31557.94,910.00
5857523,21.06,22.44,24014.45,912.00
5860523,21.06,22.44,15886.21,909.00
5863523,21.06,22.41,20720.02,911.00
5866523,21.06,22.39,16167.83,910.00
5869523,21.06,22.39,25456.96,908.00
5872523,21.07,22.39,17540.66,908.00
5875523,21.07,22.42,18477.37,910.00
5878523,21.07,22.43,19454.52,908.00
5881523,21.07,22.43,19977.33,908.00
5884523,21.07,22.43,26406.76,911.00
5887523,21.07,22.38,14255.24,906.00
5890523,21.06,22.36,25274.93,908.00
5893523,21.07,22.36,15946.65,904.00
5896523,21.07,22.39,14987.02,905.00
5899523,21.08,22.42,22796.54,903.00
5902523,21.08,22.44,15664.23,902.00
5905523,21.07,22.46,14772.89,903.00
5908523,21.07,22.48,13977.86,901.00
5911523,21.07,22.49,14076.35,903.00
5914523,21.07,22.49,11397.22,903.00
5917523,21.07,22.47,11087.92,902.00
5920523,21.07,22.48,18825.43,902.00
5923523,21.07,22.49,15147.23,903.00
5926523,21.07,22.48,15483.96,902.00
5929523,21.06,22.49,15803.63,902.00
5932523,21.07,22.50,12694.69,902.00
5935523,21.07,22.46,13133.00,901.00
5938523,21.07,22.47,15174.41,900.00
5941523,21.06,22.48,20717.57,899.00
5944523,21.07,22.38,13509.60,897.00
5947523,21.07,22.39,14932.68,896.00
5950523,21.07,22.43,17430.29,895.00
5953523,21.07,22.44,21378.63,895.00
5956523,21.07,22.44,18499.04,894.00
5959523,21.07,22.42,12889.86,893.00
5962523,21.07,22.38,12309.66,893.00
5965523,21.07,22.35,23519.70,894.00
5968523,21.07,22.35,13004.36,895.00
5971523,21.08,22.38,12396.74,896.00
5974523,21.07,22.41,19878.05,894.00
5977523,21.08,22.36,13554.79,894.00
5980523,21.08,22.36,21508.28,908.00
5983523,21.08,22.37,18671.02,897.00
5986523,21.08,22.36,23667.67,898.00
5989523,21.08,22.36,22669.02,899.00
5992523,21.08,22.36,18769.86,901.00
5995523,21.08,22.37,18091.97,901.00
5998523,21.08,22.36,23904.62,890.00
6001523,21.08,22.35,14284.84,900.00
6004523,21.08,22.33,13234.09,902.00
6007523,21.08,22.36,14071.24,902.00
6010523,21.08,22.35,16131.44,902.00
6013523,21.08,22.30,14282.17,901.00
6016523,21.08,22.28,16220.42,901.00
6019523,21.08,22.24,14011.40,901.00
6022523,21.08,22.24,19841.94,902.00
6025523,21.08,22.27,15094.60,902.00
6028523,21.09,22.30,17594.11,902.00
6031523,21.09,22.27,16883.51,903.00
6034523,21.09,22.27,23988.11,903.00
6037523,21.09,22.26,13168.90,904.00
6040523,21.09,22.25,17734.82,902.00
6043523,21.09,22.26,12350.72,902.00
6046523,21.09,22.26,15151.24,901.00
6049523,21.09,22.26,17363.90,902.00
6052523,21.09,22.29,16450.85,903.00
6055523,21.09,22.29,14354.92,901.00
6058523,21.08,22.30,22863.63,903.00
6061523,21.09,22.27,15389.46,902.00
6064523,21.09,22.21,17974.14,903.00
6067523,21.09,22.19,16140.37,904.00
6070523,21.09,22.20,23405.02,902.00
6073523,21.09,22.20,22078.02,903.00
6076523,21.09,22.21,16490.92,904.00
6079523,21.09,22.22,17648.94,902.00
6082523,21.08,22.21,18189.26,902.00
6085523,21.09,22.22,20010.79,904.00
6088523,21.09,22.21,16384.83,903.00
6091523,21.08,22.21,14080.32,901.00
6094523,21.08,22.21,17559.91,905.00
6097523,21.09,22.18,14847.06,904.00
6100523,21.08,22.19,14016.84,907.00
6103523,21.09,22.21,15269.23,906.00
6106523,21.08,22.22,13778.03,904.00
6109523,21.09,22.25,12059.13,905.00
6112523,21.09,22.21,13715.75,904.00
6115523,21.09,22.18,20198.26,904.00
6118523,21.09,22.13,16764.02,904.00
6121523,21.08,22.13,13774.99,904.00
6124523,21.09,22.14,19326.77,906.00
6127523,21.09,22.14,12726.10,904.00
6130523,21.09,22.16,11986.29,903.00
6133523,21.09,22.19,11642.37,905.00
6136523,21.09,22.19,17676.44,904.00
6139523,21.08,22.14,13202.70,903.00
6142523,21.09,22.16,16076.72,904.00
6145523,21.09,22.16,16566.23,906.00
6148523,21.09,22.18,12300.77,905.00
6151523,21.09,22.15,15781.96,904.00
6154523,21.08,22.10,17223.32,903.00
6157523,21.09,22.08,14824.47,905.00
6160523,21.09,22.08,23758.38,905.00
6163523,21.09,22.09,13643.17,904.00
6166523,21.09,22.11,16448.37,905.00
6169523,21.09,22.10,11812.09,903.00
6172523,21.08,22.08,17780.81,905.00
6175523,21.09,22.10,13426.63,907.00
6178523,21.09,22.09,16273.11,903.00
6181523,21.09,22.09,17643.31,904.00
6184523,21.08,22.10,12576.85,901.00
6187523,21.09,22.11,12245.99,905.00
6190523,21.08,22.13,18639.04,904.00
6193523,21.08,22.13,15837.95,903.00
6196523,21.08,22.08,15437.66,906.00
6199523,21.08,22.04,22765.67,904.00
6202523,21.09,22.03,13522.74,903.00
6205523,21.09,22.04,16733.95,903.00
6208523,21.09,22.04,15177.50,905.00
6211523,21.09,22.03,28483.30,902.00
6214523,21.09,22.04,14571.01,903.00
6217523,21.09,22.07,17767.90,905.00
6220523,21.09,22.09,41227.71,904.00
6223523,21.09,22.11,18465.64,904.00
6226523,21.09,22.10,21032.77,903.00
6229523,21.09,22.10,15220.86,903.00
6232523,21.09,22.08,16292.99,905.00
6235523,21.09,22.07,18475.86,905.00
6238523,21.09,22.05,25817.28,903.00
6241523,21.09,22.04,27549.41,903.00
6244523,21.09,22.00,18184.64,903.00
6247523,21.09,22.03,16100.05,903.00
6250523,21.09,22.04,11657.41,903.00
6253523,21.09,22.07,12690.48,903.00
6256523,21.09,22.07,16737.62,902.00
6259523,21.09,22.04,14314.22,903.00
6262523,21.09,22.02,15264.65,903.00
6265523,21.10,22.03,12623.30,903.00
6268523,21.09,22.02,11866.53,904.00
6271523,21.09,22.04,20556.46,902.00
6274523,21.09,22.03,18034.14,903.00
6277523,21.10,22.05,14668.13,902.00
6280523,21.09,22.07,19277.63,901.00
6283523,21.10,22.05,14810.00,903.00
6286523,21.10,22.09,15869.08,904.00
6289523,21.09,22.12,14282.05,902.00
6292523,21.09,22.14,14311.78,900.00
6295523,21.09,22.14,13443.56,901.00
6298523,21.10,22.13,13334.82,904.00
6301523,21.10,22.12,13189.59,903.00
6304523,21.09,22.10,12894.39,903.00
6307523,21.10,22.10,13913.54,903.00
6310523,21.10,22.12,12583.99,900.00
6313523,21.09,22.13,13398.40,904.00
6316523,21.10,22.14,13832.69,901.00
6319523,21.10,22.14,12940.97,902.00
6322523,21.10,22.15,12853.35,899.00
6325523,21.10,22.19,21799.60,901.00
6328523,21.10,22.20,16430.24,902.00
6331523,21.10,22.19,19144.41,902.00
6334523,21.10,22.18,13117.59,903.00
6337523,21.10,22.18,16858.50,902.00
6340523,21.10,22.19,17013.69,903.00
6343523,21.10,22.19,13734.14,904.00
6346523,21.10,22.18,15217.13,904.00
6349523,21.10,22.18,17958.54,904.00
6352523,21.10,22.19,15369.73,901.00
6355523,21.11,22.21,12199.00,903.00
6358523,21.11,22.21,18760.12,903.00
6361523,21.11,22.23,17554.02,903.00
6364523,21.11,22.25,17375.63,903.00
6367523,21.11,22.25,11482.74,902.00
6370523,21.11,22.26,15029.75,919.00
6373523,21.10,22.26,13042.92,903.00
6376523,21.10,22.26,14678.93,903.00
6379523,21.10,22.25,14392.57,901.00
6382523,21.10,22.24,17319.65,903.00
6385523,21.10,22.24,21259.74,903.00
6388523,21.09,22.22,13929.35,900.00
6391523,21.09,22.21,12221.02,899.00
6394523,21.10,22.21,14173.21,897.00
6397523,21.10,22.22,18030.49,901.00
6400523,21.10,22.25,14818.52,900.00
6403523,21.10,22.26,12310.07,902.00
6406523,21.10,22.27,15180.26,901.00
6409523,21.10,22.29,14399.77,905.00
6412523,21.10,22.30,15174.73,902.00
6415523,21.10,22.30,21916.55,902.00
6418523,21.10,22.29,24393.08,903.00
6421523,21.10,22.30,21723.79,902.00
6424523,21.10,22.30,15853.81,901.00
6427523,21.10,22.30,14440.05,903.00
6430523,21.10,22.27,11277.27,904.00
6433523,21.10,22.27,13780.19,903.00
6436523,21.10,22.27,11418.26,903.00
6439523,21.10,22.29,17415.35,903.00
6442523,21.10,22.30,19506.51,905.00
6445523,21.10,22.30,16620.04,902.00
6448523,21.10,22.30,16905.18,897.00
6451523,21.10,22.31,36155.32,897.00
6454523,21.09,22.32,21183.73,900.00
6457523,21.09,22.35,20002.66,902.00
6460523,21.09,22.32,15864.25,901.00
6463523,21.09,22.29,15595.50,901.00
6466523,21.09,22.25,16135.90,902.00
6469523,21.10,22.22,14127.91,901.00
6472523,21.09,22.22,20307.12,901.00
6475523,21.09,22.24,12144.20,903.00
6478523,21.09,22.26,11880.67,903.00
6481523,21.09,22.29,17775.36,899.00
6484523,21.09,22.29,17029.26,902.00
6487523,21.09,22.31,22376.13,902.00
6490523,21.09,22.31,16974.82,904.00
6493523,21.09,22.30,13135.28,904.00
6496523,21.09,22.32,14696.13,904.00
6499523,21.09,22.33,17393.24,905.00
6502523,21.08,22.29,15603.48,903.00
6505523,21.09,22.25,12874.61,901.00
6508523,21.09,22.25,11413.26,903.00
6511523,21.09,22.27,12145.72,904.00
6514523,21.09,22.30,14170.86,902.00
6517523,21.09,22.31,16867.77,903.00
6520523,21.09,22.33,12304.61,904.00
6523523,21.09,22.33,13422.22,904.00
6526523,21.09,22.33,10419.26,904.00
6529523,21.09,22.31,17994.85,904.00
6532523,21.08,22.29,19132.33,902.00
6535523,21.09,22.29,12305.56,902.00
6538523,21.08,22.29,12500.67,902.00
6541523,21.08,22.29,11461.47,903.00
6544523,21.08,22.31,12038.25,903.00
6547523,21.08,22.31,13253.11,903.00
6550523,21.08,22.32,12533.58,903.00
6553523,21.08,22.32,36396.07,904.00
6556523,21.08,22.32,14574.13,905.00
6559523,21.08,22.33,13185.65,902.00
6562523,21.08,22.32,22847.96,902.00
6565523,21.08,22.26,14159.02,903.00
6568523,21.08,22.28,20288.73,904.00
6571523,21.08,22.31,13331.36,904.00
6574523,21.08,22.33,16933.74,902.00
6577523,21.08,22.36,11230.54,903.00
6580523,21.08,22.36,15258.17,904.00
6583523,21.08,22.38,20599.36,904.00
6586523,21.07,22.41,45745.16,904.00
6589523,21.07,22.41,13282.91,904.00
6592523,21.07,22.39,16204.40,904.00
6595523,21.07,22.38,24875.51,904.00
6598523,21.07,22.39,15830.93,904.00
6601523,21.07,22.39,22747.56,902.00
6604523,21.07,22.39,20281.19,903.00
6607523,21.07,22.37,14277.33,905.00
6610523,21.08,22.36,13522.06,905.00
6613523,21.07,22.38,19504.41,905.00
6616523,21.08,22.39,15134.56,903.00
6619523,21.07,22.42,13047.67,902.00
6622523,21.07,22.42,11436.34,903.00
6625523,21.08,22.41,18683.65,905.00
6628523,21.07,22.38,24387.71,904.00
6631523,21.08,22.38,15312.46,904.00
6634523,21.07,22.38,14281.21,905.00
6637523,21.07,22.37,13706.97,906.00
6640523,21.07,22.36,13673.31,906.00
6643523,21.07,22.36,18257.35,909.00
6646523,21.07,22.33,14591.26,905.00
6649523,21.07,22.36,14805.73,903.00
6652523,21.07,22.38,16247.12,903.00
6655523,21.07,22.39,29487.10,904.00
6658523,21.07,22.42,18201.72,904.00
6661523,21.07,22.42,18677.35,907.00
6664523,21.07,22.44,16677.43,904.00
6667523,21.06,22.43,13056.49,906.00
6670523,21.06,22.42,13993.53,905.00
6673523,21.06,22.43,12078.10,907.00
6676523,21.06,22.45,20805.90,906.00
6679523,21.06,22.46,12305.33,907.00
6682523,21.06,22.47,14274.64,907.00
6685523,21.06,22.48,12409.41,906.00
6688523,21.06,22.48,25630.23,905.00
6691523,21.06,22.49,22110.22,906.00
6694523,21.06,22.50,34695.71,906.00
6697523,21.06,22.52,27048.58,905.00
6700523,21.06,22.52,16641.51,906.00
6703523,21.06,22.53,22957.22,906.00
6706523,21.06,22.53,17949.14,905.00
6709523,21.05,22.50,30723.49,904.00
6712523,21.05,22.48,17877.55,909.00
6715523,21.05,22.48,17457.65,906.00
6718523,21.05,22.48,13235.21,906.00
6721523,21.05,22.47,19469.90,905.00
6724523,21.05,22.47,20720.05,905.00
6727523,21.05,22.47,20537.03,906.00
6730523,21.05,22.45,23316.70,904.00
6733523,21.05,22.48,16721.60,896.00
6736523,21.05,22.48,25410.08,910.00
6739523,21.05,22.49,31813.75,906.00
6742523,21.05,22.48,17967.05,907.00
6745523,21.05,22.48,15430.91,907.00
6748523,21.06,22.49,13816.96,906.00
6751523,21.05,22.50,23017.64,897.00
6754523,21.05,22.49,27604.65,906.00
6757523,21.05,22.48,40368.37,904.00
6760523,21.05,22.49,28128.92,906.00
6763523,21.05,22.48,16649.90,907.00
6766523,21.05,22.49,15630.60,898.00
6769523,21.06,22.52,24058.93,909.00
6772523,21.05,22.51,18656.76,906.00
6775523,21.05,22.54,21000.96,907.00
6778523,21.05,22.55,20154.59,907.00
6781523,21.05,22.54,12626.00,907.00
6784523,21.06,22.54,23328.51,908.00
6787523,21.06,22.54,12762.27,909.00
6790523,21.06,22.55,13946.60,910.00
6793523,21.06,22.56,14890.10,908.00
6796523,21.06,22.58,14110.90,908.00
6799523,21.06,22.59,20045.16,907.00
6802523,21.06,22.58,23019.18,908.00
6805523,21.06,22.58,21943.87,907.00
6808523,21.07,22.58,15987.87,909.00
6811523,21.07,22.60,15507.38,909.00
6814523,21.07,22.61,18620.02,906.00
6817523,21.07,22.63,12721.22,910.00
6820523,21.07,22.61,16139.57,911.00
6823523,21.07,22.64,16145.25,911.00
6826523,21.07,22.64,16145.25,909.00
6829523,21.07,22.64,16145.25,908.00
6836276,21.07,22.60,0.00,911.00
6839276,21.07,22.61,19770.83,912.00
6842276,21.08,22.61,12982.93,909.00
6845276,21.08,22.60,21201.68,914.00
6848276,21.08,22.63,16096.24,908.00
6851276,21.08,22.64,23169.25,909.00
6854276,21.08,22.64,16441.72,910.00
6857276,21.08,22.60,12115.63,909.00
6860276,21.08,22.61,16512.37,909.00
6863276,21.08,22.63,16794.26,910.00
6866276,21.09,22.63,14812.04,911.00
6869276,21.09,22.64,29493.36,909.00
6872276,21.08,22.64,12676.43,911.00
6875276,21.09,22.65,12977.01,910.00
6878276,21.09,22.66,10292.16,912.00
6881276,21.08,22.69,13164.19,911.00
6884276,21.08,22.68,18000.65,913.00
6887276,21.08,22.68,19939.18,910.00
6890276,21.09,22.68,14282.87,909.00
6893276,21.09,22.68,13207.58,911.00
6896276,21.09,22.69,14903.11,910.00
6899276,21.08,22.66,16237.28,912.00
6902276,21.09,22.69,25032.81,912.00
6905276,21.08,22.70,17440.66,911.00
6908276,21.08,22.71,16983.94,903.00
6911276,21.08,22.71,20555.59,915.00
6914276,21.08,22.71,18263.13,914.00
6917276,21.09,22.70,22841.14,911.00
6920276,21.09,22.69,17336.54,916.00
6923276,21.09,22.69,14411.86,915.00
6926276,21.09,22.70,17751.56,915.00
6929276,21.08,22.70,13987.74,914.00
6932276,21.09,22.71,13203.78,915.00
6935276,21.08,22.71,16590.76,914.00
6938276,21.09,22.71,17524.72,915.00
6941276,21.09,22.68,17235.20,916.00
6944276,21.09,22.66,18860.81,913.00
6947276,21.08,22.66,17964.44,913.00
6950276,21.08,22.66,14092.97,915.00
6953276,21.09,22.69,18175.59,915.00
6956276,21.09,22.69,13637.43,930.00
6959276,21.09,22.68,16910.20,916.00
6962276,21.09,22.68,12784.94,916.00
6965276,21.10,22.68,17070.74,916.00
6968276,21.10,22.68,13260.46,919.00
6971276,21.10,22.66,12560.21,917.00
6974276,21.10,22.64,11557.72,916.00
6977276,21.10,22.64,16398.64,905.00
6980276,21.10,22.63,13588.28,915.00
6983276,21.11,22.64,13245.31,917.00
6986276,21.11,22.65,23153.25,916.00
6989276,21.11,22.65,20384.49,917.00
6992276,21.11,22.63,17293.48,916.00
6995276,21.11,22.65,20741.00,919.00
6998276,21.11,22.65,20100.19,918.00
7001276,21.11,22.65,18550.58,916.00
7004276,21.11,22.65,16662.81,918.00
7007276,21.11,22.64,21776.40,918.00
7010276,21.10,22.64,18343.66,917.00
7013276,21.11,22.63,15945.97,934.00
7016276,21.11,22.60,19390.76,919.00
7019276,21.11,22.59,22297.35,919.00
7022276,21.11,22.58,15531.70,918.00
7025276,21.11,22.60,17233.53,921.00
7028276,21.11,22.62,14148.59,919.00
7031276,21.11,22.62,17068.67,921.00
7034276,21.11,22.62,13386.50,919.00
7037276,21.11,22.63,16117.57,922.00
7040276,21.12,22.63,11429.13,920.00
7043276,21.12,22.64,16983.05,920.00
7046276,21.12,22.64,16605.97,921.00
7049276,21.12,22.65,15714.35,922.00
7052276,21.12,22.65,15997.45,923.00
7055276,21.12,22.64,11345.62,921.00
7058276,21.12,22.63,19845.13,921.00
7061276,21.12,22.63,12264.00,919.00
7064276,21.12,22.62,11620.67,919.00
7067276,21.12,22.59,19322.17,920.00
7070276,21.12,22.59,15968.63,922.00
7073276,21.12,22.58,16833.57,924.00
7076276,21.12,22.58,20719.79,926.00
7079276,21.13,22.59,21421.23,925.00
7082276,21.12,22.60,12037.24,925.00
7085276,21.12,22.60,18469.57,924.00
7088276,21.13,22.57,13727.97,924.00
7091276,21.12,22.57,17891.68,923.00
7094276,21.13,22.57,13833.10,924.00
7097276,21.12,22.58,19115.34,923.00
7100276,21.13,22.59,14969.23,924.00
7103276,21.13,22.62,14607.08,923.00
7106276,21.13,22.64,14934.83,925.00
7109276,21.13,22.64,13484.16,926.00
7112276,21.12,22.65,14250.29,924.00
7115276,21.12,22.65,23584.59,927.00
7118276,21.12,22.65,13342.81,924.00
7121276,21.13,22.64,12557.97,923.00
7124276,21.12,22.64,16951.46,924.00
7127276,21.13,22.64,11810.88,924.00
7130276,21.12,22.64,17078.76,917.00
7133276,21.12,22.64,20711.64,926.00
7136276,21.12,22.64,14372.81,926.00
7139276,21.12,22.65,14682.99,929.00
7142276,21.12,22.68,13802.24,925.00
7145276,21.12,22.69,15088.21,923.00
7148276,21.12,22.68,19298.97,916.00
7151276,21.13,22.69,12854.20,926.00
7154276,21.13,22.69,22186.84,926.00
7157276,21.13,22.65,19464.48,915.00
7160276,21.12,22.62,18812.23,926.00
7163276,21.13,22.58,19665.11,926.00
7166276,21.12,22.57,22043.32,927.00
7169276,21.12,22.59,19036.07,928.00
7172276,21.12,22.62,16440.52,927.00
7175276,21.12,22.63,13176.45,926.00
7178276,21.12,22.63,13322.62,928.00
7181276,21.12,22.62,18133.93,928.00
7184276,21.12,22.58,17632.91,928.00
7187276,21.12,22.58,15365.40,928.00
7190276,21.12,22.56,14862.92,930.00
7193276,21.12,22.57,14212.06,930.00
7196276,21.11,22.57,14766.72,929.00
7199276,21.11,22.57,16861.64,929.00
7202276,21.12,22.56,16800.23,926.00
7205276,21.12,22.57,13288.90,927.00
7208276,21.12,22.58,14048.12,929.00
7211276,21.12,22.57,15706.70,931.00
7214276,21.11,22.58,32511.60,929.00
7217276,21.12,22.60,12281.64,933.00
7220276,21.11,22.59,14029.85,929.00
7223276,21.12,22.59,17422.66,930.00
7226276,21.12,22.59,16723.78,930.00
7229276,21.12,22.59,16292.80,928.00
7232276,21.12,22.60,16003.04,928.00
7235276,21.13,22.63,20525.71,930.00
7238276,21.13,22.64,40191.25,947.00
7241276,21.13,22.64,29910.58,931.00
7244276,21.13,22.65,23722.38,932.00
7247276,21.13,22.67,14830.26,931.00
7250276,21.13,22.69,13807.36,932.00
7253276,21.12,22.68,17080.58,930.00
7256276,21.13,22.69,15472.43,932.00
7259276,21.12,22.68,18186.62,930.00
7262276,21.13,22.69,15739.44,942.00
7265276,21.13,22.68,18085.27,930.00
7268276,21.13,22.63,23743.35,931.00
7271276,21.13,22.59,18564.16,933.00
7274276,21.13,22.62,18176.53,932.00
7277276,21.13,22.62,15108.13,932.00
7280276,21.13,22.62,30213.33,928.00
7283276,21.13,22.62,26846.02,930.00
7286276,21.13,22.63,16258.98,933.00
7289276,21.13,22.65,15108.75,930.00
7292276,21.13,22.64,16586.25,931.00
7295276,21.12,22.62,17145.23,947.00
7298276,21.12,22.63,15396.23,933.00
7301276,21.13,22.62,15366.69,933.00
7304276,21.13,22.59,23996.17,934.00
7307276,21.12,22.53,20519.44,934.00
7310276,21.12,22.52,35720.29,933.00
7313276,21.13,22.57,17883.28,935.00
7316276,21.13,22.58,15119.00,933.00
7319276,21.12,22.58,18342.75,934.00
7322276,21.13,22.56,14299.71,932.00
7325276,21.13,22.54,11386.82,934.00
7328276,21.12,22.54,12619.06,935.00
7331276,21.12,22.54,14470.01,934.00
7334276,21.12,22.54,13088.24,934.00
7337276,21.12,22.57,11599.40,933.00
7340276,21.12,22.58,15945.66,935.00
7343276,21.12,22.59,14084.78,933.00
7346276,21.13,22.60,17877.80,934.00
7349276,21.12,22.60,16308.34,950.00
7352276,21.12,22.62,14560.02,935.00
7355276,21.12,22.57,18656.48,935.00
7358276,21.12,22.57,16841.41,936.00
7361276,21.12,22.56,16402.70,936.00
7364276,21.12,22.57,14577.98,935.00
7367276,21.12,22.56,12545.03,935.00
7370276,21.11,22.54,11791.27,936.00
7373276,21.12,22.56,13759.96,935.00
7376276,21.11,22.57,16978.49,934.00
7379276,21.11,22.54,19153.83,935.00
7382276,21.11,22.54,17054.03,934.00
7385276,21.11,22.55,14936.74,937.00
7388276,21.11,22.53,22886.05,935.00
7391276,21.11,22.52,19901.33,936.00
7394276,21.11,22.52,26092.29,925.00
7397276,21.11,22.52,16726.29,935.00
7400276,21.11,22.53,20502.07,936.00
7403276,21.11,22.53,13791.93,934.00
7406276,21.11,22.51,11966.24,936.00
7409276,21.11,22.54,14924.99,935.00
7412276,21.11,22.55,19444.15,937.00
7415276,21.11,22.57,15665.01,937.00
7418276,21.11,22.55,12343.25,936.00
7421276,21.11,22.55,13614.53,937.00
7424276,21.11,22.58,21178.80,936.00
7427276,21.11,22.58,14893.07,927.00
7430276,21.11,22.57,16278.90,935.00
7433276,21.12,22.56,15620.25,936.00
7436276,21.11,22.51,20179.38,936.00
7439276,21.11,22.51,14963.85,937.00
7442276,21.12,22.51,15289.23,937.00
7445276,21.12,22.51,16801.53,936.00
7448276,21.12,22.51,13728.52,939.00
7451276,21.12,22.50,16335.79,937.00
7454276,21.12,22.47,14599.99,926.00
7457276,21.12,22.47,13460.06,939.00
7460276,21.12,22.46,19466.25,936.00
7463276,21.12,22.42,16922.82,937.00
7466276,21.13,22.42,13128.05,937.00
7469276,21.12,22.42,19640.80,939.00
7472276,21.13,22.41,15331.90,939.00
7475276,21.12,22.43,16654.05,938.00
7478276,21.12,22.45,20996.46,939.00
7481276,21.13,22.46,17404.80,941.00
7484276,21.13,22.46,20510.73,939.00
7487276,21.13,22.46,23782.38,936.00
7490276,21.13,22.45,16898.94,937.00
7493276,21.13,22.46,16184.44,938.00
7496276,21.13,22.46,31349.10,939.00
7499276,21.13,22.48,24430.62,940.00
7502276,180.57,22.50,25501.69,933.00
7505276,21.14,22.51,26492.77,934.00
7508276,21.14,22.52,18767.55,934.00
7511276,21.15,22.52,18248.16,935.00
7514276,21.14,22.50,19002.50,936.00
7517276,21.15,22.47,16691.36,938.00
7520276,21.15,22.43,12522.75,935.00
7523276,21.15,22.41,11131.24,939.00
7526276,21.15,22.41,14101.41,936.00
7529276,21.15,22.46,22682.81,937.00
7532276,21.16,22.44,14208.90,939.00
7535276,21.15,22.44,16758.09,938.00
7538276,21.16,22.44,20009.25,939.00
7541276,21.16,22.50,14425.36,940.00
7544276,21.17,22.56,22605.66,938.00
7547276,21.17,22.58,11289.20,939.00
7550276,21.18,22.55,15510.67,939.00
7553276,21.18,22.53,18915.56,940.00
7556276,21.19,22.55,30547.27,937.00
7559276,21.18,22.57,20519.04,940.00
7562276,21.19,22.58,49336.18,939.00
7565276,21.19,22.56,23941.61,922.00
7568276,21.19,22.54,27208.36,937.00
7571276,21.18,22.51,15158.07,940.00
7574276,21.18,22.53,30447.03,940.00
7577276,21.18,22.53,49928.59,939.00
7580276,21.18,22.56,33458.34,941.00
7583276,21.18,22.56,36062.12,943.00
7586276,21.18,22.55,27297.34,943.00
7589276,21.19,22.56,49999.46,942.00
7592276,21.19,22.57,18143.34,943.00
7595276,21.20,22.56,22572.25,943.00
7598276,21.19,22.55,24263.53,942.00
7601276,21.19,22.55,31932.58,941.00
7604276,21.19,22.52,22363.91,941.00
7607276,21.19,22.51,23244.95,946.00
7610276,21.19,22.54,15084.22,944.00
7613276,21.19,22.56,28337.82,943.00
7616276,21.19,22.52,21441.04,943.00
7619276,21.19,22.49,12507.99,942.00
7622276,21.20,22.54,22724.83,942.00
7625276,21.20,22.57,16050.96,943.00
7628276,21.21,22.58,17931.76,943.00
7631276,21.21,22.58,17084.17,942.00
7634276,21.21,22.57,17103.38,943.00
7637276,21.22,22.58,16315.33,944.00
7640276,21.22,22.60,15479.76,943.00
7643276,21.22,22.62,14172.56,945.00
7646276,21.23,22.65,17413.43,951.00
7649276,21.22,22.66,10956.18,946.00
7652276,21.23,22.68,20410.72,946.00
7655276,21.23,22.68,15446.55,947.00
7658276,21.23,22.67,18537.75,946.00
7661276,21.24,22.68,9641.54,946.00
7664276,21.24,22.68,11281.26,946.00
7667276,21.24,22.68,10985.73,945.00
7670276,21.24,22.70,15661.23,948.00
7673276,21.24,22.70,19535.09,946.00
7676276,21.23,22.70,14723.00,945.00
7679276,21.23,22.70,19456.86,944.00
7682276,21.23,22.71,22233.92,947.00
7685276,21.23,22.70,38162.45,948.00
7688276,21.23,22.67,24089.26,948.00
7691276,21.24,22.66,16935.52,946.00
7694276,21.23,22.63,19853.54,948.00
7697276,21.23,22.63,18630.17,948.00
7700276,21.23,22.67,24131.59,948.00
7703276,21.23,22.67,20933.79,949.00
7706276,21.23,22.67,14952.55,949.00
7709276,21.23,22.67,27892.73,947.00
7712276,21.23,22.70,14546.23,950.00
7715276,21.23,22.70,21477.85,950.00
7718276,21.23,22.68,19100.17,950.00
7721276,21.23,22.68,15353.87,948.00
7724276,21.23,22.65,14118.86,949.00
7727276,21.23,22.60,15884.11,950.00
7730276,21.24,22.59,16077.32,949.00
7733276,21.24,22.59,17064.50,945.00
7736276,21.24,22.61,16123.57,950.00
7739276,21.24,22.56,17801.40,951.00
7742276,21.24,22.57,29676.22,951.00
7745276,21.24,22.59,23868.29,947.00
7748276,21.24,22.61,21085.76,950.00
7751276,21.24,22.61,21535.98,949.00
7754276,21.24,22.60,28783.49,950.00
7757276,21.24,22.59,24169.85,951.00
7760276,21.24,22.60,17403.83,953.00
7763276,21.24,22.61,20759.94,952.00
7766276,21.24,22.63,20789.25,950.00
7769276,21.24,22.61,16059.49,952.00
7772276,21.24,22.53,15887.07,952.00
7775276,21.24,22.49,25708.73,951.00
7778276,21.24,22.48,24599.15,958.00
7781276,21.25,22.45,18922.49,953.00
7784276,21.25,22.40,24851.77,953.00
7787276,21.25,22.46,15184.53,954.00
7790276,21.25,22.48,17316.46,953.00
7793276,21.25,22.50,15650.71,952.00
7796276,21.25,22.51,23444.65,954.00
7799276,21.25,22.51,45166.71,960.00
7802276,21.25,22.51,22803.94,954.00
7805276,21.25,22.53,21160.37,953.00
7808276,21.25,22.55,21986.93,953.00
7811276,21.25,22.57,20100.05,954.00
7814276,21.26,22.57,25642.70,955.00
7817276,21.25,22.57,27853.35,954.00
7820276,21.26,22.57,33308.77,955.00
7823276,21.25,22.57,18272.42,955.00
7826276,21.25,22.57,30496.35,956.00
7829276,21.25,22.55,26504.80,955.00
7832276,21.25,22.51,21835.81,941.00
7835276,21.25,22.49,19994.86,957.00
7838276,21.25,22.51,28383.68,956.00
7841276,21.25,22.53,29979.75,957.00
7844276,21.25,22.53,22416.66,956.00
7847276,21.26,22.50,25667.92,956.00
7850276,21.25,22.48,27434.70,957.00
7853276,21.25,22.50,21874.95,958.00
7856276,21.25,22.51,27333.45,957.00
7859276,21.25,22.54,19997.49,956.00
7862276,21.25,22.55,31122.15,958.00
7865276,21.25,22.56,33256.23,957.00
7868276,21.25,22.55,21725.12,958.00
7871276,21.26,22.57,21462.35,957.00
7874276,21.26,22.58,19363.89,957.00
7877276,21.26,22.53,18427.40,958.00
7880276,21.26,22.55,14144.64,959.00
7883276,21.26,22.56,27046.27,958.00
7886276,21.26,22.56,31020.27,957.00
7889276,21.26,22.57,24912.76,958.00
7892276,21.26,22.56,44510.06,958.00
7895276,21.26,22.57,22866.36,959.00
7898276,21.25,22.56,11946.25,959.00
7901276,21.26,22.45,12587.69,958.00
7904276,21.26,22.46,20336.20,959.00
7907276,21.26,22.48,19982.49,959.00
7910276,21.26,22.49,12753.64,961.00
7913276,21.25,22.48,18015.89,959.00
7916276,21.26,22.44,19529.00,958.00
7919276,21.26,22.46,14218.02,960.00
7922276,21.26,22.46,21080.15,959.00
7925276,21.25,22.48,26836.27,959.00
7928276,21.26,22.33,16615.04,958.00
7931276,21.26,22.31,15291.37,960.00
7934276,21.26,22.28,18090.94,963.00
7937276,21.27,22.29,18444.09,960.00
7940276,21.27,22.37,14032.39,960.00
7943276,21.26,22.40,14671.83,960.00
7946276,21.27,22.43,21929.71,957.00
7949276,21.27,22.43,17535.08,959.00
7952276,21.27,22.43,18623.50,961.00
7955276,21.27,22.40,23372.57,961.00
7958276,21.26,22.38,17476.47,959.00
7961276,21.27,22.40,16810.10,960.00
7964276,21.27,22.42,21908.27,961.00
7967276,21.27,22.44,27072.73,961.00
7970276,21.26,22.45,38296.72,960.00
7973276,21.26,22.42,25725.12,961.00
7976276,21.27,22.38,27449.85,961.00
7979276,21.27,22.36,26252.88,962.00
7982276,21.27,22.36,21636.52,982.00
7985276,21.28,22.38,26928.64,961.00
7988276,21.27,22.39,31495.87,961.00
7991276,21.28,22.40,26103.31,961.00
7994276,21.28,22.43,28928.07,962.00
7997276,21.28,22.43,21586.79,962.00
8000276,21.28,22.44,20313.89,962.00
8003276,21.27,22.44,19279.17,962.00
8006276,21.28,22.45,21833.92,963.00
8009276,21.28,22.44,25035.86,963.00
8012276,21.28,22.44,43042.99,964.00
8015276,21.28,22.44,32683.69,963.00
8018276,21.27,22.44,17960.65,962.00
8021276,21.28,22.39,30896.88,962.00
8024276,21.28,22.40,25715.93,963.00
8027276,21.28,22.39,18514.50,963.00
8030276,21.28,22.33,16500.35,963.00
8033276,21.28,22.31,15258.22,962.00
8036276,21.29,22.32,21634.72,963.00
8039276,21.29,22.31,14959.51,963.00
8042276,21.29,22.28,16656.84,963.00
8045276,21.29,22.27,24048.62,963.00
8048276,21.29,22.26,20274.81,962.00
8051276,21.30,22.22,16757.42,963.00
8054276,21.29,22.21,25849.15,963.00
8057276,21.30,22.25,21825.50,964.00
8060276,21.30,22.24,18154.84,964.00
8063276,21.30,22.27,20212.04,964.00
8066276,21.31,22.30,17739.06,963.00
8069276,21.31,22.33,24271.60,982.00
8072276,21.30,22.32,28465.43,969.00
8075276,21.30,22.30,23076.44,963.00
8078276,21.30,22.27,29069.79,962.00
8081276,21.30,22.28,20471.80,963.00
8084276,21.30,22.28,21276.77,964.00
8087276,21.31,22.30,21750.71,964.00
8090276,21.30,22.32,20497.97,963.00
8093276,21.30,22.32,30594.57,989.00
8096276,21.30,22.28,22826.73,963.00
8099276,21.30,22.30,20118.56,964.00
8102276,21.30,22.31,19472.63,968.00
8105276,21.30,22.33,32584.75,963.00
8108276,21.30,22.36,33885.59,963.00
8111276,21.30,22.36,23026.68,960.00
8114276,21.30,22.36,21658.77,964.00
8117276,21.30,22.34,17868.55,962.00
8120276,21.30,22.37,22254.11,965.00
8123276,21.30,22.38,33365.07,965.00
8126276,21.30,22.37,28748.95,965.00
8129276,21.30,22.37,23543.39,965.00
8132276,21.30,22.38,35614.68,963.00
8135276,21.30,22.37,36879.80,960.00
8138276,21.29,22.29,35240.16,947.00
8141276,21.29,22.33,18394.99,964.00
8144276,21.30,22.33,19935.66,964.00
8147276,21.30,22.32,36419.15,964.00
8150276,21.30,22.27,28891.73,965.00
8153276,21.29,22.26,35990.07,966.00
8156276,21.30,22.27,23891.92,964.00
8159276,21.30,22.27,23847.00,965.00
8162276,21.30,22.26,35742.79,964.00
8165276,21.30,22.26,25920.00,970.00
8168276,21.30,22.27,26076.58,970.00
8171276,21.30,22.30,23630.09,965.00
8174276,21.30,22.27,28714.51,949.00
8177276,21.30,22.27,26536.55,965.00
8180276,21.30,22.26,24086.90,950.00
8183276,21.30,22.26,25952.95,965.00
8186276,21.30,22.22,40543.57,965.00
8189276,21.31,22.25,38550.28,966.00
8192276,21.31,22.27,37448.46,964.00
8195276,21.31,22.22,35165.07,965.00
8198276,21.30,22.12,33466.79,965.00
8201276,21.31,22.15,24675.62,965.00
8204276,21.30,22.16,28036.43,965.00
8207276,21.30,22.19,30124.15,965.00
8210276,21.30,22.19,30643.69,950.00
8213276,21.30,22.21,24546.50,966.00
8216276,21.31,22.24,26345.02,966.00
8219276,21.30,22.25,34731.87,965.00
8222276,21.31,22.25,32681.10,965.00
8225276,21.30,22.24,42275.57,965.00
8228276,21.30,22.21,40305.31,966.00
8231276,21.30,22.15,48349.38,966.00
8234276,21.31,22.14,41801.26,962.00
8237276,21.31,22.15,49207.95,965.00
8240276,21.31,22.16,33432.14,966.00
8243276,21.30,22.14,41969.46,966.00
8246276,21.30,22.15,41857.05,965.00
8249276,21.30,22.14,30869.46,965.00
8252276,21.30,22.14,33171.07,964.00
8255276,21.30,22.14,35135.52,965.00
8258276,21.30,22.11,39450.30,966.00
8261276,21.30,22.14,34772.08,965.00
8264276,21.30,22.14,39619.41,965.00
8267276,21.30,22.14,36026.96,966.00
8270276,21.30,22.16,46040.09,960.00
8273276,21.30,22.14,43591.18,966.00
8276276,21.30,22.14,41301.39,963.00
8279276,21.30,22.08,46453.79,965.00
8282276,21.30,22.06,39424.44,965.00
8285276,21.30,22.08,41110.93,966.00
8288276,21.30,22.10,45295.57,965.00
8291276,21.31,22.10,28595.62,965.00
8294276,21.31,22.11,38374.36,966.00
8297276,21.31,22.08,41596.38,966.00
8300276,21.31,22.09,35663.99,964.00
8303276,21.32,22.08,32268.01,964.00
8306276,21.32,22.11,35794.73,964.00
8309276,21.32,22.14,46607.18,965.00
8312276,21.33,22.16,42238.47,966.00
