Timestamp,Temperature (C),Humidity (%),Sound,Light
3925,22.08,25.45,0.00,959.00
6925,22.34,25.48,13217.77,940.00
9925,22.33,25.34,12299.84,917.00
12925,22.31,25.39,12831.60,930.00
15925,22.30,25.45,11246.98,940.00
18925,22.29,24.97,13403.42,956.00
21925,22.27,24.90,14092.39,912.00
24925,22.25,24.69,17001.36,914.00
27925,22.25,24.74,12725.54,919.00
30925,22.23,24.58,12064.67,918.00
33925,22.22,24.56,15148.55,919.00
36925,22.20,24.26,12424.89,920.00
39925,22.18,24.33,15031.06,917.00
42925,22.17,24.12,17492.99,922.00
45925,22.15,24.06,17597.41,922.00
48925,22.13,24.02,14983.36,935.00
51925,22.12,24.04,15286.31,927.00
54925,22.11,23.92,16862.42,931.00
57925,22.09,23.98,14313.03,932.00
60925,22.08,24.07,16777.97,935.00
63925,22.06,24.11,19002.06,940.00
66925,22.05,24.14,27694.70,946.00
69925,22.04,23.94,23430.29,942.00
72925,22.02,23.88,13564.19,942.00
75925,22.01,23.99,11538.63,939.00
78925,22.00,23.85,12702.00,939.00
81925,21.98,23.72,11347.10,938.00
84925,21.96,23.69,12153.65,938.00
87925,21.96,23.80,14803.07,936.00
90925,21.95,23.75,14234.80,935.00
93925,21.93,23.79,11492.67,933.00
96925,21.93,23.77,12857.71,927.00
99925,21.91,23.72,15829.62,926.00
102925,21.90,23.77,15225.13,926.00
105925,21.89,23.77,15319.69,925.00
108925,21.87,23.71,15669.68,921.00
111925,21.86,23.70,12332.90,918.00
114925,21.85,23.75,11682.80,916.00
117925,21.84,23.75,12040.75,912.00
120925,21.83,23.79,16180.93,912.00
123925,21.82,23.77,15282.83,909.00
126925,21.81,23.72,18586.37,908.00
129925,21.80,23.79,19875.10,907.00
132925,21.80,23.79,18028.67,906.00
135925,21.78,23.87,22749.91,906.00
138925,21.78,23.84,18433.13,905.00
141925,21.76,23.88,16151.63,906.00
144925,21.75,23.88,18744.31,904.00
147925,21.75,23.92,14996.57,904.00
150925,21.74,23.84,11435.65,905.00
153925,21.73,23.89,9318.39,904.00
156925,21.73,23.97,11468.64,903.00
159925,21.72,23.92,11347.58,904.00
162925,21.72,23.91,14034.28,905.00
165925,21.72,23.97,11148.11,903.00
168925,21.71,23.90,17622.38,903.00
171925,21.70,23.86,20090.21,904.00
174925,21.70,23.81,14050.48,903.00
177925,21.69,23.77,34281.48,903.00
180925,21.68,23.82,34902.91,903.00
183925,21.68,23.81,13886.71,904.00
186925,21.66,23.74,40110.70,903.00
189925,21.66,23.72,48301.73,902.00
192925,21.64,23.65,15538.26,904.00
195925,21.64,23.62,10847.76,900.00
198925,21.63,23.65,20104.14,903.00
201925,21.62,23.68,16716.66,904.00
204925,21.61,23.72,20337.30,903.00
207925,21.60,23.71,15654.65,903.00
210925,21.60,23.70,24334.11,899.00
213925,21.59,23.73,18335.20,904.00
216925,21.57,23.68,17848.36,903.00
219925,21.57,23.67,16728.50,904.00
222925,21.56,23.71,20477.55,903.00
225925,21.55,23.72,25246.09,902.00
228925,21.55,23.75,18855.00,903.00
231925,21.54,23.72,15090.49,902.00
234925,21.54,23.73,23989.16,902.00
237925,21.53,23.83,19440.55,904.00
240925,21.53,23.79,24047.45,903.00
243925,21.52,23.84,20995.19,902.00
246925,21.52,23.81,19474.05,901.00
249925,21.51,23.85,21356.29,903.00
252925,21.51,23.94,23624.75,904.00
255925,21.51,23.85,29018.78,905.00
258925,21.50,23.89,24542.58,917.00
261925,21.50,23.79,15834.77,905.00
264925,21.49,23.75,26421.77,906.00
267925,21.48,23.76,19190.22,905.00
270925,21.48,23.80,22528.38,907.00
273925,21.47,23.81,18021.60,908.00
276925,21.47,23.84,23771.19,903.00
279925,21.47,23.75,21980.12,911.00
282925,21.46,23.79,22793.48,913.00
285925,21.45,23.85,26993.88,913.00
288925,21.45,23.92,22629.07,923.00
291925,21.44,23.91,21113.81,916.00
294925,21.44,24.06,26627.09,918.00
297925,21.44,24.00,23282.23,918.00
300925,21.44,23.90,23257.38,918.00
303925,21.44,23.88,43757.58,920.00
306925,21.43,23.74,24138.62,920.00
309925,21.42,23.73,24477.67,921.00
312925,21.42,23.73,24296.46,920.00
315925,21.41,23.68,22600.18,920.00
318925,21.41,23.67,27245.65,921.00
321925,21.40,23.63,32548.32,923.00
324925,21.40,23.61,40731.39,920.00
327925,21.39,23.63,25587.76,919.00
330925,21.38,23.68,24575.79,920.00
333925,21.38,23.73,20412.79,937.00
336925,21.38,23.68,24122.28,921.00
339925,21.37,23.65,26663.13,921.00
342925,21.36,23.63,24924.99,922.00
345925,21.36,23.61,29852.15,923.00
348925,21.35,23.62,27027.36,921.00
351925,21.34,23.59,24978.64,923.00
354925,21.34,23.62,24932.56,923.00
357925,21.33,23.62,24472.64,925.00
360925,21.33,23.63,14369.95,926.00
363925,21.33,23.68,22266.70,926.00
366925,21.33,23.68,28791.14,928.00
369925,21.32,23.61,26123.59,932.00
372925,21.31,23.58,17418.61,935.00
375925,21.31,23.61,23511.25,937.00
378925,21.30,23.61,20182.74,940.00
381925,21.29,23.63,17773.61,941.00
384925,21.30,23.68,22147.22,948.00
387925,21.28,23.69,13259.32,958.00
390925,21.29,23.69,15243.81,954.00
393925,21.28,23.68,32883.55,951.00
396925,21.28,23.63,19377.07,949.00
399925,21.28,23.65,17816.18,945.00
402925,21.28,23.68,21439.13,945.00
405925,21.27,23.65,19902.64,944.00
408925,21.26,23.64,12251.07,943.00
411925,21.26,23.65,17371.40,943.00
414925,21.25,23.65,21056.98,940.00
417925,21.25,23.65,17292.88,945.00
420925,21.25,23.68,24008.78,945.00
423925,21.24,23.69,17146.24,942.00
426925,21.24,23.71,20013.06,945.00
429925,21.24,23.72,15029.62,943.00
432925,21.23,23.77,49974.00,944.00
435925,21.23,23.75,20360.03,944.00
438925,21.23,23.80,17113.30,943.00
441925,21.22,23.70,17736.41,943.00
444925,21.22,23.70,17915.54,942.00
447925,21.22,23.69,21471.37,942.00
450925,21.22,23.70,22966.19,941.00
453925,21.22,23.75,19378.21,942.00
456925,21.21,23.79,31918.15,942.00
459925,21.21,23.79,14742.67,943.00
462925,21.21,23.80,17721.21,941.00
465925,21.21,23.81,32069.95,941.00
468925,21.21,23.80,16311.06,912.00
471925,21.20,23.75,21072.25,913.00
474925,21.19,23.76,14487.98,911.00
477925,21.19,23.72,13885.76,910.00
480925,21.19,23.72,25874.24,910.00
483925,21.18,23.71,17297.78,911.00
486925,21.18,23.71,49751.71,912.00
489925,21.18,23.81,22281.28,910.00
492925,21.17,23.77,27858.05,909.00
495925,21.17,23.70,18601.00,909.00
498925,21.16,23.67,24234.00,908.00
501925,21.16,23.68,21246.48,911.00
504925,21.16,23.71,20523.84,910.00
507925,21.15,23.76,20398.55,917.00
510925,21.15,23.68,22797.39,910.00
513925,21.14,23.73,15318.62,911.00
516925,21.14,23.74,17231.33,920.00
519925,21.14,23.77,18139.00,911.00
522925,21.14,23.74,18507.86,911.00
525925,21.14,23.76,19036.10,910.00
528925,21.14,23.74,14728.48,910.00
531925,21.13,23.67,11316.12,911.00
534925,21.13,23.66,17252.52,911.00
537925,21.13,23.67,15950.91,910.00
540925,21.13,23.65,17372.38,910.00
543925,21.12,23.64,19647.58,912.00
546925,21.12,23.66,14804.04,910.00
549925,21.11,23.64,14242.27,912.00
552925,21.11,23.67,10444.82,912.00
555925,21.11,23.67,15232.56,910.00
558925,21.10,23.68,14174.45,911.00
561925,21.10,23.73,22580.59,911.00
564925,21.10,23.71,14669.92,910.00
567925,21.10,23.68,11164.51,905.00
570925,21.09,23.63,17239.57,912.00
573925,21.09,23.69,17253.83,913.00
576925,21.09,23.68,19162.72,913.00
579925,21.09,23.69,14712.38,912.00
582925,21.09,23.64,19078.38,913.00
585925,21.08,23.67,22230.41,911.00
588925,21.08,23.68,15326.63,911.00
591925,21.08,23.63,12513.64,912.00
594925,21.07,23.63,12576.99,913.00
597925,21.07,23.67,17918.74,912.00
600925,21.07,23.68,16755.12,911.00
603925,21.07,23.70,13842.02,911.00
606925,21.06,23.68,15827.02,911.00
609925,21.06,23.75,14131.32,912.00
612925,21.06,23.69,14486.99,911.00
615925,21.06,23.67,13146.10,911.00
618925,21.06,23.68,13829.75,911.00
621925,21.05,23.64,16800.18,909.00
624925,21.05,23.70,11866.78,913.00
627925,21.05,23.69,18805.13,912.00
630925,21.04,23.68,16025.84,912.00
633925,21.04,23.69,14478.93,913.00
636925,21.04,23.71,12761.96,911.00
639925,21.04,23.69,18320.28,911.00
642925,21.04,23.68,13036.31,913.00
645925,21.03,23.70,13401.00,913.00
648925,21.04,23.70,15077.80,914.00
651925,21.03,23.71,19730.12,914.00
654925,21.03,23.69,13560.09,913.00
657925,21.02,23.71,15711.32,914.00
660925,21.02,23.73,17747.81,913.00
663925,21.01,23.73,14529.04,914.00
666925,21.01,23.75,17022.35,916.00
669925,21.01,23.80,12024.16,915.00
672925,21.01,23.79,13579.04,915.00
675925,21.02,23.80,12746.31,914.00
678925,21.01,23.80,13220.62,916.00
681925,21.01,23.76,13939.42,912.00
684925,21.00,23.75,17377.42,914.00
687925,21.01,23.75,23445.06,915.00
690925,21.01,23.76,16725.90,916.00
693925,21.01,23.76,12199.87,914.00
696925,21.01,23.80,12468.65,916.00
699925,21.01,23.75,15152.36,917.00
702925,21.00,23.77,15169.36,916.00
705925,21.00,23.72,16030.60,916.00
708925,21.01,23.75,14559.62,915.00
711925,21.01,23.75,13512.10,915.00
714925,21.00,23.72,13799.58,916.00
717925,20.99,23.69,11567.23,917.00
720925,20.99,23.67,33804.91,916.00
723925,20.99,23.69,23918.15,916.00
726925,21.00,23.74,16602.28,915.00
729925,20.99,23.70,13867.27,915.00
732925,21.00,23.76,17759.32,914.00
735925,21.00,23.76,13956.68,916.00
738925,20.99,23.75,16102.66,916.00
741925,21.00,23.75,14928.06,916.00
744925,20.99,23.71,13102.31,916.00
747925,21.00,23.72,19501.48,916.00
750925,20.99,23.69,12883.95,917.00
753925,20.99,23.72,12316.02,918.00
756925,20.99,23.70,14916.17,917.00
759925,20.99,23.66,12277.64,907.00
762925,20.99,23.66,17366.79,918.00
765925,20.99,23.62,15596.96,918.00
768925,20.99,23.64,12939.55,918.00
771925,20.99,23.59,12957.43,918.00
774925,20.98,23.60,20799.83,917.00
777925,20.98,23.62,12693.62,919.00
780925,20.98,23.67,17914.57,917.00
783925,20.98,23.62,20462.35,917.00
786925,20.98,23.64,12564.51,916.00
789925,20.98,23.65,17049.75,918.00
792925,20.98,23.65,14974.48,917.00
795925,20.98,23.71,11697.43,919.00
798925,20.98,23.71,12354.36,917.00
801925,20.98,23.60,15035.29,918.00
804925,20.98,23.58,22774.13,918.00
807925,20.98,23.54,13689.12,919.00
810925,20.97,23.54,15655.43,920.00
813925,20.98,23.50,21737.16,920.00
816925,20.97,23.48,21935.98,921.00
819925,20.98,23.48,15343.42,923.00
822925,20.97,23.49,17250.90,922.00
825925,20.96,23.45,19203.19,923.00
828925,20.97,23.46,18592.60,923.00
831925,20.97,23.45,13061.57,923.00
834925,20.96,23.48,19249.64,922.00
837925,20.96,23.45,15971.30,921.00
840925,20.96,23.46,19920.60,921.00
843925,20.96,23.45,13539.51,921.00
846925,20.96,23.44,17774.72,922.00
849925,20.96,23.46,36063.51,923.00
852925,20.95,23.48,12507.73,923.00
855925,20.95,23.41,17083.07,922.00
858925,20.95,23.44,14247.47,922.00
861925,20.95,23.44,15893.50,921.00
864925,20.95,23.43,11717.62,918.00
867925,20.94,23.40,13018.89,922.00
870925,20.94,23.38,13565.58,915.00
873925,20.95,23.40,16124.73,921.00
876925,20.94,23.38,13634.27,922.00
879925,20.93,23.44,12847.86,922.00
882925,20.94,23.45,16484.20,921.00
885925,20.94,23.49,14336.26,921.00
888925,20.93,23.44,14518.80,939.00
891925,20.94,23.41,14239.52,923.00
894925,20.94,23.43,15019.54,922.00
897925,20.93,23.40,13046.90,922.00
900925,20.92,23.39,15592.96,923.00
903925,20.92,23.39,16079.34,923.00
906925,20.93,23.42,16948.55,923.00
909925,20.93,23.49,16936.92,925.00
912925,20.93,23.46,13635.90,926.00
915925,20.93,23.44,16057.42,925.00
918925,20.92,23.44,14599.90,917.00
921925,20.93,23.47,12088.57,924.00
924925,20.93,23.49,14374.17,925.00
927925,20.93,23.52,16400.29,924.00
930925,20.92,23.47,16074.26,925.00
933925,20.92,23.46,13350.46,925.00
936925,20.92,23.49,13610.51,919.00
939925,20.92,23.50,14210.75,925.00
942925,20.92,23.50,16044.56,924.00
945925,20.92,23.54,11405.78,926.00
948925,20.92,23.51,16470.31,926.00
951925,20.92,23.45,14632.24,927.00
954925,20.92,23.44,16144.43,927.00
957925,20.92,23.44,15430.97,928.00
960925,20.92,23.42,16587.81,929.00
963925,20.91,23.41,15235.96,929.00
966925,20.92,23.50,14640.76,927.00
969925,20.91,23.54,13162.33,929.00
972925,20.92,23.50,14721.37,924.00
975925,20.91,23.44,13028.05,930.00
978925,20.92,23.44,19747.38,930.00
981925,20.91,23.46,17462.36,930.00
984925,20.91,23.44,15459.69,930.00
987925,20.91,23.46,15404.55,932.00
990925,20.91,23.45,15297.13,932.00
993925,20.91,23.49,11985.94,931.00
996925,20.91,23.49,13253.04,931.00
999925,20.91,23.46,12638.07,924.00
1002925,20.91,23.44,14444.72,933.00
1005925,20.91,23.41,14545.04,933.00
1008925,20.90,23.45,16001.33,935.00
1011925,20.91,23.42,14597.89,934.00
1014925,20.91,23.45,11939.91,935.00
1017925,20.91,23.44,12963.11,936.00
1020925,20.91,23.41,10347.63,936.00
1023925,20.91,23.39,12240.78,937.00
1026925,20.91,23.39,12395.28,936.00
1029925,20.91,23.39,13800.25,937.00
1032925,20.90,23.35,12485.73,949.00
1035925,20.91,23.36,13740.23,936.00
1038925,20.91,23.36,12963.63,938.00
1041925,20.90,23.31,11892.28,940.00
1044925,20.90,23.30,13146.87,939.00
1047925,20.90,23.34,16110.59,940.00
1050925,20.90,23.31,13317.86,942.00
1053925,20.90,23.30,15623.59,941.00
1056925,20.90,23.28,18053.33,940.00
1059925,20.90,23.29,12361.94,933.00
1062925,20.90,23.34,12813.14,941.00
1065925,20.90,23.30,15025.88,942.00
1068925,20.90,23.31,12346.45,942.00
1071925,20.90,23.28,13803.58,943.00
1074925,20.90,23.30,13885.18,944.00
1077925,20.89,23.26,11653.60,954.00
1080925,20.90,23.29,11909.63,954.00
1083925,20.90,23.29,14187.99,939.00
1086925,20.90,23.25,14774.78,946.00
1089925,20.89,23.26,12470.67,948.00
1092925,20.89,23.26,12026.25,948.00
1095925,20.89,23.28,12191.03,950.00
1098925,20.89,23.25,12595.80,962.00
1101925,20.89,23.26,13690.95,953.00
1104925,20.90,23.24,11467.44,955.00
1107925,20.89,23.24,11700.55,955.00
1110925,20.89,23.24,13419.89,958.00
1113925,20.89,23.23,11659.35,957.00
1116925,20.89,23.25,11801.46,969.00
1119925,20.89,23.25,10996.98,966.00
1122925,20.89,23.23,10581.90,967.00
1125925,20.89,23.23,15622.80,966.00
1128925,20.89,23.20,11847.63,959.00
1131925,20.89,23.20,17388.38,964.00
1134925,20.88,23.20,15397.20,965.00
1137925,20.89,23.20,14584.46,964.00
1140925,20.88,23.16,15548.00,965.00
1143925,20.88,23.15,13830.65,965.00
1146925,20.89,23.18,14546.45,966.00
1149925,20.89,23.14,14931.04,967.00
1152925,20.88,23.14,15339.14,968.00
1155925,20.89,23.20,11006.50,967.00
1158925,20.89,23.18,12299.75,967.00
1161925,20.88,23.15,12608.25,967.00
1164925,20.88,23.16,17885.30,968.00
1167925,20.89,23.18,43585.36,968.00
1170925,20.88,23.19,12324.08,967.00
1173925,20.88,23.19,16206.61,968.00
1176925,20.88,23.23,12294.60,967.00
1179925,20.88,23.21,13040.55,967.00
1182925,20.88,23.23,12472.11,966.00
1185925,20.89,23.25,14745.77,967.00
1188925,20.88,23.20,10544.47,967.00
1191925,20.88,23.16,10003.99,966.00
1194925,20.88,23.14,11432.21,966.00
1197925,20.89,23.17,12977.59,967.00
1200925,20.88,23.13,11487.07,965.00
1203925,20.88,23.11,16540.46,966.00
1206925,20.87,23.13,18081.40,965.00
1209925,20.88,23.16,14880.58,966.00
1212925,20.88,23.19,13493.00,962.00
1215925,20.88,23.19,12900.17,961.00
1218925,20.87,23.15,13411.92,965.00
1221925,20.88,23.18,12466.85,965.00
1224925,20.88,23.13,10670.32,964.00
1227925,20.88,23.15,14236.19,964.00
1230925,20.88,23.19,20611.73,963.00
1233925,20.88,23.20,12081.80,962.00
1236925,20.88,23.21,14320.53,961.00
1239925,20.88,23.18,10899.92,961.00
1242925,20.88,23.15,11672.90,961.00
1245925,20.88,23.12,12293.99,962.00
1248925,20.88,23.08,14307.85,961.00
1251925,20.88,23.15,14731.20,961.00
1254925,20.88,23.09,15550.71,962.00
1257925,20.88,23.07,13389.20,962.00
1260925,20.88,23.04,11761.68,961.00
1263925,20.88,23.04,11722.67,961.00
1266925,20.88,23.05,12620.90,958.00
1269925,20.87,23.06,14132.52,961.00
1272925,20.87,23.10,12934.83,962.00
1275925,20.87,23.09,12211.09,962.00
1278925,20.87,23.10,13177.83,961.00
1281925,20.87,23.10,31902.84,961.00
1284925,20.86,23.08,11502.82,955.00
1287925,20.87,23.13,16523.85,960.00
1290925,20.87,23.15,12728.94,960.00
1293925,20.87,23.19,11538.16,961.00
1296925,20.87,23.16,14232.84,960.00
1299925,20.88,23.08,10361.02,959.00
1302925,20.88,23.10,13551.84,959.00
1305925,20.87,23.09,11576.59,958.00
1308925,20.88,23.11,13134.95,958.00
1311925,20.87,23.10,13472.31,967.00
1314925,20.87,23.05,14057.06,959.00
1317925,20.87,23.04,11941.95,958.00
1320925,20.87,23.06,10045.61,958.00
1323925,20.86,23.03,10673.53,957.00
1326925,20.87,23.05,12962.76,957.00
1329925,20.87,23.00,12329.65,957.00
1332925,20.87,23.01,13353.01,957.00
1335925,20.87,23.02,12245.58,956.00
1338925,20.86,23.04,13237.76,956.00
1341925,20.87,23.04,12346.86,955.00
1344925,20.87,23.05,11877.57,955.00
1347925,20.87,23.06,15471.01,954.00
1350925,20.87,23.08,14386.26,956.00
1353925,20.87,23.13,13895.68,957.00
1356925,20.87,23.13,11689.00,956.00
1359925,20.88,23.16,11977.26,956.00
1362925,20.88,23.16,15111.45,954.00
1365925,20.88,23.15,18441.97,975.00
1368925,20.88,23.11,14440.01,956.00
1371925,20.88,23.10,16778.03,957.00
1374925,20.88,23.10,17503.96,956.00
1377925,20.88,23.09,15147.23,957.00
1380925,20.88,23.10,17538.96,955.00
1383925,20.88,23.08,15824.65,957.00
1386925,20.88,23.09,12981.76,954.00
1389925,20.88,23.13,14066.13,955.00
1392925,20.88,23.13,15939.33,955.00
1395925,20.88,23.12,13831.16,955.00
1398925,20.89,23.10,15746.43,956.00
1401925,20.88,23.05,14589.59,954.00
1404925,20.88,23.05,14417.08,955.00
1407925,20.88,23.07,14090.25,955.00
1410925,20.88,23.03,13971.38,954.00
1413925,20.88,23.05,14733.73,953.00
1416925,20.88,23.07,20702.68,952.00
1419925,20.87,23.07,16851.15,947.00
1422925,20.88,23.08,18969.75,953.00
1425925,20.88,23.07,20448.41,951.00
1428925,20.87,23.09,18481.53,951.00
1431925,20.88,23.07,18490.08,951.00
1434925,20.88,23.05,25941.33,951.00
1437925,20.88,23.08,15347.59,952.00
1440925,20.88,23.07,12025.32,951.00
1443925,20.88,23.04,14718.28,953.00
1446925,20.88,23.04,17780.20,947.00
1449925,20.88,23.04,17542.71,951.00
1452925,20.88,23.00,16665.77,951.00
1455925,20.88,22.99,14219.61,950.00
1458925,20.88,22.99,21411.84,944.00
1461925,20.88,23.04,21225.48,950.00
1464925,20.88,23.05,27429.99,950.00
1467925,20.88,23.07,29145.13,949.00
1470925,20.87,23.04,19657.93,949.00
1473925,20.87,23.04,17827.26,951.00
1476925,20.88,23.04,16162.95,949.00
1479925,20.88,23.07,22565.44,948.00
1482925,20.87,23.11,18741.09,948.00
1485925,20.87,22.99,16753.60,943.00
1488925,20.88,22.99,16133.95,949.00
1491925,20.87,22.99,18626.07,949.00
1494925,20.88,22.98,19389.69,943.00
1497925,20.88,23.03,14915.86,949.00
1500925,20.87,23.02,13579.11,948.00
1503925,20.88,23.04,15636.24,949.00
1506925,20.88,23.02,14600.01,945.00
1509925,20.88,23.00,18634.52,940.00
1512925,20.88,23.00,12383.81,947.00
1515925,20.88,23.00,17307.01,963.00
1518925,20.88,22.98,18551.63,948.00
1521925,20.88,23.00,13723.73,968.00
1524925,20.88,22.98,12671.41,948.00
1527925,20.88,22.95,12211.62,962.00
1530925,20.88,23.00,14793.24,946.00
1533925,20.88,22.95,13566.69,947.00
1536925,20.87,22.94,13558.17,946.00
1539925,20.88,22.93,13786.73,946.00
1542925,20.88,22.93,13096.45,947.00
1545925,20.87,22.95,12274.38,948.00
1548925,20.87,22.95,14256.02,947.00
1551925,20.87,22.95,14967.80,946.00
1554925,20.87,22.97,10996.35,947.00
1557925,20.88,22.95,19025.20,946.00
1560925,20.87,22.94,11877.20,948.00
1563925,20.88,22.93,11884.45,947.00
1566925,20.87,22.97,11884.45,947.00
1569925,20.87,22.94,11884.45,946.00
1576198,20.87,22.93,0.00,948.00
1579198,20.88,22.93,16975.04,949.00
1582198,20.88,22.93,16462.74,946.00
1585198,20.87,22.89,11440.50,947.00
1588198,20.87,22.87,12976.19,947.00
1591198,20.87,22.88,12637.38,937.00
1594198,20.87,22.86,10046.47,946.00
1597198,20.87,22.88,17434.58,946.00
1600198,20.87,22.89,13833.85,944.00
1603198,20.87,22.89,15626.43,946.00
1606198,20.87,22.92,15114.62,967.00
1609198,20.87,22.92,15181.45,945.00
1612198,20.87,22.90,22868.28,945.00
1615198,20.87,22.92,15886.39,946.00
1618198,20.87,22.93,20503.53,941.00
1621198,20.87,22.92,15286.62,945.00
1624198,20.87,22.92,15113.71,946.00
1627198,20.86,22.92,15455.07,945.00
1630198,20.87,22.87,14105.22,936.00
1633198,20.87,22.87,14645.39,945.00
1636198,20.86,22.89,14367.28,945.00
1639198,20.87,22.87,22457.74,945.00
1642198,20.87,22.88,13743.32,945.00
1645198,20.86,22.88,15439.57,944.00
1648198,20.86,22.93,13443.90,944.00
1651198,20.86,22.92,15577.66,946.00
1654198,20.86,22.90,13874.64,946.00
1657198,20.86,22.90,13069.50,945.00
1660198,20.86,22.92,13446.98,945.00
1663198,20.87,22.93,14220.35,945.00
1666198,20.86,22.98,11343.34,944.00
1669198,20.86,23.01,12188.89,945.00
1672198,20.86,22.99,11058.99,945.00
1675198,20.86,22.95,12603.25,945.00
1678198,20.86,22.94,10763.06,944.00
1681198,20.87,22.95,13309.13,944.00
1684198,20.86,22.90,15400.35,944.00
1687198,20.86,22.92,10910.27,945.00
1690198,20.86,22.89,12022.06,944.00
1693198,20.86,22.88,13623.10,944.00
1696198,20.86,22.89,13151.92,945.00
1699198,20.86,22.92,11541.97,945.00
1702198,20.86,22.90,16859.18,944.00
1705198,20.86,22.90,12807.46,945.00
1708198,20.86,22.94,13264.25,945.00
1711198,20.86,22.92,14128.09,946.00
1714198,20.86,22.90,14325.45,945.00
1717198,20.86,22.92,13431.65,944.00
1720198,20.86,22.90,12822.75,946.00
1723198,20.86,22.93,13950.02,946.00
1726198,20.86,22.92,15202.38,947.00
1729198,20.86,22.94,32533.09,946.00
1732198,20.87,22.97,12447.45,946.00
1735198,20.87,22.94,17473.59,946.00
1738198,20.87,22.92,16324.19,946.00
1741198,20.87,22.93,12698.19,945.00
1744198,20.87,22.90,14772.35,946.00
1747198,20.87,22.92,16722.29,945.00
1750198,20.86,22.90,11149.08,947.00
1753198,20.87,22.92,12900.85,946.00
1756198,20.87,22.93,12252.32,946.00
1759198,20.87,22.93,12862.95,947.00
1762198,20.87,22.93,12700.17,945.00
1765198,20.87,22.92,18834.60,947.00
1768198,20.87,22.91,13030.01,946.00
1771198,20.87,22.89,12905.82,945.00
1774198,20.87,22.92,11880.71,940.00
1777198,20.87,22.87,9686.97,946.00
1780198,20.87,22.89,14193.03,947.00
1783198,20.88,22.92,10777.71,946.00
1786198,20.87,22.93,14966.63,946.00
1789198,20.88,22.91,11749.69,947.00
1792198,20.88,22.88,11521.88,946.00
1795198,20.88,22.92,13482.92,946.00
1798198,20.88,22.87,12586.28,947.00
1801198,20.88,22.84,12220.81,947.00
1804198,20.88,22.88,17611.24,949.00
1807198,20.88,22.88,11327.85,948.00
1810198,20.88,22.87,13562.88,947.00
1813198,20.87,22.86,12521.74,947.00
1816198,20.88,22.87,13212.93,947.00
1819198,20.88,22.88,14386.71,946.00
1822198,20.88,22.87,13255.76,946.00
1825198,20.88,22.86,13089.72,945.00
1828198,20.88,22.87,13204.70,947.00
1831198,20.88,22.87,12617.07,942.00
1834198,20.89,22.89,14685.24,947.00
1837198,20.88,22.86,10309.40,940.00
1840198,20.88,22.84,12039.47,943.00
1843198,20.88,22.82,10591.95,947.00
1846198,20.88,22.83,13172.62,946.00
1849198,20.88,22.87,12559.63,946.00
1852198,20.88,22.84,9557.78,948.00
1855198,20.88,22.83,23800.50,947.00
1858198,20.88,22.82,11580.04,948.00
1861198,20.89,22.82,11938.77,948.00
1864198,20.89,22.79,12554.12,947.00
1867198,20.88,22.79,15409.50,948.00
1870198,20.88,22.79,28885.07,965.00
1873198,20.88,22.77,14299.70,947.00
1876198,20.88,22.75,13162.87,947.00
1879198,20.88,22.77,12388.56,947.00
1882198,20.88,22.83,11593.32,946.00
1885198,20.88,22.82,10748.11,946.00
1888198,20.88,22.77,10248.38,947.00
1891198,20.88,22.79,12012.63,947.00
1894198,20.88,22.77,11291.24,946.00
1897198,20.88,22.78,9209.52,945.00
1900198,20.87,22.77,13529.01,947.00
1903198,20.87,22.77,9963.52,947.00
1906198,20.87,22.81,10149.28,948.00
1909198,20.87,22.81,12634.40,947.00
1912198,20.88,22.83,9532.68,948.00
1915198,20.87,22.82,9969.68,948.00
1918198,20.88,22.83,11493.13,948.00
1921198,20.87,22.82,12507.84,947.00
1924198,20.87,22.84,14400.39,948.00
1927198,20.87,22.84,13516.61,948.00
1930198,20.87,22.83,14961.10,949.00
1933198,20.88,22.86,16586.82,949.00
1936198,20.87,22.83,14446.32,948.00
1939198,20.88,22.82,15141.78,949.00
1942198,20.88,22.81,13540.03,948.00
1945198,20.87,22.86,11610.41,950.00
1948198,20.87,22.83,11809.09,944.00
1951198,20.88,22.83,13432.39,949.00
1954198,20.88,22.82,20192.18,948.00
1957198,20.87,22.82,13950.80,948.00
1960198,20.87,22.82,11503.76,948.00
1963198,20.88,22.82,12114.11,948.00
1966198,20.88,22.79,12671.98,949.00
1969198,20.87,22.83,12100.23,949.00
1972198,20.88,22.86,12318.40,949.00
1975198,20.88,22.84,12920.07,950.00
1978198,20.88,22.83,11574.69,950.00
1981198,20.88,22.81,15444.67,949.00
1984198,20.88,22.81,13923.18,950.00
1987198,20.89,22.86,12546.52,949.00
1990198,20.89,22.82,15619.89,950.00
1993198,20.88,22.82,10881.39,949.00
1996198,20.88,22.82,10706.51,957.00
1999198,20.88,22.81,13712.76,949.00
2002198,20.88,22.81,11442.92,949.00
2005198,20.89,22.81,11909.56,950.00
2008198,20.89,22.79,12255.03,949.00
2011198,20.88,22.81,10058.66,950.00
2014198,20.88,22.81,9804.17,950.00
2017198,20.88,22.82,15008.69,950.00
2020198,20.89,22.82,13101.23,950.00
2023198,20.88,22.82,12723.41,950.00
2026198,20.88,22.81,12037.44,950.00
2029198,20.88,22.81,12742.97,950.00
2032198,20.88,22.82,17367.50,950.00
2035198,20.88,22.81,11710.82,950.00
2038198,20.88,22.79,12614.13,949.00
2041198,20.88,22.81,14875.16,950.00
2044198,20.88,22.82,13430.19,950.00
2047198,20.88,22.81,13913.18,949.00
2050198,20.88,22.81,14845.67,950.00
2053198,20.88,22.79,15069.09,949.00
2056198,20.88,22.78,12564.04,949.00
2059198,20.88,22.78,13982.40,949.00
2062198,20.88,22.76,17097.39,950.00
2065198,20.88,22.77,15058.75,951.00
2068198,20.88,22.77,15803.73,950.00
2071198,20.87,22.76,18042.09,950.00
2074198,20.87,22.76,14011.53,950.00
2077198,20.87,22.77,19864.54,950.00
2080198,20.87,22.79,20161.31,951.00
2083198,20.88,22.79,17095.07,949.00
2086198,20.87,22.81,13036.07,951.00
2089198,20.87,22.81,19598.36,949.00
2092198,20.87,22.84,12738.83,951.00
2095198,20.87,22.79,12189.71,951.00
2098198,20.87,22.78,14909.87,950.00
2101198,20.88,22.75,16176.73,950.00
2104198,20.88,22.75,14740.40,951.00
2107198,20.88,22.78,16431.61,950.00
2110198,20.88,22.77,17609.18,951.00
2113198,20.87,22.76,17303.76,951.00
2116198,20.87,22.74,13793.08,951.00
2119198,20.87,22.77,17171.79,951.00
2122198,20.87,22.81,20306.66,950.00
2125198,20.87,22.78,27163.18,951.00
2128198,20.87,22.76,17952.21,950.00
2131198,20.87,22.74,19744.45,951.00
2134198,20.87,22.73,15044.16,950.00
2137198,20.87,22.77,11807.07,950.00
2140198,20.87,22.76,11878.99,950.00
2143198,20.87,22.76,12824.78,951.00
2146198,20.87,22.76,12736.07,951.00
2149198,20.87,22.76,13834.10,951.00
2152198,20.87,22.78,13067.06,951.00
2155198,20.87,22.79,15051.02,949.00
2158198,20.87,22.81,13025.70,951.00
2161198,20.87,22.76,15813.93,952.00
2164198,20.87,22.76,12241.76,950.00
2167198,20.87,22.76,14417.77,952.00
2170198,20.87,22.74,12483.33,951.00
2173198,20.87,22.78,15181.85,952.00
2176198,20.87,22.81,11114.71,951.00
2179198,20.87,22.83,13908.83,951.00
2182198,20.87,22.84,12333.06,945.00
2185198,20.87,22.81,14946.16,952.00
2188198,20.87,22.78,14308.26,952.00
2191198,20.87,22.78,12961.88,952.00
2194198,20.87,22.79,22862.40,951.00
2197198,20.87,22.79,30849.45,951.00
2200198,20.87,22.76,15628.05,952.00
2203198,20.86,22.78,13254.54,952.00
2206198,20.87,22.76,11578.28,952.00
2209198,20.87,22.77,13162.90,951.00
2212198,20.87,22.77,11854.41,972.00
2215198,20.87,22.78,17447.77,953.00
2218198,20.87,22.78,15718.53,952.00
2221198,20.87,22.81,12507.46,952.00
2224198,20.87,22.82,12274.17,952.00
2227198,20.87,22.81,17947.99,951.00
2230198,20.88,22.73,14166.76,945.00
2233198,20.88,22.73,18431.99,952.00
2236198,20.88,22.75,12375.39,952.00
2239198,20.88,22.73,13418.84,953.00
2242198,20.88,22.72,10123.40,953.00
2245198,20.87,22.73,10619.09,952.00
2248198,20.88,22.72,14231.67,952.00
2251198,20.87,22.73,18427.45,952.00
2254198,20.88,22.73,22606.02,952.00
2257198,20.87,22.72,15453.94,953.00
2260198,20.87,22.70,17411.34,952.00
2263198,20.87,22.71,21443.21,953.00
2266198,20.87,22.72,15183.52,952.00
2269198,20.87,22.73,17859.26,952.00
2272198,20.87,22.72,15727.17,952.00
2275198,20.88,22.73,13150.38,952.00
2278198,20.87,22.70,11598.60,963.00
2281198,20.87,22.70,12547.26,952.00
2284198,20.87,22.68,14051.27,952.00
2287198,20.87,22.68,12494.55,952.00
2290198,20.87,22.71,11743.80,952.00
2293198,20.87,22.72,11674.47,953.00
2296198,20.87,22.73,15575.06,952.00
2299198,20.87,22.73,16645.97,953.00
2302198,20.87,22.73,13124.57,952.00
2305198,20.87,22.74,14977.46,952.00
2308198,20.87,22.72,16507.78,953.00
2311198,20.86,22.71,27849.46,953.00
2314198,20.87,22.70,49999.07,952.00
2317198,20.87,22.67,18703.05,953.00
2320198,20.86,22.67,15153.87,953.00
2323198,20.86,22.66,20323.55,952.00
2326198,20.87,22.66,13092.64,953.00
2329198,20.86,22.66,12921.04,952.00
2332198,20.86,22.68,12277.35,953.00
2335198,20.86,22.71,14034.53,952.00
2338198,20.86,22.69,13187.95,954.00
2341198,20.87,22.68,11423.89,953.00
2344198,20.87,22.71,10910.26,953.00
2347198,20.87,22.72,10700.47,954.00
2350198,20.87,22.67,12376.78,953.00
2353198,20.86,22.66,10719.49,953.00
2356198,20.86,22.65,14947.33,953.00
2359198,20.86,22.63,9922.12,953.00
2362198,20.86,22.66,16969.39,946.00
2365198,20.86,22.66,15149.35,953.00
2368198,20.86,22.68,11899.79,953.00
2371198,20.86,22.66,13933.00,953.00
2374198,20.86,22.65,13683.79,953.00
2377198,20.86,22.65,11313.87,953.00
2380198,20.86,22.66,11682.78,953.00
2383198,20.86,22.66,12805.17,954.00
2386198,20.86,22.65,13815.23,954.00
2389198,20.86,22.66,14715.10,954.00
2392198,20.86,22.67,13995.46,953.00
2395198,20.86,22.67,12646.25,954.00
2398198,20.86,22.66,15093.11,954.00
2401198,20.86,22.67,13193.18,954.00
2404198,20.86,22.69,12411.64,952.00
2407198,20.85,22.69,12913.81,954.00
2410198,20.86,22.67,12400.55,953.00
2413198,20.86,22.67,11959.81,952.00
2416198,20.85,22.66,11534.32,954.00
2419198,20.85,22.68,13294.57,954.00
2422198,20.86,22.66,10468.49,954.00
2425198,20.85,22.65,14088.87,954.00
2428198,20.86,22.65,11095.76,961.00
2431198,20.85,22.63,11815.54,954.00
2434198,20.85,22.66,16660.54,953.00
2437198,20.86,22.68,14218.88,954.00
2440198,20.85,22.67,13992.06,954.00
2443198,20.85,22.67,12457.26,973.00
2446198,20.85,22.67,13132.56,946.00
2449198,20.85,22.68,12812.72,955.00
2452198,20.85,22.68,12396.85,954.00
2455198,20.85,22.72,10938.80,953.00
2458198,20.85,22.72,11851.16,953.00
2461198,20.86,22.72,9741.49,954.00
2464198,20.85,22.73,11451.00,953.00
2467198,20.86,22.76,10245.96,955.00
2470198,20.86,22.79,11516.06,954.00
2473198,20.86,22.77,12049.16,951.00
2476198,20.85,22.74,13213.83,955.00
2479198,20.85,22.74,33326.79,955.00
2482198,20.86,22.76,17483.10,954.00
2485198,20.86,22.78,15963.44,954.00
2488198,20.86,22.79,11958.07,954.00
2491198,20.86,22.78,12486.59,954.00
2494198,20.86,22.77,10729.84,954.00
2497198,20.86,22.79,10383.65,970.00
2500198,20.87,22.79,10800.60,954.00
2503198,20.87,22.77,13135.60,954.00
2506198,20.86,22.78,12539.42,954.00
2509198,20.87,22.78,11878.14,954.00
2512198,20.86,22.77,11037.19,955.00
2515198,20.86,22.77,13145.81,955.00
2518198,20.87,22.78,11936.27,954.00
2521198,20.87,22.79,12243.67,954.00
2524198,20.87,22.78,10683.59,945.00
2527198,20.87,22.79,10673.61,955.00
2530198,20.86,22.82,10786.09,954.00
2533198,20.87,22.79,11087.23,955.00
2536198,20.87,22.77,10785.79,954.00
2539198,20.87,22.78,10305.90,947.00
2542198,20.87,22.78,11962.87,955.00
2545198,20.87,22.79,9988.27,955.00
2548198,20.87,22.74,11702.70,955.00
2551198,20.87,22.73,18451.95,954.00
2554198,20.87,22.76,13375.76,954.00
2557198,20.87,22.73,10273.55,955.00
2560198,20.87,22.74,13603.47,955.00
2563198,20.87,22.74,11870.67,955.00
2566198,20.88,22.75,15237.83,954.00
2569198,20.87,22.73,12438.47,954.00
2572198,20.87,22.73,12287.82,953.00
2575198,20.87,22.71,11108.58,954.00
2578198,20.88,22.72,13112.00,955.00
2581198,20.87,22.71,12151.33,955.00
2584198,20.87,22.72,14170.86,956.00
2587198,20.88,22.72,11163.05,967.00
2590198,20.88,22.71,10887.71,954.00
2593198,20.87,22.70,11611.42,954.00
2596198,20.88,22.71,12194.51,955.00
2599198,20.87,22.72,12600.62,955.00
2602198,20.88,22.73,13233.09,955.00
2605198,20.87,22.77,25470.32,955.00
2608198,20.88,22.79,17718.97,955.00
2611198,20.87,22.82,16935.02,954.00
2614198,20.87,22.81,18050.70,955.00
2617198,20.87,22.84,14289.09,956.00
2620198,20.87,22.83,19837.64,955.00
2623198,20.88,22.83,13341.60,956.00
2626198,20.88,22.79,15332.02,956.00
2629198,20.88,22.81,12937.54,955.00
2632198,20.88,22.79,13674.04,955.00
2635198,20.88,22.78,15919.93,956.00
2638198,20.88,22.78,15903.21,955.00
2641198,20.88,22.75,27711.06,956.00
2644198,20.88,22.73,17712.90,954.00
2647198,20.88,22.72,16809.83,955.00
2650198,20.87,22.72,12162.35,955.00
2653198,20.87,22.72,12452.34,955.00
2656198,20.87,22.73,13975.49,954.00
2659198,20.88,22.76,15480.62,955.00
2662198,20.88,22.78,17983.69,974.00
2665198,20.87,22.79,12631.01,955.00
2668198,20.88,22.79,16186.70,954.00
2671198,20.88,22.78,12400.64,954.00
2674198,20.87,22.78,20273.98,955.00
2677198,20.87,22.79,21938.08,956.00
2680198,20.87,22.79,26279.91,955.00
2683198,20.88,22.82,25360.23,955.00
2686198,20.87,22.81,20001.73,955.00
2689198,20.88,22.81,19728.44,955.00
2692198,20.87,22.83,20729.65,955.00
2695198,20.88,22.84,17095.33,955.00
2698198,20.88,22.84,16914.99,954.00
2701198,20.88,22.86,12542.91,955.00
2704198,20.88,22.84,15987.87,956.00
2707198,20.88,22.86,14601.45,956.00
2710198,20.88,22.87,19606.61,956.00
2713198,20.88,22.84,17073.04,957.00
2716198,20.88,22.86,16302.20,956.00
2719198,20.88,22.87,12697.31,956.00
2722198,20.88,22.87,16165.90,955.00
2725198,20.88,22.84,13493.81,956.00
2728198,20.88,22.82,10799.68,956.00
2731198,20.88,22.82,11136.22,955.00
2734198,20.88,22.82,21423.82,973.00
2737198,20.89,22.84,21267.12,954.00
2740198,20.89,22.87,10044.49,956.00
2743198,20.89,22.84,11373.26,956.00
2746198,20.89,22.84,12349.80,946.00
2749198,20.88,22.86,20955.42,954.00
2752198,20.89,22.83,13265.60,956.00
2755198,20.89,22.86,12174.14,956.00
2758198,20.88,22.87,15263.44,956.00
2761198,20.89,22.84,12547.04,957.00
2764198,20.89,22.87,12948.85,956.00
2767198,20.89,22.84,11056.51,956.00
2770198,20.89,22.83,11045.20,955.00
2773198,20.89,22.82,14440.97,956.00
2776198,20.89,22.82,15099.15,955.00
2779198,20.89,22.81,12741.11,956.00
2782198,20.89,22.82,18813.71,956.00
2785198,20.89,22.84,14339.56,956.00
2788198,20.89,22.79,12202.81,956.00
2791198,20.89,22.82,12691.91,956.00
2794198,20.89,22.79,13703.95,956.00
2797198,20.89,22.77,14169.09,956.00
2800198,20.89,22.76,13456.51,956.00
2803198,20.89,22.76,11656.21,956.00
2806198,20.90,22.76,17917.24,957.00
2809198,20.89,22.75,20202.26,956.00
2812198,20.89,22.73,19931.23,956.00
2815198,20.89,22.73,17556.09,955.00
2818198,20.88,22.71,15230.23,955.00
2821198,20.88,22.72,18998.81,956.00
2824198,20.88,22.72,15549.28,949.00
2827198,20.88,22.72,13946.45,955.00
2830198,20.88,22.73,16289.93,956.00
2833198,20.88,22.76,13377.39,955.00
2836198,20.87,22.75,13757.60,954.00
2839198,20.87,22.75,13599.04,956.00
2842198,20.88,22.76,15766.61,956.00
2845198,20.87,22.77,14882.75,956.00
2848198,20.87,22.75,17073.46,956.00
2851198,20.88,22.79,12893.71,956.00
2854198,20.88,22.81,12647.42,955.00
2857198,20.88,22.77,13059.74,956.00
2860198,20.88,22.77,10548.89,955.00
2863198,20.88,22.76,10559.81,956.00
2866198,20.87,22.78,11688.01,956.00
2869198,20.88,22.82,12996.01,945.00
2872198,20.87,22.82,14053.29,955.00
2875198,20.88,22.83,17190.58,957.00
2878198,20.88,22.83,17729.91,956.00
2881198,20.88,22.84,19283.27,956.00
2884198,20.88,22.86,18937.35,957.00
2887198,20.88,22.86,25312.97,957.00
2890198,20.88,22.84,19483.47,956.00
2893198,20.88,22.86,16422.30,957.00
2896198,20.88,22.84,16281.29,957.00
2899198,20.88,22.86,21535.46,957.00
2902198,20.87,22.83,26366.45,956.00
2905198,20.87,22.82,13855.63,956.00
2908198,20.87,22.83,20259.86,956.00
2911198,20.88,22.81,17357.74,957.00
2914198,20.87,22.82,17800.51,957.00
2917198,20.88,22.82,15612.35,956.00
2920198,20.88,22.82,16927.84,957.00
2923198,20.88,22.86,16218.69,957.00
2926198,20.88,22.87,13918.46,955.00
2929198,20.88,22.89,12701.88,957.00
2932198,20.87,22.89,15917.37,957.00
2935198,20.87,22.91,14796.11,957.00
2938198,20.87,22.91,22958.39,957.00
2941198,20.88,22.92,25768.84,968.00
2944198,20.88,22.93,25698.70,956.00
2947198,20.88,22.92,28806.12,957.00
2950198,20.88,22.93,31928.05,957.00
2953198,20.88,22.91,17682.50,957.00
2956198,20.87,22.88,16645.04,957.00
2959198,20.88,22.88,19396.28,958.00
2962198,20.87,22.89,23986.94,958.00
2965198,20.87,22.92,14458.16,957.00
2968198,20.87,22.94,13888.38,957.00
2971198,20.87,22.95,13577.75,957.00
2974198,20.88,22.97,15060.82,957.00
2977198,20.87,22.95,14296.28,957.00
2980198,20.88,22.93,22035.38,957.00
2983198,20.88,22.92,11287.07,958.00
2986198,20.88,22.93,12629.94,958.00
2989198,20.88,22.94,12858.67,957.00
2992198,20.88,22.91,10940.78,957.00
2995198,20.88,22.93,15904.78,973.00
2998198,20.88,22.92,15901.75,957.00
3001198,20.88,22.93,23485.73,957.00
3004198,20.87,22.93,23748.79,957.00
3007198,20.88,22.93,44287.70,958.00
3010198,20.88,22.92,15964.76,957.00
3013198,20.88,22.93,20033.29,958.00
3016198,20.88,22.92,21963.75,958.00
3019198,20.88,22.91,16772.12,958.00
3022198,20.88,22.89,15011.80,959.00
3025198,20.88,22.88,13999.40,957.00
3028198,20.88,22.88,14923.06,977.00
3031198,20.87,22.87,14096.45,955.00
3034198,20.88,22.88,15757.68,958.00
3037198,20.87,22.87,17957.00,958.00
3040198,20.87,22.87,15690.47,957.00
3043198,20.87,22.87,20364.12,957.00
3046198,20.87,22.89,21497.19,949.00
3049198,20.87,22.91,18921.33,957.00
3052198,20.88,22.88,18647.51,959.00
3055198,20.87,22.90,18782.98,958.00
3058198,20.87,22.92,12019.88,958.00
3061198,20.87,22.89,18706.17,958.00
3064198,20.88,22.87,12732.48,958.00
3067198,20.87,22.87,14833.30,958.00
3070198,20.87,22.87,15260.87,958.00
3073198,20.87,22.86,17382.68,957.00
3076198,20.87,22.86,15797.13,954.00
3079198,20.87,22.86,17534.26,958.00
3082198,20.87,22.84,16372.17,957.00
3085198,20.87,22.84,20319.99,957.00
3088198,20.87,22.84,14446.03,957.00
3091198,20.87,22.87,16510.03,958.00
3094198,20.87,22.88,20660.20,954.00
3097198,20.87,22.89,18133.65,958.00
3100198,20.87,22.89,17830.65,958.00
3103198,20.87,22.92,16190.31,958.00
3106198,20.87,22.93,21592.28,969.00
3109198,20.87,22.93,21052.83,958.00
3112198,20.87,22.94,15304.68,957.00
3115198,20.87,22.93,21432.74,958.00
3118198,20.87,22.92,23966.15,957.00
3121198,20.87,22.94,19969.65,957.00
3124198,20.87,22.97,21173.40,958.00
3127198,20.87,22.95,18427.91,957.00
3130198,20.87,22.94,14904.16,958.00
3133198,20.87,22.93,19215.09,957.00
3136198,20.87,22.93,14833.39,958.00
3139198,20.87,22.93,14889.37,958.00
3142198,20.87,22.93,11881.54,957.00
3145198,20.87,22.94,18940.55,958.00
3148198,20.87,22.94,17337.22,958.00
3151198,20.87,22.94,15605.83,957.00
3154198,20.87,22.95,15638.06,956.00
3157198,20.87,22.95,16383.54,977.00
3160198,20.87,22.97,13455.99,958.00
3163198,20.87,22.97,16293.71,958.00
3166198,20.87,23.02,13549.41,957.00
3169198,20.87,22.99,28489.29,957.00
3172198,20.87,23.00,17803.81,957.00
3175198,20.87,23.00,15967.64,947.00
3178198,20.87,22.98,15929.31,957.00
3181198,20.88,22.98,11776.50,957.00
3184198,20.87,22.97,14965.93,958.00
3187198,20.87,22.97,13883.66,957.00
3190198,20.88,22.98,15217.20,958.00
3193198,20.87,22.98,20035.58,954.00
3196198,20.88,22.98,19617.33,957.00
3199198,20.87,22.98,17568.28,958.00
3202198,20.87,23.00,12489.07,956.00
3205198,20.87,22.98,16268.59,947.00
3208198,20.87,22.98,18275.46,958.00
3211198,20.87,23.00,19270.20,956.00
3214198,20.87,22.99,18011.64,957.00
3217198,20.88,23.00,14183.62,956.00
3220198,20.88,23.00,15098.17,957.00
3223198,20.87,22.99,15583.22,956.00
3226198,20.88,23.00,16920.98,957.00
3229198,20.88,23.02,15506.26,957.00
3232198,20.88,23.03,16265.69,957.00
3235198,20.88,23.03,15069.85,957.00
3238198,20.88,23.04,14553.85,957.00
3241198,20.88,23.04,14842.83,958.00
3244198,20.88,23.05,22729.16,956.00
3247198,20.88,23.05,16978.00,958.00
3250198,20.87,23.05,18561.38,957.00
3253198,20.88,23.05,19513.75,957.00
3256198,20.88,23.04,18495.61,957.00
3259198,20.87,23.00,19689.76,957.00
3262198,20.87,22.99,17940.45,957.00
3265198,20.88,22.99,17318.76,958.00
3268198,20.88,22.99,23299.11,957.00
3271198,20.87,23.00,20605.41,956.00
3274198,20.88,23.04,21583.72,976.00
3277198,20.88,23.05,30987.24,957.00
3280198,20.88,23.02,21625.37,957.00
3283198,20.88,22.99,30919.11,957.00
3286198,20.88,23.03,21270.19,957.00
3289198,20.88,23.00,26243.93,958.00
3292198,20.87,23.00,20568.22,958.00
3295198,20.88,23.03,21308.22,956.00
3298198,20.88,22.99,13574.89,958.00
3301198,20.87,22.97,15655.63,958.00
3304198,20.88,23.00,17908.87,958.00
3307198,20.88,22.99,16500.66,958.00
3310198,20.88,23.03,13707.37,958.00
3313198,20.89,23.05,12528.74,957.00
3316198,20.88,23.03,13841.12,957.00
3319198,20.88,23.00,15276.12,958.00
3322198,20.88,22.98,18640.94,965.00
3325198,20.88,22.99,24110.77,958.00
3328198,20.88,23.02,17074.70,958.00
3331198,20.88,23.00,13403.28,957.00
3334198,20.88,23.00,11431.22,958.00
3337198,20.88,23.03,13923.03,959.00
3340198,20.89,23.04,13826.70,958.00
3343198,20.89,23.05,11718.25,958.00
3346198,20.89,23.05,20676.26,958.00
3349198,20.89,23.04,15710.36,966.00
3352198,20.89,23.03,13766.98,958.00
3355198,20.89,23.03,16030.95,958.00
3358198,20.89,23.00,17624.65,959.00
3361198,20.89,22.97,19104.56,959.00
3364198,20.89,22.94,15228.92,959.00
3367198,20.89,22.96,12563.80,958.00
3370198,20.89,22.97,14671.39,958.00
3373198,20.89,22.98,17961.64,957.00
3376198,20.89,22.98,12760.12,958.00
3379198,20.89,23.03,15413.11,959.00
3382198,20.89,23.03,14901.74,958.00
3385198,20.89,23.03,16432.80,958.00
3388198,20.89,23.00,14470.08,959.00
3391198,20.89,23.00,13372.16,960.00
3394198,20.89,23.00,12038.63,958.00
3397198,20.89,23.02,18292.21,958.00
3400198,20.90,23.00,13248.48,959.00
3403198,20.89,23.04,12843.81,959.00
3406198,20.89,23.00,12704.45,959.00
3409198,20.90,23.02,17748.84,959.00
3412198,20.89,22.99,15050.08,959.00
3415198,20.89,22.98,11561.73,959.00
3418198,20.89,22.97,12964.66,959.00
3421198,20.89,22.97,12287.76,958.00
3424198,20.89,22.97,12296.29,957.00
3427198,20.89,22.97,14541.05,959.00
3430198,20.89,22.94,14408.93,975.00
3433198,20.88,22.92,13290.35,959.00
3436198,20.89,22.91,19268.25,959.00
3439198,20.88,22.93,15086.72,959.00
3442198,20.88,22.92,14173.11,960.00
3445198,20.89,22.93,15580.62,959.00
3448198,20.89,22.92,14437.35,960.00
3451198,20.89,22.92,14726.79,959.00
3454198,20.88,22.91,14547.74,959.00
3457198,20.89,22.92,17203.13,960.00
3460198,20.89,22.93,14357.20,959.00
3463198,20.89,22.97,15220.84,959.00
3466198,20.88,22.98,18045.82,960.00
3469198,20.88,23.00,21623.75,959.00
3472198,20.89,22.97,19300.53,960.00
3475198,20.89,22.96,16173.82,950.00
3478198,20.89,22.99,18926.18,959.00
3481198,20.88,22.99,15189.49,959.00
3484198,20.89,22.96,16792.21,960.00
3487198,20.89,22.97,17112.32,959.00
3490198,20.89,22.94,14300.52,957.00
3493198,20.90,22.94,15150.59,959.00
3496198,20.89,22.94,12613.61,960.00
3499198,20.89,22.94,14527.09,959.00
3502198,20.89,22.93,12579.14,960.00
3505198,20.89,22.91,12865.09,959.00
3508198,20.89,22.91,14240.13,960.00
3511198,20.90,22.89,15949.58,959.00
3514198,20.89,22.89,15036.37,959.00
3517198,20.89,22.88,21553.05,959.00
3520198,20.89,22.87,16688.46,959.00
3523198,20.89,22.88,12516.70,960.00
3526198,20.90,22.93,16841.81,959.00
3529198,20.90,22.92,17550.26,959.00
3532198,20.89,22.89,18602.05,958.00
3535198,20.89,22.86,15499.44,960.00
3538198,20.89,22.86,17467.80,957.00
3541198,20.89,22.86,17218.73,960.00
3544198,20.89,22.86,26699.23,960.00
3547198,20.89,22.86,25177.35,960.00
3550198,20.90,22.87,33172.19,960.00
3553198,20.89,22.88,25462.42,959.00
3556198,20.89,22.84,21146.02,959.00
3559198,20.89,22.84,15949.85,960.00
3562198,20.89,22.86,18466.80,960.00
3565198,20.89,22.87,18065.02,960.00
3568198,20.90,22.88,16540.79,960.00
3571198,20.89,22.86,18635.78,960.00
3574198,20.89,22.88,18231.09,959.00
3577198,20.89,22.87,27792.42,960.00
3580198,20.90,22.88,14527.08,960.00
3583198,20.89,22.93,19517.09,959.00
3586198,20.90,22.93,16651.62,960.00
3589198,20.90,22.93,15223.39,960.00
3592198,20.90,22.91,21198.33,959.00
3595198,20.89,22.89,14980.88,961.00
3598198,20.89,22.89,16154.88,960.00
3601198,20.89,22.88,17325.26,960.00
3604198,20.89,22.87,22215.88,960.00
3607198,20.89,22.89,16306.95,960.00
3610198,20.89,22.87,14076.77,969.00
3613198,20.89,22.86,17723.59,953.00
3616198,20.89,22.86,15425.73,953.00
3619198,20.89,22.87,15793.42,960.00
3622198,20.89,22.84,13687.23,959.00
3625198,20.89,22.84,21173.03,959.00
3628198,20.89,22.86,23674.09,959.00
3631198,20.89,22.86,17906.92,961.00
3634198,20.89,22.87,19115.51,961.00
3637198,20.89,22.89,17243.95,960.00
3640198,20.90,22.91,16163.33,960.00
3643198,20.89,22.91,15547.44,960.00
3646198,20.89,22.89,12867.09,959.00
3649198,20.89,22.91,13468.91,960.00
3652198,20.89,22.93,20124.71,960.00
3655198,20.90,22.96,31424.69,952.00
3658198,20.90,22.96,15228.26,960.00
3661198,20.90,22.97,22711.74,961.00
3664198,20.89,22.96,18448.72,960.00
3667198,20.90,22.93,16362.76,959.00
3670198,20.90,22.93,14082.01,959.00
3673198,20.89,22.92,14614.42,960.00
3676198,20.90,22.93,15816.25,959.00
3679198,20.90,22.93,16170.02,960.00
3682198,20.90,22.94,19721.94,960.00
3685198,20.91,22.96,15085.31,960.00
3688198,20.90,22.93,27409.72,960.00
3691198,20.91,22.92,49929.36,959.00
3694198,20.90,22.88,16241.02,960.00
3697198,20.91,22.89,14947.05,960.00
3700198,20.90,22.89,16461.91,960.00
3703198,20.90,22.89,13421.23,961.00
3706198,20.91,22.88,13715.26,960.00
3709198,20.91,22.88,10663.22,960.00
3712198,20.91,22.87,15116.10,960.00
3715198,20.91,22.84,20624.76,961.00
3718198,20.91,22.86,36113.87,960.00
3721198,20.90,22.86,17897.71,961.00
3724198,20.91,22.84,27660.67,960.00
3727198,20.90,22.84,28024.10,960.00
3730198,20.90,22.84,13858.51,959.00
3733198,20.91,22.83,12947.03,960.00
3736198,20.90,22.82,17036.09,959.00
3739198,20.90,22.82,12667.36,960.00
3742198,20.90,22.84,14844.24,962.00
3745198,20.90,22.84,13422.39,960.00
3748198,20.90,22.86,15177.00,961.00
3751198,20.90,22.89,18677.30,960.00
3754198,20.90,22.91,16220.47,960.00
3757198,20.90,22.91,17650.43,960.00
3760198,20.90,22.92,16011.73,960.00
3763198,20.90,22.93,25116.72,960.00
3766198,20.91,22.94,18454.75,961.00
3769198,20.91,22.94,19026.32,960.00
3772198,20.91,22.92,17321.90,961.00
3775198,20.92,22.91,24962.82,960.00
3778198,20.91,22.89,19341.69,961.00
3781198,20.91,22.88,14483.95,968.00
3784198,20.92,22.91,16721.99,961.00
3787198,20.91,22.92,14215.69,961.00
3790198,20.92,22.89,17964.23,961.00
3793198,20.92,22.89,15167.79,960.00
3796198,20.91,22.88,15434.71,961.00
3799198,20.91,22.84,11691.05,961.00
3802198,20.91,22.85,15361.29,952.00
3805198,20.91,22.83,18740.54,961.00
3808198,20.91,22.82,15565.59,962.00
3811198,20.91,22.83,14312.89,960.00
3814198,20.90,22.83,12875.28,960.00
3817198,20.90,22.83,15972.31,960.00
3820198,20.90,22.83,13596.55,954.00
3823198,20.90,22.84,19444.18,961.00
3826198,20.90,22.84,16583.35,960.00
3829198,20.91,22.82,19304.94,961.00
3832198,20.90,22.82,14585.66,961.00
3835198,20.90,22.81,12653.99,960.00
3838198,20.90,22.82,19374.63,960.00
3841198,20.90,22.81,17013.62,960.00
3844198,20.90,22.82,25415.03,960.00
3847198,20.89,22.82,19429.24,961.00
3850198,20.90,22.83,16593.67,961.00
3853198,20.90,22.84,13826.37,960.00
3856198,20.90,22.84,13972.84,961.00
3859198,20.90,22.84,13547.34,961.00
3862198,20.90,22.84,15936.10,960.00
3865198,20.90,22.82,15361.04,961.00
3868198,20.90,22.81,14279.75,962.00
3871198,20.90,22.78,14953.91,961.00
3874198,20.90,22.79,14327.41,960.00
3877198,20.90,22.78,13922.92,959.00
3880198,20.90,22.77,13741.96,961.00
3883198,20.90,22.79,12185.04,961.00
3886198,20.90,22.81,15381.48,961.00
3889198,20.90,22.79,11102.58,954.00
3892198,20.90,22.78,20355.13,961.00
3895198,20.90,22.75,17075.76,962.00
3898198,20.90,22.79,15008.39,961.00
3901198,20.90,22.81,21059.34,961.00
3904198,20.90,22.80,17470.23,962.00
3907198,20.90,22.80,17491.72,961.00
3910198,20.90,22.79,16651.71,960.00
3913198,20.89,22.76,14640.44,961.00
3916198,20.89,22.75,15103.56,962.00
3919198,20.90,22.76,14885.21,961.00
3922198,20.90,22.77,12658.24,960.00
3925198,20.90,22.76,23907.93,960.00
3928198,20.90,22.75,27787.63,960.00
3931198,20.89,22.75,15949.90,960.00
3934198,20.89,22.75,17595.28,961.00
3937198,20.90,22.72,19006.67,976.00
3940198,20.89,22.68,23708.01,961.00
3943198,20.90,22.68,18829.77,962.00
3946198,20.89,22.70,15907.97,961.00
3949198,20.89,22.73,16478.30,957.00
3952198,20.89,22.70,13402.51,961.00
3955198,20.89,22.70,23769.65,962.00
3958198,20.89,22.66,16360.71,962.00
3961198,20.90,22.66,19515.74,961.00
3964198,20.89,22.65,23322.00,961.00
3967198,20.89,22.66,12794.78,960.00
3970198,20.89,22.63,19360.13,961.00
3973198,20.89,22.65,22810.37,952.00
3976198,20.89,22.63,22910.52,961.00
3979198,20.89,22.61,18099.60,961.00
3982198,20.89,22.63,19445.89,960.00
3985198,20.89,22.66,17305.39,961.00
3988198,20.89,22.65,21900.51,961.00
3991198,20.89,22.67,18513.94,961.00
3994198,20.89,22.68,18584.49,980.00
3997198,20.89,22.63,16996.82,954.00
4000198,20.89,22.62,18302.47,961.00
4003198,20.89,22.60,18242.30,961.00
4006198,20.89,22.59,14506.80,961.00
4009198,20.89,22.59,15634.86,961.00
4012198,20.89,22.60,16534.96,961.00
4015198,20.89,22.62,14155.58,962.00
4018198,20.89,22.63,12023.52,961.00
4021198,20.90,22.62,12519.11,961.00
4024198,20.90,22.67,13103.59,968.00
4027198,20.89,22.63,13524.76,961.00
4030198,20.90,22.63,14092.37,961.00
4033198,20.90,22.65,13415.62,962.00
4036198,20.90,22.65,14747.57,961.00
4039198,20.90,22.65,17470.11,961.00
4042198,20.90,22.62,17556.56,962.00
4045198,20.90,22.60,13881.06,962.00
4048198,20.90,22.61,14355.33,961.00
4051198,20.90,22.63,17930.81,960.00
4054198,20.90,22.61,17667.63,961.00
4057198,20.90,22.61,15701.43,961.00
4060198,20.90,22.60,13077.31,961.00
4063198,20.90,22.60,17487.82,962.00
4066198,20.90,22.57,14933.76,962.00
4069198,20.89,22.59,17495.00,961.00
4072198,20.89,22.57,16278.53,960.00
4075198,20.90,22.55,15817.07,961.00
4078198,20.90,22.54,17505.27,969.00
4081198,20.89,22.52,21062.62,961.00
4084198,20.89,22.54,20272.21,961.00
4087198,20.89,22.51,15949.19,974.00
4090198,20.89,22.50,14284.00,962.00
4093198,20.89,22.51,16718.08,961.00
4096198,20.88,22.49,14699.84,962.00
4099198,20.89,22.51,20009.88,962.00
4102198,20.89,22.52,17731.83,961.00
4105198,20.89,22.55,21052.72,970.00
4108198,20.88,22.55,22915.51,961.00
4111198,20.88,22.54,18059.95,961.00
4114198,20.88,22.55,16587.86,962.00
4117198,20.89,22.56,27748.69,961.00
4120198,20.89,22.55,20852.59,961.00
4123198,20.89,22.56,19073.41,962.00
4126198,20.89,22.60,20871.41,961.00
4129198,20.89,22.55,16810.08,962.00
4132198,20.89,22.56,14464.89,962.00
4135198,20.88,22.54,13737.52,962.00
4138198,20.89,22.52,17046.16,963.00
4141198,20.88,22.50,18895.63,962.00
4144198,20.89,22.52,17443.53,962.00
4147198,20.88,22.50,20145.53,981.00
4150198,20.89,22.49,12372.14,980.00
4153198,20.88,22.50,19073.16,962.00
4156198,20.89,22.51,15073.23,962.00
4159198,20.88,22.49,12757.38,962.00
4162198,20.88,22.51,12907.24,961.00
4165198,20.88,22.51,10706.52,962.00
4168198,20.88,22.52,10869.21,961.00
4171198,20.88,22.54,11733.84,961.00
4174198,20.89,22.50,14944.59,960.00
4177198,20.89,22.51,12985.68,962.00
4180198,20.88,22.54,12983.47,962.00
4183198,20.89,22.51,14481.90,961.00
4186198,20.89,22.50,13758.53,962.00
4189198,20.89,22.52,15237.37,962.00
4192198,20.88,22.51,13404.25,962.00
4195198,20.88,22.49,13767.83,962.00
4198198,20.89,22.47,11274.71,961.00
4201198,20.88,22.46,11940.90,961.00
4204198,20.89,22.49,12246.89,962.00
4207198,20.88,22.51,13687.31,964.00
4210198,20.89,22.50,17341.09,962.00
4213198,20.88,22.49,15683.64,962.00
4216198,20.89,22.49,18338.88,962.00
4219198,20.88,22.51,14539.91,963.00
4222198,20.88,22.51,15936.85,962.00
4225198,20.88,22.51,21149.65,962.00
4228198,20.88,22.50,18400.90,961.00
4231198,20.88,22.51,28584.63,962.00
4234198,20.88,22.50,27563.06,962.00
4237198,20.88,22.51,23855.73,961.00
4240198,20.88,22.51,20966.83,963.00
4243198,20.88,22.51,17073.90,962.00
4246198,20.88,22.54,24980.84,963.00
4249198,20.88,22.51,32064.78,962.00
4252198,20.88,22.47,19060.50,963.00
4255198,20.88,22.47,28016.75,962.00
4258198,20.89,22.50,24168.96,962.00
4261198,20.88,22.51,29379.53,961.00
4264198,20.88,22.51,37047.52,962.00
4267198,20.88,22.51,25774.76,961.00
4270198,20.88,22.52,21595.24,973.00
4273198,20.88,22.50,17192.11,962.00
4276198,20.88,22.51,20692.97,962.00
4279198,20.88,22.50,24494.54,962.00
4282198,20.88,22.52,15232.49,961.00
4285198,20.88,22.49,14527.02,960.00
4288198,20.88,22.49,18043.65,962.00
4291198,20.89,22.49,11200.57,962.00
4294198,20.88,22.47,14344.21,963.00
4297198,20.88,22.46,19882.40,959.00
4300198,20.88,22.51,14156.47,963.00
4303198,20.89,22.49,14016.96,962.00
4306198,20.89,22.47,25996.17,963.00
4309198,20.89,22.46,18851.15,963.00
4312198,20.89,22.46,13749.38,962.00
4315198,20.89,22.49,16039.95,963.00
4318198,20.89,22.46,15501.07,963.00
4321198,20.89,22.45,15944.14,962.00
4324198,20.89,22.47,21866.21,962.00
4327198,20.89,22.51,24284.34,956.00
4330198,20.89,22.50,25338.66,962.00
4333198,20.89,22.51,21355.06,961.00
4336198,20.89,22.52,21800.85,962.00
4339198,20.90,22.54,15843.91,962.00
4342198,20.90,22.54,25292.25,962.00
4345198,20.89,22.54,21474.14,963.00
4348198,20.89,22.52,19596.72,953.00
4351198,20.90,22.51,33359.64,962.00
4354198,20.89,22.50,20539.41,962.00
4357198,20.89,22.47,18309.90,963.00
4360198,20.90,22.49,32568.10,963.00
4363198,20.90,22.50,23112.82,963.00
4366198,20.90,22.51,19510.76,962.00
4369198,20.90,22.50,16614.31,962.00
4372198,20.89,22.52,45148.29,964.00
4375198,20.89,22.52,27606.91,962.00
4378198,20.90,22.55,16684.45,963.00
4381198,20.89,22.54,16859.48,960.00
4384198,20.89,22.55,17367.18,962.00
4387198,20.89,22.54,22216.96,962.00
4390198,20.89,22.55,14290.05,962.00
4393198,20.89,22.55,33053.30,961.00
4396198,20.89,22.55,23497.56,963.00
4399198,20.89,22.56,21602.96,963.00
4402198,20.89,22.59,13298.75,963.00
4405198,20.89,22.59,12508.38,953.00
4408198,20.89,22.59,18911.98,963.00
4411198,20.90,22.56,23567.09,963.00
4414198,20.89,22.55,18444.03,963.00
4417198,20.89,22.56,10860.21,962.00
4420198,20.89,22.56,17018.67,963.00
4423198,20.88,22.58,23710.67,963.00
4426198,20.89,22.59,22919.10,963.00
4429198,20.89,22.59,48611.60,974.00
4432198,20.89,22.56,29439.23,963.00
4435198,20.89,22.59,32090.75,963.00
4438198,20.88,22.57,21985.60,962.00
4441198,20.89,22.57,34821.15,962.00
4444198,20.89,22.57,26166.44,956.00
4447198,20.89,22.59,23265.13,962.00
4450198,20.89,22.57,36128.11,962.00
4453198,20.89,22.56,25687.23,963.00
4456198,20.89,22.56,22946.18,963.00
4459198,20.89,22.56,23694.14,962.00
4462198,20.89,22.57,33899.30,962.00
4465198,20.89,22.57,21028.95,963.00
4468198,20.89,22.57,31289.43,963.00
4471198,20.89,22.57,20095.23,963.00
4474198,20.89,22.60,13518.14,972.00
4477198,20.89,22.60,20146.80,963.00
4480198,20.89,22.57,22238.99,962.00
4483198,20.89,22.57,14974.55,963.00
4486198,20.89,22.57,14407.97,964.00
4489198,20.89,22.57,19730.65,964.00
4492198,20.89,22.59,22836.14,959.00
4495198,20.89,22.60,20525.28,958.00
4498198,20.89,22.59,17207.72,962.00
4501198,20.89,22.59,21370.59,963.00
4504198,20.90,22.57,27908.72,963.00
4507198,20.89,22.60,16364.19,962.00
4510198,20.90,22.61,24595.67,963.00
4513198,20.89,22.61,19252.46,974.00
4516198,20.89,22.62,17937.22,963.00
4519198,20.89,22.60,26032.62,963.00
4522198,20.90,22.61,14204.06,964.00
4525198,20.90,22.60,20931.07,964.00
4528198,20.89,22.59,12918.52,964.00
4531198,20.90,22.60,22184.24,964.00
4534198,20.89,22.60,22515.74,963.00
4537198,20.90,22.56,14843.21,964.00
4540198,20.89,22.55,23064.44,964.00
4543198,20.90,22.57,19766.23,983.00
4546198,20.89,22.57,16010.28,964.00
4549198,20.90,22.59,9092.80,963.00
4552198,20.90,22.57,16294.65,963.00
4555198,20.89,22.59,16960.92,963.00
4558198,20.90,22.57,20747.59,963.00
4561198,20.89,22.56,19213.72,963.00
4564198,20.90,22.56,17838.60,963.00
4567198,20.89,22.56,23427.68,963.00
4570198,20.90,22.55,18326.13,964.00
4573198,20.89,22.57,16499.45,963.00
4576198,20.90,22.56,18590.16,964.00
4579198,20.90,22.57,22164.96,964.00
4582198,20.90,22.56,16877.99,963.00
4585198,20.90,22.59,19434.75,964.00
4588198,20.90,22.57,20978.86,964.00
4591198,20.90,22.60,17677.86,963.00
4594198,20.90,22.60,20136.33,964.00
4597198,20.90,22.57,17330.58,963.00
4600198,20.90,22.56,18867.50,963.00
4603198,20.90,22.55,22452.38,963.00
4606198,20.90,22.55,25094.82,963.00
4609198,20.90,22.54,14056.23,963.00
4612198,20.91,22.55,18314.03,963.00
4615198,20.90,22.55,21912.81,964.00
4618198,20.90,22.56,30536.33,963.00
4621198,20.90,22.56,18892.42,964.00
4624198,20.90,22.55,17297.35,963.00
4627198,20.90,22.56,19910.14,965.00
4630198,20.90,22.60,17032.67,965.00
4633198,20.91,22.62,17800.43,964.00
4636198,20.90,22.61,18553.03,964.00
4639198,20.91,22.60,20159.00,964.00
4642198,20.90,22.59,17491.64,963.00
4645198,20.90,22.59,15386.27,973.00
4648198,20.90,22.59,23672.97,964.00
4651198,20.90,22.61,14778.95,964.00
4654198,20.90,22.60,21562.47,964.00
4657198,20.90,22.59,16646.86,964.00
4660198,20.90,22.60,20094.78,963.00
4663198,20.90,22.62,18531.46,964.00
4666198,20.91,22.64,23973.85,964.00
4669198,20.91,22.62,18722.14,964.00
4672198,20.91,22.61,13426.60,964.00
4675198,20.91,22.61,20551.18,964.00
4678198,20.91,22.60,14591.35,964.00
4681198,20.91,22.60,16546.97,963.00
4684198,20.91,22.61,14585.90,964.00
4687198,20.91,22.62,13577.01,964.00
4690198,20.91,22.62,14758.97,964.00
4693198,20.91,22.64,19242.50,964.00
4696198,20.91,22.61,14425.70,964.00
4699198,20.91,22.64,25051.60,965.00
4702198,20.91,22.61,15253.73,964.00
4705198,20.91,22.61,14545.40,964.00
4708198,20.91,22.61,12898.32,964.00
4711198,20.91,22.59,15029.86,964.00
4714198,20.91,22.59,27533.42,963.00
4717198,20.91,22.59,21847.64,963.00
4720198,20.91,22.59,13827.03,964.00
4723198,20.90,22.61,13889.32,963.00
4726198,20.91,22.60,16134.90,964.00
4729198,20.91,22.60,16981.53,964.00
4732198,20.91,22.59,16560.27,964.00
4735198,20.90,22.57,15677.17,965.00
4738198,20.90,22.56,19318.28,964.00
4741198,20.90,22.59,19009.98,983.00
4744198,20.90,22.57,13989.10,963.00
4747198,20.90,22.59,16373.19,964.00
4750198,20.90,22.56,23087.61,965.00
4753198,20.90,22.59,16667.11,964.00
4756198,20.90,22.56,15555.01,965.00
4759198,20.90,22.60,18191.76,965.00
4762198,20.90,22.56,17493.98,965.00
4765198,20.90,22.52,19615.34,964.00
4768198,20.91,22.55,19209.67,964.00
4771198,20.90,22.54,15810.59,964.00
4774198,20.90,22.54,21150.04,964.00
4777198,20.90,22.51,13568.86,963.00
4780198,20.89,22.51,15676.72,962.00
4783198,20.90,22.54,16146.80,962.00
4786198,20.90,22.54,11473.40,964.00
4789198,20.89,22.54,24677.27,965.00
4792198,20.90,22.56,19381.30,964.00
4795198,20.89,22.56,13749.18,965.00
4798198,20.90,22.56,30436.58,964.00
4801198,20.90,22.56,20204.49,965.00
4804198,20.90,22.59,18232.15,964.00
4807198,20.90,22.59,15307.27,965.00
4810198,20.90,22.57,13115.88,965.00
4813198,20.91,22.60,13551.42,965.00
4816198,20.91,22.61,15910.24,964.00
4819198,20.91,22.60,13415.49,964.00
4822198,20.91,22.60,14598.31,964.00
4825198,20.90,22.60,29442.94,964.00
4828198,20.90,22.61,18784.58,964.00
4831198,20.91,22.62,17987.20,963.00
4834198,20.91,22.62,21325.16,964.00
4837198,20.91,22.59,26061.63,964.00
4840198,20.91,22.60,18754.01,964.00
4843198,20.90,22.59,24067.04,964.00
4846198,20.90,22.55,17787.30,965.00
4849198,20.90,22.54,16933.98,966.00
4852198,20.90,22.52,16634.49,965.00
4855198,20.91,22.51,13909.93,965.00
4858198,20.91,22.51,13900.84,965.00
4861198,20.90,22.50,23804.03,958.00
4864198,20.91,22.50,21850.12,965.00
4867198,20.90,22.50,30432.77,965.00
4870198,20.90,22.49,14678.68,964.00
4873198,20.90,22.50,11746.68,965.00
4876198,20.90,22.49,15379.63,973.00
4879198,20.90,22.50,18584.97,964.00
4882198,20.90,22.49,28540.24,964.00
4885198,20.89,22.47,16915.70,964.00
4888198,20.89,22.46,15476.58,964.00
4891198,20.90,22.45,16227.42,964.00
4894198,20.90,22.47,12108.62,964.00
4897198,20.90,22.49,15539.42,965.00
4900198,20.90,22.49,19786.01,964.00
4903198,20.89,22.51,36188.11,965.00
4906198,20.89,22.52,16522.95,964.00
4909198,20.89,22.52,12966.47,965.00
4912198,20.90,22.54,14993.25,965.00
4915198,20.90,22.54,16582.04,965.00
4918198,20.89,22.54,14914.75,965.00
4921198,20.90,22.55,49418.61,965.00
4924198,20.90,22.54,18104.27,966.00
4927198,20.90,22.50,18901.95,965.00
4930198,20.89,22.52,14063.68,987.00
4933198,20.90,22.55,16150.33,965.00
4936198,20.90,22.55,23205.51,965.00
4939198,20.90,22.52,24009.02,965.00
4942198,20.90,22.52,22066.39,964.00
4945198,20.90,22.54,20758.91,964.00
4948198,20.90,22.54,15124.28,962.00
4951198,20.90,22.52,17018.88,965.00
4954198,20.90,22.51,15017.41,965.00
4957198,20.90,22.51,18395.41,959.00
4960198,20.90,22.54,17268.03,965.00
4963198,20.90,22.54,14224.14,965.00
4966198,20.90,22.55,19705.19,965.00
4969198,20.91,22.52,13630.82,965.00
4972198,20.90,22.54,16079.46,965.00
4975198,20.90,22.51,17488.48,965.00
4978198,20.90,22.51,16627.21,966.00
4981198,20.91,22.52,17457.53,965.00
4984198,20.91,22.51,22317.71,984.00
4987198,20.91,22.51,16317.58,966.00
4990198,20.91,22.51,20267.69,965.00
4993198,20.91,22.52,23747.78,965.00
4996198,20.91,22.54,28324.52,965.00
4999198,20.91,22.54,17577.53,965.00
5002198,20.91,22.54,19678.94,965.00
5005198,20.91,22.51,16291.15,965.00
5008198,20.92,22.51,16104.70,965.00
5011198,20.91,22.50,13283.56,965.00
5014198,20.92,22.51,14165.80,965.00
5017198,20.92,22.53,17999.17,965.00
5020198,20.91,22.53,21553.68,965.00
5023198,20.91,22.54,20807.74,965.00
5026198,20.91,22.51,16200.25,965.00
5029198,20.91,22.51,21620.42,965.00
5032198,20.91,22.49,15719.79,965.00
5035198,20.92,22.50,18831.17,965.00
5038198,20.92,22.51,16840.75,965.00
5041198,20.92,22.51,16792.35,966.00
5044198,20.92,22.49,15960.32,966.00
5047198,20.91,22.49,14545.61,965.00
5050198,20.92,22.50,12539.89,965.00
5053198,20.92,22.53,14914.45,966.00
5056198,20.92,22.51,13711.67,965.00
5059198,20.92,22.50,18811.36,965.00
5062198,20.91,22.48,15238.28,965.00
5065198,20.92,22.50,18814.74,966.00
5068198,20.92,22.48,19510.40,965.00
5071198,20.91,22.46,19368.21,965.00
5074198,20.92,22.46,21977.59,966.00
5077198,20.92,22.46,23721.86,963.00
5080198,20.92,22.45,12203.55,966.00
5083198,20.91,22.43,13115.42,965.00
5086198,20.91,22.44,19123.98,964.00
5089198,20.91,22.45,25446.69,966.00
5092198,20.92,22.45,23188.02,967.00
5095198,20.92,22.49,23341.30,966.00
5098198,20.91,22.50,18309.94,985.00
5101198,20.91,22.51,18763.64,965.00
5104198,20.91,22.52,27083.91,966.00
5107198,20.92,22.55,24840.76,964.00
5110198,20.92,22.54,16557.85,965.00
5113198,20.92,22.51,14284.51,966.00
5116198,20.92,22.51,11230.17,965.00
5119198,20.92,22.50,16103.13,966.00
5122198,20.92,22.51,16402.79,965.00
5125198,20.92,22.49,15801.77,966.00
5128198,20.92,22.48,14199.47,966.00
5131198,20.92,22.48,16312.88,966.00
5134198,20.92,22.45,15322.42,966.00
5137198,20.92,22.45,16810.22,966.00
5140198,20.92,22.46,21706.37,966.00
5143198,20.92,22.45,15234.61,966.00
5146198,20.92,22.44,12863.27,966.00
5149198,20.92,22.45,11808.38,966.00
5152198,20.92,22.44,23802.35,966.00
5155198,20.92,22.43,20314.57,956.00
5158198,20.92,22.41,22517.54,966.00
5161198,20.92,22.41,24291.59,966.00
5164198,20.92,22.41,18357.29,965.00
5167198,20.92,22.41,13842.27,966.00
5170198,20.92,22.40,15074.74,966.00
5173198,20.92,22.41,13220.12,966.00
5176198,20.92,22.40,17774.53,966.00
5179198,20.92,22.40,15922.43,965.00
5182198,20.92,22.40,18609.89,966.00
5185198,20.91,22.43,13826.54,967.00
5188198,20.91,22.44,17199.13,965.00
5191198,20.92,22.44,15965.77,966.00
5194198,20.91,22.44,16662.37,965.00
5197198,20.91,22.44,18624.54,967.00
5200198,20.92,22.44,14540.82,966.00
5203198,20.92,22.43,20079.21,966.00
5206198,20.92,22.44,15045.94,967.00
5209198,20.91,22.44,21574.10,966.00
5212198,20.92,22.41,15584.81,967.00
5215198,20.91,22.41,16658.26,966.00
5218198,20.91,22.41,14438.28,966.00
5221198,20.91,22.46,16328.50,965.00
5224198,20.91,22.46,14180.48,966.00
5227198,20.91,22.46,17552.07,965.00
5230198,20.91,22.45,16349.38,966.00
5233198,20.91,22.45,20721.02,966.00
5236198,20.91,22.45,20210.60,965.00
5239198,20.91,22.46,18086.09,967.00
5242198,20.91,22.48,21177.59,966.00
5245198,20.91,22.45,16956.47,966.00
5248198,20.91,22.48,13755.72,966.00
5251198,20.91,22.45,17864.42,967.00
5254198,20.91,22.46,13871.48,967.00
5257198,20.92,22.46,15963.45,967.00
5260198,20.91,22.46,24871.02,966.00
5263198,20.92,22.49,21466.25,964.00
5266198,20.92,22.49,19707.73,963.00
5269198,20.91,22.50,17214.55,966.00
5272198,20.91,22.51,19306.04,967.00
5275198,20.91,22.53,16532.00,967.00
5278198,20.92,22.54,17766.61,966.00
5281198,20.92,22.55,16360.60,967.00
5284198,20.91,22.55,18085.49,967.00
5287198,20.92,22.53,18850.49,966.00
5290198,20.92,22.53,13156.66,966.00
5293198,20.92,22.51,12750.87,966.00
5296198,20.92,22.49,15729.30,967.00
5299198,20.92,22.48,13747.69,967.00
5302198,20.92,22.50,14377.02,967.00
5305198,20.92,22.51,12417.63,964.00
5308198,20.92,22.51,13916.55,967.00
5311198,20.92,22.50,12781.83,967.00
5314198,20.92,22.49,14570.00,967.00
5317198,20.92,22.50,13723.87,956.00
5320198,20.92,22.50,12081.81,967.00
5323198,20.93,22.48,12394.44,967.00
5326198,20.92,22.46,16673.75,967.00
5329198,20.92,22.48,15613.09,968.00
5332198,20.92,22.46,11958.95,967.00
5335198,20.92,22.46,11367.41,966.00
5338198,20.93,22.49,12814.40,967.00
5341198,20.92,22.45,13783.45,967.00
5344198,20.93,22.43,11787.85,966.00
5347198,20.92,22.44,12905.53,967.00
5350198,20.93,22.43,12262.56,966.00
5353198,20.92,22.44,14380.53,967.00
5356198,20.92,22.45,13566.45,967.00
5359198,20.92,22.46,16190.45,967.00
5362198,20.92,22.49,15514.90,967.00
5365198,20.93,22.49,14284.44,967.00
5368198,20.92,22.46,11380.13,967.00
5371198,20.93,22.44,12533.95,967.00
5374198,20.92,22.41,14772.81,967.00
5377198,20.93,22.42,15602.71,967.00
5380198,20.93,22.43,12848.72,985.00
5383198,20.92,22.43,17885.73,967.00
5386198,20.92,22.41,15062.27,967.00
5389198,20.92,22.40,13368.02,966.00
5392198,20.92,22.39,25275.75,967.00
5395198,20.92,22.39,20041.69,965.00
5398198,20.92,22.40,12493.31,967.00
5401198,20.92,22.39,14422.25,967.00
5404198,20.91,22.40,13498.66,968.00
5407198,20.91,22.39,15440.22,968.00
5410198,20.91,22.39,15265.76,967.00
5413198,20.92,22.43,16370.35,968.00
5416198,20.92,22.40,17138.79,967.00
5419198,20.92,22.40,12981.39,967.00
5422198,20.92,22.43,13355.42,967.00
5425198,20.92,22.38,10905.28,968.00
5428198,20.92,22.34,20572.53,968.00
5431198,20.92,22.35,17975.81,967.00
5434198,20.92,22.37,13157.29,967.00
5437198,20.93,22.37,17071.58,968.00
5440198,20.93,22.37,14698.83,968.00
5443198,20.93,22.35,15757.04,968.00
5446198,20.93,22.35,13343.55,967.00
5449198,20.92,22.33,15765.62,967.00
5452198,20.92,22.33,13509.39,967.00
5455198,20.93,22.34,13007.64,967.00
5458198,20.93,22.33,12301.72,967.00
5461198,20.93,22.34,12215.65,979.00
5464198,20.92,22.34,16049.05,978.00
5467198,20.92,22.33,11470.22,967.00
5470198,20.92,22.33,12950.90,967.00
5473198,20.92,22.37,15968.23,967.00
5476198,20.92,22.35,13458.06,968.00
5479198,20.92,22.35,16796.28,967.00
5482198,20.92,22.34,12405.32,960.00
5485198,20.92,22.37,14022.35,968.00
5488198,20.92,22.35,14837.16,967.00
5491198,20.92,22.34,11820.60,968.00
5494198,20.92,22.35,12069.10,966.00
5497198,20.92,22.38,13739.71,967.00
5500198,20.92,22.38,13471.10,967.00
5503198,20.92,22.37,10486.39,967.00
5506198,20.93,22.35,12621.77,967.00
5509198,20.92,22.37,14715.03,967.00
5512198,20.92,22.35,12692.01,967.00
5515198,20.92,22.38,16157.71,966.00
5518198,20.93,22.40,15251.26,960.00
5521198,20.92,22.41,12160.70,967.00
5524198,20.92,22.43,12461.43,969.00
5527198,20.92,22.43,13862.15,967.00
5530198,20.92,22.39,11681.21,967.00
5533198,20.93,22.37,21150.55,967.00
5536198,20.93,22.38,12804.29,967.00
5539198,20.93,22.38,9974.79,967.00
5542198,20.93,22.38,13401.75,967.00
5545198,20.93,22.38,11627.70,967.00
5548198,20.93,22.35,12581.42,967.00
5551198,20.93,22.37,13577.15,967.00
5554198,20.93,22.34,16914.76,959.00
5557198,20.93,22.37,11682.30,986.00
5560198,20.93,22.37,11180.38,967.00
5563198,20.92,22.38,10715.48,967.00
5566198,20.93,22.37,10527.80,966.00
5569198,20.93,22.40,14733.00,985.00
5572198,20.94,22.40,15030.65,967.00
5575198,20.94,22.40,15497.08,967.00
5578198,20.93,22.39,16903.88,967.00
5581198,20.93,22.38,14109.92,968.00
5584198,20.94,22.39,13471.87,968.00
5587198,20.93,22.38,17062.42,967.00
5590198,20.94,22.39,18770.43,968.00
5593198,20.93,22.39,16959.55,979.00
5596198,20.93,22.40,17007.34,967.00
5599198,20.93,22.40,13238.24,967.00
5602198,20.93,22.42,14311.31,967.00
5605198,20.94,22.43,10920.78,967.00
5608198,20.94,22.39,12356.62,967.00
5611198,20.94,22.39,11058.26,986.00
5614198,20.94,22.38,14303.80,967.00
5617198,20.93,22.40,13910.71,966.00
5620198,20.93,22.39,12995.34,967.00
5623198,20.94,22.38,18678.38,967.00
5626198,20.94,22.37,14453.31,967.00
5629198,20.94,22.38,12837.28,967.00
5632198,20.94,22.37,11983.77,968.00
5635198,20.95,22.35,12046.82,967.00
5638198,20.95,22.35,14084.85,967.00
5641198,20.94,22.34,13070.12,966.00
5644198,20.94,22.34,11111.88,968.00
5647198,20.94,22.33,10751.92,960.00
5650198,20.94,22.30,10438.44,967.00
5653198,20.94,22.35,11419.11,967.00
5656198,20.94,22.35,11726.12,967.00
5659198,20.94,22.33,12574.64,967.00
5662198,20.94,22.34,12652.04,967.00
5665198,20.94,22.33,15788.82,967.00
5668198,20.94,22.33,15806.41,967.00
5671198,20.94,22.33,24187.82,966.00
5674198,20.94,22.32,16501.36,966.00
5677198,20.94,22.35,21408.59,965.00
5680198,20.94,22.35,25742.02,966.00
5683198,20.94,22.35,40848.14,966.00
5686198,20.94,22.34,35311.56,967.00
5689198,20.94,22.35,26722.39,966.00
5692198,20.94,22.35,15558.84,966.00
5695198,20.94,22.34,22460.83,966.00
5698198,20.94,22.34,13281.01,967.00
5701198,20.94,22.34,11178.67,966.00
5704198,20.93,22.35,12929.05,967.00
5707198,20.93,22.35,20603.69,967.00
5710198,20.94,22.34,13867.87,967.00
5713198,20.94,22.34,11478.45,967.00
5716198,20.94,22.38,18581.95,967.00
5719198,20.94,22.35,15479.49,966.00
5722198,20.93,22.33,15175.07,966.00
5725198,20.93,22.32,14956.95,967.00
5728198,20.93,22.33,16454.57,966.00
5731198,20.93,22.35,19083.13,967.00
5734198,20.93,22.34,22305.61,966.00
5737198,20.94,22.34,19507.87,966.00
5740198,20.93,22.35,27137.47,966.00
5743198,20.94,22.34,21241.12,966.00
5746198,20.94,22.30,22982.63,967.00
5749198,20.94,22.30,15960.23,967.00
5752198,20.93,22.32,21349.39,967.00
5755198,20.93,22.29,18428.87,967.00
5758198,20.94,22.29,15590.16,967.00
5761198,20.94,22.30,24087.77,967.00
5764198,20.93,22.30,17772.12,967.00
5767198,20.94,22.30,13856.86,967.00
5770198,20.94,22.32,18523.64,967.00
5773198,20.93,22.32,13346.79,967.00
5776198,20.94,22.32,10990.61,966.00
5779198,20.94,22.33,11126.64,966.00
5782198,20.93,22.30,12685.52,966.00
5785198,20.93,22.29,10920.18,966.00
5788198,20.94,22.28,11063.05,967.00
5791198,20.94,22.30,12129.06,966.00
5794198,20.94,22.32,14571.99,966.00
5797198,20.93,22.30,17889.16,966.00
5800198,20.94,22.28,15456.08,966.00
5803198,20.93,22.28,12062.10,985.00
5806198,20.94,22.28,12356.08,965.00
5809198,20.94,22.29,26732.30,966.00
5812198,20.93,22.29,21812.39,965.00
5815198,20.93,22.28,13047.86,966.00
5818198,20.93,22.28,17704.61,966.00
5821198,20.93,22.29,15932.81,966.00
5824198,20.94,22.29,18675.06,966.00
5827198,20.93,22.29,21467.76,968.00
5830198,20.93,22.27,15410.75,966.00
5833198,20.93,22.27,13598.20,965.00
5836198,20.93,22.28,14688.68,965.00
5839198,20.93,22.28,13003.05,962.00
5842198,20.93,22.28,13018.65,965.00
5845198,20.93,22.27,18770.04,976.00
5848198,20.93,22.29,15787.22,966.00
5851198,20.93,22.30,12568.95,966.00
5854198,20.93,22.29,14874.52,966.00
5857198,20.93,22.30,11577.60,959.00
5860198,20.93,22.29,16985.47,966.00
5863198,20.92,22.32,15360.84,967.00
5866198,20.93,22.29,22026.28,965.00
5869198,20.93,22.30,37651.36,965.00
5872198,20.93,22.32,13519.79,966.00
5875198,20.93,22.32,12872.72,965.00
5878198,20.93,22.30,12466.56,964.00
5881198,20.94,22.30,15260.42,965.00
5884198,20.94,22.32,13791.95,965.00
5887198,20.93,22.30,11557.43,965.00
5890198,20.94,22.33,10992.12,976.00
5893198,20.94,22.35,13591.92,964.00
5896198,20.94,22.34,14697.20,965.00
5899198,20.94,22.33,13205.85,964.00
5902198,20.94,22.32,11339.17,964.00
5905198,20.94,22.30,10517.29,964.00
5908198,20.94,22.30,14031.53,965.00
5911198,20.94,22.33,12201.62,965.00
5914198,20.94,22.35,11627.77,964.00
5917198,20.94,22.37,13745.50,964.00
5920198,20.94,22.35,11961.14,964.00
5923198,20.94,22.34,13938.50,965.00
5926198,20.94,22.34,12917.67,964.00
5929198,20.94,22.37,16604.21,964.00
5932198,20.94,22.34,19369.26,964.00
5935198,20.94,22.33,21018.84,964.00
5938198,20.94,22.34,15447.57,964.00
5941198,20.94,22.34,14335.04,965.00
5944198,20.95,22.35,18934.10,964.00
5947198,20.95,22.35,15686.97,964.00
5950198,20.94,22.37,14186.27,963.00
5953198,20.94,22.34,18012.42,964.00
5956198,20.94,22.33,19962.57,964.00
5959198,20.94,22.35,17492.86,964.00
5962198,20.94,22.37,16337.12,964.00
5965198,20.95,22.35,16241.92,965.00
5968198,20.94,22.34,13157.57,965.00
5971198,20.94,22.34,16380.10,966.00
5974198,20.94,22.35,14617.31,965.00
5977198,20.95,22.30,13524.57,962.00
5980198,20.95,22.30,18061.79,965.00
5983198,20.95,22.29,16951.38,966.00
5986198,20.95,22.30,17884.21,966.00
5989198,20.94,22.29,16806.79,965.00
5992198,20.94,22.28,16618.42,965.00
5995198,20.95,22.30,14525.43,966.00
5998198,20.95,22.30,15499.62,966.00
6001198,20.95,22.29,20472.97,965.00
6004198,20.95,22.29,13522.03,965.00
6007198,20.94,22.27,14246.09,966.00
6010198,20.94,22.27,12925.85,965.00
6013198,20.94,22.28,14636.49,965.00
6016198,20.94,22.29,17161.06,965.00
6019198,20.94,22.28,14836.73,965.00
6022198,20.94,22.27,15433.25,966.00
6025198,20.94,22.26,15132.20,965.00
6028198,20.95,22.27,18261.98,959.00
6031198,20.94,22.27,12950.39,965.00
6034198,20.94,22.25,14580.60,966.00
6037198,20.94,22.29,14037.22,966.00
6040198,20.94,22.28,14912.76,965.00
6043198,20.94,22.24,25939.49,966.00
6046198,20.94,22.24,17776.44,965.00
6049198,20.93,22.24,15662.14,966.00
6052198,20.94,22.24,15467.98,966.00
6055198,20.94,22.27,15713.70,966.00
6058198,20.94,22.29,15393.07,966.00
6061198,20.94,22.27,14015.75,966.00
6064198,20.94,22.25,15171.84,966.00
6067198,20.94,22.26,17655.68,966.00
6070198,20.94,22.27,14691.76,966.00
6073198,20.94,22.26,13748.74,966.00
6076198,20.94,22.24,14723.94,966.00
6079198,20.94,22.24,14504.29,966.00
6082198,20.94,22.24,11718.16,967.00
6085198,20.94,22.23,18643.22,967.00
6088198,20.94,22.23,16881.92,964.00
6091198,20.94,22.24,13366.61,966.00
6094198,20.94,22.23,13664.42,966.00
6097198,20.94,22.23,13676.62,967.00
6100198,20.93,22.23,12372.46,967.00
6103198,20.94,22.23,14813.15,966.00
6106198,20.95,22.26,18504.02,955.00
6109198,20.94,22.24,12855.38,966.00
6112198,20.94,22.24,15751.97,966.00
6115198,20.94,22.24,13842.64,966.00
6118198,20.95,22.23,12313.93,966.00
6121198,20.94,22.26,16378.00,966.00
6124198,20.95,22.23,13798.13,965.00
6127198,20.94,22.22,11199.29,966.00
6130198,20.94,22.22,13769.03,965.00
6133198,20.94,22.23,12947.35,966.00
6136198,20.94,22.25,12274.30,966.00
6139198,20.94,22.27,13546.88,966.00
6142198,20.94,22.22,14045.23,978.00
6145198,20.94,22.22,13177.96,967.00
6148198,20.94,22.24,12792.15,958.00
6151198,20.94,22.24,11600.74,957.00
6154198,20.94,22.24,12204.57,964.00
6157198,20.95,22.23,11377.32,967.00
6160198,20.94,22.21,21494.52,966.00
6163198,20.94,22.18,11886.17,966.00
6166198,20.94,22.18,12036.93,985.00
6169198,20.94,22.19,13067.05,966.00
6172198,20.94,22.22,13333.56,966.00
6175198,20.94,22.22,14546.53,965.00
6178198,20.94,22.23,18709.12,967.00
6181198,20.94,22.21,26398.83,967.00
6184198,20.94,22.23,14832.68,966.00
6187198,20.94,22.21,15937.46,967.00
6190198,20.94,22.22,14296.93,967.00
6193198,20.94,22.23,18301.00,967.00
6196198,20.94,22.23,18742.19,966.00
6199198,20.94,22.23,17881.33,967.00
6202198,20.94,22.24,15290.96,967.00
6205198,20.94,22.24,13140.15,966.00
6208198,20.94,22.23,14083.18,967.00
6211198,20.93,22.22,22715.92,967.00
6214198,20.94,22.22,12027.94,967.00
6217198,20.93,22.22,13202.28,967.00
6220198,20.94,22.23,12425.55,967.00
6223198,20.94,22.22,11961.14,967.00
6226198,20.94,22.21,16172.13,978.00
6229198,20.94,22.19,14251.81,967.00
6232198,20.94,22.22,14281.32,967.00
6235198,20.94,22.22,11554.99,966.00
6238198,20.94,22.23,11955.34,960.00
6241198,20.94,22.23,12103.32,966.00
6244198,20.93,22.22,14376.26,985.00
6247198,20.93,22.24,15290.41,967.00
6250198,20.93,22.23,10519.63,966.00
6253198,20.93,22.24,13354.58,966.00
6256198,20.93,22.23,16482.92,967.00
6259198,20.93,22.23,15357.88,966.00
6262198,20.93,22.24,13988.07,967.00
6265198,20.93,22.24,13700.14,967.00
6268198,20.93,22.23,15758.01,967.00
6271198,20.93,22.24,16068.88,967.00
6274198,20.93,22.24,13579.93,967.00
6277198,20.93,22.27,11716.60,967.00
6280198,20.93,22.27,12939.42,968.00
6283198,20.93,22.27,12004.70,967.00
6286198,20.93,22.28,12181.36,967.00
6289198,20.93,22.28,13026.37,968.00
6292198,20.94,22.29,12572.44,967.00
6295198,20.93,22.30,21540.35,967.00
6298198,20.92,22.29,13840.18,966.00
6301198,20.93,22.29,16693.56,966.00
6304198,20.92,22.30,12712.70,967.00
6307198,20.92,22.32,15625.47,965.00
6310198,20.94,22.34,14397.91,967.00
6313198,20.93,22.34,13173.06,966.00
6316198,20.93,22.33,12991.61,967.00
6319198,20.92,22.32,17283.67,967.00
6322198,20.92,22.34,13434.58,967.00
6325198,20.93,22.34,12422.13,967.00
6328198,20.92,22.34,13246.16,967.00
6331198,20.92,22.37,15208.30,967.00
6334198,20.93,22.37,17614.51,967.00
6337198,20.92,22.37,12631.41,961.00
6340198,20.93,22.38,15940.82,966.00
6343198,20.93,22.40,12261.12,968.00
6346198,20.93,22.39,17458.26,967.00
6349198,20.93,22.37,11889.66,967.00
6352198,20.93,22.38,13606.47,955.00
6355198,20.93,22.38,14925.16,967.00
6358198,20.94,22.37,13068.77,966.00
6361198,20.94,22.34,13158.68,966.00
6364198,20.93,22.34,13011.17,966.00
6367198,20.93,22.35,12891.49,966.00
6370198,20.93,22.34,13601.82,967.00
6373198,20.94,22.35,13690.10,966.00
6376198,20.93,22.35,15284.00,967.00
6379198,20.94,22.34,12664.87,967.00
6382198,20.94,22.34,11969.10,966.00
6385198,20.94,22.34,12899.23,967.00
6388198,20.94,22.33,15114.33,967.00
6391198,20.93,22.32,12750.59,967.00
6394198,20.92,22.33,13791.28,986.00
6397198,20.93,22.34,14133.68,955.00
6400198,20.92,22.34,11734.95,967.00
6403198,20.92,22.35,11552.75,966.00
6406198,20.93,22.34,11249.68,967.00
6409198,20.92,22.34,14773.66,967.00
6412198,20.92,22.34,15565.24,967.00
6415198,20.93,22.34,15325.94,966.00
6418198,20.92,22.35,13651.43,966.00
6421198,20.93,22.35,19501.46,966.00
6424198,20.92,22.37,16775.28,965.00
6427198,20.92,22.35,13133.01,966.00
6430198,20.92,22.35,15476.18,966.00
6433198,20.92,22.35,22018.88,965.00
6436198,20.92,22.35,15155.01,967.00
6439198,20.92,22.35,12229.61,967.00
6442198,20.93,22.37,17803.83,967.00
6445198,20.92,22.35,12102.63,968.00
6448198,20.92,22.35,10744.32,967.00
6451198,20.93,22.37,15506.71,986.00
6454198,20.92,22.35,20149.02,966.00
6457198,20.92,22.35,15407.66,967.00
6460198,20.92,22.37,12020.69,967.00
6463198,20.93,22.38,11886.54,966.00
6466198,20.92,22.38,11892.45,967.00
6469198,20.92,22.37,12094.12,967.00
6472198,20.92,22.35,10769.99,966.00
6475198,20.92,22.34,13678.13,966.00
6478198,20.92,22.33,10502.24,965.00
6481198,20.92,22.32,9814.55,967.00
6484198,20.92,22.35,13166.08,966.00
6487198,20.92,22.37,12482.01,966.00
6490198,20.91,22.37,13975.68,967.00
6493198,20.92,22.37,11393.66,966.00
6496198,20.92,22.37,11413.63,965.00
6499198,20.92,22.38,14880.51,966.00
6502198,20.92,22.37,11960.08,968.00
6505198,20.92,22.38,10802.70,966.00
6508198,20.91,22.38,12224.12,966.00
6511198,20.92,22.37,10214.57,966.00
6514198,20.92,22.37,10402.89,966.00
6517198,20.91,22.37,12683.52,966.00
6520198,20.91,22.36,12122.42,967.00
6523198,20.92,22.39,12680.42,967.00
6526198,20.91,22.39,11715.49,966.00
6529198,20.91,22.35,14350.53,966.00
6532198,20.91,22.35,12496.67,965.00
6535198,20.91,22.38,12416.66,965.00
6538198,20.91,22.36,12658.49,978.00
6541198,20.91,22.34,13807.00,959.00
6544198,20.91,22.33,16786.73,966.00
6547198,20.91,22.33,12272.84,966.00
6550198,20.91,22.36,14996.63,966.00
6553198,20.91,22.36,15414.96,966.00
6556198,20.91,22.36,12029.65,978.00
6559198,20.91,22.35,15302.44,966.00
6562198,20.91,22.35,14515.88,967.00
6565198,20.90,22.35,15915.67,966.00
6568198,20.91,22.36,15681.83,966.00
6571198,20.91,22.36,20834.54,966.00
6574198,20.91,22.38,20839.83,967.00
6577198,20.91,22.38,13283.48,966.00
6580198,20.90,22.36,14397.90,966.00
6583198,20.91,22.38,15042.05,967.00
6586198,20.91,22.40,13538.82,955.00
6589198,20.91,22.40,11374.27,965.00
6592198,20.91,22.38,10815.52,966.00
6595198,20.91,22.39,18586.64,966.00
6598198,20.90,22.39,16638.79,966.00
6601198,20.91,22.39,15862.69,954.00
6604198,20.91,22.39,14938.15,966.00
6607198,20.91,22.40,12099.62,967.00
6610198,20.91,22.39,14147.64,967.00
6613198,20.91,22.40,14835.94,967.00
6616198,20.91,22.41,15087.80,966.00
6619198,20.91,22.41,13197.94,967.00
6622198,20.91,22.43,13022.24,967.00
6625198,20.91,22.43,24093.49,966.00
6628198,20.91,22.45,24974.86,966.00
6631198,20.91,22.45,15611.87,966.00
6634198,20.91,22.45,13033.92,966.00
6637198,20.91,22.46,15279.36,966.00
6640198,20.91,22.46,17305.44,966.00
6643198,20.90,22.45,12500.16,966.00
6646198,20.91,22.45,12745.77,967.00
6649198,20.91,22.46,13106.18,966.00
6652198,20.91,22.46,13946.93,966.00
6655198,20.91,22.46,14861.10,966.00
6658198,20.91,22.48,18301.66,965.00
6661198,20.91,22.48,19967.36,967.00
6664198,20.91,22.50,17662.05,966.00
6667198,20.91,22.49,18727.60,966.00
6670198,20.90,22.49,17666.13,966.00
6673198,20.91,22.48,17473.94,956.00
6676198,20.91,22.48,18150.16,966.00
6679198,20.90,22.47,15126.35,966.00
6682198,20.90,22.47,15631.55,966.00
6685198,20.90,22.47,16596.49,966.00
6688198,20.90,22.47,16541.86,966.00
6691198,20.90,22.46,21274.22,967.00
6694198,20.90,22.49,20123.08,966.00
6697198,20.90,22.49,15546.54,966.00
6700198,20.90,22.49,16768.17,965.00
6703198,20.90,22.49,14795.14,958.00
6706198,20.90,22.51,16967.76,966.00
6709198,20.90,22.51,21582.99,966.00
6712198,20.90,22.52,15593.44,966.00
6715198,20.90,22.52,17642.38,966.00
6718198,20.91,22.52,14634.00,967.00
6721198,20.91,22.52,16462.67,966.00
6724198,20.90,22.54,17881.33,966.00
6727198,20.90,22.55,48842.63,966.00
6730198,20.90,22.54,28571.50,967.00
6733198,20.90,22.56,19312.13,966.00
6736198,20.91,22.56,13549.18,966.00
6739198,20.90,22.59,25528.70,965.00
6742198,20.90,22.60,18654.22,966.00
6745198,20.90,22.60,15444.89,966.00
6748198,20.90,22.62,17221.40,965.00
6751198,20.90,22.61,16466.68,966.00
6754198,20.90,22.61,17339.32,965.00
6757198,20.90,22.61,14282.94,966.00
6760198,20.91,22.61,14596.52,966.00
6763198,20.91,22.61,15224.39,966.00
6766198,20.91,22.62,14950.32,966.00
6769198,20.91,22.61,12511.37,966.00
6772198,20.91,22.62,16259.28,967.00
6775198,20.91,22.61,16149.67,966.00
6778198,20.91,22.61,15664.79,966.00
6781198,20.91,22.61,17110.86,966.00
6784198,20.92,22.60,16005.60,966.00
6787198,20.91,22.61,13946.57,961.00
6790198,20.92,22.60,15450.01,958.00
6793198,20.91,22.61,15844.04,966.00
6796198,20.91,22.61,12822.05,966.00
6799198,20.92,22.62,20116.85,985.00
6802198,20.91,22.61,16916.28,965.00
6805198,20.91,22.61,14374.13,965.00
6808198,20.91,22.61,12912.41,966.00
6811198,20.91,22.60,15811.70,965.00
6814198,20.91,22.61,15507.21,965.00
6817198,20.91,22.60,16112.37,965.00
6820198,20.90,22.62,18629.43,965.00
6823198,20.91,22.62,16814.90,966.00
6826198,20.90,22.62,13491.10,967.00
6829198,20.91,22.64,12718.18,966.00
6832198,20.91,22.66,16150.83,967.00
6835198,20.91,22.65,15124.71,966.00
6838198,20.90,22.65,11883.75,966.00
6841198,20.90,22.66,14576.24,966.00
6844198,20.90,22.65,10909.53,966.00
6847198,20.90,22.65,14023.51,966.00
6850198,20.90,22.65,10956.35,966.00
6853198,20.90,22.65,11882.22,967.00
6856198,20.90,22.65,16444.94,965.00
6859198,20.90,22.65,19286.22,966.00
6862198,20.90,22.66,15747.68,965.00
6865198,20.90,22.65,14378.58,965.00
6868198,20.90,22.65,12943.81,985.00
6871198,20.90,22.66,19795.51,966.00
6874198,20.90,22.67,26370.84,964.00
6877198,20.90,22.65,15273.09,966.00
6880198,20.90,22.66,11992.84,967.00
6883198,20.90,22.67,16964.57,966.00
6886198,20.90,22.67,13207.15,966.00
6889198,20.89,22.68,17864.76,966.00
6892198,20.90,22.70,12208.07,967.00
6895198,20.90,22.71,12696.26,966.00
6898198,20.90,22.71,19181.37,966.00
6901198,20.89,22.71,11800.65,967.00
6904198,20.90,22.72,16465.53,966.00
6907198,20.89,22.73,15023.40,967.00
6910198,20.90,22.73,16447.43,966.00
6913198,20.90,22.75,15780.19,965.00
6916198,20.90,22.75,19613.98,966.00
6919198,20.90,22.77,15758.35,965.00
6922198,20.90,22.78,15514.34,967.00
6925198,20.90,22.77,14043.15,966.00
6928198,20.90,22.78,12983.27,966.00
6931198,20.90,22.81,13141.02,966.00
6934198,20.90,22.80,13775.91,967.00
6937198,20.90,22.78,14872.72,966.00
6940198,20.90,22.78,15355.10,966.00
6943198,20.90,22.78,13483.49,966.00
6946198,20.90,22.77,11969.10,965.00
6949198,20.90,22.80,11032.71,966.00
6952198,20.90,22.78,11860.39,966.00
6955198,20.90,22.76,12072.10,964.00
6958198,20.90,22.77,14745.20,965.00
6961198,20.90,22.77,15882.07,988.00
6964198,20.91,22.77,17199.52,966.00
6967198,20.91,22.78,18420.04,965.00
6970198,20.90,22.77,19373.64,966.00
6973198,20.91,22.77,13777.47,965.00
6976198,20.91,22.76,12929.22,966.00
6979198,20.91,22.76,20354.46,959.00
6982198,20.91,22.73,17571.60,967.00
6985198,20.91,22.73,15554.95,967.00
6988198,20.90,22.73,21266.30,965.00
6991198,20.90,22.76,14041.59,967.00
6994198,20.91,22.77,18390.95,966.00
6997198,20.91,22.77,18344.06,967.00
7000198,20.91,22.75,14364.46,966.00
7003198,20.91,22.75,14141.61,965.00
7006198,20.92,22.75,11435.59,959.00
7009198,20.92,22.75,15005.08,966.00
7012198,20.91,22.76,13719.69,967.00
7015198,20.91,22.76,12849.10,966.00
7018198,20.91,22.77,13371.26,967.00
7021198,20.91,22.76,11547.97,967.00
7024198,20.91,22.73,13322.29,966.00
7027198,20.91,22.72,13059.68,966.00
7030198,20.91,22.75,15060.29,966.00
7033198,20.92,22.75,14249.84,966.00
7036198,20.92,22.73,12322.46,966.00
7039198,20.92,22.72,14504.19,967.00
7042198,20.91,22.72,17554.38,966.00
7045198,20.91,22.73,19656.88,966.00
7048198,20.91,22.73,17204.61,967.00
7051198,20.91,22.75,15129.29,958.00
7054198,20.91,22.73,16524.06,966.00
7057198,20.91,22.73,17370.98,966.00
7060198,20.91,22.72,14017.58,966.00
7063198,20.90,22.72,13183.33,966.00
7066198,20.91,22.72,17446.48,967.00
7069198,20.90,22.72,13583.07,959.00
7072198,20.91,22.72,13516.79,966.00
7075198,20.91,22.73,15201.34,966.00
7078198,20.90,22.73,13335.13,967.00
7081198,20.91,22.73,12319.62,966.00
7084198,20.91,22.73,11944.53,966.00
7087198,20.91,22.76,12860.46,967.00
7090198,20.91,22.76,11820.69,966.00
7093198,20.91,22.78,12031.40,966.00
7096198,20.91,22.75,13787.07,966.00
7099198,20.91,22.75,10587.44,965.00
7102198,20.91,22.76,14125.55,965.00
7105198,20.91,22.76,15358.17,966.00
7108198,20.90,22.77,13616.88,967.00
7111198,20.90,22.77,12842.93,966.00
7114198,20.90,22.78,13583.29,967.00
7117198,20.90,22.80,13402.05,967.00
7120198,20.91,22.78,15636.77,966.00
7123198,20.90,22.77,13092.39,960.00
7126198,20.90,22.80,14675.29,967.00
7129198,20.90,22.78,21734.34,966.00
7132198,20.91,22.77,17827.89,967.00
7135198,20.90,22.77,16466.40,960.00
7138198,20.90,22.77,15052.78,966.00
7141198,20.90,22.76,13999.40,967.00
7144198,20.91,22.77,16770.84,973.00
7147198,20.90,22.77,13185.62,966.00
7150198,20.90,22.78,12658.16,975.00
7153198,20.90,22.77,16746.20,967.00
7156198,20.90,22.76,16729.91,966.00
7159198,20.90,22.78,16741.45,967.00
7162198,20.90,22.80,13073.26,967.00
7165198,20.90,22.78,15389.73,966.00
7168198,20.90,22.76,16508.45,967.00
7171198,20.90,22.76,14334.50,967.00
7174198,20.90,22.78,15852.81,966.00
7177198,20.90,22.77,17838.08,968.00
7180198,20.90,22.76,21629.04,966.00
7183198,20.90,22.77,13862.74,967.00
7186198,20.90,22.77,21814.83,966.00
7189198,20.90,22.76,12645.19,966.00
7192198,20.90,22.78,13741.25,985.00
7195198,20.90,22.78,14027.23,964.00
7198198,20.90,22.81,16125.18,967.00
7201198,20.90,22.83,14324.74,969.00
7204198,20.89,22.83,20306.84,966.00
7207198,20.90,22.83,21324.42,966.00
7210198,20.89,22.84,31000.95,966.00
7213198,20.90,22.84,20949.70,966.00
7216198,20.90,22.86,22019.06,966.00
7219198,20.90,22.84,20010.56,967.00
7222198,20.90,22.86,14454.48,960.00
7225198,20.90,22.84,17552.79,966.00
7228198,20.91,22.83,14353.87,966.00
7231198,20.90,22.81,17442.56,966.00
7234198,20.90,22.83,19095.89,966.00
7237198,20.90,22.82,18637.42,966.00
7240198,20.90,22.81,20428.66,967.00
7243198,20.90,22.83,18029.12,967.00
7246198,20.90,22.81,18968.02,966.00
7249198,20.90,22.78,19681.05,966.00
7252198,20.90,22.80,20473.16,967.00
7255198,20.90,22.77,21252.72,967.00
7258198,20.90,22.79,13640.11,967.00
7261198,20.90,22.78,13617.25,967.00
7264198,20.89,22.79,19594.47,966.00
7267198,20.90,22.78,19377.41,967.00
7270198,20.90,22.77,16716.50,967.00
7273198,20.90,22.78,25684.50,967.00
7276198,20.90,22.78,16654.31,967.00
7279198,20.90,22.78,13507.29,966.00
7282198,20.90,22.76,19093.11,966.00
7285198,20.90,22.76,16128.71,966.00
7288198,20.90,22.75,11594.99,967.00
7291198,20.90,22.75,15732.84,967.00
7294198,20.89,22.76,15551.55,966.00
7297198,20.89,22.77,12572.12,967.00
7300198,20.90,22.75,11279.88,967.00
7303198,20.90,22.73,15017.13,967.00
7306198,20.89,22.73,11064.00,967.00
7309198,20.89,22.73,13415.64,967.00
7312198,20.89,22.72,12548.11,967.00
7315198,20.89,22.72,14243.21,967.00
7318198,20.89,22.72,13966.27,967.00
7321198,20.89,22.72,16516.58,966.00
7324198,20.89,22.75,12782.13,967.00
7327198,20.89,22.75,16584.06,967.00
7330198,20.89,22.76,15999.37,967.00
7333198,20.89,22.75,15039.63,967.00
7336198,20.89,22.76,12169.25,968.00
7339198,20.89,22.75,13111.69,968.00
7342198,20.89,22.75,12977.42,967.00
7345198,20.89,22.75,12302.00,967.00
7348198,20.89,22.77,12395.62,967.00
7351198,20.89,22.77,15048.86,968.00
7354198,20.89,22.77,14405.11,967.00
7357198,20.89,22.76,17018.93,967.00
7360198,20.89,22.75,19760.53,967.00
7363198,20.90,22.72,17317.47,967.00
7366198,20.90,22.72,23338.21,967.00
7369198,20.89,22.73,12594.86,967.00
7372198,20.90,22.73,13471.92,966.00
7375198,20.90,22.72,12343.97,967.00
7378198,20.89,22.71,14780.76,966.00
7381198,20.89,22.72,12227.46,966.00
7384198,20.89,22.71,16274.19,967.00
7387198,20.89,22.72,13167.46,966.00
7390198,20.89,22.72,12073.41,967.00
7393198,20.90,22.71,13555.43,967.00
7396198,20.89,22.70,13769.66,979.00
7399198,20.89,22.72,16742.69,968.00
7402198,20.90,22.70,17260.66,968.00
7405198,20.90,22.71,12285.21,967.00
7408198,20.90,22.71,16711.92,967.00
7411198,20.90,22.73,16823.29,968.00
7414198,20.90,22.72,14145.68,968.00
7417198,20.90,22.71,17259.98,967.00
7420198,20.90,22.70,16461.65,966.00
7423198,20.90,22.71,14923.40,986.00
7426198,20.90,22.71,12219.33,967.00
7429198,20.90,22.70,13942.49,967.00
7432198,20.90,22.70,12748.88,967.00
7435198,20.90,22.68,12107.01,968.00
7438198,20.90,22.68,12933.80,968.00
7441198,20.90,22.71,15009.34,964.00
7444198,20.90,22.68,15179.01,968.00
7447198,20.91,22.67,16141.29,968.00
7450198,20.90,22.67,18992.30,968.00
7453198,20.91,22.70,18244.89,968.00
7456198,20.91,22.68,20339.69,977.00
7459198,20.90,22.67,22978.36,968.00
7462198,20.91,22.66,15999.92,968.00
7465198,20.91,22.66,15647.17,967.00
7468198,20.91,22.65,17487.95,967.00
7471198,20.91,22.66,12683.26,967.00
7474198,180.91,100.00,17409.58,967.00
7477198,180.91,100.00,13074.61,964.00
7480198,180.91,100.00,11209.24,974.00
7483198,180.91,100.00,15223.23,961.00
7486198,180.91,100.00,21834.62,967.00
7489198,180.91,100.00,13178.98,967.00
7492198,180.91,100.00,10480.04,968.00
7495198,180.91,100.00,13049.48,968.00
7498198,180.91,100.00,12471.89,967.00
7501198,180.91,100.00,14342.58,967.00
7504198,180.91,100.00,11209.63,968.00
7507198,180.91,100.00,15702.93,968.00
7510198,180.91,100.00,13540.68,968.00
7513198,180.91,100.00,14070.18,967.00
7516198,180.91,100.00,15024.45,968.00
7519198,180.91,100.00,12379.16,968.00
7522198,180.91,100.00,11998.20,968.00
7525198,180.91,100.00,25637.88,967.00
7528198,180.91,100.00,24469.46,968.00
7531198,180.91,100.00,23872.12,968.00
7534198,180.91,100.00,38286.33,968.00
7537198,180.91,100.00,23900.57,968.00
7540198,180.91,100.00,17664.73,968.00
7543198,180.91,100.00,16994.02,969.00
7546198,180.91,100.00,26127.81,968.00
7549198,180.91,100.00,25312.18,967.00
7552198,180.91,100.00,24237.81,968.00
7555198,180.91,100.00,24230.23,967.00
7558198,180.91,100.00,17644.28,969.00
7561198,180.91,100.00,43690.91,968.00
7564198,180.91,100.00,19847.03,968.00
7567198,180.91,100.00,15213.43,968.00
7570198,180.91,100.00,17182.19,969.00
7573198,180.91,100.00,18784.10,968.00
7576198,180.91,100.00,15793.59,968.00
7579198,180.91,100.00,17017.94,968.00
7582198,180.91,100.00,15911.75,969.00
7585198,180.91,100.00,17373.64,968.00
7588198,180.91,100.00,12426.85,968.00
7591198,180.91,100.00,13591.95,960.00
7594198,180.91,100.00,14703.38,969.00
7597198,180.91,100.00,16382.60,968.00
7600198,180.91,100.00,14454.20,969.00
7603198,180.91,100.00,18306.99,968.00
7606198,180.91,100.00,16339.44,968.00
7609198,180.91,100.00,12541.68,968.00
7612198,180.91,100.00,12244.21,968.00
7615198,180.91,100.00,19662.13,968.00
7618198,180.91,100.00,15071.84,966.00
7621198,180.91,100.00,11070.09,966.00
7624198,180.91,100.00,17452.85,969.00
7627198,180.91,100.00,14336.23,968.00
7630198,180.91,100.00,14088.18,968.00
7633198,180.91,100.00,10931.86,969.00
7636198,180.91,100.00,11743.29,962.00
7639198,180.91,100.00,11428.53,969.00
7642198,180.91,100.00,11940.96,969.00
7645198,180.91,100.00,19344.50,960.00
7648198,180.91,100.00,15983.96,969.00
7651198,180.91,100.00,15910.04,969.00
7654198,180.91,100.00,13822.20,969.00
7657198,180.91,100.00,19596.40,969.00
7660198,180.91,100.00,21219.89,969.00
7663198,180.91,100.00,15530.01,969.00
7666198,180.91,100.00,15628.79,969.00
7669198,180.91,100.00,13456.33,969.00
7672198,180.91,100.00,18587.45,968.00
7675198,180.91,100.00,17407.65,969.00
7678198,180.91,100.00,13641.41,968.00
7681198,180.91,100.00,20089.83,968.00
7684198,180.91,100.00,14492.76,969.00
7687198,180.91,100.00,16061.26,968.00
7690198,180.91,100.00,15673.31,969.00
7693198,180.91,100.00,14670.97,969.00
7696198,180.91,100.00,13370.47,970.00
7699198,180.91,100.00,20172.96,968.00
7702198,180.91,100.00,13266.37,968.00
7705198,180.91,100.00,14351.92,970.00
7708198,180.91,100.00,17205.41,969.00
7711198,180.91,100.00,16703.80,969.00
7714198,180.91,100.00,22697.52,968.00
7717198,180.91,100.00,23583.13,969.00
7720198,180.91,100.00,13208.31,970.00
7723198,180.91,100.00,13894.89,969.00
7726198,180.91,100.00,17170.03,969.00
7729198,180.91,100.00,17023.71,968.00
7732198,180.91,100.00,14309.34,969.00
7735198,180.91,100.00,13740.89,969.00
7738198,180.91,100.00,16739.69,957.00
7741198,180.91,100.00,12699.32,969.00
7744198,180.91,100.00,16443.27,970.00
7747198,180.91,100.00,17451.90,970.00
7750198,180.91,100.00,17470.74,969.00
7753198,180.91,100.00,16110.32,970.00
7756198,180.91,100.00,17789.13,969.00
7759198,180.91,100.00,16734.84,969.00
7762198,180.91,100.00,13037.16,967.00
7765198,180.91,100.00,13901.49,970.00
7768198,180.91,100.00,20893.56,970.00
7771198,180.91,100.00,29872.23,971.00
7774198,180.91,100.00,18524.14,970.00
7777198,180.91,100.00,14649.55,970.00
7780198,180.91,100.00,15703.59,971.00
7783198,180.91,100.00,17578.56,969.00
7786198,180.91,100.00,19500.49,970.00
7789198,180.91,100.00,21773.80,970.00
7792198,180.91,100.00,20376.60,970.00
7795198,180.91,100.00,22983.24,970.00
7798198,180.91,100.00,21682.93,969.00
7801198,180.91,100.00,19095.10,970.00
7804198,180.91,100.00,21097.95,970.00
7807198,180.91,100.00,18875.04,970.00
7810198,180.91,100.00,19227.30,971.00
7813198,180.91,100.00,24180.98,970.00
7816198,180.91,100.00,16630.78,970.00
7819198,180.91,100.00,16396.97,970.00
7822198,180.91,100.00,21258.85,964.00
7825198,180.91,100.00,46381.30,970.00
7828198,180.91,100.00,18083.51,970.00
7831198,180.91,100.00,17879.99,970.00
7834198,180.91,100.00,22380.83,970.00
7837198,180.91,100.00,20347.11,969.00
7840198,180.91,100.00,18500.92,970.00
7843198,180.91,100.00,13174.98,970.00
7846198,180.91,100.00,14388.34,969.00
7849198,180.91,100.00,15508.81,970.00
7852198,180.91,100.00,15746.94,970.00
7855198,180.91,100.00,19061.06,971.00
7858198,180.91,100.00,20752.14,970.00
7861198,180.91,100.00,17247.34,970.00
7864198,180.91,100.00,24701.49,971.00
7867198,180.91,100.00,13425.43,971.00
7870198,180.91,100.00,12419.54,971.00
7873198,180.91,100.00,10736.08,970.00
7876198,180.91,100.00,19850.66,972.00
7879198,180.91,100.00,18160.25,971.00
7882198,180.91,100.00,13937.84,971.00
7885198,180.91,100.00,15385.35,971.00
7888198,180.91,100.00,13950.77,970.00
7891198,180.91,100.00,13222.82,971.00
7894198,180.91,100.00,17077.05,967.00
7897198,180.91,100.00,15607.68,970.00
7900198,180.91,100.00,15566.86,971.00
7903198,180.91,100.00,13303.19,971.00
7906198,180.91,100.00,16954.66,971.00
7909198,180.91,100.00,18098.79,971.00
7912198,180.91,100.00,15584.65,971.00
7915198,180.91,100.00,16104.34,971.00
7918198,180.91,100.00,14659.27,971.00
7921198,180.91,100.00,15810.44,971.00
7924198,180.91,100.00,17162.45,970.00
7927198,180.91,100.00,15298.73,972.00
7930198,180.91,100.00,14509.67,971.00
7933198,180.91,100.00,14380.36,970.00
7936198,180.91,100.00,20149.53,972.00
7939198,180.91,100.00,22360.48,970.00
7942198,180.91,100.00,24873.62,970.00
7945198,180.91,100.00,20817.00,970.00
7948198,180.91,100.00,23655.21,971.00
7951198,180.91,100.00,27135.77,971.00
7954198,180.91,100.00,17081.84,971.00
7957198,180.91,100.00,27362.19,971.00
7960198,180.91,100.00,36755.09,968.00
7963198,180.91,100.00,17977.26,971.00
7966198,180.91,100.00,20604.34,972.00
7969198,180.91,100.00,23811.03,973.00
7972198,180.91,100.00,16632.96,972.00
7975198,180.91,100.00,14482.59,972.00
7978198,180.91,100.00,25862.25,972.00
7981198,180.91,100.00,20194.29,971.00
7984198,180.91,100.00,31957.20,973.00
7987198,180.91,100.00,25728.44,967.00
7990198,180.91,100.00,16245.74,971.00
7993198,180.91,100.00,29777.45,971.00
7996198,180.91,100.00,19778.08,971.00
7999198,180.91,100.00,18958.69,970.00
8002198,180.91,100.00,16914.57,971.00
8005198,180.91,100.00,11072.54,965.00
8008198,180.91,100.00,15211.99,971.00
8011198,180.91,100.00,14125.70,972.00
8014198,180.91,100.00,13415.99,972.00
8017198,180.91,100.00,24098.53,971.00
8020198,180.91,100.00,19119.61,972.00
8023198,180.91,100.00,15473.52,972.00
8026198,180.91,100.00,20392.58,972.00
8029198,180.91,100.00,15736.71,972.00
8032198,180.91,100.00,14162.93,966.00
8035198,180.91,100.00,15245.58,971.00
8038198,180.91,100.00,14881.30,971.00
8041198,180.91,100.00,14946.30,972.00
8044198,180.91,100.00,28053.59,971.00
8047198,180.91,100.00,20095.43,972.00
8050198,180.91,100.00,21984.52,971.00
8053198,180.91,100.00,18527.23,972.00
8056198,180.91,100.00,17013.31,972.00
8059198,180.91,100.00,26177.97,972.00
8062198,180.91,100.00,18091.17,971.00
8065198,180.91,100.00,37146.20,972.00
8068198,180.91,100.00,24118.21,972.00
8071198,180.91,100.00,17590.38,972.00
8074198,180.91,100.00,18311.05,972.00
8077198,180.91,100.00,21200.00,972.00
8080198,180.91,100.00,24473.58,972.00
8083198,180.91,100.00,21036.45,972.00
8086198,180.91,100.00,21115.28,971.00
8089198,180.91,100.00,18299.54,972.00
8092198,180.91,100.00,20684.85,971.00
8095198,180.91,100.00,23014.44,971.00
8098198,180.91,100.00,26503.68,972.00
8101198,180.91,100.00,22273.71,972.00
8104198,180.91,100.00,24686.74,971.00
8107198,180.91,100.00,27369.27,969.00
8110198,180.91,100.00,28333.13,972.00
8113198,180.91,100.00,29284.69,972.00
8116198,180.91,100.00,17443.73,972.00
8119198,180.91,100.00,26571.93,972.00
8122198,180.91,100.00,26277.86,972.00
8125198,180.91,100.00,22690.27,972.00
8128198,180.91,100.00,21584.54,972.00
8131198,180.91,100.00,30191.15,972.00
8134198,180.91,100.00,26432.54,971.00
8137198,180.91,100.00,19823.25,971.00
8140198,180.91,100.00,16782.64,971.00
8143198,180.91,100.00,19387.62,971.00
8146198,180.91,100.00,33184.61,971.00
8149198,180.91,100.00,22356.46,971.00
8152198,180.91,100.00,24035.32,972.00
8155198,180.91,100.00,30513.42,972.00
8158198,180.91,100.00,41641.01,972.00
8161198,180.91,100.00,31406.82,971.00
8164198,180.91,100.00,35335.05,972.00
8167198,180.91,100.00,32402.35,972.00
8170198,180.91,100.00,28005.20,971.00
8173198,180.91,100.00,27351.20,972.00
8176198,180.91,100.00,25155.94,972.00
8179198,180.91,100.00,27744.21,972.00
8182198,180.91,100.00,29301.54,972.00
8185198,180.91,100.00,24617.67,971.00
8188198,180.91,100.00,30689.41,971.00
8191198,180.91,100.00,43505.41,971.00
8194198,180.91,100.00,33436.01,971.00
8197198,180.91,100.00,44783.05,972.00
8200198,180.91,100.00,36135.99,972.00
8203198,180.91,100.00,42347.52,972.00
8206198,180.91,100.00,38147.87,972.00
8209198,180.91,100.00,43534.07,972.00
8212198,180.91,100.00,36485.70,972.00
8215198,180.91,100.00,41198.93,972.00
8218198,180.91,100.00,39803.61,979.00
8221198,180.91,100.00,34126.30,972.00
8224198,180.91,100.00,37005.87,972.00
8227198,180.91,100.00,35046.83,969.00
8230198,180.91,100.00,29066.86,971.00
8233198,180.91,100.00,32092.83,971.00
8236198,180.91,100.00,34250.03,971.00
8239198,180.91,100.00,32834.80,972.00
8242198,180.91,100.00,38860.89,971.00
8245198,180.91,100.00,33979.09,971.00
8248198,180.91,100.00,33868.54,965.00
8251198,180.91,100.00,37178.18,971.00
8254198,180.91,100.00,38777.93,973.00
8257198,180.91,100.00,30124.36,972.00
8260198,180.91,100.00,25908.20,972.00
8263198,180.91,100.00,23989.92,972.00
8266198,180.91,100.00,28931.94,972.00
8269198,180.91,100.00,28230.26,972.00
8272198,180.91,100.00,30865.87,972.00
8275198,180.91,100.00,38419.37,971.00
8278198,180.91,100.00,38131.29,972.00
8281198,180.91,100.00,29261.97,990.00
8284198,180.91,100.00,32160.57,970.00
8287198,180.91,100.00,39421.53,971.00
8290198,180.91,100.00,37228.28,971.00
8293198,180.91,100.00,32429.35,972.00
8296198,180.91,100.00,28328.44,971.00
8299198,180.91,100.00,31804.96,972.00
8302198,180.91,100.00,29362.94,972.00
8305198,180.91,100.00,18282.84,964.00
