Timestamp,Temperature (C),Humidity (%),Sound,Light
4002,21.64,44.75,0.00,155.00
7002,21.89,43.89,17717.92,150.00
10002,21.93,44.00,20211.18,247.00
13002,21.95,44.04,9213.18,253.00
16002,21.96,43.25,13895.56,260.00
19002,21.97,42.13,19897.11,259.00
22002,21.98,41.43,11148.88,259.00
25002,21.99,40.87,10428.56,263.00
28002,21.99,40.42,10659.78,267.00
31002,22.00,40.13,14451.11,261.00
34002,22.00,39.84,12515.92,262.00
37002,22.01,39.64,13904.42,264.00
40002,22.02,39.50,11293.46,261.00
43002,22.03,39.38,26201.53,263.00
46002,22.03,39.27,13735.90,265.00
49002,22.04,39.17,11118.01,264.00
52002,22.04,39.00,10946.50,263.00
55002,22.05,38.81,9690.90,263.00
58002,22.06,38.63,9262.28,263.00
61002,22.06,38.52,10344.61,266.00
64002,22.07,38.44,11358.36,262.00
67002,22.08,38.40,10800.74,268.00
70002,22.08,38.35,9546.54,267.00
73002,22.09,38.31,9806.88,265.00
76002,22.10,38.28,9896.82,265.00
79002,22.10,38.23,12071.80,278.00
82002,22.11,38.17,9672.97,267.00
85002,22.10,38.12,9276.52,271.00
88002,22.11,38.08,11699.60,271.00
91002,22.12,38.03,13552.19,270.00
94002,22.12,37.94,13082.70,273.00
97002,22.13,37.84,11507.61,271.00
100002,22.14,37.74,26946.15,272.00
103002,22.14,37.63,19608.90,273.00
106002,22.15,37.55,23117.79,273.00
109002,22.15,37.51,38404.50,272.00
112002,22.17,37.50,11132.91,264.00
115002,22.17,37.49,10328.06,270.00
118002,22.17,37.45,38987.09,271.00
121002,22.18,37.42,35243.28,271.00
124002,22.18,37.41,12034.74,273.00
127002,22.19,37.39,15326.48,272.00
130002,22.19,37.38,19836.19,272.00
133002,22.20,37.35,18478.22,273.00
136002,22.20,37.33,19450.40,273.00
139002,22.21,37.30,19131.12,273.00
142002,22.21,37.29,15318.82,274.00
145002,22.22,37.29,12645.23,273.00
148002,22.22,37.27,15731.67,270.00
151002,22.23,37.26,17949.90,274.00
154002,22.23,37.23,17789.17,276.00
157002,22.23,37.19,9989.18,273.00
160002,22.24,37.14,13877.93,273.00
163002,22.25,37.11,12335.10,275.00
166002,22.24,37.06,14248.57,273.00
169002,22.25,37.05,28704.24,271.00
172002,22.26,37.02,14463.08,271.00
175002,22.26,36.99,25627.16,273.00
178002,22.26,36.96,16845.29,273.00
181002,22.27,36.93,35183.59,275.00
184002,22.28,36.90,17026.84,274.00
187002,22.28,36.89,15417.18,275.00
190002,22.28,36.89,18015.05,271.00
193002,22.29,36.87,14276.42,270.00
196002,22.29,36.85,27096.87,271.00
199002,22.29,36.84,23668.64,274.00
202002,22.30,36.82,19545.71,273.00
205002,22.30,36.78,17117.83,270.00
208002,22.31,36.76,13247.32,271.00
211002,22.31,36.72,12391.84,269.00
214002,22.31,36.65,26030.56,251.00
217002,22.31,36.26,23810.27,264.00
220002,22.32,36.28,23328.39,267.00
223002,22.32,36.34,9327.99,270.00
226002,22.32,36.33,11499.13,267.00
229002,22.32,36.38,18049.91,270.00
232002,22.32,36.42,15653.70,270.00
235002,22.32,36.47,15934.93,270.00
238002,22.33,36.50,20595.58,265.00
241002,22.33,36.52,8247.74,265.00
244002,22.34,36.53,15815.77,267.00
247002,22.34,36.52,11943.32,267.00
250002,22.34,36.53,19627.26,268.00
253002,22.34,36.54,23137.04,267.00
256002,22.34,36.54,13227.00,277.00
259002,22.35,36.53,21298.94,265.00
262002,22.35,36.54,13614.21,265.00
265002,22.36,36.53,12010.83,267.00
268002,22.36,36.51,12432.35,262.00
271002,22.36,36.50,13857.97,264.00
274002,22.36,36.50,11216.10,262.00
277002,22.36,36.47,14590.90,274.00
280002,22.37,36.47,8535.81,268.00
283002,22.37,36.46,9329.79,265.00
286002,22.37,36.44,20167.30,265.00
289002,22.38,36.39,8233.05,259.00
292002,22.38,36.37,15082.65,276.00
295002,22.38,36.37,15100.17,266.00
298002,22.39,36.37,8278.42,271.00
301002,22.39,36.38,16108.46,266.00
304002,22.39,36.38,17289.31,266.00
307002,22.40,36.38,12583.41,266.00
310002,22.40,36.38,10982.93,264.00
313002,22.39,36.35,14379.85,264.00
316002,22.40,36.36,10593.05,261.00
319002,22.40,36.36,11376.15,263.00
322002,22.40,36.38,13318.39,260.00
325002,22.41,36.38,11812.21,262.00
328002,22.41,36.38,8618.85,263.00
331002,22.41,36.38,8630.72,261.00
334002,22.41,36.37,15839.45,259.00
337002,22.42,36.38,10864.81,259.00
340002,22.42,36.34,8576.98,262.00
343002,22.42,36.34,7905.70,263.00
346002,22.42,36.34,8243.35,262.00
349002,22.42,36.32,11234.90,260.00
352002,22.43,36.32,6431.08,264.00
355002,22.43,36.29,6254.46,263.00
358002,22.43,36.27,9857.49,258.00
361002,22.43,36.26,5657.85,259.00
364002,22.43,36.26,6541.37,259.00
367002,22.43,36.22,6571.52,261.00
370002,22.44,36.16,6769.98,259.00
373002,22.44,36.09,5718.48,259.00
376002,22.44,36.07,6068.61,259.00
379002,22.44,36.05,9474.57,256.00
382002,22.44,36.06,8093.65,255.00
385002,22.43,36.10,6000.18,255.00
388002,22.44,36.10,6373.21,255.00
391002,22.44,36.03,7651.13,257.00
394002,22.44,36.06,6772.61,258.00
397002,22.43,36.09,9541.41,257.00
400002,22.44,36.10,6975.04,258.00
403002,22.44,36.11,6178.55,259.00
406002,22.44,36.07,10423.44,257.00
409002,22.44,36.04,13131.20,267.00
412002,22.44,36.01,7016.95,249.00
415002,22.44,35.94,6492.93,256.00
418002,22.44,35.88,4825.93,254.00
421002,22.44,35.84,5492.53,253.00
424002,22.44,35.92,5752.99,253.00
427002,22.44,35.95,6401.12,255.00
430002,22.44,35.98,6184.67,256.00
433002,22.44,36.01,8863.63,257.00
436002,22.44,36.04,5768.18,257.00
439002,22.44,36.06,10053.55,248.00
442002,22.44,36.06,14703.11,255.00
445002,22.45,36.01,9822.21,254.00
448002,22.44,35.99,18667.71,254.00
451002,22.44,35.95,8350.32,254.00
454002,22.44,35.96,20927.81,252.00
457002,22.45,35.99,6862.79,253.00
460002,22.44,36.01,8081.29,253.00
463002,22.44,36.00,11066.83,254.00
466002,22.45,35.98,12327.50,254.00
469002,22.45,35.99,6789.78,253.00
472002,22.45,36.01,7328.21,252.00
475002,22.45,36.03,6502.45,244.00
478002,22.45,36.03,6987.58,252.00
481002,22.46,36.01,12323.87,254.00
484002,22.46,36.01,8736.04,253.00
487002,22.46,36.03,9907.39,255.00
490002,22.46,36.04,6795.19,256.00
493002,22.46,36.05,11289.58,257.00
496002,22.46,36.05,7473.16,257.00
499002,22.46,36.05,9845.42,254.00
502002,22.47,36.03,11004.06,255.00
505002,22.47,36.00,36247.65,254.00
508002,22.47,35.99,8270.90,254.00
511002,22.47,35.91,5763.99,257.00
514002,22.47,35.87,7784.43,257.00
517002,22.47,35.91,9577.20,269.00
520002,22.47,35.93,7395.98,254.00
523002,22.47,35.94,6365.31,254.00
526002,22.47,35.96,6706.81,257.00
529002,22.47,35.97,8166.63,259.00
532002,22.47,35.97,7282.10,258.00
535002,22.48,35.98,6965.73,257.00
538002,22.48,35.99,8547.81,255.00
541002,22.48,35.99,7766.61,254.00
544002,22.48,35.96,6680.47,253.00
547002,22.48,35.96,6478.11,254.00
550002,22.49,35.96,7656.27,256.00
553002,22.49,35.96,5749.64,257.00
556002,22.49,35.96,5871.43,256.00
559002,22.49,35.97,6076.31,251.00
562002,22.50,35.96,6580.54,255.00
565002,22.50,35.93,6312.45,258.00
568002,22.50,35.93,7446.42,259.00
571002,22.49,35.93,6608.75,259.00
574002,22.49,35.93,7841.63,259.00
577002,22.50,35.86,6495.97,259.00
580002,22.49,35.88,7698.50,258.00
583002,22.50,35.88,7564.67,259.00
586002,22.49,35.90,6320.78,259.00
589002,22.50,35.90,6151.74,257.00
592002,22.49,35.91,6044.58,257.00
595002,22.50,35.92,5707.13,260.00
598002,22.50,35.92,6167.41,257.00
601002,22.51,35.92,6712.22,256.00
604002,22.51,35.93,6646.33,255.00
607002,22.51,35.93,5965.07,253.00
610002,22.51,35.95,5786.76,256.00
613002,22.51,35.95,6630.71,258.00
616002,22.50,35.95,5451.39,258.00
619002,22.51,35.93,6608.67,258.00
622002,22.51,35.91,5343.15,258.00
625002,22.51,35.91,6358.64,260.00
628002,22.52,35.91,6617.75,257.00
631002,22.51,35.89,9712.56,257.00
634002,22.52,35.87,6451.00,257.00
637002,22.52,35.87,8158.61,256.00
640002,22.52,35.87,6329.46,254.00
643002,22.52,35.87,7249.03,255.00
646002,22.52,35.87,6917.04,266.00
649002,22.52,35.87,7236.21,257.00
652002,22.52,35.90,5602.10,256.00
655002,22.52,35.90,5781.42,257.00
658002,22.52,35.90,6754.85,255.00
661002,22.53,35.89,6179.64,254.00
664002,22.53,35.89,6437.57,253.00
667002,22.52,35.87,6831.77,254.00
670002,22.53,35.86,6783.43,256.00
673002,22.53,35.86,6764.97,257.00
676002,22.53,35.85,6324.90,257.00
679002,22.53,35.86,6310.96,255.00
682002,22.53,35.86,8001.96,254.00
685002,22.54,35.88,6429.89,256.00
688002,22.54,35.88,7415.75,258.00
691002,22.53,35.86,6624.52,257.00
694002,22.54,35.86,8877.16,256.00
697002,22.54,35.85,5645.00,254.00
700002,22.54,35.85,5837.05,253.00
703002,22.54,35.85,5941.40,254.00
706002,22.54,35.84,6185.34,255.00
709002,22.54,35.84,6190.88,254.00
712002,22.54,35.85,7310.22,254.00
715002,22.54,35.85,6484.12,253.00
718002,22.54,35.84,7327.31,254.00
721002,22.54,35.84,5162.50,254.00
724002,22.54,35.84,5289.68,255.00
727002,22.55,35.83,5926.24,255.00
730002,22.55,35.83,6081.49,255.00
733002,22.55,35.83,6537.57,256.00
736002,22.55,35.83,6838.61,255.00
739002,22.56,35.82,6836.70,256.00
742002,22.56,35.82,7161.26,257.00
745002,22.56,35.82,8328.13,258.00
748002,22.56,35.80,6284.52,257.00
751002,22.56,35.79,7182.80,256.00
754002,22.56,35.79,7912.24,254.00
757002,22.56,35.79,9642.61,254.00
760002,22.56,35.79,7443.08,255.00
763002,22.57,35.80,6035.47,256.00
766002,22.57,35.78,8089.87,257.00
769002,22.57,35.75,7733.99,257.00
772002,22.57,35.73,7572.25,256.00
775002,22.57,35.73,6858.24,256.00
778002,22.57,35.72,8001.21,258.00
781002,22.58,35.72,8118.17,257.00
784002,22.58,35.71,7562.09,256.00
787002,22.58,35.71,6975.80,256.00
790002,22.58,35.71,7312.31,256.00
793002,22.58,35.71,6169.44,257.00
796002,22.58,35.71,5617.31,256.00
799002,22.59,35.70,5692.82,251.00
802002,22.58,35.68,5587.74,257.00
805002,22.58,35.70,6573.50,259.00
808002,22.58,35.68,6905.70,259.00
811002,22.58,35.68,6048.46,258.00
814002,22.58,35.68,5820.61,256.00
817002,22.58,35.70,7830.72,255.00
820002,22.59,35.68,5644.44,256.00
823002,22.59,35.70,6400.02,257.00
826002,22.59,35.68,6062.31,259.00
829002,22.59,35.70,6103.65,262.00
832002,22.60,35.68,6136.66,257.00
835002,22.60,35.67,6687.09,256.00
838002,22.60,35.66,6695.32,259.00
841002,22.59,35.65,6476.01,260.00
844002,22.59,35.65,6698.28,258.00
847002,22.59,35.63,6380.32,256.00
850002,22.60,35.62,7437.88,255.00
853002,22.60,35.62,6836.24,254.00
856002,22.60,35.62,6192.06,255.00
859002,22.60,35.62,6827.68,254.00
862002,22.60,35.62,7501.20,257.00
865002,22.60,35.62,6742.40,258.00
868002,22.60,35.62,6677.23,270.00
871002,22.61,35.63,6474.54,255.00
874002,22.60,35.62,6445.33,255.00
877002,22.61,35.64,7590.71,256.00
880002,22.61,35.64,5844.37,260.00
883002,22.61,35.65,6466.36,258.00
886002,22.61,35.64,7395.33,256.00
889002,22.61,35.64,6377.10,257.00
892002,22.61,35.64,6261.28,258.00
895002,22.61,35.63,7600.87,260.00
898002,22.61,35.60,7689.82,259.00
901002,22.61,35.58,8011.08,257.00
904002,22.61,35.56,6743.91,256.00
907002,22.61,35.54,6656.26,256.00
910002,22.61,35.53,6632.49,255.00
913002,22.61,35.53,6872.96,255.00
916002,22.61,35.51,5899.54,257.00
919002,22.61,35.47,5627.10,257.00
922002,22.61,35.45,6620.76,256.00
925002,22.61,35.45,5448.19,255.00
928002,22.60,35.48,7407.34,255.00
931002,22.60,35.48,6797.57,256.00
934002,22.61,35.47,6488.32,257.00
937002,22.60,35.45,5851.89,259.00
940002,22.60,35.44,7317.40,259.00
943002,22.60,35.46,6171.42,257.00
946002,22.60,35.48,5455.81,255.00
949002,22.60,35.49,6634.06,251.00
952002,22.60,35.50,5923.43,259.00
955002,22.60,35.51,7489.95,257.00
958002,22.60,35.51,8080.55,256.00
961002,22.61,35.51,6452.10,257.00
964002,22.60,35.53,6672.28,259.00
967002,22.61,35.53,6936.84,259.00
970002,22.60,35.53,6849.05,259.00
973002,22.60,35.54,15081.79,259.00
976002,22.61,35.54,6782.10,260.00
979002,22.61,35.54,7602.77,259.00
982002,22.60,35.54,5509.21,259.00
985002,22.61,35.54,5470.59,259.00
988002,22.61,35.54,5760.38,260.00
991002,22.61,35.54,6136.16,259.00
994002,22.61,35.54,7159.28,261.00
997002,22.61,35.54,6231.30,261.00
1000002,22.61,35.54,5780.27,257.00
1003002,22.61,35.53,6311.93,258.00
1006002,22.61,35.53,6351.27,261.00
1009002,22.62,35.50,6443.24,259.00
1012002,22.61,35.49,5867.17,260.00
1015002,22.62,35.50,6618.67,260.00
1018002,22.61,35.50,6225.59,260.00
1021002,22.62,35.51,5568.76,260.00
1024002,22.62,35.52,5227.39,262.00
1027002,22.62,35.52,5786.54,262.00
1030002,22.62,35.52,5111.86,262.00
1033002,22.63,35.52,6317.99,264.00
1036002,22.62,35.53,6046.51,265.00
1039002,22.62,35.51,8073.70,263.00
1042002,22.62,35.52,5699.48,262.00
1045002,22.63,35.52,4945.86,261.00
1048002,22.63,35.50,6115.76,263.00
1051002,22.63,35.48,5962.64,264.00
1054002,22.63,35.47,6338.97,256.00
1057002,22.63,35.47,6033.03,263.00
1060002,22.63,35.47,7103.23,262.00
1063002,22.63,35.48,5358.80,262.00
1066002,22.63,35.49,6092.79,262.00
1069002,22.63,35.49,7658.72,263.00
1072002,22.63,35.47,6062.35,262.00
1075002,22.63,35.44,7874.38,262.00
1078002,22.63,35.46,6610.75,261.00
1081002,22.63,35.46,6396.99,262.00
1084002,22.63,35.42,5748.47,262.00
1087002,22.63,35.35,8595.35,263.00
1090002,22.63,35.37,9491.13,264.00
1093002,22.63,35.38,6814.60,256.00
1096002,22.63,35.38,5873.53,263.00
1099002,22.63,35.39,7808.18,263.00
1102002,22.63,35.39,6016.68,263.00
1105002,22.63,35.41,6608.04,262.00
1108002,22.63,35.42,5744.02,261.00
1111002,22.63,35.38,7511.68,262.00
1114002,22.63,35.37,5559.25,254.00
1117002,22.63,35.35,8501.35,265.00
1120002,22.63,35.33,5597.55,258.00
1123002,22.63,35.36,5776.74,266.00
1126002,22.63,35.36,6805.67,266.00
1129002,22.63,35.36,6110.12,268.00
1132002,22.63,35.37,6906.42,266.00
1135002,22.63,35.37,6340.31,266.00
1138002,22.63,35.38,6467.08,265.00
1141002,22.63,35.39,5407.48,265.00
1144002,22.63,35.35,5350.26,265.00
1147002,22.63,35.30,6369.84,266.00
1150002,22.63,35.32,5781.28,264.00
1153002,22.62,35.33,7590.33,265.00
1156002,22.63,35.33,6156.89,265.00
1159002,22.62,35.36,6548.05,265.00
1162002,22.62,35.34,5843.38,265.00
1165002,22.62,35.36,6211.90,265.00
1168002,22.62,35.36,8574.90,266.00
1171002,22.63,35.36,6459.89,267.00
1174002,22.62,35.36,5666.46,270.00
1177002,22.62,35.36,5161.57,268.00
1180002,22.63,35.37,5820.74,268.00
1183002,22.62,35.34,6560.38,268.00
1186002,22.62,35.34,7677.02,268.00
1189002,22.62,35.34,6991.45,268.00
1192002,22.62,35.36,6346.71,268.00
1195002,22.62,35.37,7795.65,268.00
1198002,22.62,35.37,5300.72,269.00
1201002,22.62,35.38,6086.59,268.00
1204002,22.63,35.38,5385.22,266.00
1207002,22.63,35.38,7074.36,266.00
1210002,22.63,35.38,5996.96,265.00
1213002,22.63,35.38,5312.47,267.00
1216002,22.63,35.38,7720.33,272.00
1219002,22.63,35.38,5266.44,271.00
1222002,22.63,35.39,5289.48,272.00
1225002,22.63,35.39,5812.41,271.00
1228002,22.63,35.39,5796.04,271.00
1231002,22.63,35.38,5350.32,269.00
1234002,22.64,35.38,6474.10,270.00
1237002,22.63,35.37,7235.42,269.00
1240002,22.63,35.37,9384.36,270.00
1243002,22.64,35.37,6667.25,272.00
1246002,22.64,35.35,6459.33,274.00
1249002,22.64,35.35,6481.61,275.00
1252002,22.64,35.33,5824.54,274.00
1255002,22.64,35.33,6049.96,274.00
1258002,22.64,35.32,7933.71,276.00
1261002,22.64,35.32,5963.49,277.00
1264002,22.63,35.31,9521.58,279.00
1267002,22.63,35.30,5761.15,280.00
1270002,22.63,35.30,7343.68,277.00
1273002,22.63,35.31,6839.19,278.00
1276002,22.63,35.32,5975.74,281.00
1279002,22.63,35.32,6024.31,283.00
1282002,22.63,35.32,6657.79,282.00
1285002,22.63,35.33,6094.07,281.00
1288002,22.64,35.33,7855.65,281.00
1291002,22.63,35.35,6227.83,283.00
1294002,22.63,35.35,6458.73,284.00
1297002,22.63,35.35,6138.53,285.00
1300002,22.64,35.35,6139.21,284.00
1303002,22.64,35.33,5730.64,284.00
1306002,22.64,35.33,7024.40,284.00
1309002,22.64,35.33,7705.63,285.00
1312002,22.64,35.33,5468.88,283.00
1315002,22.64,35.32,5824.69,285.00
1318002,22.63,35.33,6251.76,286.00
1321002,22.63,35.33,6241.49,287.00
1324002,22.64,35.33,6777.84,287.00
1327002,22.64,35.35,6513.64,288.00
1330002,22.64,35.33,6100.63,289.00
1333002,22.64,35.33,6556.71,292.00
1336002,22.65,35.33,5645.34,291.00
1339002,22.64,35.33,6581.46,292.00
1342002,22.64,35.33,9597.44,293.00
1345002,22.64,35.32,6374.35,293.00
1348002,22.64,35.32,6641.31,292.00
1351002,22.64,35.32,5728.55,293.00
1354002,22.64,35.31,5721.48,294.00
1357002,22.65,35.27,5930.90,293.00
1360002,22.64,35.26,5548.75,294.00
1363002,22.63,35.26,5989.51,293.00
1366002,22.64,35.27,5722.27,292.00
1369002,22.64,35.27,5742.22,292.00
1372002,22.64,35.26,5937.20,293.00
1375002,22.64,35.26,6100.86,293.00
1378002,22.64,35.26,6154.61,293.00
1381002,22.64,35.26,8740.00,294.00
1384002,22.64,35.27,6171.54,293.00
1387002,22.64,35.27,6919.75,292.00
1390002,22.65,35.29,5526.82,292.00
1393002,22.64,35.27,7419.63,294.00
1396002,22.65,35.27,6133.44,294.00
1399002,22.65,35.27,6024.70,297.00
1402002,22.64,35.26,6217.72,297.00
1405002,22.64,35.26,6930.42,300.00
1408002,22.64,35.26,9522.80,293.00
1411002,22.64,35.25,5970.53,296.00
1414002,22.65,35.24,5584.12,297.00
1417002,22.64,35.25,6463.73,297.00
1420002,22.64,35.25,5096.84,297.00
1423002,22.65,35.26,6554.78,294.00
1426002,22.65,35.26,6157.18,310.00
1429002,22.64,35.27,6022.13,297.00
1432002,22.65,35.26,5767.07,296.00
1435002,22.65,35.26,5735.31,296.00
1438002,22.64,35.26,9071.30,306.00
1441002,22.65,35.27,10615.29,294.00
1444002,22.65,35.29,8746.38,295.00
1447002,22.65,35.29,5656.51,298.00
1450002,22.65,35.26,6493.79,299.00
1453002,22.64,35.25,6323.19,297.00
1456002,22.65,35.25,6131.23,287.00
1459002,22.64,35.24,5391.02,295.00
1462002,22.64,35.24,7239.53,295.00
1465002,22.65,35.22,5608.45,299.00
1468002,22.65,35.22,5932.14,299.00
1471002,22.64,35.22,6428.49,295.00
1474002,22.65,35.22,6525.34,294.00
1477002,22.64,35.21,7626.83,295.00
1480002,22.64,35.21,6433.79,296.00
1483002,22.64,35.22,5813.54,297.00
1486002,22.63,35.24,6024.74,310.00
1489002,22.64,35.24,6259.79,296.00
1492002,22.63,35.25,5836.57,297.00
1495002,22.63,35.26,6297.40,296.00
1498002,22.63,35.27,6012.14,309.00
1501002,22.63,35.27,4880.24,293.00
1504002,22.65,35.29,5567.50,291.00
1507002,22.64,35.27,6551.48,288.00
1510002,22.65,35.29,6282.07,287.00
1513002,22.64,35.29,5755.35,286.00
1516002,22.65,35.27,8737.32,287.00
1519002,22.66,35.26,5624.48,287.00
1522002,22.66,35.27,5050.37,285.00
1525002,22.66,35.27,6516.62,284.00
1528002,22.66,35.27,6762.77,283.00
1531002,22.66,35.27,6255.73,283.00
1534002,22.66,35.27,6046.62,283.00
1537002,22.66,35.26,4934.81,283.00
1540002,22.67,35.27,6940.25,281.00
1543002,22.66,35.26,4947.00,282.00
1546002,22.67,35.25,5256.52,282.00
1549002,22.67,35.25,5755.19,282.00
1552002,22.67,35.25,6163.38,282.00
1555002,22.67,35.25,4949.86,282.00
1558002,22.67,35.23,5734.50,281.00
1561002,22.67,35.23,8662.59,282.00
1564002,22.67,35.23,6765.42,285.00
1567002,22.67,35.23,6213.21,282.00
1570002,22.67,35.23,5527.81,280.00
1573002,22.67,35.24,6167.42,283.00
1576002,22.67,35.25,6335.06,281.00
1579002,22.67,35.24,8381.33,279.00
1582002,22.67,35.23,5310.66,279.00
1585002,22.67,35.18,6780.05,277.00
1588002,22.67,35.17,6567.08,276.00
1591002,22.67,35.17,5541.61,275.00
1594002,22.67,35.15,6159.23,277.00
1597002,22.67,35.14,7347.79,277.00
1600002,22.67,35.15,6069.00,276.00
1603002,22.66,35.18,5719.72,276.00
1606002,22.66,35.19,6994.56,274.00
1609002,22.67,35.20,5579.74,274.00
1612002,22.66,35.20,5509.72,277.00
1615002,22.67,35.20,7163.62,274.00
1618002,22.67,35.21,7482.05,274.00
1621002,22.66,35.20,7402.08,275.00
1624002,22.66,35.20,5858.36,275.00
1627002,22.67,35.18,6455.17,275.00
1630002,22.67,35.17,6895.94,275.00
1633002,22.66,35.19,6754.47,275.00
1636002,22.66,35.20,5205.29,274.00
1639002,22.66,35.18,5923.03,274.00
1642002,22.66,35.18,5891.65,275.00
1645002,22.66,35.19,5949.24,288.00
1648002,22.66,35.21,6776.86,287.00
1651002,22.66,35.21,7840.36,277.00
1654002,22.66,35.23,6217.17,277.00
1657002,22.66,35.23,5922.13,278.00
1660002,22.66,35.23,7692.63,276.00
1663002,22.67,35.23,6063.30,277.00
1666002,22.66,35.18,5797.03,277.00
1669002,22.66,35.19,5485.00,277.00
1672002,22.66,35.19,5842.65,275.00
1675002,22.66,35.19,6836.28,274.00
1678002,22.66,35.20,9322.62,273.00
1681002,22.66,35.21,5363.58,272.00
1684002,22.66,35.20,4912.31,274.00
1687002,22.66,35.18,6620.54,275.00
1690002,22.66,35.18,5606.29,277.00
1693002,22.66,35.19,5576.92,274.00
1696002,22.66,35.16,6075.06,274.00
1699002,22.66,35.18,6718.68,272.00
1702002,22.65,35.18,5588.90,271.00
1705002,22.65,35.20,5880.92,273.00
1708002,22.66,35.20,7301.15,272.00
1711002,22.65,35.21,6339.50,274.00
1714002,22.66,35.23,6116.81,273.00
1717002,22.66,35.20,6755.93,273.00
1720002,22.65,35.21,7225.94,273.00
1723002,22.65,35.22,6897.97,283.00
1726002,22.65,35.22,5524.59,270.00
1729002,22.66,35.20,4756.39,272.00
1732002,22.66,35.20,6382.95,272.00
1735002,22.66,35.20,6506.25,263.00
1738002,22.66,35.19,6103.98,268.00
1741002,22.65,35.20,6091.73,262.00
1744002,22.65,35.21,9870.61,271.00
1747002,22.65,35.22,7382.46,274.00
1750002,22.65,35.22,5072.13,272.00
1753002,22.65,35.24,6567.51,272.00
1756002,22.65,35.24,5540.32,271.00
1759002,22.65,35.25,6477.81,271.00
1762002,22.65,35.25,5147.83,271.00
1765002,22.66,35.25,5670.19,281.00
1768002,22.66,35.26,6351.64,270.00
1771002,22.66,35.26,7252.07,270.00
1774002,22.66,35.26,6842.00,270.00
1777002,22.66,35.26,8709.69,270.00
1780002,22.67,35.26,7137.01,270.00
1783002,22.66,35.26,6406.13,270.00
1786002,22.67,35.28,6979.22,269.00
1789002,22.67,35.28,6504.17,270.00
1792002,22.67,35.27,5422.75,280.00
1795002,22.67,35.26,5994.29,266.00
1798002,22.67,35.26,7629.62,267.00
1801002,22.67,35.26,5493.14,270.00
1804002,22.67,35.26,7325.10,269.00
1807002,22.67,35.26,7567.90,268.00
1810002,22.67,35.26,5248.56,271.00
1813002,22.67,35.26,5881.77,271.00
1816002,22.67,35.25,7639.88,278.00
1819002,22.68,35.24,7624.08,266.00
1822002,22.67,35.24,7624.08,265.00
1825002,22.67,35.23,7624.08,268.00
1831573,22.65,35.22,0.00,278.00
1834573,22.68,35.23,7305.94,280.00
1837573,22.68,35.23,6432.40,271.00
1840573,22.68,35.23,6156.91,269.00
1843573,22.68,35.23,6101.54,266.00
1846573,22.68,35.23,5847.22,278.00
1849573,22.68,35.23,6441.95,268.00
1852573,22.69,35.23,5714.84,271.00
1855573,22.69,35.23,7811.84,270.00
1858573,22.68,35.21,5484.06,268.00
1861573,22.69,35.21,6109.52,267.00
1864573,22.69,35.23,5841.78,267.00
1867573,22.69,35.23,5244.66,267.00
1870573,22.69,35.20,5497.18,267.00
1873573,22.69,35.18,5149.50,266.00
1876573,22.69,35.18,5588.21,266.00
1879573,22.69,35.18,6162.16,266.00
1882573,22.69,35.18,6378.42,270.00
1885573,22.69,35.18,5838.96,266.00
1888573,22.69,35.18,6143.13,267.00
1891573,22.69,35.18,5686.98,268.00
1894573,22.70,35.18,6375.62,269.00
1897573,22.69,35.17,6062.38,269.00
1900573,22.69,35.17,8156.33,270.00
1903573,22.70,35.16,6462.96,271.00
1906573,22.69,35.16,6303.20,271.00
1909573,22.69,35.16,8172.20,270.00
1912573,22.69,35.16,6050.40,267.00
1915573,22.69,35.13,6345.03,269.00
1918573,22.69,35.13,6763.52,272.00
1921573,22.69,35.14,5513.14,269.00
1924573,22.69,35.16,6017.27,267.00
1927573,22.69,35.16,6268.80,269.00
1930573,22.69,35.16,6260.52,270.00
1933573,22.69,35.17,6029.56,268.00
1936573,22.69,35.17,6937.62,267.00
1939573,22.69,35.16,8470.80,266.00
1942573,22.69,35.16,6757.22,270.00
1945573,22.70,35.16,7242.21,266.00
1948573,22.69,35.16,5487.23,267.00
1951573,22.70,35.16,6725.79,266.00
1954573,22.69,35.16,5979.66,266.00
1957573,22.70,35.16,6890.02,276.00
1960573,22.70,35.16,6740.90,267.00
1963573,22.69,35.13,7425.08,259.00
1966573,22.69,35.12,8215.50,266.00
1969573,22.69,35.11,6764.60,259.00
1972573,22.70,35.09,9645.47,267.00
1975573,22.69,35.06,6411.93,267.00
1978573,22.69,35.01,8353.13,266.00
1981573,22.69,35.03,5673.14,266.00
1984573,22.69,35.04,7586.89,266.00
1987573,22.69,35.03,9354.95,268.00
1990573,22.69,35.06,5794.64,269.00
1993573,22.69,35.06,5348.53,270.00
1996573,22.69,35.06,5345.97,269.00
1999573,22.69,34.98,5879.73,268.00
2002573,22.68,34.96,5210.48,269.00
2005573,22.68,34.98,7982.23,268.00
2008573,22.68,35.01,6355.22,268.00
2011573,22.68,35.03,7071.14,282.00
2014573,22.68,35.03,6019.55,271.00
2017573,22.68,35.02,6380.72,270.00
2020573,22.67,35.03,5719.07,270.00
2023573,22.68,35.03,5779.47,270.00
2026573,22.68,35.03,5582.65,273.00
2029573,22.68,35.03,5790.45,269.00
2032573,22.68,35.03,5251.49,269.00
2035573,22.69,35.01,5568.88,268.00
2038573,22.68,35.01,6386.19,267.00
2041573,22.67,34.97,6136.02,267.00
2044573,22.67,35.00,6183.01,266.00
2047573,22.68,35.00,6732.18,275.00
2050573,22.67,35.01,7397.10,266.00
2053573,22.67,35.02,6331.59,266.00
2056573,22.67,35.02,6361.97,266.00
2059573,22.68,35.02,7406.18,265.00
2062573,22.67,35.02,6683.24,267.00
2065573,22.67,35.02,6995.95,271.00
2068573,22.67,35.03,7536.71,268.00
2071573,22.67,35.04,8687.96,268.00
2074573,22.67,35.03,6247.03,267.00
2077573,22.67,35.02,9294.91,267.00
2080573,22.67,35.02,8048.58,265.00
2083573,22.67,35.02,7111.02,265.00
2086573,22.67,35.04,6673.13,269.00
2089573,22.68,35.04,5766.49,271.00
2092573,22.67,35.04,8555.68,270.00
2095573,22.67,35.04,12770.36,272.00
2098573,22.68,35.04,22797.79,268.00
2101573,22.68,35.04,27388.39,268.00
2104573,22.68,35.06,6942.12,268.00
2107573,22.67,35.06,6780.40,268.00
2110573,22.67,35.06,6382.71,267.00
2113573,22.68,35.06,5977.28,267.00
2116573,22.68,35.06,6823.71,269.00
2119573,22.68,35.07,7081.14,267.00
2122573,22.69,35.07,6031.76,266.00
2125573,22.68,35.06,5630.77,264.00
2128573,22.68,35.07,5923.25,264.00
2131573,22.69,35.07,5853.87,265.00
2134573,22.69,35.07,7221.61,265.00
2137573,22.69,35.07,7607.25,265.00
2140573,22.69,35.06,5497.26,265.00
2143573,22.69,35.04,5727.95,264.00
2146573,22.69,35.03,7571.32,264.00
2149573,22.69,35.02,6787.11,263.00
2152573,22.69,35.03,6654.05,262.00
2155573,22.69,35.03,7529.28,262.00
2158573,22.69,35.02,7072.04,261.00
2161573,22.69,35.01,7281.54,264.00
2164573,22.70,35.02,7742.77,263.00
2167573,22.70,35.02,6657.47,266.00
2170573,22.70,35.02,7038.95,265.00
2173573,22.69,35.02,5967.87,264.00
2176573,22.70,35.02,6808.21,263.00
2179573,22.70,35.01,8331.36,261.00
2182573,22.70,35.00,6617.85,261.00
2185573,22.70,35.00,7663.46,262.00
2188573,22.70,34.96,5985.33,261.00
2191573,22.70,34.92,6690.29,261.00
2194573,22.70,34.90,12280.37,253.00
2197573,22.69,34.89,7408.38,262.00
2200573,22.69,34.90,9012.76,256.00
2203573,22.69,34.92,8810.31,264.00
2206573,22.69,34.90,7299.14,264.00
2209573,22.69,34.91,6139.99,261.00
2212573,22.69,34.91,6888.61,261.00
2215573,22.69,34.92,7379.20,261.00
2218573,22.69,34.91,6864.73,263.00
2221573,22.69,34.92,6977.52,265.00
2224573,22.69,34.91,7460.38,264.00
2227573,22.70,34.92,8061.41,264.00
2230573,22.69,34.92,6899.97,263.00
2233573,22.70,34.94,6537.68,263.00
2236573,22.70,34.92,6257.20,263.00
2239573,22.70,34.91,7049.13,261.00
2242573,22.70,34.92,7549.45,261.00
2245573,22.69,34.92,18468.94,261.00
2248573,22.70,34.92,7460.33,260.00
2251573,22.69,34.95,8582.18,259.00
2254573,22.69,34.92,8692.25,260.00
2257573,22.70,34.92,9668.20,261.00
2260573,22.70,34.92,7639.33,261.00
2263573,22.70,34.91,6841.12,263.00
2266573,22.70,34.90,6717.01,263.00
2269573,22.70,34.86,7168.13,260.00
2272573,22.70,34.86,7905.19,260.00
2275573,22.70,34.86,8310.39,262.00
2278573,22.70,34.85,6719.62,263.00
2281573,22.70,34.85,14339.92,264.00
2284573,22.71,34.85,7178.45,262.00
2287573,22.70,34.83,8445.66,262.00
2290573,22.70,34.81,6965.60,261.00
2293573,22.70,34.77,7347.11,260.00
2296573,22.70,34.74,9890.57,259.00
2299573,22.70,34.76,8325.74,260.00
2302573,22.70,34.78,7905.37,261.00
2305573,22.70,34.78,6995.68,262.00
2308573,22.70,34.76,9140.84,262.00
2311573,22.70,34.78,9525.74,262.00
2314573,22.70,34.78,8232.35,263.00
2317573,22.70,34.76,7431.35,272.00
2320573,22.70,34.78,7557.62,262.00
2323573,22.70,34.78,9195.46,261.00
2326573,22.70,34.76,7454.75,260.00
2329573,22.70,34.74,9859.20,260.00
2332573,22.70,34.73,12467.85,261.00
2335573,22.70,34.73,14545.24,261.00
2338573,22.69,34.73,6242.89,262.00
2341573,22.70,34.73,7783.21,262.00
2344573,22.70,34.73,7437.16,262.00
2347573,22.69,34.75,8551.42,263.00
2350573,22.70,34.75,8455.13,262.00
2353573,22.69,34.76,7727.19,262.00
2356573,22.70,34.76,7029.06,262.00
2359573,22.70,34.78,6911.25,261.00
2362573,22.70,34.77,6552.69,262.00
2365573,22.70,34.78,6722.54,262.00
2368573,22.70,34.78,8318.35,262.00
2371573,22.70,34.77,9152.21,263.00
2374573,22.70,34.77,7403.84,262.00
2377573,22.71,34.74,8210.25,263.00
2380573,22.70,34.72,7156.33,261.00
2383573,22.70,34.70,8891.43,259.00
2386573,22.70,34.70,7234.36,260.00
2389573,22.70,34.70,7721.72,263.00
2392573,22.70,34.70,6718.60,264.00
2395573,22.70,34.70,7225.03,265.00
2398573,22.70,34.70,6533.78,261.00
2401573,22.70,34.70,7004.02,261.00
2404573,22.70,34.73,8110.82,261.00
2407573,22.71,34.72,8328.55,259.00
2410573,22.70,34.69,7417.16,260.00
2413573,22.70,34.68,7434.16,260.00
2416573,22.70,34.69,10818.54,261.00
2419573,22.70,34.68,6684.02,261.00
2422573,22.70,34.68,7644.28,263.00
2425573,22.70,34.68,7344.68,263.00
2428573,22.70,34.68,8303.28,265.00
2431573,22.70,34.62,10547.62,264.00
2434573,22.69,34.59,8173.08,260.00
2437573,22.70,34.63,7924.96,270.00
2440573,22.70,34.64,11247.96,260.00
2443573,22.69,34.65,6503.28,259.00
2446573,22.70,34.67,6549.38,260.00
2449573,22.69,34.68,6965.98,261.00
2452573,22.70,34.66,6593.50,263.00
2455573,22.70,34.64,7301.35,274.00
2458573,22.69,34.64,4988.64,264.00
2461573,22.70,34.66,7212.74,260.00
2464573,22.69,34.64,8487.94,258.00
2467573,22.70,34.66,6492.31,260.00
2470573,22.69,34.63,6605.53,261.00
2473573,22.70,34.63,5533.63,258.00
2476573,22.70,34.63,7197.39,258.00
2479573,22.70,34.63,6116.83,261.00
2482573,22.69,34.62,7616.64,258.00
2485573,22.69,34.59,5784.26,257.00
2488573,22.69,34.61,8856.65,260.00
2491573,22.70,34.62,7405.06,257.00
2494573,22.70,34.62,5908.81,257.00
2497573,22.70,34.62,7104.60,259.00
2500573,22.70,34.59,16088.05,260.00
2503573,22.69,34.59,7689.69,260.00
2506573,22.70,34.57,8437.44,258.00
2509573,22.70,34.58,7309.30,256.00
2512573,22.70,34.58,7519.68,258.00
2515573,22.70,34.59,7176.96,258.00
2518573,22.70,34.59,6886.66,259.00
2521573,22.70,34.59,5946.65,256.00
2524573,22.70,34.62,6634.07,255.00
2527573,22.70,34.62,7979.98,255.00
2530573,22.71,34.62,6674.19,258.00
2533573,22.70,34.63,11276.92,255.00
2536573,22.70,34.61,7312.07,256.00
2539573,22.70,34.58,6714.08,257.00
2542573,22.70,34.56,6847.59,255.00
2545573,22.71,34.51,7858.23,270.00
2548573,22.71,34.53,8083.64,254.00
2551573,22.70,34.55,9368.52,260.00
2554573,22.70,34.56,18588.59,254.00
2557573,22.71,34.55,6910.49,259.00
2560573,22.71,34.56,7429.23,255.00
2563573,22.71,34.57,15907.85,257.00
2566573,22.71,34.58,6996.28,257.00
2569573,22.71,34.58,7487.32,254.00
2572573,22.71,34.58,6629.38,258.00
2575573,22.71,34.58,5873.45,254.00
2578573,22.71,34.57,7212.41,249.00
2581573,22.71,34.56,6651.47,255.00
2584573,22.72,34.55,5990.71,254.00
2587573,22.72,34.55,12818.49,258.00
2590573,22.71,34.55,8611.34,254.00
2593573,22.72,34.56,9288.98,257.00
2596573,22.71,34.53,6167.44,256.00
2599573,22.71,34.48,8378.19,254.00
2602573,22.71,34.47,7031.96,258.00
2605573,22.71,34.46,7850.48,256.00
2608573,22.71,34.46,8630.54,257.00
2611573,22.71,34.47,7364.71,262.00
2614573,22.71,34.47,8327.75,257.00
2617573,22.71,34.47,8218.75,255.00
2620573,22.71,34.48,6373.88,254.00
2623573,22.71,34.48,7110.58,256.00
2626573,22.71,34.48,10475.83,257.00
2629573,22.70,34.48,6565.06,258.00
2632573,22.71,34.47,7401.09,257.00
2635573,22.71,34.48,8196.66,255.00
2638573,22.71,34.50,7376.84,253.00
2641573,22.71,34.48,8771.39,255.00
2644573,22.72,34.49,13601.50,258.00
2647573,22.71,34.47,9219.82,256.00
2650573,22.72,34.47,15205.31,253.00
2653573,22.71,34.48,7702.19,256.00
2656573,22.71,34.47,9410.02,257.00
2659573,22.71,34.47,9355.68,258.00
2662573,22.71,34.46,8730.67,256.00
2665573,22.71,34.44,7340.94,255.00
2668573,22.71,34.45,9419.01,254.00
2671573,22.71,34.46,7793.83,255.00
2674573,22.71,34.46,6942.42,255.00
2677573,22.71,34.46,8404.55,256.00
2680573,22.71,34.45,7618.64,256.00
2683573,22.71,34.45,8287.62,257.00
2686573,22.72,34.45,8899.47,257.00
2689573,22.72,34.47,7144.19,256.00
2692573,22.72,34.46,7632.86,255.00
2695573,22.71,34.45,8341.68,253.00
2698573,22.72,34.40,6456.18,254.00
2701573,22.71,34.35,7942.28,256.00
2704573,22.71,34.36,7535.53,257.00
2707573,22.71,34.35,7833.54,258.00
2710573,22.71,34.38,8840.38,257.00
2713573,22.71,34.39,12814.56,270.00
2716573,22.71,34.42,8793.07,256.00
2719573,22.71,34.42,7364.74,249.00
2722573,22.71,34.41,8874.99,256.00
2725573,22.71,34.44,7779.13,253.00
2728573,22.71,34.44,8699.90,254.00
2731573,22.71,34.44,6706.75,253.00
2734573,22.71,34.45,8663.83,253.00
2737573,22.72,34.44,20931.84,255.00
2740573,22.71,34.44,7052.22,255.00
2743573,22.72,34.44,7446.44,254.00
2746573,22.72,34.44,6895.60,254.00
2749573,22.72,34.44,7361.96,252.00
2752573,22.72,34.45,6231.40,252.00
2755573,22.72,34.44,7891.39,253.00
2758573,22.72,34.44,8145.39,252.00
2761573,22.72,34.44,9371.97,253.00
2764573,22.72,34.42,7956.54,253.00
2767573,22.72,34.42,8740.39,259.00
2770573,22.72,34.41,8502.97,256.00
2773573,22.73,34.41,14665.57,254.00
2776573,22.72,34.42,6460.51,254.00
2779573,22.72,34.40,8518.10,255.00
2782573,22.72,34.39,7109.66,254.00
2785573,22.72,34.36,7515.07,254.00
2788573,22.72,34.34,8809.85,257.00
2791573,22.72,34.35,8365.97,253.00
2794573,22.72,34.34,8580.13,253.00
2797573,22.72,34.33,10132.81,253.00
2800573,22.71,34.35,7928.14,251.00
2803573,22.71,34.36,6607.63,251.00
2806573,22.72,34.38,9061.58,252.00
2809573,22.72,34.38,7425.22,252.00
2812573,22.72,34.39,6265.69,251.00
2815573,22.72,34.40,8037.66,252.00
2818573,22.72,34.41,9844.95,252.00
2821573,22.72,34.41,6810.97,252.00
2824573,22.72,34.40,9191.91,253.00
2827573,22.72,34.39,7137.66,253.00
2830573,22.72,34.39,9624.47,251.00
2833573,22.72,34.38,10708.52,250.00
2836573,22.72,34.38,6942.95,247.00
2839573,22.72,34.38,7043.88,240.00
2842573,22.72,34.38,5930.72,248.00
2845573,22.72,34.38,8381.64,249.00
2848573,22.72,34.38,6573.56,244.00
2851573,22.72,34.36,6290.62,252.00
2854573,22.72,34.36,5864.70,251.00
2857573,22.72,34.38,5899.00,251.00
2860573,22.72,34.38,6018.49,249.00
2863573,22.72,34.35,6410.36,248.00
2866573,22.71,34.35,5947.55,241.00
2869573,22.71,34.36,5800.86,247.00
2872573,22.71,34.35,6928.90,249.00
2875573,22.72,34.38,6005.16,250.00
2878573,22.72,34.36,5948.89,250.00
2881573,22.72,34.38,6688.80,250.00
2884573,22.71,34.39,5499.40,248.00
2887573,22.71,34.38,6617.02,249.00
2890573,22.72,34.39,5217.73,249.00
2893573,22.72,34.40,6950.13,248.00
2896573,22.72,34.39,5747.44,248.00
2899573,22.72,34.39,5807.67,247.00
2902573,22.72,34.39,5585.24,259.00
2905573,22.72,34.36,6359.75,247.00
2908573,22.71,34.36,10565.83,247.00
2911573,22.72,34.38,7730.32,246.00
2914573,22.72,34.39,6367.48,248.00
2917573,22.72,34.38,6355.88,248.00
2920573,22.72,34.39,19200.95,249.00
2923573,22.72,34.39,6316.60,250.00
2926573,22.72,34.38,8372.79,250.00
2929573,22.72,34.35,5468.93,249.00
2932573,22.72,34.34,6969.82,249.00
2935573,22.72,34.35,9995.16,249.00
2938573,22.72,34.34,7121.44,240.00
2941573,22.72,34.34,6375.96,247.00
2944573,22.72,34.34,7330.94,247.00
2947573,22.72,34.35,7003.25,247.00
2950573,22.72,34.35,6553.30,248.00
2953573,22.72,34.34,7815.14,247.00
2956573,22.72,34.34,6972.35,246.00
2959573,22.72,34.35,6143.64,247.00
2962573,22.72,34.36,6064.58,246.00
2965573,22.72,34.36,6905.32,245.00
2968573,22.72,34.38,6966.61,246.00
2971573,22.72,34.35,22506.68,245.00
2974573,22.71,34.33,6990.53,246.00
2977573,22.71,34.35,7282.12,246.00
2980573,22.72,34.34,4996.16,246.00
2983573,22.71,34.34,6124.03,247.00
2986573,22.71,34.35,6589.63,247.00
2989573,22.71,34.34,7662.95,247.00
2992573,22.71,34.28,5826.98,250.00
2995573,22.71,34.26,6833.52,246.00
2998573,22.71,34.24,7214.05,257.00
3001573,22.70,34.25,6109.08,247.00
3004573,22.70,34.25,6164.58,249.00
3007573,22.70,34.26,7491.98,249.00
3010573,22.70,34.30,10238.72,248.00
3013573,22.70,34.31,5612.09,248.00
3016573,22.70,34.31,5042.52,245.00
3019573,22.70,34.29,8041.24,246.00
3022573,22.70,34.29,6635.84,248.00
3025573,22.70,34.31,5724.49,251.00
3028573,22.70,34.31,5923.58,247.00
3031573,22.69,34.31,6238.38,245.00
3034573,22.70,34.31,5287.29,248.00
3037573,22.69,34.31,6197.51,247.00
3040573,22.70,34.33,8296.83,248.00
3043573,22.69,34.34,7436.02,260.00
3046573,22.69,34.29,5992.81,245.00
3049573,22.69,34.30,5998.97,246.00
3052573,22.70,34.31,5445.19,248.00
3055573,22.69,34.33,16827.49,248.00
3058573,22.70,34.34,5396.49,248.00
3061573,22.69,34.34,5978.84,249.00
3064573,22.70,34.34,5940.41,247.00
3067573,22.70,34.35,6420.93,248.00
3070573,22.70,34.36,6665.38,245.00
3073573,22.70,34.36,6386.81,244.00
3076573,22.70,34.35,6103.85,243.00
3079573,22.70,34.35,6243.44,245.00
3082573,22.70,34.34,5951.19,244.00
3085573,22.70,34.34,5110.42,244.00
3088573,22.70,34.34,5809.99,244.00
3091573,22.70,34.34,6296.12,248.00
3094573,22.70,34.31,5426.83,245.00
3097573,22.70,34.28,5987.71,246.00
3100573,22.70,34.28,5743.16,248.00
3103573,22.70,34.29,7497.36,246.00
3106573,22.70,34.29,5193.68,248.00
3109573,22.70,34.29,6240.53,246.00
3112573,22.71,34.28,5634.42,245.00
3115573,22.70,34.28,6185.72,244.00
3118573,22.70,34.28,8963.61,243.00
3121573,22.70,34.26,7749.69,245.00
3124573,22.70,34.28,8214.79,245.00
3127573,22.70,34.28,40811.38,245.00
3130573,22.71,34.29,34661.61,246.00
3133573,22.70,34.29,11635.02,246.00
3136573,22.70,34.29,6987.35,246.00
3139573,22.70,34.28,6567.33,245.00
3142573,22.71,34.28,5549.17,243.00
3145573,22.70,34.25,6192.43,242.00
3148573,22.70,34.25,5046.60,242.00
3151573,22.70,34.25,7722.24,245.00
3154573,22.70,34.24,8230.52,244.00
3157573,22.70,34.19,8413.12,241.00
3160573,22.70,34.20,5930.48,241.00
3163573,22.69,34.20,16363.93,242.00
3166573,22.69,34.20,8652.95,242.00
3169573,22.69,34.19,5609.59,243.00
3172573,22.69,34.20,6293.73,244.00
3175573,22.69,34.21,8256.27,244.00
3178573,22.69,34.21,6922.91,244.00
3181573,22.69,34.21,6102.64,243.00
3184573,22.68,34.19,5309.75,244.00
3187573,22.69,34.19,7055.63,243.00
3190573,22.69,34.19,9656.67,243.00
3193573,22.68,34.19,7820.78,243.00
3196573,22.69,34.21,7349.23,242.00
3199573,22.69,34.20,5849.98,240.00
3202573,22.69,34.18,6802.93,232.00
3205573,22.68,34.18,6629.47,239.00
3208573,22.68,34.18,6357.19,241.00
3211573,22.69,34.18,6258.00,241.00
3214573,22.69,34.19,5433.84,242.00
3217573,22.68,34.20,9451.91,241.00
3220573,22.69,34.20,4498.41,233.00
3223573,22.69,34.19,5670.17,242.00
3226573,22.69,34.19,5669.35,243.00
3229573,22.69,34.20,5036.30,243.00
3232573,22.68,34.20,6648.32,243.00
3235573,22.68,34.20,5859.04,239.00
3238573,22.68,34.19,6305.98,239.00
3241573,22.67,34.18,7994.72,241.00
3244573,22.68,34.19,7272.59,242.00
3247573,22.68,34.20,6545.43,239.00
3250573,22.68,34.20,6804.44,239.00
3253573,22.68,34.20,7675.81,238.00
3256573,22.68,34.21,5785.75,241.00
3259573,22.68,34.20,5756.56,242.00
3262573,22.68,34.20,18874.11,240.00
3265573,22.67,34.20,7591.24,238.00
3268573,22.68,34.19,6172.29,239.00
3271573,22.68,34.18,5761.89,243.00
3274573,22.68,34.17,6249.44,254.00
3277573,22.68,34.18,5222.01,240.00
3280573,22.68,34.15,6489.18,238.00
3283573,22.67,34.18,6833.77,240.00
3286573,22.67,34.17,5005.69,241.00
3289573,22.67,34.15,5791.56,244.00
3292573,22.67,34.17,5649.91,240.00
3295573,22.68,34.18,5155.35,239.00
3298573,22.67,34.10,4839.26,238.00
3301573,22.68,34.13,6201.89,241.00
3304573,22.68,34.12,9432.47,242.00
3307573,22.67,34.09,5864.14,239.00
3310573,22.67,34.13,5684.08,239.00
3313573,22.67,34.10,6874.35,244.00
3316573,22.67,34.09,7135.87,233.00
3319573,22.67,34.07,5868.32,242.00
3322573,22.66,34.08,4972.29,244.00
3325573,22.66,34.07,6844.10,240.00
3328573,22.66,34.09,5359.45,243.00
3331573,22.66,34.12,7326.36,240.00
3334573,22.66,34.13,5485.65,244.00
3337573,22.66,34.14,9581.08,240.00
3340573,22.66,34.14,5055.20,243.00
3343573,22.66,34.14,6559.13,240.00
3346573,22.66,34.13,8081.97,240.00
3349573,22.66,34.09,8906.48,242.00
3352573,22.66,34.12,6116.73,243.00
3355573,22.66,34.13,8116.63,241.00
3358573,22.66,34.14,6041.04,240.00
3361573,22.66,34.15,6657.70,243.00
3364573,22.66,34.15,5927.07,242.00
3367573,22.66,34.14,5305.60,242.00
3370573,22.66,34.10,6546.20,245.00
3373573,22.66,34.10,8267.28,242.00
3376573,22.66,34.09,6493.45,244.00
3379573,22.66,34.07,6361.62,247.00
3382573,22.66,34.07,6567.09,245.00
3385573,22.66,34.07,6198.70,248.00
3388573,22.65,34.09,7867.16,246.00
3391573,22.65,34.09,5869.07,245.00
3394573,22.66,34.09,6024.79,247.00
3397573,22.65,34.10,7084.42,246.00
3400573,22.66,34.08,9163.06,251.00
3403573,22.65,34.10,6345.26,249.00
3406573,22.65,34.10,7345.87,247.00
3409573,22.65,34.11,6840.21,250.00
3412573,22.65,34.11,5434.61,251.00
3415573,22.65,34.10,8392.85,248.00
3418573,22.66,34.11,7463.13,251.00
3421573,22.66,34.13,7228.83,251.00
3424573,22.66,34.13,9814.64,251.00
3427573,22.65,34.13,7644.42,253.00
3430573,22.66,34.14,5626.64,252.00
3433573,22.66,34.14,6673.80,254.00
3436573,22.66,34.14,6405.91,252.00
3439573,22.65,34.14,6506.44,254.00
3442573,22.66,34.14,6187.92,254.00
3445573,22.66,34.14,5182.78,253.00
3448573,22.67,34.14,6816.97,258.00
3451573,22.67,34.14,5801.51,255.00
3454573,22.67,34.15,7036.40,254.00
3457573,22.67,34.14,7430.32,257.00
3460573,22.67,34.15,6366.35,258.00
3463573,22.67,34.13,9629.84,256.00
3466573,22.68,34.14,8941.33,259.00
3469573,22.67,34.13,5997.56,260.00
3472573,22.67,34.12,8089.46,258.00
3475573,22.67,34.12,6109.81,260.00
3478573,22.67,34.12,6675.80,262.00
3481573,22.68,34.12,5787.04,259.00
3484573,22.68,34.13,7749.22,263.00
3487573,22.67,34.13,13109.49,261.00
3490573,22.68,34.12,7835.43,262.00
3493573,22.67,34.12,6922.15,265.00
3496573,22.67,34.12,5871.37,262.00
3499573,22.67,34.12,6139.02,263.00
3502573,22.68,34.10,6180.78,265.00
3505573,22.68,34.10,6625.37,267.00
3508573,22.68,34.10,6413.37,266.00
3511573,22.68,34.10,5534.06,264.00
3514573,22.68,34.10,6671.45,267.00
3517573,22.68,34.09,7328.75,269.00
3520573,22.68,34.07,9189.68,266.00
3523573,22.68,34.06,6827.03,267.00
3526573,22.67,34.01,6117.10,271.00
3529573,22.67,34.02,6445.39,271.00
3532573,22.67,34.02,5824.30,270.00
3535573,22.67,34.03,6275.87,268.00
3538573,22.67,34.01,6773.76,268.00
3541573,22.67,34.03,6149.35,270.00
3544573,22.67,34.03,6144.39,273.00
3547573,22.67,34.05,7125.83,272.00
3550573,22.67,34.05,6661.13,273.00
3553573,22.67,34.05,6689.73,272.00
3556573,22.67,34.05,8376.61,272.00
3559573,22.67,34.07,6414.39,270.00
3562573,22.67,34.07,6961.77,270.00
3565573,22.67,34.05,7715.24,271.00
3568573,22.67,34.04,5893.04,271.00
3571573,22.67,34.04,6546.87,273.00
3574573,22.67,34.03,6099.26,274.00
3577573,22.67,34.03,6408.91,274.00
3580573,22.67,33.99,7215.04,274.00
3583573,22.67,33.98,5835.43,274.00
3586573,22.67,33.99,8257.02,273.00
3589573,22.67,34.02,7182.88,273.00
3592573,22.67,34.03,6205.41,272.00
3595573,22.66,34.03,6486.85,275.00
3598573,22.66,33.97,6674.10,271.00
3601573,22.66,34.01,5862.47,271.00
3604573,22.66,34.01,7277.48,264.00
3607573,22.66,34.03,6738.00,271.00
3610573,22.66,34.03,5310.21,271.00
3613573,22.66,34.04,6308.53,271.00
3616573,22.66,34.05,8279.35,274.00
3619573,22.66,34.03,8248.96,274.00
3622573,22.67,34.03,5820.51,273.00
3625573,22.66,34.04,6208.80,273.00
3628573,22.66,34.05,5466.63,269.00
3631573,22.67,34.05,8579.36,269.00
3634573,22.66,34.05,6122.88,270.00
3637573,22.67,34.08,11106.50,269.00
3640573,22.66,34.07,7124.74,270.00
3643573,22.66,34.08,9073.58,270.00
3646573,22.66,34.08,6786.54,271.00
3649573,22.66,34.04,11830.14,271.00
3652573,22.67,34.04,11375.67,270.00
3655573,22.66,34.04,12773.92,272.00
3658573,22.66,34.04,12994.09,272.00
3661573,22.67,34.04,7354.11,273.00
3664573,22.66,34.05,15297.43,273.00
3667573,22.67,34.08,7938.04,286.00
3670573,22.67,34.08,5978.35,271.00
3673573,22.67,34.08,9566.15,271.00
3676573,22.68,34.08,8561.90,282.00
3679573,22.67,34.08,14181.38,268.00
3682573,22.67,34.08,9367.97,269.00
3685573,22.67,34.08,10069.83,270.00
3688573,22.67,34.08,9244.33,271.00
3691573,22.67,34.08,13297.42,271.00
3694573,22.67,34.08,18788.70,273.00
3697573,22.67,34.08,8596.77,273.00
3700573,22.67,34.08,6936.54,277.00
3703573,22.67,34.07,8159.98,276.00
3706573,22.68,34.08,7524.82,275.00
3709573,22.67,34.07,10451.43,274.00
3712573,22.68,34.07,9426.93,274.00
3715573,22.68,34.08,20731.75,279.00
3718573,22.68,34.08,18303.54,278.00
3721573,22.67,34.09,22516.26,278.00
3724573,22.68,34.10,32770.58,278.00
3727573,22.68,34.10,29966.66,278.00
3730573,22.68,34.09,32739.93,278.00
3733573,22.68,34.08,19217.75,279.00
3736573,22.68,34.09,15558.42,280.00
3739573,22.68,34.07,15680.01,280.00
3742573,22.68,34.08,14854.47,285.00
3745573,22.68,34.08,27472.84,280.00
3748573,22.68,34.08,25887.58,281.00
3751573,22.68,34.08,21898.60,280.00
3754573,22.68,34.07,13710.18,282.00
3757573,22.68,34.08,10987.54,283.00
3760573,22.68,34.08,19556.97,280.00
3763573,22.68,34.08,20607.29,280.00
3766573,22.68,34.08,15371.25,277.00
3769573,22.68,34.08,18112.42,280.00
3772573,22.68,34.07,28409.55,279.00
3775573,22.68,34.07,18071.02,278.00
3778573,22.69,34.08,11231.60,283.00
3781573,22.69,34.07,10603.48,282.00
3784573,22.69,34.08,10789.81,282.00
3787573,22.68,34.09,10507.23,281.00
3790573,22.69,34.11,18346.64,280.00
3793573,22.69,34.09,11827.60,278.00
3796573,22.68,34.10,12352.41,275.00
3799573,22.68,34.07,19990.16,275.00
3802573,22.68,34.07,15245.02,256.00
3805573,22.68,34.10,13165.85,279.00
3808573,22.68,34.15,12331.86,278.00
3811573,22.67,34.10,13202.70,278.00
3814573,22.67,34.13,10239.34,273.00
3817573,22.66,34.15,13798.37,245.00
3820573,22.67,34.15,9071.83,267.00
3823573,22.66,34.20,10878.47,274.00
3826573,22.66,34.20,9761.39,275.00
3829573,22.66,34.22,9015.30,274.00
3832573,22.65,34.24,10098.20,275.00
3835573,22.65,34.25,11263.73,275.00
3838573,22.65,34.25,11434.56,275.00
3841573,22.65,34.25,11325.75,272.00
3844573,22.65,34.25,13704.48,272.00
3847573,22.65,34.25,12681.56,272.00
3850573,22.66,34.25,12999.87,272.00
3853573,22.65,34.27,11372.76,271.00
3856573,22.65,34.27,10121.17,271.00
3859573,22.66,34.27,11554.48,268.00
3862573,22.66,34.29,14843.59,266.00
3865573,22.65,34.29,12570.98,266.00
3868573,22.66,34.25,11792.21,267.00
3871573,22.66,34.25,31318.88,270.00
3874573,22.66,34.24,14261.44,271.00
3877573,22.66,34.25,11974.90,270.00
3880573,22.66,34.26,14092.30,267.00
3883573,22.66,34.25,7877.74,267.00
3886573,22.66,34.24,11444.29,267.00
3889573,22.66,34.21,8404.15,265.00
3892573,22.66,34.23,9086.97,268.00
3895573,22.66,34.18,9372.78,268.00
3898573,22.65,34.14,9859.18,273.00
3901573,22.65,34.16,12008.04,267.00
3904573,22.65,34.16,8480.65,266.00
3907573,22.65,34.16,10548.67,266.00
3910573,22.64,34.19,10499.34,267.00
3913573,22.64,34.20,8410.62,269.00
3916573,22.65,34.21,9958.90,269.00
3919573,22.65,34.24,9626.65,269.00
3922573,22.65,34.25,7949.11,269.00
3925573,22.65,34.25,10731.16,268.00
3928573,22.65,34.25,12178.81,266.00
3931573,22.65,34.25,8921.65,267.00
3934573,22.64,34.26,7142.26,265.00
3937573,22.65,34.26,8891.51,267.00
3940573,22.65,34.25,8327.37,267.00
3943573,22.65,34.26,9102.50,267.00
3946573,22.65,34.24,9200.64,267.00
3949573,22.65,34.24,12750.48,266.00
3952573,22.65,34.25,11055.06,266.00
3955573,22.65,34.25,7652.60,265.00
3958573,22.65,34.25,8620.29,265.00
3961573,22.65,34.26,14753.70,263.00
3964573,22.65,34.25,10452.87,266.00
3967573,22.65,34.26,9330.62,267.00
3970573,22.65,34.26,8226.84,260.00
3973573,22.65,34.26,10754.44,268.00
3976573,22.66,34.26,7917.09,267.00
3979573,22.66,34.26,8347.94,268.00
3982573,22.66,34.26,8066.28,267.00
3985573,22.66,34.27,9171.47,268.00
3988573,22.66,34.26,9428.16,268.00
3991573,22.66,34.26,12381.49,268.00
3994573,22.67,34.27,9626.33,268.00
3997573,22.66,34.25,9764.41,267.00
4000573,22.66,34.25,12378.67,268.00
4003573,22.67,34.25,7838.70,267.00
4006573,22.67,34.24,9064.71,266.00
4009573,22.67,34.23,12308.32,264.00
4012573,22.67,34.20,15573.30,265.00
4015573,22.67,34.18,7669.02,266.00
4018573,22.67,34.16,10572.39,268.00
4021573,22.67,34.16,9224.11,267.00
4024573,22.66,34.18,8100.45,267.00
4027573,22.66,34.15,11218.03,264.00
4030573,22.66,34.13,10252.53,267.00
4033573,22.66,34.10,10479.95,268.00
4036573,22.66,34.11,10278.85,265.00
4039573,22.66,34.14,9945.80,268.00
4042573,22.66,34.14,11440.78,270.00
4045573,22.66,34.13,15029.16,266.00
4048573,22.65,34.14,10195.34,267.00
4051573,22.65,34.15,11588.31,268.00
4054573,22.66,34.15,12653.73,270.00
4057573,22.65,34.16,9710.51,265.00
4060573,22.66,34.16,21291.64,270.00
4063573,22.66,34.18,9631.26,269.00
4066573,22.66,34.18,9610.80,270.00
4069573,22.66,34.19,8100.03,270.00
4072573,22.66,34.18,8649.69,267.00
4075573,22.66,34.19,12771.97,268.00
4078573,22.66,34.19,10225.40,266.00
4081573,22.66,34.20,9685.42,266.00
4084573,22.66,34.20,9730.99,267.00
4087573,22.67,34.21,11174.28,266.00
4090573,22.67,34.19,11689.48,268.00
4093573,22.66,34.18,9652.40,268.00
4096573,22.66,34.15,8673.63,269.00
4099573,22.66,34.16,10584.76,269.00
4102573,22.66,34.18,7873.35,270.00
4105573,22.66,34.18,7882.16,261.00
4108573,22.66,34.19,9429.79,260.00
4111573,22.66,34.21,8284.56,268.00
4114573,22.66,34.20,9920.65,267.00
4117573,22.65,34.22,10455.54,268.00
4120573,22.66,34.24,9814.80,270.00
4123573,22.66,34.24,10778.18,282.00
4126573,22.65,34.24,9453.89,270.00
4129573,22.65,34.22,9561.07,267.00
4132573,22.66,34.24,9106.60,267.00
4135573,22.66,34.24,13061.76,265.00
4138573,22.66,34.25,11600.23,268.00
4141573,22.66,34.24,23058.88,266.00
4144573,22.66,34.24,11440.20,267.00
4147573,22.66,34.23,19927.68,268.00
4150573,22.66,34.19,13119.14,269.00
4153573,22.66,34.19,17104.53,266.00
4156573,22.66,34.19,10517.95,264.00
4159573,22.66,34.19,12392.48,264.00
4162573,22.66,34.20,11957.53,265.00
4165573,22.67,34.19,17996.23,267.00
4168573,22.66,34.20,15301.04,268.00
4171573,22.66,34.19,10916.00,266.00
4174573,22.66,34.19,10788.86,268.00
4177573,22.66,34.20,11995.76,268.00
4180573,22.66,34.19,19109.23,265.00
4183573,22.66,34.18,8642.39,264.00
4186573,22.66,34.16,8491.32,265.00
4189573,22.66,34.18,8069.82,246.00
4192573,22.66,34.19,6144.04,240.00
4195573,22.66,34.18,9523.14,233.00
4198573,22.66,34.19,10409.64,243.00
4201573,22.66,34.18,6891.93,232.00
4204573,22.66,34.18,7700.24,33.00
4207573,22.65,34.19,8456.60,24.00
4210573,22.65,34.19,7227.12,29.00
4213573,22.65,34.17,7864.02,52.00
4216573,22.65,34.21,7957.08,236.00
4219573,22.64,34.21,6338.06,23.00
4222573,22.64,34.22,7360.06,27.00
4225573,22.64,34.21,8782.42,23.00
4228573,22.64,34.19,7494.78,23.00
4231573,22.64,34.21,6907.07,31.00
4234573,22.63,34.19,8750.75,24.00
4237573,22.63,34.19,8715.00,25.00
4240573,22.63,34.19,7507.01,23.00
4243573,22.63,34.16,8768.12,20.00
4246573,22.62,34.15,8360.70,25.00
4249573,22.61,34.26,8192.96,23.00
4252573,22.61,34.29,8691.71,27.00
4255573,22.61,34.32,9324.77,24.00
4258573,22.61,34.33,7487.74,21.00
4261573,22.60,34.33,5897.56,29.00
4264573,22.60,34.34,8598.01,24.00
4267573,22.60,34.34,7917.74,26.00
4270573,22.61,34.36,6819.39,29.00
4273573,22.60,34.34,7906.46,23.00
4276573,22.60,34.33,6810.56,20.00
4279573,22.60,34.28,7147.52,25.00
4282573,22.60,34.28,6992.32,27.00
4285573,22.59,34.28,6060.04,26.00
4288573,22.60,34.28,6027.66,23.00
4291573,22.59,34.29,9564.19,27.00
4294573,22.59,34.28,6878.83,27.00
4297573,22.59,34.28,6156.26,24.00
4300573,22.59,34.28,7136.31,26.00
4303573,22.59,34.27,7011.41,31.00
4306573,22.59,34.29,7878.12,22.00
4309573,22.58,34.29,8120.15,32.00
4312573,22.59,34.30,6618.37,21.00
4315573,22.58,34.30,6214.75,22.00
4318573,22.58,34.30,6748.73,25.00
4321573,22.58,34.30,6525.27,24.00
4324573,22.59,34.30,5911.20,24.00
4327573,22.59,34.30,6110.43,26.00
4330573,22.58,34.30,6243.60,28.00
4333573,22.59,34.30,8959.82,20.00
4336573,22.59,34.29,7689.19,30.00
4339573,22.59,34.27,7630.73,28.00
4342573,22.59,34.27,8373.41,31.00
4345573,22.58,34.26,7041.41,26.00
4348573,22.58,34.26,5235.96,25.00
4351573,22.59,34.27,6238.71,33.00
4354573,22.58,34.26,6269.18,28.00
4357573,22.58,34.27,7753.01,26.00
4360573,22.58,34.27,6666.21,22.00
4363573,22.58,34.27,6928.01,33.00
4366573,22.59,34.26,6701.54,22.00
4369573,22.58,34.26,6800.72,32.00
4372573,22.58,34.25,8763.42,30.00
4375573,22.58,34.25,11761.43,24.00
4378573,22.58,34.26,5564.31,25.00
4381573,22.58,34.24,7611.07,29.00
4384573,22.58,34.23,9187.38,31.00
4387573,22.57,34.23,8115.06,25.00
4390573,22.57,34.23,6888.18,26.00
4393573,22.57,34.23,5920.03,32.00
4396573,22.57,34.24,9425.49,36.00
4399573,22.57,34.23,6973.33,33.00
4402573,22.57,34.24,8725.06,28.00
4405573,22.57,34.23,6278.85,33.00
4408573,22.56,34.22,7374.70,36.00
4411573,22.57,34.23,8129.06,38.00
4414573,22.57,34.23,6978.34,34.00
4417573,22.57,34.23,8003.50,37.00
4420573,22.57,34.22,8531.01,30.00
4423573,22.57,34.22,6197.68,31.00
4426573,22.57,34.23,6358.35,37.00
4429573,22.57,34.22,7099.07,27.00
4432573,22.57,34.23,6187.29,38.00
4435573,22.57,34.21,6922.55,33.00
4438573,22.57,34.19,7341.59,32.00
4441573,22.57,34.18,6797.64,40.00
4444573,22.56,34.18,7514.51,39.00
4447573,22.57,34.17,7407.32,32.00
4450573,22.56,34.12,7587.93,39.00
4453573,22.56,34.10,5555.60,34.00
4456573,22.55,34.09,6790.07,40.00
4459573,22.55,34.12,6884.20,39.00
4462573,22.54,34.14,5998.22,32.00
4465573,22.54,34.17,8063.68,30.00
4468573,22.54,34.17,8740.71,34.00
4471573,22.54,34.19,7879.33,38.00
4474573,22.55,34.19,6241.42,40.00
4477573,22.54,34.19,7251.42,33.00
4480573,22.54,34.18,7969.81,33.00
4483573,22.54,34.18,6281.61,30.00
4486573,22.54,34.19,9359.57,34.00
4489573,22.54,34.20,7982.90,36.00
4492573,22.54,34.20,8955.92,34.00
4495573,22.54,34.20,7184.46,36.00
4498573,22.54,34.22,9550.06,39.00
4501573,22.55,34.22,9371.60,29.00
4504573,22.54,34.22,7530.19,34.00
4507573,22.55,34.22,6711.14,34.00
4510573,22.54,34.23,7434.70,34.00
4513573,22.55,34.23,7369.56,35.00
4516573,22.55,34.22,6276.62,27.00
4519573,22.55,34.22,6169.99,39.00
4522573,22.55,34.22,8076.92,34.00
4525573,22.55,34.19,7003.52,34.00
4528573,22.55,34.19,6839.16,33.00
4531573,22.55,34.17,6249.96,35.00
4534573,22.55,34.17,7660.92,34.00
4537573,22.55,34.14,6837.43,29.00
4540573,22.55,34.16,7136.78,28.00
4543573,22.55,34.16,7463.67,37.00
4546573,22.54,34.17,7042.85,28.00
4549573,22.55,34.17,5596.66,31.00
4552573,22.54,34.16,6565.46,31.00
4555573,22.54,34.14,6386.16,32.00
4558573,22.54,34.14,6446.44,28.00
4561573,22.55,34.14,6034.70,34.00
4564573,22.54,34.16,5947.65,31.00
4567573,22.55,34.16,6355.87,37.00
4570573,22.54,34.14,7067.13,33.00
4573573,22.55,34.11,6142.14,31.00
4576573,22.54,34.13,6370.77,31.00
4579573,22.54,34.13,6370.74,32.00
4582573,22.54,34.12,7365.61,29.00
4585573,22.54,34.13,8576.63,28.00
4588573,22.53,34.12,5976.19,27.00
4591573,22.54,34.12,7119.17,30.00
4594573,22.54,34.12,7307.80,36.00
4597573,22.54,34.12,7220.26,23.00
4600573,22.54,34.13,6912.12,32.00
4603573,22.53,34.12,8842.86,29.00
4606573,22.53,34.11,6991.34,30.00
4609573,22.53,34.09,13147.24,24.00
4612573,22.53,34.11,7279.18,34.00
4615573,22.53,34.10,9392.44,30.00
4618573,22.53,34.12,13947.28,25.00
4621573,22.53,34.12,9333.36,25.00
4624573,22.53,34.08,32114.86,33.00
4627573,22.53,34.06,6462.66,25.00
4630573,22.53,34.07,7274.08,30.00
4633573,22.53,34.07,6768.48,28.00
4636573,22.53,34.08,6947.95,34.00
4639573,22.53,34.08,7787.47,23.00
4642573,22.53,34.08,6964.90,30.00
4645573,22.52,34.09,7189.82,33.00
4648573,22.53,34.09,6391.13,30.00
4651573,22.52,34.10,6224.74,31.00
4654573,22.52,34.10,6574.98,29.00
4657573,22.52,34.12,8022.86,33.00
4660573,22.52,34.12,6927.65,25.00
4663573,22.52,34.13,7129.14,29.00
4666573,22.52,34.12,6455.40,36.00
4669573,22.53,34.10,6768.54,30.00
4672573,22.52,34.12,24933.37,25.00
4675573,22.53,34.10,25692.85,31.00
4678573,22.53,34.10,8000.84,33.00
4681573,22.53,34.09,5774.83,37.00
4684573,22.52,34.10,11353.97,36.00
4687573,22.52,34.10,11039.69,31.00
4690573,22.52,34.08,6500.33,27.00
4693573,22.52,34.06,7765.87,25.00
4696573,22.52,34.03,19892.81,28.00
4699573,22.52,34.01,8542.34,28.00
4702573,22.52,34.02,7688.56,29.00
4705573,22.52,34.03,6486.30,24.00
4708573,22.51,34.04,6001.23,28.00
4711573,22.51,34.04,7321.87,25.00
4714573,22.51,34.03,7310.33,29.00
4717573,22.51,34.02,5923.21,27.00
4720573,22.51,34.01,6248.15,28.00
4723573,22.51,34.02,7010.45,30.00
4726573,22.50,34.00,7153.77,36.00
4729573,22.50,34.00,7135.49,28.00
4732573,22.50,34.00,7270.64,30.00
4735573,22.49,34.03,5880.41,28.00
4738573,22.49,34.04,5925.55,34.00
4741573,22.50,34.05,7479.77,34.00
4744573,22.49,34.05,8715.38,27.00
4747573,22.49,34.03,6760.64,26.00
4750573,22.50,34.00,7516.70,22.00
4753573,22.49,34.02,8948.20,30.00
4756573,22.49,34.04,9576.82,34.00
4759573,22.49,34.05,7060.38,29.00
4762573,22.49,34.05,6442.22,27.00
4765573,22.49,34.04,8838.63,34.00
4768573,22.48,34.03,7361.80,33.00
4771573,22.48,34.04,7147.12,35.00
4774573,22.48,34.04,7276.08,34.00
4777573,22.49,34.04,8298.23,23.00
4780573,22.48,34.05,6183.42,29.00
4783573,22.48,34.05,6435.05,25.00
4786573,22.48,34.07,6859.07,22.00
4789573,22.49,34.07,9262.82,28.00
4792573,22.49,34.05,6699.08,27.00
4795573,22.48,34.04,7815.90,28.00
4798573,22.49,34.03,7050.18,25.00
4801573,22.49,34.04,6720.06,27.00
4804573,22.49,34.04,10109.07,27.00
4807573,22.49,34.04,6215.22,25.00
4810573,22.49,34.03,6190.47,22.00
4813573,22.50,34.03,8303.77,15.00
4816573,22.48,34.02,6395.83,26.00
4819573,22.48,34.00,7378.56,28.00
4822573,22.48,33.99,6580.03,26.00
4825573,22.49,34.00,7514.27,26.00
4828573,22.49,33.99,7235.86,34.00
4831573,22.48,33.99,6544.31,24.00
4834573,22.48,34.00,8378.38,26.00
4837573,22.48,34.00,7064.61,34.00
4840573,22.48,33.99,7115.54,33.00
4843573,22.48,33.98,6811.85,23.00
4846573,22.48,33.97,7772.49,28.00
4849573,22.48,33.98,7853.46,30.00
4852573,22.48,33.98,7919.55,28.00
4855573,22.48,34.00,6968.94,22.00
4858573,22.48,34.00,8322.93,34.00
4861573,22.49,34.02,6980.06,33.00
4864573,22.49,34.02,7469.89,25.00
4867573,22.48,34.00,11691.26,25.00
4870573,22.49,34.00,6419.84,21.00
4873573,22.49,34.00,7315.87,20.00
4876573,22.48,33.99,8500.25,34.00
4879573,22.48,33.97,6405.17,31.00
4882573,22.49,33.96,7630.23,28.00
4885573,22.48,33.97,7213.25,26.00
4888573,22.48,33.95,7234.11,27.00
4891573,22.48,33.97,6435.53,24.00
4894573,22.48,33.95,8188.56,27.00
4897573,22.48,33.94,7167.52,27.00
4900573,22.48,33.94,7253.69,24.00
4903573,22.47,33.94,6957.07,26.00
4906573,22.48,33.95,7065.72,20.00
4909573,22.47,33.95,6459.78,27.00
4912573,22.47,33.95,7255.36,20.00
4915573,22.47,33.97,10440.36,29.00
4918573,22.47,33.95,10336.78,31.00
4921573,22.47,33.95,9561.12,31.00
4924573,22.47,33.97,7959.65,20.00
4927573,22.48,33.96,7940.02,23.00
4930573,22.48,33.89,8242.32,26.00
4933573,22.46,33.86,8156.55,22.00
4936573,22.47,33.88,6831.55,26.00
4939573,22.47,33.91,6210.83,23.00
4942573,22.46,33.89,7649.12,25.00
4945573,22.47,33.89,7004.02,19.00
4948573,22.47,33.91,8099.05,23.00
4951573,22.46,33.92,6609.91,19.00
4954573,22.47,33.92,8794.27,23.00
4957573,22.47,33.92,6845.29,28.00
4960573,22.46,33.91,8056.08,22.00
4963573,22.46,33.92,7536.46,20.00
4966573,22.46,33.89,7564.01,14.00
4969573,22.47,33.89,6564.51,22.00
4972573,22.46,33.89,8261.38,17.00
4975573,22.46,33.89,7065.37,20.00
4978573,22.46,33.89,6940.10,20.00
4981573,22.46,33.90,6592.60,26.00
4984573,22.46,33.91,8638.96,23.00
4987573,22.46,33.89,8018.06,30.00
4990573,22.46,33.89,6950.75,22.00
4993573,22.46,33.91,6421.65,21.00
4996573,22.46,33.88,6263.57,28.00
4999573,22.46,33.88,7328.19,22.00
5002573,22.46,33.88,5591.72,21.00
5005573,22.46,33.88,6578.94,25.00
5008573,22.45,33.87,6568.33,22.00
5011573,22.45,33.87,6105.53,18.00
5014573,22.46,33.87,7187.43,27.00
5017573,22.46,33.87,7458.76,24.00
5020573,22.45,33.87,7935.38,16.00
5023573,22.45,33.87,6713.05,15.00
5026573,22.46,33.88,8581.41,21.00
5029573,22.46,33.88,7563.94,16.00
5032573,22.46,33.87,7408.97,24.00
5035573,22.46,33.86,7344.90,17.00
5038573,22.46,33.86,7028.79,17.00
5041573,22.46,33.84,8874.61,25.00
5044573,22.46,33.83,6877.91,24.00
5047573,22.46,33.83,8356.19,24.00
5050573,22.46,33.81,9238.00,30.00
5053573,22.46,33.79,8551.97,19.00
5056573,22.45,33.78,8590.68,16.00
5059573,22.46,33.76,11742.33,29.00
5062573,22.45,33.77,9278.04,15.00
5065573,22.45,33.77,9046.07,20.00
5068573,22.45,33.78,11631.74,20.00
5071573,22.45,33.79,11804.74,21.00
5074573,22.45,33.78,6373.95,18.00
5077573,22.45,33.77,6779.19,23.00
5080573,22.45,33.77,5782.50,16.00
5083573,22.45,33.77,6742.46,23.00
5086573,22.45,33.77,6368.23,15.00
5089573,22.45,33.76,8201.18,24.00
5092573,22.44,33.72,7491.78,28.00
5095573,22.44,33.72,7941.14,29.00
5098573,22.44,33.70,9951.35,25.00
5101573,22.44,33.71,7105.41,21.00
5104573,22.44,33.71,8500.04,15.00
5107573,22.44,33.72,6141.44,23.00
5110573,22.43,33.72,9344.23,22.00
5113573,22.43,33.68,7351.29,28.00
5116573,22.43,33.68,6835.26,19.00
5119573,22.43,33.71,6794.60,26.00
5122573,22.43,33.71,8325.16,24.00
5125573,22.43,33.72,7918.55,16.00
5128573,22.43,33.72,7319.49,29.00
5131573,22.43,33.72,6852.22,26.00
5134573,22.42,33.73,7191.01,24.00
5137573,22.43,33.72,6070.79,28.00
5140573,22.42,33.74,7798.42,18.00
5143573,22.43,33.73,7141.23,20.00
5146573,22.42,33.73,6664.92,20.00
5149573,22.43,33.72,6743.83,20.00
5152573,22.42,33.72,7568.36,17.00
5155573,22.42,33.71,6081.37,19.00
5158573,22.42,33.72,6695.93,22.00
5161573,22.42,33.71,8557.69,23.00
5164573,22.42,33.71,6170.52,24.00
5167573,22.42,33.69,6114.84,22.00
5170573,22.42,33.69,6639.71,19.00
5173573,22.42,33.69,7834.92,23.00
5176573,22.42,33.67,6701.21,19.00
5179573,22.42,33.68,6400.41,14.00
5182573,22.42,33.66,6580.70,19.00
5185573,22.42,33.66,7259.03,28.00
5188573,22.42,33.68,8617.05,27.00
5191573,22.42,33.68,6542.17,19.00
5194573,22.42,33.67,7174.15,19.00
5197573,22.41,33.66,6537.76,28.00
5200573,22.41,33.64,9944.69,27.00
5203573,22.42,33.66,17354.69,22.00
5206573,22.42,33.67,7372.31,20.00
5209573,22.41,33.67,6564.20,27.00
5212573,22.41,33.67,8546.54,21.00
5215573,22.41,33.68,6353.01,14.00
5218573,22.41,33.67,7828.94,21.00
5221573,22.41,33.68,6447.35,19.00
5224573,22.42,33.66,7226.87,22.00
5227573,22.41,33.66,7541.83,13.00
5230573,22.41,33.64,7589.29,19.00
5233573,22.42,33.63,6925.00,22.00
5236573,22.41,33.62,6771.86,19.00
5239573,22.41,33.61,6665.68,17.00
5242573,22.41,33.58,7463.74,27.00
5245573,22.40,33.57,7012.42,22.00
5248573,22.40,33.57,6700.60,26.00
5251573,22.40,33.57,6879.70,27.00
5254573,22.40,33.58,6547.35,21.00
5257573,22.40,33.61,8127.46,13.00
5260573,22.39,33.61,5658.28,23.00
5263573,22.39,33.59,5927.50,27.00
5266573,22.39,33.59,6149.61,22.00
5269573,22.39,33.58,7089.48,18.00
5272573,22.39,33.59,6242.56,17.00
5275573,22.38,33.59,8437.90,17.00
5278573,22.38,33.59,6540.76,16.00
5281573,22.38,33.58,7735.38,18.00
5284573,22.38,33.58,6598.22,27.00
5287573,22.38,33.59,6249.50,24.00
5290573,22.38,33.61,6261.22,17.00
5293573,22.38,33.62,7434.99,23.00
5296573,22.38,33.61,6494.10,26.00
5299573,22.38,33.61,5985.55,24.00
5302573,22.38,33.59,6510.16,22.00
5305573,22.37,33.59,8528.15,24.00
5308573,22.37,33.59,6789.33,25.00
5311573,22.37,33.59,7134.80,22.00
5314573,22.37,33.59,6720.51,14.00
5317573,22.37,33.57,7546.73,13.00
5320573,22.37,33.59,7140.47,17.00
5323573,22.37,33.60,6949.69,13.00
5326573,22.37,33.61,8170.48,14.00
5329573,22.36,33.60,10223.21,20.00
5332573,22.37,33.60,6042.22,25.00
5335573,22.36,33.60,6157.11,15.00
5338573,22.37,33.62,6573.85,20.00
5341573,22.37,33.62,7318.50,18.00
5344573,22.37,33.62,12574.14,26.00
5347573,22.37,33.62,6007.88,16.00
5350573,22.37,33.63,7160.05,13.00
5353573,22.36,33.63,6811.70,17.00
5356573,22.36,33.63,7038.30,17.00
5359573,22.36,33.64,6697.64,20.00
5362573,22.36,33.64,6443.82,21.00
5365573,22.37,33.63,5873.07,17.00
5368573,22.37,33.63,6037.84,11.00
5371573,22.36,33.62,5595.48,20.00
5374573,22.37,33.64,5997.59,21.00
5377573,22.37,33.64,8455.43,13.00
5380573,22.36,33.65,7145.85,25.00
5383573,22.37,33.65,6387.03,17.00
5386573,22.37,33.67,6657.50,24.00
5389573,22.36,33.64,6977.00,17.00
5392573,22.37,33.67,7678.52,25.00
5395573,22.36,33.65,22306.55,22.00
5398573,22.37,33.64,7121.32,25.00
5401573,22.37,33.64,7553.70,20.00
5404573,22.36,33.64,6516.35,16.00
5407573,22.36,33.64,5931.85,21.00
5410573,22.37,33.64,5853.92,21.00
5413573,22.38,33.64,5423.33,12.00
5416573,22.37,33.64,6753.14,18.00
5419573,22.37,33.64,10388.22,20.00
5422573,22.36,33.62,5706.43,8.00
5425573,22.37,33.62,5735.62,19.00
5428573,22.36,33.62,6854.31,23.00
5431573,22.37,33.62,5593.99,11.00
5434573,22.36,33.60,5704.20,25.00
5437573,22.37,33.63,5600.99,3.00
5440573,22.36,33.63,5845.10,26.00
5443573,22.36,33.63,6393.94,11.00
5446573,22.37,33.63,6261.21,15.00
5449573,22.36,33.64,6967.02,13.00
5452573,22.37,33.64,6734.30,25.00
5455573,22.37,33.63,6825.37,25.00
5458573,22.37,33.64,6978.46,15.00
5461573,22.37,33.64,6826.86,19.00
5464573,22.36,33.64,10831.79,18.00
5467573,22.36,33.64,6165.01,10.00
5470573,22.37,33.63,6301.74,13.00
5473573,22.37,33.63,6059.50,16.00
5476573,22.36,33.63,6530.06,15.00
5479573,22.37,33.64,6050.25,22.00
5482573,22.37,33.65,5769.35,19.00
5485573,22.36,33.65,7085.74,22.00
5488573,22.36,33.65,6236.55,19.00
5491573,22.36,33.67,6790.88,18.00
5494573,22.37,33.68,5983.83,11.00
5497573,22.36,33.65,7442.12,14.00
5500573,22.36,33.62,7004.03,24.00
5503573,22.36,33.60,5479.93,18.00
5506573,22.36,33.59,5984.05,14.00
5509573,22.35,33.60,6019.41,15.00
5512573,22.35,33.59,6325.07,14.00
5515573,22.35,33.59,7721.29,14.00
5518573,22.35,33.60,7099.69,16.00
5521573,22.35,33.60,6899.51,11.00
5524573,22.35,33.60,5693.05,14.00
5527573,22.34,33.59,6850.89,23.00
5530573,22.34,33.60,6637.14,16.00
5533573,22.34,33.61,7077.17,23.00
5536573,22.34,33.63,5658.13,24.00
5539573,22.34,33.64,6451.12,14.00
5542573,22.34,33.63,6705.89,13.00
5545573,22.33,33.63,6737.24,15.00
5548573,22.34,33.63,6948.28,25.00
5551573,22.33,33.61,6229.72,19.00
5554573,22.33,33.63,5541.24,19.00
5557573,22.33,33.63,7292.53,19.00
5560573,22.33,33.65,8111.17,15.00
5563573,22.33,33.66,6004.46,21.00
5566573,22.33,33.66,5141.39,18.00
5569573,22.34,33.66,5850.88,10.00
5572573,22.33,33.66,6513.27,20.00
5575573,22.33,33.68,6738.91,21.00
5578573,22.33,33.69,7148.19,20.00
5581573,22.33,33.69,5114.31,15.00
5584573,22.34,33.70,5567.12,19.00
5587573,22.34,33.70,5765.36,14.00
5590573,22.34,33.69,6369.12,19.00
5593573,22.34,33.70,5457.74,11.00
5596573,22.33,33.68,6851.31,13.00
5599573,22.33,33.66,6617.12,22.00
5602573,22.33,33.66,7591.49,14.00
5605573,22.33,33.66,16180.11,21.00
5608573,22.33,33.66,6817.47,14.00
5611573,22.33,33.67,6676.64,20.00
5614573,22.33,33.69,6624.88,19.00
5617573,22.33,33.70,5864.06,11.00
5620573,22.33,33.70,5458.14,23.00
5623573,22.33,33.71,5808.14,24.00
5626573,22.33,33.71,5967.27,15.00
5629573,22.33,33.72,6277.60,19.00
5632573,22.33,33.71,5781.25,23.00
5635573,22.34,33.71,6692.66,13.00
5638573,22.34,33.71,6497.39,15.00
5641573,22.33,33.70,5635.72,17.00
5644573,22.33,33.70,5025.29,23.00
5647573,22.33,33.69,6230.17,19.00
5650573,22.33,33.68,5211.54,10.00
5653573,22.33,33.66,6165.37,17.00
5656573,22.33,33.66,5920.11,9.00
5659573,22.33,33.65,6185.37,10.00
5662573,22.33,33.65,6469.59,22.00
5665573,22.32,33.66,6987.25,23.00
5668573,22.33,33.66,5956.08,15.00
5671573,22.32,33.65,7210.50,12.00
5674573,22.32,33.65,5699.82,18.00
5677573,22.32,33.66,7636.53,13.00
5680573,22.32,33.66,7348.90,13.00
5683573,22.32,33.65,5463.66,14.00
5686573,22.32,33.67,7180.65,21.00
5689573,22.32,33.67,7611.03,23.00
5692573,22.32,33.67,6621.67,19.00
5695573,22.32,33.67,5455.79,14.00
5698573,22.32,33.69,5197.91,14.00
5701573,22.32,33.69,6621.82,23.00
5704573,22.33,33.70,7015.95,24.00
5707573,22.33,33.70,6175.63,24.00
5710573,22.33,33.70,6022.82,14.00
5713573,22.33,33.70,7209.06,14.00
5716573,22.33,33.70,6269.15,13.00
5719573,22.33,33.69,5426.54,19.00
5722573,22.33,33.69,7139.88,21.00
5725573,22.33,33.70,6713.99,10.00
5728573,22.33,33.69,6497.47,23.00
5731573,22.33,33.67,11818.81,10.00
5734573,22.32,33.67,7089.44,23.00
5737573,22.33,33.69,5769.79,18.00
5740573,22.33,33.69,6821.18,18.00
5743573,22.33,33.69,5936.08,23.00
5746573,22.33,33.70,6122.18,20.00
5749573,22.33,33.70,6797.49,16.00
5752573,22.33,33.71,6264.21,25.00
5755573,22.33,33.71,5763.62,20.00
5758573,22.33,33.70,6196.45,14.00
5761573,22.32,33.70,4975.28,15.00
5764573,22.32,33.70,7307.18,10.00
5767573,22.33,33.69,8072.08,9.00
5770573,22.32,33.69,5692.78,19.00
5773573,22.32,33.69,5944.00,22.00
5776573,22.32,33.69,7638.45,18.00
5779573,22.32,33.69,7413.67,14.00
5782573,22.32,33.69,6221.06,20.00
5785573,22.33,33.70,8049.50,13.00
5788573,22.33,33.69,5275.79,11.00
5791573,22.33,33.70,5960.12,19.00
5794573,22.32,33.69,8019.68,23.00
5797573,22.32,33.70,5892.63,22.00
5800573,22.33,33.70,6144.67,18.00
5803573,22.32,33.71,5505.28,21.00
5806573,22.32,33.69,6662.99,23.00
5809573,22.32,33.67,6992.72,14.00
5812573,22.32,33.67,6977.71,23.00
5815573,22.32,33.67,6695.01,18.00
5818573,22.33,33.70,7171.13,22.00
5821573,22.33,33.70,5158.80,14.00
5824573,22.33,33.70,6374.66,23.00
5827573,22.33,33.71,6348.66,14.00
5830573,22.33,33.71,5233.97,14.00
5833573,22.33,33.71,7638.37,23.00
5836573,22.33,33.71,6395.48,20.00
5839573,22.32,33.71,6398.16,13.00
5842573,22.32,33.70,8221.75,21.00
5845573,22.32,33.69,6125.62,24.00
5848573,22.32,33.69,8955.04,25.00
5851573,22.31,33.69,5798.55,22.00
5854573,22.32,33.67,6804.01,11.00
5857573,22.32,33.67,7244.26,19.00
5860573,22.31,33.69,8018.59,23.00
5863573,22.32,33.70,10747.76,17.00
5866573,22.31,33.70,5750.78,16.00
5869573,22.31,33.69,6529.13,19.00
5872573,22.31,33.66,17418.77,23.00
5875573,22.31,33.66,5251.19,11.00
5878573,22.31,33.67,5645.96,11.00
5881573,22.31,33.67,6091.66,14.00
5884573,22.31,33.69,6022.49,16.00
5887573,22.30,33.67,6158.19,20.00
5890573,22.31,33.66,6658.52,11.00
5893573,22.30,33.67,5503.59,15.00
5896573,22.30,33.67,6097.05,9.00
5899573,22.30,33.67,6179.65,12.00
5902573,22.30,33.67,5568.35,23.00
5905573,22.30,33.67,5377.28,19.00
5908573,22.29,33.68,6653.63,18.00
5911573,22.30,33.71,5397.08,23.00
5914573,22.29,33.70,5597.40,23.00
5917573,22.29,33.70,6312.24,15.00
5920573,22.29,33.71,5147.84,17.00
5923573,22.29,33.71,6456.33,15.00
5926573,22.29,33.71,5454.60,21.00
5929573,22.29,33.70,6906.83,22.00
5932573,22.29,33.71,5746.83,21.00
5935573,22.29,33.72,5768.15,17.00
5938573,22.29,33.73,5958.65,23.00
5941573,22.29,33.73,5837.04,22.00
5944573,22.29,33.72,5092.30,23.00
5947573,22.29,33.73,5655.28,17.00
5950573,22.29,33.75,4604.38,23.00
5953573,22.29,33.73,6088.12,23.00
5956573,22.29,33.73,5488.49,16.00
5959573,22.29,33.72,6011.81,13.00
5962573,22.28,33.72,5613.22,19.00
5965573,22.29,33.72,5793.80,19.00
5968573,22.29,33.72,6716.05,19.00
5971573,22.29,33.72,7829.62,9.00
5974573,22.29,33.73,5705.38,18.00
5977573,22.29,33.73,7940.42,18.00
5980573,22.29,33.73,7173.55,13.00
5983573,22.29,33.73,8155.40,12.00
5986573,22.29,33.73,7057.17,14.00
5989573,22.29,33.75,6207.03,17.00
5992573,22.29,33.75,5307.50,13.00
5995573,22.29,33.75,6412.95,18.00
5998573,22.29,33.75,4912.93,11.00
6001573,22.29,33.73,5674.71,20.00
6004573,22.29,33.73,7444.88,13.00
6007573,22.29,33.73,5473.47,18.00
6010573,22.29,33.73,6146.35,15.00
6013573,22.29,33.75,6206.85,19.00
6016573,22.29,33.75,6318.24,24.00
6019573,22.29,33.75,5147.44,15.00
6022573,22.29,33.75,5193.94,13.00
6025573,22.29,33.75,4928.10,17.00
6028573,22.29,33.73,5534.84,8.00
6031573,22.29,33.73,6159.66,18.00
6034573,22.29,33.73,6276.21,19.00
6037573,22.28,33.73,7107.57,17.00
6040573,22.29,33.72,5892.49,18.00
6043573,22.29,33.72,6186.92,18.00
6046573,22.29,33.72,7244.85,22.00
6049573,22.29,33.72,8132.44,17.00
6052573,22.28,33.72,6595.30,15.00
6055573,22.28,33.71,5787.29,15.00
6058573,22.28,33.72,6621.59,13.00
6061573,22.28,33.72,5723.14,23.00
6064573,22.27,33.73,5689.02,14.00
6067573,22.27,33.73,5488.40,17.00
6070573,22.28,33.73,5695.80,19.00
6073573,22.27,33.73,6288.79,18.00
6076573,22.27,33.73,6557.40,19.00
6079573,22.27,33.74,6186.38,18.00
6082573,22.27,33.74,6445.34,22.00
6085573,22.27,33.74,4846.43,17.00
6088573,22.27,33.73,5138.95,12.00
6091573,22.27,33.73,9586.87,18.00
6094573,22.27,33.73,31219.66,21.00
6097573,22.27,33.72,7060.81,23.00
6100573,22.26,33.72,6659.87,15.00
6103573,22.26,33.72,5601.02,19.00
6106573,22.26,33.71,5966.34,10.00
6109573,22.25,33.72,5303.42,13.00
6112573,22.25,33.73,5963.15,18.00
6115573,22.25,33.73,5452.53,20.00
6118573,22.25,33.73,5439.44,24.00
6121573,22.25,33.74,8212.46,22.00
6124573,22.25,33.73,6674.58,14.00
6127573,22.24,33.74,6429.47,19.00
6130573,22.25,33.75,5313.75,24.00
6133573,22.24,33.74,5747.74,22.00
6136573,22.24,33.73,6248.58,21.00
6139573,22.24,33.74,5880.28,13.00
6142573,22.24,33.75,6072.57,16.00
6145573,22.24,33.77,6060.62,11.00
6148573,22.24,33.78,6794.56,19.00
6151573,22.24,33.79,7288.17,20.00
6154573,22.24,33.79,6104.91,12.00
6157573,22.24,33.80,5879.75,19.00
6160573,22.24,33.80,7106.84,12.00
6163573,22.23,33.81,7636.43,19.00
6166573,22.24,33.81,5393.64,21.00
6169573,22.24,33.83,6684.25,10.00
6172573,22.24,33.84,6394.89,11.00
6175573,22.24,33.83,6700.02,15.00
6178573,22.24,33.84,6761.28,15.00
6181573,22.24,33.84,10485.04,11.00
6184573,22.24,33.84,6364.96,16.00
6187573,22.24,33.84,5861.65,13.00
6190573,22.24,33.84,6635.20,16.00
6193573,22.24,33.85,6274.10,23.00
6196573,22.24,33.84,6565.22,18.00
6199573,22.25,33.85,7348.53,24.00
6202573,22.25,33.84,7091.12,24.00
6205573,22.25,33.84,7700.29,15.00
6208573,22.25,33.85,6266.05,12.00
6211573,22.24,33.84,6616.79,21.00
6214573,22.24,33.84,6452.21,16.00
6217573,22.25,33.84,6252.02,17.00
6220573,22.24,33.84,7433.01,20.00
6223573,22.24,33.83,7958.52,19.00
6226573,22.24,33.85,6849.39,25.00
6229573,22.24,33.85,7326.91,25.00
6232573,22.24,33.84,5675.12,21.00
6235573,22.24,33.84,6480.50,22.00
6238573,22.24,33.84,7737.43,22.00
6241573,22.24,33.85,6511.38,12.00
6244573,22.24,33.84,6085.13,15.00
6247573,22.24,33.85,6168.98,24.00
6250573,22.24,33.85,5421.58,13.00
6253573,22.25,33.84,8575.89,20.00
6256573,22.24,33.84,6876.09,18.00
6259573,22.24,33.83,6081.52,14.00
6262573,22.24,33.84,5116.92,21.00
6265573,22.24,33.84,5686.88,26.00
6268573,22.24,33.85,5542.46,27.00
6271573,22.24,33.86,6248.37,26.00
6274573,22.24,33.85,6469.10,26.00
6277573,22.24,33.85,7415.00,12.00
6280573,22.24,33.85,6328.85,14.00
6283573,22.24,33.85,6623.60,18.00
6286573,22.23,33.85,6238.07,20.00
6289573,22.23,33.85,5961.60,25.00
6292573,22.24,33.85,6806.64,20.00
6295573,22.23,33.85,5658.92,20.00
6298573,22.23,33.85,6534.16,20.00
6301573,22.23,33.85,7294.70,14.00
6304573,22.23,33.86,7035.06,23.00
6307573,22.24,33.86,8143.23,24.00
6310573,22.24,33.86,6936.08,19.00
6313573,22.23,33.88,6086.73,26.00
6316573,22.23,33.88,6200.06,21.00
6319573,22.24,33.86,7402.57,23.00
6322573,22.23,33.88,6674.01,22.00
6325573,22.23,33.88,5765.31,17.00
6328573,22.24,33.88,6062.00,21.00
6331573,22.23,33.86,7533.77,27.00
6334573,22.23,33.86,6459.84,24.00
6337573,22.23,33.84,5183.07,14.00
6340573,22.23,33.85,7807.25,27.00
6343573,22.23,33.85,5098.47,15.00
6346573,22.23,33.86,5606.96,19.00
6349573,22.23,33.86,8107.94,28.00
6352573,22.23,33.85,6481.31,19.00
6355573,22.23,33.86,6366.40,18.00
6358573,22.23,33.85,5820.48,22.00
6361573,22.23,33.86,7814.22,22.00
6364573,22.22,33.86,7138.85,23.00
6367573,22.22,33.86,6916.98,18.00
6370573,22.22,33.86,8970.34,22.00
6373573,22.22,33.87,5468.76,20.00
6376573,22.22,33.87,4988.25,10.00
6379573,22.21,33.86,7338.87,23.00
6382573,22.21,33.87,7403.11,22.00
6385573,22.21,33.87,5860.53,16.00
6388573,22.21,33.89,8074.79,23.00
6391573,22.21,33.90,5444.36,19.00
6394573,22.21,33.90,6179.34,23.00
6397573,22.20,33.88,5588.64,23.00
6400573,22.21,33.89,6416.78,23.00
6403573,22.21,33.90,5802.42,23.00
6406573,22.20,33.88,6529.62,18.00
6409573,22.21,33.87,10551.11,25.00
6412573,22.20,33.88,6450.39,16.00
6415573,22.20,33.90,5445.67,14.00
6418573,22.20,33.90,5901.32,18.00
6421573,22.20,33.91,6850.09,28.00
6424573,22.20,33.90,6126.54,22.00
6427573,22.20,33.91,6651.29,20.00
6430573,22.20,33.91,6533.90,23.00
6433573,22.20,33.90,6085.63,24.00
6436573,22.20,33.91,8091.79,23.00
6439573,22.20,33.91,5531.88,29.00
6442573,22.20,33.91,5826.01,17.00
6445573,22.20,33.92,5978.94,21.00
6448573,22.20,33.92,7110.31,23.00
6451573,22.20,33.92,5951.60,19.00
6454573,22.20,33.93,5235.55,15.00
6457573,22.20,33.93,7672.93,19.00
6460573,22.21,33.93,9915.24,19.00
6463573,22.21,33.93,6703.43,22.00
6466573,22.21,33.91,5899.73,25.00
6469573,22.20,33.92,6969.76,25.00
6472573,22.21,33.93,6829.89,27.00
6475573,22.20,33.93,7130.34,15.00
6478573,22.20,33.92,6400.77,29.00
6481573,22.20,33.93,5913.56,19.00
6484573,22.20,33.93,7234.17,24.00
6487573,22.21,33.92,6876.16,26.00
6490573,22.20,33.92,14372.16,13.00
6493573,22.20,33.90,6213.45,27.00
6496573,22.20,33.91,6042.56,15.00
6499573,22.20,33.90,6225.42,14.00
6502573,22.20,33.90,6719.38,16.00
6505573,22.20,33.90,7221.57,21.00
6508573,22.19,33.90,6317.00,22.00
6511573,22.19,33.90,5856.61,14.00
6514573,22.19,33.90,6637.83,21.00
6517573,22.19,33.91,6520.88,23.00
6520573,22.19,33.90,8383.41,21.00
6523573,22.19,33.90,7436.80,12.00
6526573,22.19,33.90,8823.69,26.00
6529573,22.19,33.88,6283.32,27.00
6532573,22.19,33.88,6765.45,24.00
6535573,22.18,33.90,6961.79,18.00
6538573,22.18,33.91,10156.89,23.00
6541573,22.19,33.90,22716.72,16.00
6544573,22.18,33.91,13978.77,24.00
6547573,22.18,33.90,19865.70,172.00
6550573,22.18,33.90,16204.67,163.00
6553573,22.18,33.88,12564.16,169.00
6556573,22.18,33.88,11374.55,165.00
6559573,22.18,33.86,7544.32,171.00
6562573,22.18,33.86,7022.08,172.00
6565573,22.18,33.86,6664.09,174.00
6568573,22.18,33.87,6845.88,176.00
6571573,22.17,33.86,6771.27,176.00
6574573,22.17,33.87,6814.87,179.00
6577573,22.17,33.90,6101.51,182.00
6580573,22.18,33.90,7300.96,186.00
6583573,22.18,33.90,8254.16,188.00
6586573,22.18,33.91,7697.10,190.00
6589573,22.18,33.91,7517.54,196.00
6592573,22.18,33.92,7382.62,194.00
6595573,22.18,33.93,8132.89,195.00
6598573,22.18,33.93,6720.11,197.00
6601573,22.18,33.94,10625.89,198.00
6604573,22.19,33.94,8944.72,203.00
6607573,22.19,33.94,15732.62,203.00
6610573,22.19,33.92,9968.75,204.00
6613573,22.19,33.93,6419.51,206.00
6616573,22.19,33.91,6509.19,208.00
6619573,22.19,33.91,8100.78,220.00
6622573,22.19,33.90,7452.93,212.00
6625573,22.19,33.90,7648.76,213.00
6628573,22.19,33.88,8588.30,216.00
6631573,22.19,33.88,6618.12,218.00
6634573,22.19,33.88,7004.36,220.00
6637573,22.19,33.88,6946.53,221.00
6640573,22.19,33.90,7845.81,222.00
6643573,22.19,33.88,7856.18,222.00
6646573,22.18,33.88,8426.73,224.00
6649573,22.19,33.87,6671.47,224.00
6652573,22.19,33.88,7621.01,224.00
6655573,22.19,33.87,8298.69,224.00
6658573,22.19,33.86,7097.67,217.00
6661573,22.18,33.86,7891.51,225.00
6664573,22.18,33.87,7440.27,236.00
6667573,22.18,33.90,7354.52,229.00
6670573,22.18,33.88,21661.87,227.00
6673573,22.18,33.90,9868.18,227.00
6676573,22.18,33.90,10764.76,227.00
6679573,22.17,33.90,8468.24,227.00
6682573,22.18,33.90,8899.44,227.00
6685573,22.17,33.91,7685.09,228.00
6688573,22.17,33.90,8786.58,230.00
6691573,22.18,33.91,7161.58,234.00
6694573,22.18,33.91,7136.34,234.00
6697573,22.18,33.91,8181.20,237.00
6700573,22.18,33.90,8794.91,236.00
6703573,22.18,33.90,7421.35,235.00
6706573,22.18,33.90,8489.40,236.00
6709573,22.18,33.90,8386.87,236.00
6712573,22.18,33.90,8654.13,236.00
6715573,22.18,33.91,9191.37,236.00
6718573,22.18,33.90,8144.31,237.00
6721573,22.18,33.91,7937.25,237.00
6724573,22.19,33.91,7078.59,238.00
6727573,22.18,33.91,7891.61,237.00
6730573,22.18,33.90,8410.95,236.00
6733573,22.18,33.86,9467.83,235.00
6736573,22.18,33.87,8097.12,236.00
6739573,22.18,33.88,8825.64,238.00
6742573,22.18,33.90,8281.76,240.00
6745573,22.18,33.90,9119.88,241.00
6748573,22.18,33.91,8054.91,239.00
6751573,22.18,33.91,8753.67,239.00
6754573,22.18,33.92,8067.47,238.00
6757573,22.17,33.93,7836.74,238.00
6760573,22.18,33.93,7483.10,239.00
6763573,22.17,33.94,9024.89,238.00
6766573,22.18,33.94,9344.81,240.00
6769573,22.17,33.94,9011.33,241.00
6772573,22.18,33.94,7966.32,243.00
6775573,22.18,33.96,9175.80,241.00
6778573,22.18,33.96,7191.18,238.00
6781573,22.18,33.97,9575.63,239.00
6784573,22.18,33.97,7657.85,241.00
6787573,22.18,33.97,8717.13,242.00
6790573,22.19,33.96,8861.42,243.00
6793573,22.18,33.97,8593.52,243.00
6796573,22.18,33.97,7948.01,243.00
6799573,22.18,33.98,10155.79,241.00
6802573,22.18,33.98,8662.28,241.00
6805573,22.18,33.98,8070.83,239.00
6808573,22.18,33.98,7617.51,240.00
6811573,22.18,33.97,9396.14,242.00
6814573,22.18,33.97,10769.48,244.00
6817573,22.18,33.99,9886.87,245.00
6820573,22.18,33.99,12294.48,246.00
6823573,22.18,34.00,14017.33,245.00
6826573,22.18,34.00,10537.73,244.00
6829573,22.18,34.00,14398.05,244.00
6832573,22.18,34.02,13579.15,243.00
6835573,22.18,34.00,10567.35,244.00
6838573,22.17,34.02,10550.90,244.00
6841573,22.18,34.03,8074.12,245.00
6844573,22.18,34.04,8797.78,246.00
6847573,22.18,34.04,9969.49,245.00
6850573,22.18,34.05,8218.23,246.00
6853573,22.19,34.05,10626.33,248.00
6856573,22.19,34.07,10371.04,246.00
6859573,22.19,34.05,13758.05,246.00
6862573,22.19,34.07,12847.82,247.00
6865573,22.19,34.05,12100.06,245.00
6868573,22.20,34.07,11706.15,244.00
6871573,22.19,34.07,11334.77,243.00
6874573,22.20,34.07,13489.87,242.00
6877573,22.20,34.07,36880.13,241.00
6880573,22.20,34.07,31652.10,241.00
6883573,22.21,34.07,22130.38,241.00
6886573,22.20,34.06,10249.02,241.00
6889573,22.21,34.06,9956.26,243.00
6892573,22.21,34.06,7902.98,243.00
6895573,22.21,34.07,10029.40,246.00
6898573,22.21,34.07,7112.71,250.00
6901573,22.22,34.06,5916.77,246.00
6904573,22.22,34.06,6304.39,245.00
6907573,22.22,34.06,6852.47,246.00
6910573,22.22,34.07,8051.70,246.00
6913573,22.22,34.07,7956.78,245.00
6916573,22.22,34.08,6973.74,245.00
6919573,22.22,34.08,7452.76,239.00
6922573,22.22,34.09,7947.41,246.00
6925573,22.23,34.09,8436.97,246.00
6928573,22.22,34.11,8418.32,246.00
6931573,22.22,34.11,7347.70,246.00
6934573,22.23,34.11,7285.10,244.00
6937573,22.23,34.12,8373.92,243.00
6940573,22.23,34.11,10508.75,243.00
6943573,22.24,34.09,8914.86,242.00
6946573,22.24,34.11,8964.68,243.00
6949573,22.24,34.11,7999.08,243.00
6952573,22.23,34.12,9026.03,244.00
6955573,22.24,34.11,7116.24,244.00
6958573,22.24,34.12,10980.92,244.00
6961573,22.24,34.12,8088.30,243.00
6964573,22.23,34.12,11504.93,243.00
6967573,22.24,34.12,11025.61,241.00
6970573,22.24,34.12,39447.68,242.00
6973573,22.24,34.12,7925.36,244.00
6976573,22.24,34.13,8473.96,246.00
6979573,22.23,34.13,7461.29,242.00
6982573,22.23,34.14,7553.67,247.00
6985573,22.24,34.14,8689.47,245.00
6988573,22.24,34.13,10009.38,244.00
6991573,22.24,34.16,11022.40,246.00
6994573,22.24,34.14,11055.59,242.00
6997573,22.23,34.14,13745.00,246.00
7000573,22.24,34.16,13225.65,245.00
7003573,22.24,34.16,12412.76,243.00
7006573,22.24,34.16,13781.10,245.00
7009573,22.24,34.17,15948.26,245.00
7012573,22.24,34.17,18433.63,243.00
7015573,22.24,34.18,10138.55,244.00
7018573,22.24,34.18,23033.25,248.00
7021573,22.24,34.19,14661.18,243.00
7024573,22.23,34.19,37218.89,245.00
7027573,22.24,34.19,29762.42,246.00
7030573,22.24,34.21,26247.00,244.00
7033573,22.24,34.21,30937.48,246.00
7036573,22.24,34.22,21275.74,242.00
7039573,22.24,34.21,33545.50,243.00
7042573,22.24,34.22,47331.10,246.00
7045573,22.24,34.22,27678.31,245.00
7048573,22.24,34.23,19766.64,244.00
7051573,22.24,34.23,24725.92,242.00
7054573,22.24,34.24,34466.78,241.00
7057573,22.24,34.24,40598.27,242.00
7060573,22.24,34.25,23348.05,244.00
7063573,22.24,34.24,25490.45,247.00
7066573,22.24,34.27,23959.40,246.00
7069573,22.24,34.25,20461.11,244.00
7072573,22.25,34.27,26015.03,241.00
7075573,22.25,34.27,26205.33,242.00
7078573,22.24,34.28,12981.59,249.00
7081573,22.24,34.29,31045.25,246.00
7084573,22.24,34.29,24222.88,243.00
7087573,22.24,34.28,25785.24,254.00
7090573,22.24,34.30,23720.43,245.00
7093573,22.24,34.33,18596.76,250.00
7096573,22.24,34.33,21107.84,245.00
7099573,22.23,34.33,13898.80,245.00
7102573,22.24,34.34,9207.27,242.00
7105573,22.24,34.35,16785.66,244.00
7108573,22.24,34.35,21655.76,245.00
7111573,22.23,34.36,14731.53,245.00
7114573,22.24,34.38,21515.62,242.00
7117573,22.24,34.40,17992.59,242.00
7120573,22.25,34.42,7079.57,245.00
7123573,22.24,34.44,23880.54,245.00
7126573,22.25,34.45,48656.36,246.00
7129573,22.25,34.45,36400.88,246.00
7132573,22.24,34.47,23100.66,246.00
7135573,22.24,34.47,21585.28,244.00
7138573,22.24,34.50,14471.96,243.00
7141573,22.24,34.50,12729.76,244.00
7144573,22.24,34.50,39582.37,256.00
7147573,22.23,34.50,20163.40,244.00
7150573,22.24,34.50,23142.68,243.00
7153573,22.24,34.50,36993.54,244.00
7156573,22.24,34.51,17386.43,243.00
7159573,22.24,34.51,18801.20,243.00
7162573,22.24,34.51,21571.19,246.00
7165573,22.23,34.52,19707.73,248.00
7168573,22.24,34.53,9649.24,248.00
7171573,22.24,34.53,9387.02,247.00
7174573,22.24,34.55,15203.78,245.00
7177573,22.24,34.55,9093.86,246.00
7180573,22.24,34.55,36640.46,246.00
7183573,22.24,34.55,22678.39,245.00
7186573,22.24,34.56,21423.01,245.00
7189573,22.24,34.56,14051.27,244.00
7192573,22.24,34.56,24763.78,244.00
7195573,22.24,34.56,27933.77,244.00
7198573,22.24,34.56,7847.74,244.00
7201573,22.25,34.57,13701.32,243.00
7204573,22.24,34.57,8262.57,255.00
7207573,22.25,34.58,8431.56,245.00
7210573,22.24,34.58,7735.17,244.00
7213573,22.24,34.59,8502.32,244.00
7216573,22.24,34.60,7365.02,244.00
7219573,22.24,34.63,9644.00,249.00
7222573,22.24,34.63,10960.49,240.00
7225573,22.24,34.64,11186.95,250.00
7228573,22.24,34.64,7293.20,249.00
7231573,22.24,34.64,6906.38,249.00
7234573,22.24,34.64,6529.15,248.00
7237573,22.25,34.66,6241.08,247.00
7240573,22.25,34.64,8699.67,246.00
7243573,22.25,34.64,7228.14,243.00
7246573,22.25,34.66,12665.79,245.00
7249573,22.25,34.66,6078.72,247.00
7252573,22.25,34.64,8005.19,249.00
7255573,22.24,34.64,7672.01,249.00
7258573,22.25,34.63,7354.45,248.00
7261573,22.25,34.63,8918.81,247.00
7264573,22.25,34.63,6620.74,245.00
7267573,22.25,34.63,7441.57,246.00
7270573,22.25,34.62,7494.27,245.00
7273573,22.25,34.63,7466.78,244.00
7276573,22.24,34.63,8070.46,258.00
7279573,22.24,34.63,6489.04,247.00
7282573,22.24,34.63,7086.46,249.00
7285573,22.24,34.63,8247.76,250.00
7288573,22.24,34.63,9374.77,250.00
7291573,22.24,34.64,10368.09,249.00
7294573,22.24,34.66,8295.25,257.00
7297573,22.24,34.66,9822.81,246.00
7300573,22.24,34.66,7542.48,248.00
7303573,22.24,34.67,7398.58,247.00
7306573,22.24,34.64,6173.76,248.00
7309573,22.24,34.64,6024.51,249.00
7312573,22.24,34.63,6971.56,251.00
7315573,22.24,34.63,8221.86,250.00
7318573,22.24,34.63,7397.10,249.00
7321573,22.24,34.64,7305.52,250.00
7324573,22.24,34.64,12540.25,250.00
7327573,22.24,34.66,8316.64,248.00
7330573,22.23,34.67,8245.44,249.00
7333573,22.24,34.67,8481.43,249.00
7336573,22.24,34.66,8658.34,248.00
7339573,22.24,34.66,7507.37,248.00
7342573,22.24,34.67,6051.07,248.00
7345573,22.24,34.67,7643.15,248.00
7348573,22.24,34.67,8442.72,247.00
7351573,22.24,34.68,7102.89,247.00
7354573,22.24,34.68,6476.89,248.00
7357573,22.24,34.68,7622.85,250.00
7360573,22.24,34.68,7356.17,248.00
7363573,22.24,34.69,7126.91,248.00
7366573,22.24,34.69,8300.49,249.00
7369573,22.24,34.69,7181.85,249.00
7372573,22.24,34.71,7032.30,249.00
7375573,22.25,34.72,7179.92,247.00
7378573,22.25,34.72,6208.63,245.00
7381573,22.25,34.73,10051.32,244.00
7384573,22.24,34.73,6753.11,244.00
7387573,22.25,34.74,8812.18,246.00
7390573,22.25,34.74,5832.16,246.00
7393573,22.24,34.73,7995.00,246.00
7396573,22.24,34.73,7374.85,246.00
7399573,22.24,34.73,7444.26,247.00
7402573,22.24,34.73,7095.34,245.00
7405573,22.25,34.72,8435.34,244.00
7408573,22.24,34.72,7601.25,244.00
7411573,22.25,34.72,7556.63,244.00
7414573,22.24,34.72,6887.87,259.00
7417573,22.25,34.72,9631.11,246.00
7420573,22.25,34.72,12806.75,246.00
7423573,22.25,34.73,7889.92,246.00
7426573,22.25,34.74,7718.60,246.00
7429573,22.25,34.74,9395.30,243.00
7432573,22.25,34.75,7748.51,236.00
7435573,22.25,34.78,11052.32,243.00
7438573,22.25,34.79,7591.10,244.00
7441573,22.25,34.79,7451.08,242.00
7444573,22.25,34.79,8097.52,243.00
7447573,22.25,34.78,6987.58,244.00
7450573,22.26,34.77,9034.31,258.00
7453573,22.25,34.77,10962.96,245.00
7456573,22.26,34.77,8582.53,245.00
7459573,22.26,34.77,12161.18,245.00
7462573,22.26,34.77,7361.70,246.00
7465573,22.26,34.75,10835.83,245.00
7468573,22.26,34.75,5648.25,245.00
7471573,22.26,34.74,7361.31,245.00
7474573,22.26,34.74,7165.85,247.00
7477573,22.26,34.74,7424.88,246.00
7480573,22.26,34.73,8074.69,247.00
7483573,22.26,34.73,7389.65,246.00
7486573,22.27,34.73,8752.17,243.00
7489573,22.27,34.73,7183.28,243.00
7492573,22.27,34.73,6152.96,244.00
7495573,22.27,34.72,7904.48,246.00
7498573,22.27,34.72,6615.70,246.00
7501573,22.26,34.72,7322.05,243.00
7504573,22.27,34.71,7054.00,246.00
7507573,22.27,34.71,7090.03,246.00
7510573,22.27,34.72,5978.63,266.00
7513573,22.26,34.72,7111.82,246.00
7516573,22.27,34.73,6162.36,248.00
7519573,22.27,34.73,7001.90,248.00
7522573,22.27,34.74,8060.91,248.00
7525573,22.28,34.74,6973.28,245.00
7528573,22.28,34.74,7694.89,244.00
7531573,22.28,34.74,7324.68,244.00
7534573,22.27,34.73,5983.23,244.00
7537573,22.28,34.75,6775.35,246.00
7540573,22.28,34.73,6559.17,246.00
7543573,22.27,34.73,6361.30,246.00
7546573,22.28,34.75,16187.63,246.00
7549573,22.28,34.75,7727.17,247.00
7552573,22.27,34.74,8164.49,262.00
7555573,22.28,34.75,6916.33,250.00
7558573,22.28,34.73,7986.01,248.00
7561573,22.29,34.75,6850.77,246.00
7564573,22.29,34.75,8458.27,247.00
7567573,22.29,34.75,7249.10,249.00
7570573,22.29,34.75,7210.78,244.00
7573573,22.29,34.73,8134.22,250.00
7576573,22.29,34.73,8692.09,250.00
7579573,22.29,34.72,7852.82,250.00
7582573,22.29,34.71,6966.24,248.00
7585573,22.29,34.72,6886.82,247.00
7588573,22.29,34.72,7483.51,239.00
7591573,22.30,34.71,6930.87,249.00
7594573,22.29,34.72,10576.45,249.00
7597573,22.29,34.73,8764.61,248.00
7600573,22.30,34.72,6375.81,239.00
7603573,22.30,34.72,9167.83,248.00
7606573,22.30,34.71,7253.32,251.00
7609573,22.30,34.71,7132.33,250.00
7612573,22.30,34.71,7808.81,249.00
7615573,22.30,34.71,10769.76,247.00
7618573,22.30,34.71,8494.44,245.00
7621573,22.30,34.70,7063.08,245.00
7624573,22.30,34.69,7345.32,245.00
7627573,22.30,34.70,6515.30,245.00
7630573,22.30,34.70,6942.85,245.00
7633573,22.30,34.70,6935.08,245.00
7636573,22.30,34.70,7648.54,246.00
7639573,22.30,34.70,9107.67,246.00
7642573,22.30,34.69,8552.79,246.00
7645573,22.30,34.69,7132.35,245.00
7648573,22.30,34.70,7359.51,247.00
7651573,22.30,34.67,7385.44,246.00
7654573,22.30,34.67,8186.98,246.00
7657573,22.30,34.68,6692.53,247.00
7660573,22.30,34.67,7022.70,247.00
7663573,22.30,34.67,6564.74,248.00
7666573,22.30,34.68,5898.85,248.00
7669573,22.30,34.67,6954.80,246.00
7672573,22.30,34.69,7390.44,247.00
7675573,22.30,34.70,6511.27,248.00
7678573,22.30,34.70,6801.06,249.00
7681573,22.30,34.70,7007.71,247.00
7684573,22.30,34.70,8494.73,246.00
7687573,22.30,34.70,8126.73,256.00
7690573,22.30,34.70,9629.49,244.00
7693573,22.30,34.70,7361.46,243.00
7696573,22.30,34.72,6134.27,251.00
7699573,22.30,34.71,8096.25,245.00
7702573,22.30,34.68,6683.06,246.00
7705573,22.30,34.72,7750.31,247.00
7708573,22.30,34.72,6113.34,247.00
7711573,22.30,34.71,8135.99,247.00
7714573,22.30,34.72,6857.66,246.00
7717573,22.29,34.73,7283.98,244.00
7720573,22.29,34.75,8135.43,244.00
7723573,22.30,34.73,7351.55,257.00
7726573,22.30,34.73,7305.44,245.00
7729573,22.29,34.73,8948.51,241.00
7732573,22.29,34.75,7730.56,238.00
7735573,22.30,34.73,6443.60,239.00
7738573,22.30,34.75,7750.06,242.00
7741573,22.30,34.73,17021.54,242.00
7744573,22.30,34.75,9533.07,253.00
7747573,22.30,34.73,6146.82,238.00
7750573,22.30,34.73,8053.84,240.00
7753573,22.30,34.73,7553.25,242.00
7756573,22.30,34.73,9447.11,241.00
7759573,22.30,34.73,7851.01,238.00
7762573,22.30,34.73,11721.35,237.00
7765573,22.30,34.72,7868.73,238.00
7768573,22.30,34.70,6875.94,239.00
7771573,22.29,34.71,6962.69,241.00
7774573,22.30,34.73,7177.13,241.00
7777573,22.29,34.73,7958.63,239.00
7780573,22.29,34.75,8382.08,236.00
7783573,22.29,34.75,8422.81,236.00
7786573,22.29,34.76,6734.42,251.00
7789573,22.30,34.76,8374.55,233.00
7792573,22.30,34.76,7425.14,240.00
7795573,22.30,34.77,7622.45,242.00
7798573,22.30,34.77,10518.91,241.00
7801573,22.29,34.77,6957.25,240.00
7804573,22.30,34.75,7526.94,238.00
7807573,22.29,34.76,6184.31,239.00
7810573,22.30,34.76,6903.29,242.00
7813573,22.29,34.76,7161.03,238.00
7816573,22.29,34.76,6623.21,238.00
7819573,22.30,34.75,5934.34,241.00
7822573,22.29,34.76,6160.27,239.00
7825573,22.29,34.76,6000.34,230.00
7828573,22.30,34.76,6702.24,240.00
7831573,22.29,34.77,8002.39,241.00
7834573,22.29,34.77,9058.12,238.00
7837573,22.30,34.77,7841.38,238.00
7840573,22.30,34.78,6391.00,241.00
7843573,22.30,34.78,8824.18,241.00
7846573,22.30,34.77,7567.83,240.00
7849573,22.30,34.78,7222.48,238.00
7852573,22.30,34.78,5976.49,236.00
7855573,22.30,34.78,8291.03,237.00
7858573,22.31,34.81,8195.30,236.00
7861573,22.31,34.78,10927.33,236.00
7864573,22.31,34.78,7201.01,236.00
7867573,22.31,34.80,7604.09,238.00
7870573,22.31,34.80,7466.49,239.00
7873573,22.31,34.81,7335.14,238.00
7876573,22.31,34.81,8897.15,238.00
7879573,22.31,34.81,7168.65,236.00
7882573,22.31,34.81,6858.25,237.00
7885573,22.31,34.81,6106.57,239.00
7888573,22.31,34.81,7451.14,241.00
7891573,22.32,34.81,8450.21,240.00
7894573,22.31,34.81,8827.65,239.00
7897573,22.31,34.82,8797.37,238.00
7900573,22.32,34.81,6840.96,238.00
7903573,22.32,34.81,7442.64,240.00
7906573,22.32,34.81,7703.50,241.00
7909573,22.31,34.81,7184.50,241.00
7912573,22.31,34.81,6462.29,240.00
7915573,22.32,34.82,8371.59,237.00
7918573,22.32,34.83,7192.09,237.00
7921573,22.32,34.83,7356.39,237.00
7924573,22.32,34.82,6679.29,237.00
7927573,22.32,34.83,6976.57,239.00
7930573,22.32,34.83,5519.31,240.00
7933573,22.31,34.82,6953.63,240.00
7936573,22.32,34.82,8858.18,240.00
7939573,22.32,34.82,6617.95,240.00
7942573,22.33,34.82,7870.71,239.00
7945573,22.32,34.83,6462.82,240.00
7948573,22.33,34.83,7216.58,238.00
7951573,22.32,34.83,6325.66,236.00
7954573,22.32,34.82,6643.98,235.00
7957573,22.32,34.82,8164.08,235.00
7960573,22.32,34.81,7235.18,239.00
7963573,22.32,34.80,6471.27,239.00
7966573,22.32,34.80,6664.19,239.00
7969573,22.33,34.80,7767.05,238.00
7972573,22.32,34.80,6856.61,235.00
7975573,22.32,34.80,7503.32,236.00
7978573,22.32,34.81,7034.23,236.00
7981573,22.32,34.82,7133.93,236.00
7984573,22.32,34.82,7770.39,236.00
7987573,22.32,34.82,8481.75,238.00
7990573,22.32,34.81,7510.65,238.00
7993573,22.32,34.81,5916.29,239.00
7996573,22.32,34.80,6977.11,241.00
7999573,22.32,34.80,8322.96,237.00
8002573,22.32,34.80,7456.66,234.00
8005573,22.32,34.78,7380.81,234.00
8008573,22.32,34.80,7520.25,236.00
8011573,22.32,34.80,9115.25,238.00
8014573,22.32,34.80,16971.36,237.00
8017573,22.31,34.80,12243.04,236.00
8020573,22.32,34.80,8498.44,234.00
8023573,22.31,34.78,7550.92,232.00
8026573,22.32,34.80,27656.48,234.00
8029573,22.32,34.80,20495.87,234.00
8032573,22.32,34.80,5926.92,234.00
8035573,22.32,34.81,7669.38,236.00
8038573,22.32,34.81,6689.91,237.00
8041573,22.32,34.81,7357.23,237.00
8044573,22.32,34.81,6119.64,239.00
8047573,22.32,34.80,6269.34,236.00
8050573,22.32,34.80,7956.38,235.00
8053573,22.33,34.80,6829.92,233.00
8056573,22.33,34.81,7088.21,232.00
8059573,22.33,34.80,8420.13,232.00
8062573,22.34,34.80,6840.38,232.00
8065573,22.34,34.80,7127.17,232.00
8068573,22.34,34.80,6771.77,232.00
8071573,22.34,34.77,6575.96,232.00
8074573,22.34,34.79,11581.74,231.00
8077573,22.34,34.76,11904.74,233.00
8080573,22.34,34.77,8429.64,235.00
8083573,22.34,34.77,5911.89,235.00
8086573,22.34,34.77,13617.19,233.00
8089573,22.34,34.77,8038.24,231.00
8092573,22.34,34.77,7235.84,243.00
8095573,22.35,34.77,7426.52,234.00
8098573,22.35,34.74,6892.16,234.00
8101573,22.34,34.69,7132.81,234.00
8104573,22.33,34.69,5877.68,233.00
8107573,22.34,34.69,6527.83,232.00
8110573,22.33,34.68,5942.11,231.00
8113573,22.33,34.66,6523.71,253.00
8116573,22.33,34.66,7344.76,234.00
8119573,22.33,34.68,6708.05,235.00
8122573,22.33,34.67,6862.92,235.00
8125573,22.33,34.69,6025.17,234.00
8128573,22.33,34.70,6986.01,234.00
8131573,22.33,34.69,10905.63,233.00
8134573,22.32,34.70,9437.91,234.00
8137573,22.32,34.71,6943.61,233.00
8140573,22.33,34.71,7451.15,233.00
8143573,22.32,34.71,7928.98,231.00
8146573,22.33,34.72,8886.94,230.00
8149573,22.32,34.74,8787.71,231.00
8152573,22.33,34.74,6597.97,232.00
8155573,22.33,34.75,8836.64,234.00
8158573,22.33,34.74,8919.11,231.00
8161573,22.33,34.74,7416.00,230.00
8164573,22.33,34.74,7131.92,233.00
8167573,22.33,34.75,7053.82,231.00
8170573,22.33,34.74,7982.53,230.00
8173573,22.33,34.74,6334.04,230.00
8176573,22.34,34.74,7347.41,232.00
8179573,22.34,34.74,7850.43,231.00
8182573,22.34,34.74,6006.88,221.00
8185573,22.34,34.74,7467.04,233.00
8188573,22.34,34.74,7765.17,233.00
8191573,22.34,34.72,6809.30,229.00
8194573,22.34,34.73,5268.40,228.00
8197573,22.34,34.74,7568.70,231.00
8200573,22.34,34.74,10975.67,232.00
8203573,22.34,34.74,7444.46,230.00
8206573,22.34,34.74,8271.37,230.00
8209573,22.34,34.73,7785.02,230.00
8212573,22.35,34.73,7066.65,230.00
8215573,22.35,34.71,6765.27,223.00
8218573,22.35,34.69,7099.10,231.00
8221573,22.34,34.69,7975.28,234.00
8224573,22.35,34.68,8699.33,230.00
8227573,22.35,34.69,7391.85,229.00
8230573,22.35,34.64,6514.26,228.00
8233573,22.35,34.64,7343.00,229.00
8236573,22.35,34.64,8272.96,231.00
8239573,22.34,34.63,8247.13,231.00
8242573,22.35,34.63,6885.19,231.00
8245573,22.35,34.62,8100.08,240.00
8248573,22.34,34.60,8161.48,228.00
8251573,22.34,34.60,6704.40,227.00
8254573,22.34,34.58,7525.40,228.00
8257573,22.34,34.59,8414.84,228.00
8260573,22.34,34.60,7235.04,229.00
8263573,22.33,34.60,7369.78,229.00
8266573,22.34,34.60,7232.37,229.00
8269573,22.33,34.60,7271.33,231.00
8272573,22.34,34.63,7093.54,230.00
8275573,22.34,34.63,6960.54,232.00
8278573,22.34,34.63,7635.49,230.00
8281573,22.34,34.63,7386.65,231.00
8284573,22.34,34.60,7415.93,229.00
8287573,22.34,34.62,8533.51,231.00
8290573,22.34,34.63,8167.53,231.00
8293573,22.34,34.62,7876.89,230.00
8296573,22.34,34.62,7259.01,229.00
8299573,22.34,34.63,7769.86,227.00
8302573,22.34,34.63,6213.88,227.00
8305573,22.34,34.63,7058.18,230.00
8308573,22.35,34.62,7719.90,231.00
8311573,22.34,34.60,8210.64,229.00
8314573,22.34,34.58,7007.64,227.00
8317573,22.34,34.58,6570.94,228.00
8320573,22.34,34.57,7490.39,230.00
8323573,22.35,34.60,7970.26,230.00
8326573,22.35,34.60,6689.63,227.00
8329573,22.35,34.60,6359.14,227.00
8332573,22.34,34.60,7005.64,229.00
8335573,22.35,34.59,7372.87,242.00
8338573,22.35,34.60,8485.62,230.00
8341573,22.34,34.59,6171.62,229.00
8344573,22.35,34.59,6668.04,229.00
8347573,22.35,34.59,7368.74,227.00
8350573,22.35,34.58,7308.18,225.00
8353573,22.35,34.58,8154.71,226.00
8356573,22.35,34.57,7468.44,227.00
8359573,22.35,34.57,7319.53,227.00
8362573,22.35,34.57,8722.28,227.00
8365573,22.35,34.54,7234.72,226.00
8368573,22.35,34.54,7109.79,226.00
8371573,22.35,34.56,6942.25,226.00
8374573,22.35,34.53,7274.81,226.00
8377573,22.35,34.52,7497.28,227.00
8380573,22.35,34.51,6901.36,229.00
8383573,22.36,34.52,5903.27,229.00
8386573,22.35,34.53,9252.69,228.00
8389573,22.35,34.54,6194.40,227.00
8392573,22.35,34.54,7158.84,226.00
8395573,22.35,34.53,7835.20,228.00
8398573,22.35,34.52,6359.62,227.00
8401573,22.35,34.52,6773.23,227.00
8404573,22.35,34.51,7946.63,227.00
8407573,22.35,34.51,6497.26,226.00
8410573,22.35,34.51,8323.54,227.00
8413573,22.34,34.51,6641.19,239.00
8416573,22.35,34.51,7486.51,226.00
8419573,22.35,34.52,8365.58,228.00
8422573,22.35,34.53,8201.00,228.00
8425573,22.35,34.53,7776.29,228.00
8428573,22.35,34.53,8451.51,229.00
8431573,22.35,34.53,7335.06,228.00
8434573,22.35,34.53,8377.19,228.00
8437573,22.35,34.53,10281.50,227.00
8440573,22.35,34.53,5932.24,225.00
8443573,22.36,34.54,7068.88,228.00
8446573,22.36,34.53,7094.58,229.00
8449573,22.35,34.52,7028.12,229.00
8452573,22.36,34.53,7116.80,228.00
8455573,22.36,34.53,9418.33,227.00
8458573,22.36,34.52,6718.56,225.00
8461573,22.36,34.51,6478.22,226.00
8464573,22.36,34.51,6146.36,226.00
8467573,22.36,34.48,7104.23,225.00
8470573,22.36,34.49,6814.29,225.00
8473573,22.36,34.50,7019.30,225.00
8476573,22.36,34.51,6949.39,218.00
8479573,22.36,34.51,6731.81,226.00
8482573,22.36,34.48,8492.12,226.00
8485573,22.36,34.48,8578.69,226.00
8488573,22.36,34.47,5976.49,237.00
8491573,22.36,34.48,6890.00,229.00
8494573,22.37,34.48,8019.22,227.00
8497573,22.37,34.47,6686.21,228.00
8500573,22.36,34.45,6830.35,228.00
8503573,22.37,34.43,8945.53,230.00
8506573,22.37,34.42,7812.18,230.00
8509573,22.37,34.41,8117.77,228.00
8512573,22.37,34.42,7671.08,227.00
8515573,22.37,34.43,6546.02,225.00
8518573,22.37,34.42,8211.84,225.00
8521573,22.37,34.42,7216.29,228.00
8524573,22.37,34.41,6419.57,229.00
8527573,22.37,34.41,12671.15,229.00
8530573,22.37,34.36,7094.66,230.00
8533573,22.37,34.37,7162.84,230.00
8536573,22.37,34.34,8159.49,230.00
8539573,22.37,34.36,9063.53,230.00
8542573,22.37,34.37,9052.74,229.00
8545573,22.37,34.39,7986.70,230.00
8548573,22.37,34.40,9800.87,229.00
8551573,22.37,34.41,10177.51,229.00
8554573,22.37,34.42,6550.08,227.00
8557573,22.37,34.39,8181.15,226.00
8560573,22.37,34.40,9277.11,224.00
8563573,22.37,34.39,6578.27,226.00
8566573,22.38,34.36,8271.21,226.00
8569573,22.37,34.35,7058.57,225.00
8572573,22.37,34.36,8293.89,227.00
8575573,22.37,34.36,6691.94,229.00
8578573,22.37,34.36,7492.43,228.00
8581573,22.37,34.36,6799.79,226.00
8584573,22.37,34.36,7430.11,226.00
8587573,22.38,34.36,8162.00,228.00
8590573,22.37,34.36,9013.58,229.00
8593573,22.38,34.37,6276.79,229.00
8596573,22.37,34.36,14979.04,226.00
8599573,22.38,34.37,7712.46,227.00
8602573,22.38,34.37,6765.22,231.00
8605573,22.38,34.35,8005.55,225.00
8608573,22.38,34.36,8603.34,230.00
8611573,22.38,34.34,7177.60,225.00
8614573,22.38,34.31,7980.36,229.00
8617573,22.38,34.30,7517.64,227.00
8620573,22.38,34.30,8834.84,227.00
8623573,22.38,34.30,6724.15,229.00
8626573,22.38,34.29,8261.07,230.00
8629573,22.37,34.29,8218.41,230.00
8632573,22.38,34.28,8386.87,228.00
8635573,22.38,34.29,8579.36,226.00
8638573,22.38,34.30,8904.93,226.00
8641573,22.38,34.30,8759.62,229.00
8644573,22.38,34.30,8791.74,222.00
8647573,22.38,34.30,6275.44,228.00
8650573,22.38,34.31,7566.75,227.00
8653573,22.38,34.31,9417.64,226.00
8656573,22.38,34.31,9741.03,229.00
8659573,22.37,34.31,7910.10,227.00
8662573,22.38,34.33,7869.56,228.00
8665573,22.37,34.33,9817.01,230.00
8668573,22.38,34.31,12613.79,227.00
8671573,22.38,34.31,8392.78,226.00
8674573,22.38,34.31,10023.40,230.00
8677573,22.39,34.31,8269.81,228.00
8680573,22.39,34.30,7696.22,225.00
8683573,22.39,34.31,9008.46,227.00
8686573,22.39,34.26,10035.46,233.00
8689573,22.39,34.25,7528.91,229.00
8692573,22.39,34.26,7652.43,226.00
8695573,22.39,34.25,7623.84,228.00
8698573,22.39,34.25,8245.70,228.00
8701573,22.39,34.22,8090.56,225.00
8704573,22.39,34.18,12120.89,227.00
8707573,22.39,34.19,9159.09,230.00
8710573,22.38,34.19,9214.41,228.00
8713573,22.39,34.20,10036.45,225.00
8716573,22.38,34.22,8899.24,226.00
8719573,22.39,34.20,9356.41,229.00
8722573,22.39,34.18,12462.00,229.00
8725573,22.39,34.18,9626.85,230.00
8728573,22.39,34.18,9361.01,225.00
8731573,22.38,34.19,15929.23,226.00
8734573,22.38,34.19,9296.64,228.00
8737573,22.39,34.17,9541.73,229.00
8740573,22.39,34.17,10260.11,228.00
8743573,22.39,34.18,10521.46,227.00
8746573,22.39,34.16,8109.81,228.00
8749573,22.39,34.15,9744.09,227.00
8752573,22.38,34.14,11048.53,229.00
8755573,22.39,34.14,8286.49,229.00
8758573,22.39,34.15,9911.23,229.00
8761573,22.39,34.16,11188.40,229.00
8764573,22.39,34.15,9382.33,228.00
8767573,22.39,34.17,9194.82,225.00
8770573,22.39,34.17,9383.02,224.00
8773573,22.39,34.17,9810.35,225.00
8776573,22.39,34.18,8844.22,226.00
8779573,22.39,34.17,7889.03,228.00
8782573,22.39,34.17,9624.17,228.00
8785573,22.39,34.19,7905.35,227.00
8788573,22.39,34.18,9532.97,227.00
8791573,22.39,34.13,8466.59,228.00
8794573,22.39,34.14,8723.25,227.00
8797573,22.39,34.14,9180.23,225.00
8800573,22.39,34.12,10186.34,225.00
8803573,22.39,34.11,10081.03,224.00
8806573,22.38,34.11,9390.58,227.00
8809573,22.39,34.12,9804.13,225.00
8812573,22.38,34.14,10797.72,226.00
8815573,22.38,34.14,9680.22,226.00
8818573,22.39,34.16,7636.43,228.00
8821573,22.39,34.16,11028.33,227.00
8824573,22.39,34.16,9096.69,227.00
8827573,22.39,34.16,9083.94,225.00
8830573,22.39,34.12,9253.77,223.00
8833573,22.39,34.12,9865.39,225.00
8836573,22.39,34.14,12212.21,227.00
8839573,22.39,34.14,11310.73,227.00
8842573,22.39,34.16,10654.16,225.00
8845573,22.39,34.16,9526.33,235.00
8848573,22.39,34.16,14332.29,225.00
8851573,22.39,34.16,9458.66,226.00
8854573,22.40,34.16,9023.06,227.00
8857573,22.40,34.13,10275.08,227.00
8860573,22.39,34.16,9486.72,223.00
8863573,22.40,34.14,9235.12,223.00
8866573,22.39,34.14,9754.12,223.00
8869573,22.39,34.13,10463.75,224.00
8872573,22.39,34.11,9368.52,224.00
8875573,22.39,34.09,8332.82,224.00
8878573,22.39,34.11,7538.08,223.00
8881573,22.39,34.09,9349.26,224.00
8884573,22.39,34.08,8548.00,224.00
8887573,22.39,34.09,8697.34,226.00
8890573,22.39,34.07,9627.31,227.00
8893573,22.39,34.08,9845.46,228.00
8896573,22.39,34.07,11876.20,228.00
8899573,22.39,34.08,10698.00,227.00
8902573,22.38,34.09,8592.31,227.00
8905573,22.38,34.09,10044.84,226.00
8908573,22.38,34.09,10400.41,223.00
8911573,22.39,34.12,11029.16,223.00
8914573,22.39,34.11,10746.89,224.00
8917573,22.39,34.09,11468.44,227.00
8920573,22.39,34.12,10186.55,225.00
8923573,22.39,34.12,9398.30,225.00
8926573,22.39,34.12,7356.81,224.00
8929573,22.39,34.13,7345.51,223.00
8932573,22.39,34.12,8259.49,224.00
8935573,22.38,34.12,9394.79,228.00
8938573,22.39,34.08,8526.33,227.00
8941573,22.38,34.06,8235.97,227.00
8944573,22.39,34.05,6734.46,227.00
8947573,22.38,34.04,7389.30,227.00
8950573,22.39,34.07,8940.19,227.00
8953573,22.38,34.06,6916.69,226.00
8956573,22.38,34.07,7158.43,222.00
8959573,22.38,34.02,9042.56,226.00
8962573,22.38,34.03,6278.97,226.00
8965573,22.38,34.03,6516.92,222.00
8968573,22.38,34.03,6251.66,224.00
8971573,22.38,34.03,20287.93,224.00
8974573,22.38,34.04,8374.34,225.00
8977573,22.38,34.06,7391.58,226.00
8980573,22.38,34.03,7318.00,226.00
8983573,22.37,34.03,7369.17,228.00
8986573,22.38,34.03,6588.52,227.00
8989573,22.38,34.06,6576.69,225.00
8992573,22.38,34.06,7850.83,225.00
8995573,22.38,34.03,8207.69,224.00
8998573,22.38,34.04,8396.93,223.00
9001573,22.38,34.06,7056.52,224.00
9004573,22.38,34.07,7321.32,226.00
9007573,22.38,34.06,8075.39,226.00
9010573,22.38,34.04,7032.16,227.00
9013573,22.38,34.03,7041.54,226.00
9016573,22.38,34.03,7853.02,237.00
9019573,22.37,34.06,8070.71,226.00
9022573,22.37,34.07,6216.54,225.00
9025573,22.38,34.08,7840.51,225.00
9028573,22.38,34.09,9562.82,224.00
9031573,22.38,34.11,7582.88,236.00
9034573,22.38,34.11,7896.52,223.00
9037573,22.38,34.09,7601.59,223.00
9040573,22.38,34.09,7448.58,223.00
9043573,22.38,34.08,7769.61,224.00
9046573,22.39,34.09,7754.58,226.00
9049573,22.39,34.08,7900.05,216.00
9052573,22.39,34.08,8450.04,225.00
9055573,22.39,34.08,7638.37,225.00
9058573,22.39,34.09,7250.19,227.00
9061573,22.40,34.08,7182.80,226.00
9064573,22.39,34.07,7325.19,222.00
9067573,22.39,34.07,6784.95,223.00
9070573,22.39,34.05,6096.34,230.00
9073573,22.39,34.03,7464.98,225.00
9076573,22.39,34.03,6345.02,223.00
9079573,22.39,34.05,9734.22,226.00
9082573,22.40,34.05,5839.90,226.00
9085573,22.40,34.06,6761.18,223.00
9088573,22.40,34.05,5881.23,226.00
9091573,22.40,34.06,6905.44,223.00
9094573,22.40,34.05,7229.01,223.00
9097573,22.40,34.03,6089.44,226.00
9100573,22.40,34.03,5978.11,223.00
9103573,22.40,34.03,7969.52,230.00
9106573,22.40,34.03,6941.05,222.00
9109573,22.40,34.02,9829.79,225.00
9112573,22.40,34.01,7920.30,226.00
9115573,22.40,34.00,9300.17,223.00
9118573,22.40,33.99,8275.45,225.00
9121573,22.40,33.97,7615.16,226.00
9124573,22.40,33.97,8609.81,223.00
9127573,22.39,33.99,6858.43,230.00
9130573,22.39,34.00,9569.05,223.00
9133573,22.39,33.99,9441.23,224.00
9136573,22.39,33.98,7568.74,226.00
9139573,22.39,34.00,9633.36,224.00
9142573,22.40,34.02,7369.86,222.00
9145573,22.40,34.02,7768.82,224.00
9148573,22.40,34.02,9860.29,226.00
9151573,22.40,34.02,8937.02,225.00
9154573,22.40,34.01,8894.40,225.00
9157573,22.40,34.01,9990.24,225.00
9160573,22.39,34.00,8534.31,224.00
9163573,22.40,33.99,6427.43,223.00
9166573,22.40,34.00,7113.65,222.00
9169573,22.39,33.99,6958.59,222.00
9172573,22.40,33.99,8011.47,223.00
9175573,22.40,34.01,9387.50,223.00
9178573,22.40,34.01,7987.71,216.00
9181573,22.40,34.01,7867.56,224.00
9184573,22.40,34.01,6938.30,224.00
9187573,22.40,34.01,7930.40,225.00
9190573,22.40,34.02,8063.53,238.00
9193573,22.40,34.03,7341.74,226.00
9196573,22.41,34.02,6766.97,226.00
9199573,22.41,34.02,12222.62,226.00
9202573,22.41,34.02,7315.96,227.00
9205573,22.41,34.02,5915.71,227.00
9208573,22.41,34.01,7918.78,227.00
9211573,22.41,34.01,8598.98,231.00
9214573,22.41,34.00,7877.36,226.00
9217573,22.41,34.01,7073.66,227.00
9220573,22.41,34.01,6709.69,227.00
9223573,22.41,34.01,8474.17,223.00
9226573,22.41,34.01,13529.01,224.00
9229573,22.41,34.01,8896.64,225.00
9232573,22.42,34.01,7672.54,227.00
9235573,22.42,34.01,7131.09,229.00
9238573,22.42,34.01,9004.73,226.00
9241573,22.41,34.02,8343.74,224.00
9244573,22.42,34.01,5703.72,224.00
9247573,22.41,34.01,8964.80,224.00
9250573,22.41,34.00,6323.61,226.00
9253573,22.41,34.00,9225.86,225.00
9256573,22.42,34.00,8689.22,227.00
9259573,22.42,33.97,7674.75,226.00
9262573,22.42,33.96,7480.58,224.00
9265573,22.41,33.99,7822.08,224.00
9268573,22.41,33.97,14148.98,223.00
9271573,22.42,33.97,6498.68,239.00
9274573,22.41,33.97,6926.84,228.00
9277573,22.41,33.97,7899.48,228.00
9280573,22.41,33.95,7435.97,228.00
9283573,22.41,33.95,6606.24,226.00
9286573,22.41,33.99,7220.33,225.00
9289573,22.40,33.99,8017.39,225.00
9292573,22.41,34.01,6657.50,227.00
9295573,22.40,34.01,6753.20,227.00
9298573,22.41,34.02,7359.00,227.00
9301573,22.41,34.01,6969.03,228.00
9304573,22.40,34.02,7014.29,227.00
9307573,22.41,34.02,6472.04,227.00
9310573,22.41,34.03,6242.27,226.00
9313573,22.41,34.02,6752.49,216.00
9316573,22.42,34.02,6581.04,226.00
9319573,22.41,34.03,6971.42,228.00
9322573,22.41,34.02,6466.05,240.00
9325573,22.41,34.02,8232.44,227.00
9328573,22.41,34.02,6827.02,226.00
9331573,22.41,34.02,8863.99,226.00
9334573,22.41,34.04,8175.39,225.00
9337573,22.41,34.02,7468.54,229.00
9340573,22.41,34.04,7084.50,229.00
9343573,22.42,34.02,8053.82,228.00
9346573,22.42,34.02,7721.64,226.00
9349573,22.42,34.02,9628.62,227.00
9352573,22.42,34.02,6985.78,227.00
9355573,22.42,34.01,7691.68,227.00
9358573,22.42,34.01,7566.75,227.00
9361573,22.42,34.01,7658.57,227.00
9364573,22.42,34.00,7729.74,225.00
9367573,22.42,34.00,8915.19,225.00
9370573,22.42,34.01,8452.90,226.00
9373573,22.42,34.01,7340.87,228.00
9376573,22.41,34.01,7645.44,229.00
9379573,22.42,34.00,7004.40,231.00
9382573,22.42,34.00,7329.07,227.00
9385573,22.42,34.00,6129.76,225.00
9388573,22.42,34.00,8301.23,225.00
9391573,22.42,34.01,9712.31,226.00
9394573,22.42,33.99,7301.15,228.00
9397573,22.42,33.99,7675.40,226.00
9400573,22.41,34.00,7447.79,225.00
9403573,22.41,34.01,8141.30,224.00
9406573,22.41,34.00,9404.60,227.00
9409573,22.41,34.00,8679.57,229.00
9412573,22.41,34.01,7163.78,228.00
9415573,22.41,34.02,6902.36,227.00
9418573,22.41,34.01,8420.25,226.00
9421573,22.41,34.00,8371.20,225.00
9424573,22.41,34.02,8993.25,225.00
9427573,22.41,34.02,7106.25,227.00
9430573,22.41,34.02,8602.52,224.00
9433573,22.42,34.02,9862.02,228.00
9436573,22.41,34.04,6533.57,226.00
9439573,22.41,34.04,9016.45,228.00
9442573,22.41,34.04,9124.22,229.00
9445573,22.41,34.04,7872.86,227.00
9448573,22.41,34.04,7349.40,227.00
9451573,22.42,34.04,7988.16,225.00
9454573,22.42,34.02,8819.98,226.00
9457573,22.42,34.01,8012.43,227.00
9460573,22.41,34.03,8039.80,226.00
9463573,22.42,34.02,7135.39,226.00
9466573,22.42,34.04,7952.98,226.00
9469573,22.42,34.04,8127.55,226.00
9472573,22.42,34.05,6777.89,226.00
9475573,22.42,34.04,7684.00,226.00
9478573,22.42,34.05,5777.40,227.00
9481573,22.42,34.05,8599.81,228.00
9484573,22.42,34.05,7066.73,228.00
9487573,22.42,34.01,9067.95,227.00
9490573,22.42,34.02,7604.73,225.00
9493573,22.42,34.04,7801.45,225.00
9496573,22.42,34.04,7818.64,226.00
9499573,22.41,34.05,8636.48,226.00
9502573,22.42,34.05,7402.02,228.00
9505573,22.42,34.06,7540.49,228.00
9508573,22.42,34.05,10069.24,229.00
9511573,22.42,34.05,7971.13,230.00
9514573,22.42,34.04,8500.74,229.00
9517573,22.42,34.04,8479.17,228.00
9520573,22.42,34.05,9926.02,227.00
9523573,22.42,34.05,9405.12,225.00
9526573,22.42,34.05,8793.35,226.00
9529573,22.42,34.05,8841.96,227.00
9532573,22.42,34.05,7400.40,227.00
9535573,22.42,34.05,7705.09,228.00
9538573,22.43,34.05,8367.17,229.00
9541573,22.42,34.06,7434.24,229.00
9544573,22.43,34.06,10566.49,229.00
9547573,22.43,34.06,7621.76,229.00
9550573,22.42,34.05,8779.39,229.00
9553573,22.43,34.04,7673.41,231.00
9556573,22.43,34.05,9761.59,230.00
9559573,22.43,34.05,6758.06,231.00
9562573,22.43,34.04,6835.56,231.00
9565573,22.43,34.02,7374.84,231.00
9568573,22.43,34.04,9820.83,231.00
9571573,22.43,34.04,7618.94,229.00
9574573,22.43,34.02,6571.13,230.00
9577573,22.42,34.01,8343.12,226.00
9580573,22.42,34.02,9380.33,227.00
9583573,22.42,34.02,8418.70,226.00
9586573,22.42,34.01,8305.20,226.00
9589573,22.42,34.01,9584.27,227.00
9592573,22.42,34.01,8836.70,229.00
9595573,22.41,34.02,8189.05,228.00
9598573,22.41,34.04,8549.18,230.00
9601573,22.42,34.04,8125.42,231.00
9604573,22.41,34.06,6584.65,231.00
9607573,22.42,34.05,7412.56,231.00
9610573,22.41,34.01,6825.52,230.00
9613573,22.41,34.03,7630.79,228.00
9616573,22.41,34.04,6688.23,228.00
9619573,22.42,34.05,8422.91,227.00
9622573,22.41,34.05,9351.31,226.00
9625573,22.41,34.05,8548.00,228.00
9628573,22.41,34.06,7295.88,239.00
9631573,22.41,34.06,7153.13,229.00
9634573,22.42,34.06,8328.11,232.00
9637573,22.42,34.06,8683.33,230.00
9640573,22.42,34.06,9255.09,230.00
9643573,22.41,34.05,6680.07,232.00
9646573,22.42,34.06,6708.48,231.00
9649573,22.41,34.05,9363.74,232.00
9652573,22.41,34.06,7337.71,231.00
9655573,22.41,34.07,8130.84,232.00
9658573,22.42,34.07,8353.00,232.00
9661573,22.41,34.07,8725.35,232.00
9664573,22.41,34.07,7083.71,231.00
9667573,22.41,34.08,7762.45,230.00
9670573,22.41,34.10,6972.30,229.00
9673573,22.41,34.10,8114.58,228.00
9676573,22.41,34.11,7740.87,227.00
9679573,22.42,34.11,7872.50,229.00
9682573,22.41,34.12,7001.06,231.00
9685573,22.41,34.12,8172.02,230.00
9688573,22.42,34.11,8141.07,229.00
9691573,22.41,34.12,9178.03,230.00
9694573,22.41,34.11,6672.03,231.00
9697573,22.42,34.11,14342.91,228.00
9700573,22.41,34.11,8027.69,233.00
9703573,22.42,34.11,7989.69,231.00
9706573,22.42,34.10,8454.94,227.00
9709573,22.42,34.08,7180.95,230.00
9712573,22.42,34.08,7701.53,231.00
9715573,22.42,34.10,8758.29,229.00
9718573,22.41,34.10,9173.66,228.00
9721573,22.41,34.10,7264.16,222.00
9724573,22.42,34.11,7671.34,229.00
9727573,22.42,34.08,9749.47,224.00
9730573,22.41,34.10,10214.63,232.00
9733573,22.42,34.10,9137.48,234.00
9736573,22.41,34.10,8864.96,230.00
9739573,22.42,34.10,9160.70,229.00
9742573,22.42,34.11,10942.24,228.00
9745573,22.42,34.11,7305.10,228.00
9748573,22.42,34.11,7529.98,227.00
9751573,22.42,34.11,9670.61,227.00
9754573,22.43,34.10,8514.32,228.00
9757573,22.42,34.10,6297.36,227.00
9760573,22.42,34.11,7357.71,227.00
9763573,22.42,34.07,8727.99,227.00
9766573,22.42,34.08,8040.98,228.00
9769573,22.41,34.10,8498.40,228.00
9772573,22.42,34.08,9017.21,230.00
9775573,22.42,34.10,6960.11,231.00
9778573,22.42,34.10,7077.26,232.00
9781573,22.42,34.10,7934.22,232.00
9784573,22.42,34.11,9067.25,229.00
9787573,22.42,34.10,7603.55,229.00
9790573,22.41,34.10,9140.61,228.00
9793573,22.42,34.10,8582.21,227.00
9796573,22.41,34.10,7760.40,228.00
9799573,22.42,34.11,9049.57,230.00
9802573,22.42,34.11,8038.83,232.00
9805573,22.41,34.11,8629.39,232.00
9808573,22.42,34.12,7466.01,230.00
9811573,22.41,34.12,8379.10,228.00
9814573,22.42,34.13,8346.51,231.00
9817573,22.42,34.13,7959.00,227.00
9820573,22.42,34.13,10222.22,228.00
9823573,22.42,34.12,13112.71,229.00
9826573,22.42,34.12,12450.54,228.00
9829573,22.42,34.13,10705.68,229.00
9832573,22.42,34.12,10186.11,229.00
9835573,22.42,34.11,7374.01,232.00
9838573,22.41,34.12,7421.85,233.00
9841573,22.42,34.12,8745.04,231.00
9844573,22.42,34.12,10282.19,232.00
9847573,22.42,34.12,7820.77,234.00
9850573,22.42,34.13,7759.36,233.00
9853573,22.42,34.13,7718.78,233.00
9856573,22.42,34.12,8046.61,232.00
9859573,22.42,34.15,7330.56,230.00
9862573,22.42,34.15,8055.96,230.00
9865573,22.42,34.15,8165.92,229.00
9868573,22.42,34.16,6485.24,229.00
9871573,22.43,34.15,7424.89,229.00
9874573,22.42,34.16,6781.56,231.00
9877573,22.43,34.15,7884.58,234.00
9880573,22.43,34.13,7985.10,232.00
9883573,22.43,34.12,9367.25,232.00
9886573,22.43,34.12,8367.41,233.00
9889573,22.42,34.10,6379.18,232.00
9892573,22.42,34.10,6257.31,231.00
9895573,22.43,34.06,8217.32,230.00
9898573,22.42,34.08,9161.36,229.00
9901573,22.42,34.10,7829.01,229.00
9904573,22.42,34.10,7460.34,232.00
9907573,22.42,34.10,7479.42,232.00
9910573,22.42,34.10,7904.58,232.00
9913573,22.42,34.11,6919.93,231.00
9916573,22.42,34.11,8856.50,229.00
9919573,22.42,34.12,13086.95,230.00
9922573,22.42,34.11,13243.44,230.00
9925573,22.42,34.12,7150.20,232.00
9928573,22.42,34.12,7285.48,231.00
9931573,22.42,34.11,7039.28,236.00
9934573,22.42,34.12,7520.97,234.00
9937573,22.42,34.12,6195.12,233.00
9940573,22.42,34.11,9044.34,233.00
9943573,22.42,34.11,7948.34,234.00
9946573,22.42,34.11,7607.59,233.00
9949573,22.42,34.11,8312.00,233.00
9952573,22.42,34.12,7739.77,230.00
9955573,22.42,34.12,7156.23,229.00
9958573,22.42,34.12,6329.30,231.00
9961573,22.42,34.12,6818.06,233.00
9964573,22.42,34.12,7305.72,233.00
9967573,22.42,34.13,6373.32,232.00
9970573,22.42,34.13,7500.57,231.00
9973573,22.42,34.12,9014.41,231.00
9976573,22.42,34.12,8648.92,230.00
9979573,22.43,34.12,9610.96,232.00
9982573,22.43,34.12,7480.79,230.00
9985573,22.43,34.12,7480.71,231.00
9988573,22.42,34.13,7480.71,233.00
9991573,22.42,34.15,7480.71,232.00
9997556,22.41,34.12,0.00,240.00
10000556,22.42,34.13,7419.95,239.00
10003556,22.43,34.13,6573.09,230.00
10006556,22.42,34.13,6493.20,230.00
10009556,22.42,34.15,6346.72,231.00
10012556,22.43,34.13,6479.73,232.00
10015556,22.43,34.13,6346.88,233.00
10018556,22.42,34.15,5920.33,234.00
10021556,22.42,34.15,6946.81,233.00
10024556,22.43,34.15,7066.20,232.00
10027556,22.42,34.17,8286.72,229.00
10030556,22.43,34.17,5917.61,230.00
10033556,22.43,34.17,6644.51,230.00
10036556,22.43,34.18,5889.59,230.00
10039556,22.43,34.18,6724.17,229.00
10042556,22.43,34.17,7190.66,229.00
10045556,22.43,34.20,5529.28,229.00
10048556,22.43,34.18,7984.44,229.00
10051556,22.43,34.20,6360.70,230.00
10054556,22.43,34.20,8045.10,230.00
10057556,22.44,34.20,10461.26,229.00
10060556,22.44,34.20,42953.86,230.00
10063556,22.44,34.20,23481.31,232.00
10066556,22.44,34.20,6822.67,233.00
10069556,22.44,34.20,7554.24,233.00
10072556,22.44,34.20,8161.17,233.00
10075556,22.44,34.20,6870.56,230.00
10078556,22.45,34.21,6379.57,229.00
10081556,22.45,34.20,6810.56,229.00
10084556,22.45,34.20,6403.99,242.00
10087556,22.45,34.18,7133.04,228.00
10090556,22.45,34.18,6340.98,229.00
10093556,22.45,34.18,6705.02,229.00
10096556,22.45,34.18,7755.20,231.00
10099556,22.45,34.18,6769.77,232.00
10102556,22.45,34.18,5828.71,234.00
10105556,22.45,34.18,8810.21,231.00
10108556,22.45,34.18,11862.40,229.00
10111556,22.45,34.18,6270.85,230.00
10114556,22.45,34.17,7267.48,230.00
10117556,22.45,34.12,6301.34,231.00
10120556,22.45,34.12,6581.09,231.00
10123556,22.45,34.12,6934.00,232.00
10126556,22.44,34.13,8460.60,232.00
10129556,22.44,34.15,6197.90,232.00
10132556,22.44,34.15,6570.68,231.00
10135556,22.44,34.16,7731.08,227.00
10138556,22.44,34.16,8185.79,231.00
10141556,22.43,34.16,8023.08,231.00
10144556,22.44,34.17,7841.81,228.00
10147556,22.44,34.18,6297.27,232.00
10150556,22.44,34.18,6476.27,232.00
10153556,22.44,34.18,7494.76,241.00
10156556,22.45,34.18,8089.36,228.00
10159556,22.45,34.20,9374.79,230.00
10162556,22.45,34.20,7204.57,230.00
10165556,22.45,34.18,7794.06,231.00
10168556,22.45,34.20,7560.45,231.00
10171556,22.45,34.17,8261.54,232.00
10174556,22.45,34.16,7657.51,230.00
10177556,22.44,34.16,8316.12,229.00
10180556,22.45,34.16,6703.73,228.00
10183556,22.45,34.17,7929.18,228.00
10186556,22.45,34.17,7994.37,232.00
10189556,22.45,34.16,9030.47,231.00
10192556,22.45,34.14,14258.44,231.00
10195556,22.45,34.15,10474.06,228.00
10198556,22.45,34.15,7324.85,231.00
10201556,22.45,34.15,9903.34,231.00
10204556,22.45,34.16,8678.92,228.00
10207556,22.45,34.16,7470.39,231.00
10210556,22.45,34.16,8808.08,232.00
10213556,22.45,34.16,8730.01,228.00
10216556,22.45,34.16,8779.52,229.00
10219556,22.45,34.16,8779.52,231.00
10222556,22.45,34.17,8779.52,227.00
10228521,22.44,34.17,0.00,236.00
10231521,22.46,34.15,7919.88,246.00
10234521,22.45,34.14,6358.75,229.00
10237521,22.46,34.15,8725.98,231.00
10240521,22.45,34.15,7211.86,231.00
10243521,22.45,34.16,5532.60,227.00
10246521,22.46,34.16,7555.04,227.00
10249521,22.46,34.15,6974.76,231.00
10252521,22.46,34.16,7343.78,232.00
10255521,22.46,34.15,8369.88,224.00
10258521,22.46,34.16,7203.74,230.00
10261521,22.46,34.16,8004.04,230.00
10264521,22.46,34.16,6581.41,230.00
10267521,22.46,34.15,6714.47,230.00
10270521,22.46,34.14,8489.90,231.00
10273521,22.46,34.14,7687.36,230.00
10276521,22.46,34.10,7459.12,229.00
10279521,22.45,34.09,6695.67,227.00
10282521,22.45,34.10,6244.03,227.00
10285521,22.45,34.07,6219.19,226.00
10288521,22.45,34.06,6701.34,227.00
10291521,22.45,34.06,6345.51,228.00
10294521,22.45,34.09,7702.47,229.00
10297521,22.45,34.09,6977.26,227.00
10300521,22.45,34.10,6276.94,228.00
10303521,22.45,34.09,22319.89,229.00
10306521,22.44,34.07,49999.46,231.00
10309521,22.45,34.07,9734.43,228.00
10312521,22.45,34.07,9876.52,227.00
10315521,22.45,34.07,9015.97,227.00
10318521,22.45,34.09,7072.95,226.00
10321521,22.45,34.10,8437.46,226.00
10324521,22.45,34.10,7420.83,226.00
10327521,22.45,34.06,9491.07,227.00
10330521,22.45,34.07,8472.92,241.00
10333521,22.45,34.08,6198.15,230.00
10336521,22.45,34.09,6390.37,228.00
10339521,22.45,34.09,7234.70,227.00
10342521,22.45,34.08,6897.77,227.00
10345521,22.45,34.04,6133.44,229.00
10348521,22.45,34.05,6668.02,231.00
10351521,22.45,34.06,6763.65,231.00
10354521,22.45,34.05,7962.77,230.00
10357521,22.45,34.05,6044.85,227.00
10360521,22.45,34.06,6440.37,228.00
10363521,22.45,34.06,6505.13,227.00
10366521,22.45,34.08,8833.94,226.00
10369521,22.46,34.08,8214.88,227.00
10372521,22.46,34.09,8506.52,226.00
10375521,22.46,34.06,6835.69,228.00
10378521,22.46,34.05,6870.76,227.00
10381521,22.46,34.04,9507.93,227.00
10384521,22.46,34.04,8412.86,227.00
10387521,22.46,34.05,11283.02,227.00
10390521,22.46,34.05,11676.23,227.00
10393521,22.46,34.06,13391.88,223.00
10396521,22.46,34.06,15918.52,220.00
10399521,22.46,34.08,9131.91,225.00
10402521,22.47,34.10,12887.92,226.00
10405521,22.47,34.10,9848.74,227.00
10408521,22.47,34.11,10615.88,228.00
10411521,22.46,34.10,7750.69,226.00
10414521,22.47,34.11,15362.92,226.00
10417521,22.47,34.11,12664.62,223.00
10420521,22.48,34.11,14333.26,224.00
10423521,22.48,34.13,9459.41,228.00
10426521,22.48,34.11,9639.45,227.00
10429521,22.48,34.13,8941.21,224.00
10432521,22.48,34.11,8397.75,224.00
10435521,22.49,34.11,10018.03,225.00
10438521,22.48,34.11,7372.72,228.00
10441521,22.49,34.10,12029.73,228.00
10444521,22.49,34.10,9564.51,225.00
10447521,22.49,34.10,10222.06,223.00
10450521,22.49,34.09,8370.42,224.00
10453521,22.50,34.10,15570.96,223.00
10456521,22.50,34.09,7847.27,223.00
10459521,22.50,34.09,8485.71,223.00
10462521,22.50,34.09,8647.02,223.00
10465521,22.50,34.10,8687.31,216.00
10468521,22.51,34.00,12090.83,224.00
10471521,22.50,33.99,8726.55,227.00
10474521,22.51,33.98,9211.70,227.00
10477521,22.50,33.98,11622.68,226.00
10480521,22.50,33.99,8369.98,226.00
10483521,22.50,33.99,7942.84,219.00
10486521,22.50,33.99,11700.30,226.00
10489521,22.51,33.98,11572.78,227.00
10492521,22.51,33.98,7620.97,226.00
10495521,22.51,33.98,10256.78,225.00
10498521,22.51,33.98,18337.42,223.00
10501521,22.51,33.98,9004.02,223.00
10504521,22.50,33.98,13450.58,223.00
10507521,22.51,33.98,9852.39,223.00
10510521,22.51,33.98,11606.80,223.00
10513521,22.51,33.98,9365.42,224.00
10516521,22.51,33.98,20194.01,214.00
10519521,22.51,33.98,32125.59,220.00
10522521,22.51,33.98,19498.50,226.00
10525521,22.51,34.03,25706.37,227.00
10528521,22.51,34.09,11717.07,226.00
10531521,22.51,34.13,19137.46,224.00
10534521,22.51,34.15,18409.49,223.00
10537521,22.51,34.14,11227.15,222.00
10540521,22.51,34.14,24421.02,225.00
10543521,22.51,34.12,20697.32,226.00
10546521,22.50,34.09,14979.94,225.00
10549521,22.50,34.04,25785.87,225.00
10552521,22.51,34.02,8399.96,226.00
10555521,22.50,33.98,14054.42,224.00
10558521,22.50,33.98,18835.84,224.00
10561521,22.50,33.99,12655.08,236.00
10564521,22.49,34.00,16341.39,224.00
10567521,22.50,34.02,14775.41,224.00
10570521,22.50,34.02,14069.81,227.00
10573521,22.50,34.02,14612.79,224.00
10576521,22.50,34.03,8420.09,224.00
10579521,22.50,34.04,9780.58,225.00
10582521,22.50,34.04,9815.81,225.00
10585521,22.50,34.04,18124.29,227.00
10588521,22.49,34.05,17387.67,227.00
10591521,22.50,34.05,15166.15,229.00
10594521,22.50,34.05,9840.36,227.00
10597521,22.50,34.05,21785.18,227.00
10600521,22.50,34.07,30523.43,227.00
10603521,22.51,34.07,9498.62,213.00
10606521,22.51,34.07,9271.40,225.00
10609521,22.50,34.08,12066.47,224.00
10612521,22.50,34.09,14222.33,225.00
10615521,22.50,34.10,18694.06,223.00
10618521,22.50,34.10,24560.95,218.00
10621521,22.51,34.10,13182.48,222.00
10624521,22.50,34.10,21784.50,222.00
10627521,22.50,34.12,10484.32,223.00
10630521,22.50,34.10,24561.32,223.00
10633521,22.51,34.12,15053.12,222.00
10636521,22.51,34.12,22682.71,222.00
10639521,22.51,34.13,17215.74,224.00
10642521,22.51,34.13,21542.88,226.00
10645521,22.51,34.13,18239.42,226.00
10648521,22.52,34.10,31458.46,227.00
10651521,22.51,34.05,17724.44,226.00
10654521,22.51,34.04,11667.77,226.00
10657521,22.51,34.03,23576.52,224.00
10660521,22.51,34.03,13635.47,224.00
10663521,22.51,34.02,24312.88,225.00
10666521,22.51,34.01,16675.79,225.00
10669521,22.51,34.02,11962.66,227.00
10672521,22.51,34.03,30596.91,226.00
10675521,22.51,34.04,31785.25,225.00
10678521,22.51,34.03,20020.30,224.00
10681521,22.51,34.03,16364.34,223.00
10684521,22.51,34.02,17248.86,225.00
10687521,22.51,33.99,36886.21,226.00
10690521,22.51,33.98,23181.62,132.00
10693521,23.24,100.00,49983.06,84.00
