Timestamp,Temperature (C),Humidity (%),Sound,Light
3825,21.91,37.33,0.00,114.00
6825,21.92,37.30,15236.48,79.00
9825,21.93,37.28,12000.88,78.00
12825,21.92,37.28,9910.40,101.00
15825,21.93,37.29,11530.14,140.00
18825,21.93,37.28,9896.64,158.00
21825,21.92,37.27,9710.74,159.00
24825,21.92,37.23,16787.40,159.00
27825,21.92,37.19,9941.26,159.00
30825,21.92,37.16,11331.03,159.00
33825,21.92,37.11,10764.90,160.00
36825,21.92,37.08,10848.64,161.00
39825,21.91,37.02,11744.28,161.00
42825,21.91,37.01,10604.57,160.00
45825,21.90,37.03,10822.00,162.00
48825,21.91,37.04,9523.04,163.00
51825,21.91,37.04,12670.96,164.00
54825,21.90,36.96,11655.46,163.00
57825,21.90,36.91,9721.87,163.00
60825,21.89,36.92,10584.92,166.00
63825,21.89,36.94,10926.59,163.00
66825,21.88,36.97,11983.46,164.00
69825,21.88,36.97,12180.62,163.00
72825,21.86,36.95,11969.49,162.00
75825,21.86,36.95,9423.09,164.00
78825,21.86,36.93,15452.38,165.00
81825,21.86,36.93,12922.23,164.00
84825,21.85,36.92,12057.66,158.00
87825,21.85,36.92,11128.50,166.00
90825,21.84,36.90,9688.12,167.00
93825,21.83,36.89,15213.00,164.00
96825,21.83,36.90,11290.50,169.00
99825,21.83,36.92,10916.79,167.00
102825,21.82,36.91,14713.74,165.00
105825,21.83,36.93,14327.10,167.00
108825,21.82,36.93,23041.58,165.00
111825,21.82,36.90,29909.00,166.00
114825,21.82,36.91,11841.09,165.00
117825,21.81,36.90,12224.47,167.00
120825,21.80,36.89,13370.45,168.00
123825,21.81,36.88,12321.00,167.00
126825,21.81,36.86,14213.67,167.00
129825,21.80,36.86,32204.54,167.00
132825,21.80,36.85,20202.79,169.00
135825,21.80,36.83,11364.45,168.00
138825,21.80,36.83,11326.12,170.00
141825,21.80,36.83,18335.53,167.00
144825,21.79,36.84,23739.57,169.00
147825,21.79,36.85,10510.41,171.00
150825,21.79,36.85,18148.05,170.00
153825,21.79,36.84,17652.82,176.00
156825,21.79,36.81,14082.70,171.00
159825,21.79,36.79,14547.28,180.00
162825,21.79,36.78,15187.46,171.00
165825,21.78,36.76,30356.73,172.00
168825,21.78,36.74,10023.85,173.00
171825,21.78,36.76,20758.44,177.00
174825,21.77,36.76,10370.76,175.00
177825,21.77,36.77,11535.09,166.00
180825,21.77,36.76,14332.70,173.00
183825,21.76,36.75,10159.79,174.00
186825,21.75,36.72,19728.67,173.00
189825,21.75,36.72,12079.89,174.00
192825,21.74,36.74,17225.70,174.00
195825,21.74,36.74,10297.73,174.00
198825,21.74,36.75,14856.35,176.00
201825,21.73,36.71,16482.81,177.00
204825,21.73,36.69,10861.69,177.00
207825,21.73,36.70,11364.49,176.00
210825,21.72,36.71,24528.05,177.00
213825,21.72,36.73,10624.96,178.00
216825,21.71,36.72,10763.15,180.00
219825,21.71,36.73,12897.52,181.00
222825,21.70,36.74,11321.79,181.00
225825,21.70,36.76,12655.71,180.00
228825,21.69,36.74,11179.05,180.00
231825,21.70,36.74,14199.79,181.00
234825,21.70,36.73,12436.26,203.00
237825,21.69,36.73,14616.99,183.00
240825,21.69,36.74,10942.93,183.00
243825,21.68,36.75,11507.44,179.00
246825,21.68,36.75,10646.63,186.00
249825,21.67,36.75,16784.65,185.00
252825,21.67,36.75,11779.52,186.00
255825,21.67,36.74,15640.01,187.00
258825,21.67,36.77,23838.51,188.00
261825,21.67,36.77,34899.40,187.00
264825,21.67,36.78,20991.57,187.00
267825,21.68,36.78,25678.37,187.00
270825,21.67,36.78,19060.92,188.00
273825,21.67,36.78,24439.77,189.00
276825,21.67,36.77,27032.78,191.00
279825,21.67,36.77,27719.34,189.00
282825,21.68,36.77,13309.23,190.00
285825,21.67,36.74,24263.62,189.00
288825,21.67,36.75,21849.99,190.00
291825,21.67,36.77,19479.22,190.00
294825,21.67,36.78,26302.32,190.00
297825,21.67,36.79,12866.38,189.00
300825,21.67,36.80,18755.71,190.00
303825,21.67,36.83,20622.19,188.00
306825,21.67,36.84,20867.38,189.00
309825,21.67,36.85,12358.92,189.00
312825,21.67,36.87,10755.08,188.00
315825,21.67,36.86,16664.84,188.00
318825,21.67,36.88,11171.79,193.00
321825,21.67,36.88,13699.43,190.00
324825,21.67,36.89,35522.07,182.00
327825,21.67,36.89,25678.74,188.00
330825,21.68,36.89,19285.25,189.00
333825,21.67,36.89,22582.36,192.00
336825,21.67,36.89,35872.06,184.00
339825,21.67,36.89,22706.45,189.00
342825,21.66,36.89,16659.25,188.00
345825,21.67,36.88,25116.28,188.00
348825,21.67,36.86,14437.64,181.00
351825,21.66,36.86,15388.61,194.00
354825,21.66,36.88,20911.93,202.00
357825,21.66,36.88,18551.04,188.00
360825,21.66,36.88,24467.64,187.00
363825,21.65,36.90,12980.19,185.00
366825,21.65,36.91,32394.33,187.00
369825,21.65,36.90,39503.34,201.00
372825,21.66,36.90,23604.38,184.00
375825,21.65,36.90,18931.07,199.00
378825,21.66,36.90,22872.81,185.00
381825,21.67,36.90,8841.27,186.00
384825,21.67,36.90,19026.04,183.00
387825,21.66,36.90,10394.14,185.00
390825,21.67,36.90,22420.64,185.00
393825,21.67,36.89,11770.42,183.00
396825,21.66,36.89,12804.30,182.00
399825,21.67,36.89,15874.47,183.00
402825,21.66,36.88,9035.29,182.00
405825,21.67,36.88,16380.12,182.00
408825,21.67,36.88,16932.34,182.00
411825,21.67,36.88,16144.06,182.00
414825,21.66,36.88,24869.09,180.00
417825,21.67,36.88,13419.09,180.00
420825,21.66,36.88,16438.65,179.00
423825,21.66,36.88,14524.76,179.00
426825,21.66,36.89,18887.33,177.00
429825,21.66,36.88,9160.29,192.00
432825,21.66,36.86,13019.23,178.00
435825,21.66,36.86,13191.99,178.00
438825,21.66,36.88,13142.50,179.00
441825,21.66,36.91,17739.12,178.00
444825,21.66,36.91,11812.22,178.00
447825,21.66,36.95,8081.03,178.00
450825,21.66,36.96,16083.51,177.00
453825,21.66,36.99,10071.32,182.00
456825,21.66,36.99,18469.36,178.00
459825,21.66,36.99,10402.70,176.00
462825,21.66,36.99,9820.62,177.00
465825,21.66,36.97,8914.10,175.00
468825,21.66,37.01,8892.64,174.00
471825,21.65,37.01,7529.05,175.00
474825,21.66,37.01,11286.22,174.00
477825,21.66,37.01,12092.94,177.00
480825,21.66,37.02,7410.77,171.00
483825,21.66,37.04,23227.30,172.00
486825,21.66,37.04,12382.19,174.00
489825,21.66,37.04,9923.46,173.00
492825,21.66,37.02,11277.86,172.00
495825,21.66,37.02,9102.89,171.00
498825,21.66,37.04,15917.41,171.00
501825,21.66,37.04,8974.60,172.00
504825,21.66,37.04,9299.54,171.00
507825,21.66,37.04,7814.52,171.00
510825,21.66,37.05,8168.96,171.00
513825,21.66,37.05,7475.99,171.00
516825,21.65,37.05,8095.00,172.00
519825,21.65,37.05,7108.17,170.00
522825,21.65,37.05,8466.25,169.00
525825,21.65,37.06,6708.93,168.00
528825,21.65,37.06,7810.43,168.00
531825,21.65,37.05,7034.33,168.00
534825,21.64,37.05,7129.66,168.00
537825,21.64,37.06,6499.07,168.00
540825,21.64,37.06,8198.71,170.00
543825,21.65,37.05,8248.62,171.00
546825,21.64,37.05,8428.88,166.00
549825,21.64,37.06,7316.06,165.00
552825,21.64,37.05,8081.82,164.00
555825,21.64,37.05,8656.36,164.00
558825,21.64,37.06,9056.89,164.00
561825,21.63,37.06,7879.77,163.00
564825,21.64,37.05,11595.35,163.00
567825,21.64,37.05,8801.32,167.00
570825,21.64,37.03,7330.51,171.00
573825,21.64,37.03,6401.07,163.00
576825,21.64,37.02,6440.32,163.00
579825,21.64,37.03,7813.89,168.00
582825,21.64,37.03,8177.87,164.00
585825,21.64,37.05,5955.51,167.00
588825,21.63,37.03,9277.68,163.00
591825,21.63,37.06,7204.78,168.00
594825,21.63,37.06,12345.87,161.00
597825,21.63,37.06,10306.50,166.00
600825,21.62,37.06,9760.35,163.00
603825,21.62,37.06,10227.23,162.00
606825,21.63,37.06,19767.85,162.00
609825,21.62,37.06,10725.01,161.00
612825,21.62,37.07,9943.52,160.00
615825,21.63,37.07,9444.27,162.00
618825,21.62,37.04,10228.85,157.00
621825,21.62,37.04,15158.01,159.00
624825,21.62,37.06,8094.17,158.00
627825,21.62,37.04,7635.99,152.00
630825,21.62,37.06,8393.65,159.00
633825,21.61,37.06,7313.53,160.00
636825,21.61,37.06,9125.40,160.00
639825,21.61,37.06,10135.41,159.00
642825,21.61,37.07,10008.87,160.00
645825,21.61,37.06,9037.73,159.00
648825,21.60,37.08,9886.85,158.00
651825,21.60,37.07,9187.56,159.00
654825,21.61,37.07,8771.97,160.00
657825,21.61,37.08,24715.98,161.00
660825,21.61,37.08,8711.69,162.00
663825,21.60,37.08,14492.32,161.00
666825,21.60,37.08,7932.53,161.00
669825,21.61,37.09,6301.50,163.00
672825,21.60,37.09,8510.27,160.00
675825,21.60,37.09,8069.41,161.00
678825,21.60,37.09,7179.45,162.00
681825,21.60,37.09,7406.87,161.00
684825,21.60,37.09,9102.02,161.00
687825,21.59,37.10,7265.92,160.00
690825,21.59,37.09,9005.56,160.00
693825,21.60,37.10,7529.21,161.00
696825,21.59,37.09,7129.01,162.00
699825,21.59,37.10,8635.08,162.00
702825,21.58,37.12,8141.05,162.00
705825,21.58,37.10,7985.88,162.00
708825,21.58,37.13,6694.42,162.00
711825,21.58,37.12,7070.32,160.00
714825,21.58,37.13,9286.75,161.00
717825,21.58,37.13,8168.72,162.00
720825,21.58,37.12,7260.29,162.00
723825,21.58,37.12,6862.82,161.00
726825,21.58,37.12,7101.69,161.00
729825,21.57,37.13,7165.86,161.00
732825,21.57,37.13,7340.97,161.00
735825,21.57,37.11,7235.75,161.00
738825,21.57,37.10,7985.80,170.00
741825,21.57,37.11,8843.61,160.00
744825,21.57,37.13,7488.87,161.00
747825,21.57,37.13,7003.60,161.00
750825,21.57,37.13,6877.10,164.00
753825,21.56,37.14,8277.72,161.00
756825,21.56,37.14,7313.36,162.00
759825,21.57,37.14,6868.05,164.00
762825,21.57,37.14,7050.41,164.00
765825,21.57,37.14,6664.65,162.00
768825,21.57,37.15,5791.24,162.00
771825,21.56,37.15,7493.14,162.00
774825,21.56,37.15,6968.83,162.00
777825,21.56,37.16,7837.58,162.00
780825,21.57,37.16,6780.64,163.00
783825,21.56,37.16,7874.04,164.00
786825,21.56,37.16,7698.79,170.00
789825,21.56,37.18,7769.99,173.00
792825,21.56,37.16,7591.02,164.00
795825,21.56,37.18,9129.03,166.00
798825,21.56,37.17,6919.97,164.00
801825,21.57,37.16,7453.66,162.00
804825,21.57,37.15,7777.23,162.00
807825,21.57,37.15,7560.81,163.00
810825,21.57,37.15,6444.46,162.00
813825,21.57,37.14,7178.31,162.00
816825,21.57,37.13,7001.73,162.00
819825,21.57,37.14,8423.72,168.00
822825,21.57,37.13,7176.94,164.00
825825,21.57,37.13,6836.57,164.00
828825,21.57,37.14,8488.57,164.00
831825,21.57,37.13,7388.38,164.00
834825,21.57,37.11,11405.79,163.00
837825,21.57,37.10,10896.81,163.00
840825,21.57,37.09,9095.49,164.00
843825,21.57,37.08,8731.01,165.00
846825,21.58,37.08,13372.23,165.00
849825,21.58,37.08,7336.35,165.00
852825,21.58,37.08,8197.56,164.00
855825,21.57,37.08,8396.83,164.00
858825,21.58,37.08,8522.91,163.00
861825,21.58,37.08,7907.95,165.00
864825,21.57,37.08,7786.70,165.00
867825,21.57,37.08,6697.62,171.00
870825,21.57,37.08,7515.99,165.00
873825,21.57,37.07,7278.97,165.00
876825,21.57,37.05,7141.61,171.00
879825,21.57,37.05,6688.14,164.00
882825,21.57,37.05,7086.81,166.00
885825,21.57,37.05,6537.33,164.00
888825,21.57,37.04,6883.20,166.00
891825,21.57,37.04,5990.37,166.00
894825,21.56,37.04,6911.30,166.00
897825,21.56,37.05,7136.44,167.00
900825,21.56,37.05,10773.50,168.00
903825,21.57,37.05,8673.01,167.00
906825,21.56,37.05,8841.52,166.00
909825,21.56,37.07,10565.00,165.00
912825,21.56,37.05,7959.99,166.00
915825,21.56,37.05,8145.06,166.00
918825,21.56,37.05,7103.83,167.00
921825,21.56,37.05,7890.33,168.00
924825,21.56,37.06,8174.35,168.00
927825,21.56,37.05,8257.02,169.00
930825,21.56,37.06,8278.45,168.00
933825,21.56,37.05,6611.84,168.00
936825,21.55,37.05,7632.80,168.00
939825,21.56,37.05,9121.83,167.00
942825,21.56,37.05,7802.56,167.00
945825,21.55,37.04,6360.67,167.00
948825,21.55,37.04,6800.93,166.00
951825,21.55,37.03,6813.68,168.00
954825,21.55,37.04,6560.09,169.00
957825,21.54,37.05,7044.64,168.00
960825,21.55,37.04,6891.73,169.00
963825,21.55,37.04,7299.49,170.00
966825,21.55,37.04,8043.64,169.00
969825,21.55,37.05,7697.04,169.00
972825,21.55,37.04,7340.49,172.00
975825,21.55,37.05,7825.84,168.00
978825,21.55,37.05,6912.57,169.00
981825,21.55,37.05,7091.12,170.00
984825,21.55,37.05,6808.12,170.00
987825,21.55,37.05,6814.72,170.00
990825,21.55,37.06,6690.57,169.00
993825,21.55,37.06,8466.40,169.00
996825,21.55,37.06,7770.02,170.00
999825,21.55,37.06,7476.12,174.00
1002825,21.55,37.06,9316.81,170.00
1005825,21.55,37.06,7673.85,178.00
1008825,21.55,37.06,7699.15,169.00
1011825,21.55,37.06,8642.85,169.00
1014825,21.55,37.08,8240.05,169.00
1017825,21.56,37.08,8110.40,171.00
1020825,21.55,37.08,8595.76,171.00
1023825,21.55,37.08,9162.55,170.00
1026825,21.56,37.07,6246.64,170.00
1029825,21.56,37.07,7187.99,170.00
1032825,21.56,37.05,6680.59,171.00
1035825,21.56,37.04,6927.03,171.00
1038825,21.56,37.03,10408.49,171.00
1041825,21.56,37.03,7769.42,169.00
1044825,21.56,37.00,7094.07,170.00
1047825,21.56,36.99,7365.17,172.00
1050825,21.56,36.99,8099.40,172.00
1053825,21.56,37.00,9717.56,172.00
1056825,21.56,36.99,7756.20,171.00
1059825,21.55,36.99,8932.69,171.00
1062825,21.56,37.00,7384.24,171.00
1065825,21.56,37.00,6889.09,166.00
1068825,21.56,37.00,7936.30,171.00
1071825,21.56,37.02,6469.48,172.00
1074825,21.56,37.02,7990.64,171.00
1077825,21.56,37.02,6620.68,172.00
1080825,21.56,37.03,6661.08,172.00
1083825,21.56,37.02,6672.87,174.00
1086825,21.56,37.00,7584.70,173.00
1089825,21.56,37.00,6852.96,174.00
1092825,21.56,37.00,6445.65,174.00
1095825,21.56,36.99,6969.90,175.00
1098825,21.56,36.99,7498.11,182.00
1101825,21.56,36.98,5724.53,174.00
1104825,21.56,36.98,5945.40,175.00
1107825,21.55,36.97,7459.95,175.00
1110825,21.56,36.97,6597.49,174.00
1113825,21.56,36.98,8077.37,175.00
1116825,21.55,36.96,7062.66,176.00
1119825,21.55,36.97,7494.80,177.00
1122825,21.56,36.97,7294.13,176.00
1125825,21.56,36.95,10050.13,176.00
1128825,21.55,36.95,7824.13,176.00
1131825,21.55,36.94,9882.19,176.00
1134825,21.55,36.94,6383.87,176.00
1137825,21.55,36.94,6520.71,176.00
1140825,21.55,36.92,6096.16,176.00
1143825,21.56,36.92,7281.52,177.00
1146825,21.56,36.92,6214.48,177.00
1149825,21.56,36.93,7264.50,182.00
1152825,21.55,36.92,6814.59,178.00
1155825,21.56,36.92,7202.62,179.00
1158825,21.56,36.93,6769.27,180.00
1161825,21.57,36.93,6702.26,180.00
1164825,21.57,36.92,7502.20,179.00
1167825,21.56,36.92,7468.55,179.00
1170825,21.56,36.93,6371.76,174.00
1173825,21.56,36.92,7363.01,180.00
1176825,21.57,36.92,6236.84,180.00
1179825,21.56,36.93,6832.03,181.00
1182825,21.57,36.93,7335.16,180.00
1185825,21.57,36.94,6245.10,181.00
1188825,21.57,36.94,7342.70,182.00
1191825,21.57,36.94,6088.57,182.00
1194825,21.57,36.95,6580.91,182.00
1197825,21.57,36.94,8334.66,182.00
1200825,21.57,36.94,7611.08,183.00
1203825,21.57,36.93,8049.99,193.00
1206825,21.57,36.92,7104.31,183.00
1209825,21.57,36.91,7388.15,184.00
1212825,21.57,36.92,7145.07,184.00
1215825,21.57,36.93,6822.77,184.00
1218825,21.57,36.92,6352.53,185.00
1221825,21.56,36.92,6935.84,184.00
1224825,21.56,36.94,6893.00,186.00
1227825,21.56,36.94,6534.98,186.00
1230825,21.56,36.94,6856.65,187.00
1233825,21.56,36.94,6278.03,190.00
1236825,21.56,36.94,6038.01,197.00
1239825,21.56,36.95,6658.37,187.00
1242825,21.56,36.94,6608.02,188.00
1245825,21.56,36.95,7421.84,187.00
1248825,21.56,36.94,8131.43,187.00
1251825,21.56,36.92,6322.12,188.00
1254825,21.56,36.93,6150.71,188.00
1257825,21.56,36.90,6366.12,190.00
1260825,21.55,36.89,6551.00,191.00
1263825,21.56,36.90,8036.17,190.00
1266825,21.56,36.90,6503.34,198.00
1269825,21.56,36.90,6877.60,191.00
1272825,21.56,36.91,9498.40,191.00
1275825,21.56,36.89,6901.68,191.00
1278825,21.56,36.88,7302.47,191.00
1281825,21.56,36.88,6119.19,190.00
1284825,21.56,36.89,6983.17,191.00
1287825,21.56,36.89,7202.84,190.00
1290825,21.56,36.89,6707.26,190.00
1293825,21.56,36.88,6625.80,190.00
1296825,21.56,36.89,7384.97,191.00
1299825,21.56,36.89,6756.03,192.00
1302825,21.56,36.89,6840.08,192.00
1305825,21.56,36.88,8282.83,193.00
1308825,21.56,36.89,7114.08,193.00
1311825,21.56,36.88,7376.01,194.00
1314825,21.56,36.88,6663.46,194.00
1317825,21.56,36.88,7339.73,194.00
1320825,21.56,36.88,6888.62,194.00
1323825,21.56,36.87,8305.82,194.00
1326825,21.56,36.87,6605.41,195.00
1329825,21.56,36.88,8465.79,195.00
1332825,21.56,36.87,6051.24,195.00
1335825,21.56,36.87,7572.12,196.00
1338825,21.57,36.88,6365.54,197.00
1341825,21.57,36.87,7420.47,200.00
1344825,21.57,36.87,7603.19,197.00
1347825,21.57,36.88,7035.41,197.00
1350825,21.57,36.87,6911.29,198.00
1353825,21.57,36.88,7204.83,197.00
1356825,21.57,36.88,7698.86,198.00
1359825,21.57,36.88,6739.24,198.00
1362825,21.57,36.89,6280.43,199.00
1365825,21.58,36.88,7298.37,201.00
1368825,21.57,36.88,7118.27,201.00
1371825,21.57,36.88,6945.15,203.00
1374825,21.57,36.88,6262.14,207.00
1377825,21.57,36.88,5911.09,202.00
1380825,21.57,36.87,5908.09,204.00
1383825,21.57,36.87,7029.20,204.00
1386825,21.58,36.87,7152.76,205.00
1389825,21.58,36.87,6717.14,206.00
1392825,21.58,36.86,7310.46,217.00
1395825,21.58,36.86,9161.32,210.00
1398825,21.58,36.84,8287.61,210.00
1401825,21.59,36.85,8171.28,212.00
1404825,21.58,36.84,7028.35,213.00
1407825,21.58,36.84,5857.11,223.00
1410825,21.58,36.86,6147.78,215.00
1413825,21.58,36.86,7884.50,218.00
1416825,21.59,36.87,7574.10,220.00
1419825,21.59,36.86,7954.72,221.00
1422825,21.59,36.86,7467.25,222.00
1425825,21.59,36.86,7485.22,223.00
1428825,21.60,36.86,7334.11,224.00
1431825,21.60,36.86,5866.66,224.00
1434825,21.60,36.85,7009.84,225.00
1437825,21.60,36.85,6702.69,229.00
1440825,21.60,36.85,9628.19,230.00
1443825,21.60,36.83,8634.88,230.00
1446825,21.60,36.85,7988.71,230.00
1449825,21.61,36.85,7225.65,231.00
1452825,21.60,36.83,7375.44,233.00
1455825,21.60,36.85,7363.97,235.00
1458825,21.61,36.83,7363.97,237.00
1461825,21.61,36.81,7363.97,235.00
1467999,21.59,36.82,0.00,238.00
1470999,21.61,36.81,9044.85,240.00
1473999,21.61,36.81,7652.12,239.00
1476999,21.61,36.82,7575.94,239.00
1479999,21.61,36.82,7263.07,240.00
1482999,21.62,36.82,8643.88,240.00
1485999,21.62,36.82,6385.61,241.00
1488999,21.62,36.82,7684.96,243.00
1491999,21.62,36.82,8142.95,243.00
1494999,21.62,36.82,6066.35,244.00
1497999,21.62,36.82,11796.09,243.00
1500999,21.63,36.82,8815.78,244.00
1503999,21.62,36.81,7447.30,245.00
1506999,21.63,36.80,6260.27,246.00
1509999,21.63,36.81,8396.54,247.00
1512999,21.63,36.81,6493.24,246.00
1515999,21.63,36.80,7048.59,246.00
1518999,21.63,36.81,7127.30,247.00
1521999,21.63,36.80,6069.90,246.00
1524999,21.63,36.79,6542.20,249.00
1527999,21.63,36.78,5805.53,247.00
1530999,21.64,36.76,7122.40,246.00
1533999,21.64,36.76,6108.04,246.00
1536999,21.64,36.76,5871.62,246.00
1539999,21.64,36.75,5542.17,251.00
1542999,21.63,36.75,8215.61,246.00
1545999,21.64,36.76,6997.46,245.00
1548999,21.64,36.75,7563.54,244.00
1551999,21.65,36.76,8011.11,245.00
1554999,21.65,36.75,5501.36,247.00
1557999,21.65,36.75,6660.84,247.00
1560999,21.65,36.74,6416.35,248.00
1563999,21.66,36.73,13585.82,246.00
1566999,21.66,36.72,7489.95,244.00
1569999,21.66,36.70,6421.01,245.00
1572999,21.66,36.73,6482.63,249.00
1575999,21.66,36.72,6391.21,253.00
1578999,21.66,36.72,7302.88,246.00
1581999,21.66,36.70,7632.13,245.00
1584999,21.67,36.70,6429.27,245.00
1587999,21.67,36.70,6455.24,239.00
1590999,21.67,36.69,8220.50,255.00
1593999,21.67,36.69,8979.11,245.00
1596999,21.68,36.71,8504.35,244.00
1599999,21.68,36.71,7684.13,241.00
1602999,21.69,36.69,6370.75,243.00
1605999,21.69,36.69,9063.34,243.00
1608999,21.69,36.68,7450.84,243.00
1611999,21.69,36.68,8516.45,243.00
1614999,21.69,36.68,5901.75,242.00
1617999,21.69,36.68,6613.83,241.00
1620999,21.70,36.68,7550.74,241.00
1623999,21.69,36.68,7005.60,241.00
1626999,21.70,36.67,6557.31,242.00
1629999,21.70,36.68,8174.83,240.00
1632999,21.70,36.68,7996.04,239.00
1635999,21.70,36.68,8451.96,239.00
1638999,21.70,36.68,6693.06,239.00
1641999,21.70,36.68,10314.67,238.00
1644999,21.70,36.68,5283.54,238.00
1647999,21.70,36.68,6536.94,236.00
1650999,21.69,36.68,5718.85,235.00
1653999,21.70,36.69,6902.86,244.00
1656999,21.70,36.68,7580.12,233.00
1659999,21.70,36.70,6095.42,234.00
1662999,21.70,36.68,7544.47,225.00
1665999,21.70,36.70,7290.03,230.00
1668999,21.71,36.68,6587.02,229.00
1671999,21.70,36.67,6323.11,221.00
1674999,21.70,36.67,6054.23,225.00
1677999,21.70,36.67,6409.29,226.00
1680999,21.72,36.67,6636.13,218.00
1683999,21.70,36.67,7253.18,225.00
1686999,21.71,36.67,7168.20,226.00
1689999,21.71,36.68,6775.67,223.00
1692999,21.71,36.68,5176.05,222.00
1695999,21.71,36.68,7080.32,222.00
1698999,21.71,36.68,6308.74,222.00
1701999,21.71,36.67,7107.71,220.00
1704999,21.71,36.67,6642.63,221.00
1707999,21.71,36.67,6841.83,219.00
1710999,21.70,36.67,6226.54,222.00
1713999,21.71,36.68,7340.33,218.00
1716999,21.71,36.68,7291.98,219.00
1719999,21.71,36.67,6175.76,218.00
1722999,21.70,36.68,10805.55,218.00
1725999,21.70,36.70,7801.65,219.00
1728999,21.71,36.70,8007.12,218.00
1731999,21.71,36.68,8220.10,218.00
1734999,21.70,36.68,8236.29,217.00
1737999,21.70,36.68,7127.70,217.00
1740999,21.71,36.68,7502.40,218.00
1743999,21.70,36.68,7065.66,218.00
1746999,21.70,36.68,7271.24,217.00
1749999,21.71,36.70,6976.70,216.00
1752999,21.70,36.68,7457.92,224.00
1755999,21.71,36.70,7180.50,217.00
1758999,21.71,36.70,6527.01,217.00
1761999,21.71,36.71,8079.72,217.00
1764999,21.72,36.68,7119.46,217.00
1767999,21.72,36.68,5778.50,218.00
1770999,21.72,36.70,7720.39,217.00
1773999,21.72,36.70,6145.15,217.00
1776999,21.72,36.70,8406.07,216.00
1779999,21.72,36.70,7208.24,216.00
1782999,21.72,36.68,7625.61,218.00
1785999,21.72,36.70,9060.80,216.00
1788999,21.73,36.70,7566.10,219.00
1791999,21.73,36.70,7090.87,215.00
1794999,21.73,36.68,7021.35,217.00
1797999,21.72,36.68,6890.71,217.00
1800999,21.72,36.68,7257.98,217.00
1803999,21.73,36.69,7904.95,217.00
1806999,21.72,36.68,9362.42,217.00
1809999,21.73,36.67,8869.67,217.00
1812999,21.73,36.67,5910.70,217.00
1815999,21.73,36.67,6873.54,216.00
1818999,21.73,36.67,6945.50,216.00
1821999,21.73,36.67,6576.42,216.00
1824999,21.72,36.67,8041.82,216.00
1827999,21.73,36.69,7069.15,216.00
1830999,21.73,36.68,7754.73,224.00
1833999,21.73,36.68,6109.99,215.00
1836999,21.73,36.68,6047.95,213.00
1839999,21.72,36.67,8068.31,212.00
1842999,21.73,36.69,6883.16,214.00
1845999,21.73,36.67,6575.05,214.00
1848999,21.73,36.68,7667.46,215.00
1851999,21.73,36.67,7717.47,214.00
1854999,21.73,36.66,7898.42,214.00
1857999,21.73,36.67,7316.49,214.00
1860999,21.74,36.67,7488.70,213.00
1863999,21.74,36.66,6723.42,213.00
1866999,21.73,36.66,7449.53,214.00
1869999,21.73,36.66,7284.50,213.00
1872999,21.74,36.66,7774.27,214.00
1875999,21.74,36.66,7355.87,215.00
1878999,21.74,36.66,8351.84,216.00
1881999,21.74,36.65,6979.86,217.00
1884999,21.74,36.65,6942.01,214.00
1887999,21.74,36.64,5875.45,215.00
1890999,21.74,36.64,7302.40,215.00
1893999,21.74,36.62,6269.33,215.00
1896999,21.74,36.64,7621.60,214.00
1899999,21.75,36.64,7826.87,215.00
1902999,21.75,36.64,6463.02,226.00
1905999,21.75,36.61,5984.11,216.00
1908999,21.75,36.60,8407.41,216.00
1911999,21.74,36.60,5807.36,216.00
1914999,21.75,36.61,6644.28,216.00
1917999,21.75,36.63,6337.55,209.00
1920999,21.74,36.63,5846.97,216.00
1923999,21.75,36.61,6419.44,215.00
1926999,21.74,36.61,10189.51,216.00
1929999,21.74,36.63,6960.78,216.00
1932999,21.75,36.64,6927.98,211.00
1935999,21.75,36.64,8715.48,216.00
1938999,21.74,36.63,6986.55,217.00
1941999,21.75,36.64,6357.22,216.00
1944999,21.75,36.64,7320.93,216.00
1947999,21.75,36.64,6593.63,216.00
1950999,21.75,36.64,6946.43,215.00
1953999,21.75,36.63,7839.78,215.00
1956999,21.75,36.63,7622.74,216.00
1959999,21.75,36.63,7947.38,215.00
1962999,21.75,36.63,8135.88,216.00
1965999,21.75,36.63,8994.72,211.00
1968999,21.75,36.63,6518.27,218.00
1971999,21.75,36.63,7502.90,216.00
1974999,21.75,36.63,8970.20,215.00
1977999,21.75,36.61,7269.16,215.00
1980999,21.75,36.61,7365.45,215.00
1983999,21.76,36.61,7369.38,216.00
1986999,21.76,36.61,6835.18,216.00
1989999,21.76,36.60,6353.05,216.00
1992999,21.76,36.60,6136.78,217.00
1995999,21.76,36.59,7013.18,217.00
1998999,21.76,36.56,8665.80,216.00
2001999,21.77,36.56,7009.96,218.00
2004999,21.76,36.56,6200.29,218.00
2007999,21.76,36.55,6376.46,217.00
2010999,21.76,36.55,7477.63,218.00
2013999,21.76,36.56,6810.25,213.00
2016999,21.76,36.55,6351.60,219.00
2019999,21.76,36.55,6580.02,219.00
2022999,21.76,36.55,6975.57,218.00
2025999,21.76,36.55,6517.32,219.00
2028999,21.76,36.55,5785.33,220.00
2031999,21.76,36.55,7302.91,220.00
2034999,21.76,36.54,6233.23,219.00
2037999,21.76,36.54,6144.77,220.00
2040999,21.76,36.54,7440.77,220.00
2043999,21.76,36.55,6807.54,220.00
2046999,21.76,36.54,8201.99,219.00
2049999,21.76,36.54,6881.54,225.00
2052999,21.76,36.54,8305.62,217.00
2055999,21.76,36.53,7531.31,219.00
2058999,21.76,36.51,7510.07,218.00
2061999,21.76,36.51,8607.48,218.00
2064999,21.76,36.51,6847.65,217.00
2067999,21.76,36.50,7355.52,217.00
2070999,21.76,36.50,6269.37,217.00
2073999,21.76,36.50,6357.50,217.00
2076999,21.76,36.50,7101.52,216.00
2079999,21.76,36.47,7234.86,218.00
2082999,21.75,36.47,6708.19,216.00
2085999,21.77,36.47,7133.14,216.00
2088999,21.77,36.47,6390.89,214.00
2091999,21.76,36.47,7545.45,215.00
2094999,21.77,36.47,6027.23,225.00
2097999,21.77,36.45,9525.62,215.00
2100999,21.77,36.46,6429.03,225.00
2103999,21.77,36.44,7876.54,214.00
2106999,21.77,36.46,6812.66,214.00
2109999,21.77,36.43,6596.46,214.00
2112999,21.77,36.42,11047.81,212.00
2115999,21.77,36.43,8616.09,212.00
2118999,21.77,36.43,7693.66,212.00
2121999,21.77,36.43,9185.05,212.00
2124999,21.77,36.42,6435.30,219.00
2127999,21.78,36.42,16836.55,212.00
2130999,21.78,36.42,9566.20,213.00
2133999,21.77,36.42,9162.71,212.00
2136999,21.78,36.41,10236.19,212.00
2139999,21.78,36.39,8200.60,212.00
2142999,21.78,36.41,8138.02,211.00
2145999,21.78,36.41,8281.45,210.00
2148999,21.78,36.41,7382.44,211.00
2151999,21.78,36.38,10582.47,212.00
2154999,21.78,36.39,6808.75,211.00
2157999,21.78,36.39,5957.36,212.00
2160999,21.77,36.39,7310.24,211.00
2163999,21.77,36.38,7633.90,212.00
2166999,21.77,36.38,25946.04,211.00
2169999,21.77,36.37,7412.69,211.00
2172999,21.78,36.37,7066.74,211.00
2175999,21.78,36.37,6903.06,210.00
2178999,21.78,36.34,6937.92,211.00
2181999,21.77,36.36,6369.48,210.00
2184999,21.78,36.36,6120.52,209.00
2187999,21.78,36.36,6973.43,209.00
2190999,21.78,36.33,6019.61,209.00
2193999,21.78,36.35,6628.30,209.00
2196999,21.79,36.33,6835.58,208.00
2199999,21.79,36.33,6346.48,213.00
2202999,21.79,36.31,6215.10,210.00
2205999,21.79,36.32,6551.65,206.00
2208999,21.79,36.32,6408.39,205.00
2211999,21.79,36.31,7078.35,205.00
2214999,21.79,36.31,7188.59,205.00
2217999,21.79,36.32,7731.45,206.00
2220999,21.80,36.31,7797.98,205.00
2223999,21.80,36.31,7137.08,205.00
2226999,21.80,36.31,7767.62,204.00
2229999,21.80,36.30,7326.80,204.00
2232999,21.81,36.30,6975.32,204.00
2235999,21.81,36.29,7057.04,203.00
2238999,21.81,36.27,19043.52,203.00
2241999,21.81,36.27,8510.33,204.00
2244999,21.81,36.27,6546.90,203.00
2247999,21.81,36.26,7640.08,203.00
2250999,21.81,36.26,15118.08,207.00
2253999,21.81,36.26,12136.78,231.00
2256999,21.81,36.26,25906.63,218.00
2259999,21.82,36.25,16335.67,197.00
2262999,21.82,36.25,7129.69,202.00
2265999,21.82,36.25,7266.12,202.00
2268999,21.81,36.24,8294.67,201.00
2271999,21.81,36.24,7484.07,201.00
2274999,21.82,36.21,7411.29,201.00
2277999,21.81,36.21,7470.89,201.00
2280999,21.81,36.19,7217.93,200.00
2283999,21.81,36.15,7778.65,199.00
2286999,21.81,36.18,7122.67,202.00
2289999,21.81,36.19,6276.75,198.00
2292999,21.81,36.19,7574.98,199.00
2295999,21.81,36.19,7275.17,199.00
2298999,21.82,36.20,7460.77,198.00
2301999,21.82,36.19,7114.04,198.00
2304999,21.82,36.18,8668.81,197.00
2307999,21.82,36.19,7765.61,197.00
2310999,21.82,36.18,8937.20,196.00
2313999,21.81,36.16,7398.29,196.00
2316999,21.81,36.15,8186.70,197.00
2319999,21.82,36.18,6684.18,205.00
2322999,21.81,36.18,8254.51,197.00
2325999,21.82,36.19,8748.36,196.00
2328999,21.82,36.15,7804.67,196.00
2331999,21.81,36.16,9490.45,195.00
2334999,21.82,36.16,7855.43,195.00
2337999,21.82,36.15,11953.87,195.00
2340999,21.81,36.13,7263.21,196.00
2343999,21.81,36.14,7601.45,195.00
2346999,21.81,36.14,7714.49,195.00
2349999,21.81,36.13,8707.54,195.00
2352999,21.81,36.11,8413.43,195.00
2355999,21.81,36.11,24620.68,196.00
2358999,21.81,36.11,7627.70,195.00
2361999,21.82,36.14,8408.62,194.00
2364999,21.81,36.13,8196.31,193.00
2367999,21.81,36.08,9379.49,194.00
2370999,21.81,36.06,6991.22,194.00
2373999,21.81,36.05,7813.29,194.00
2376999,21.81,36.04,9011.05,195.00
2379999,21.81,36.05,9496.84,193.00
2382999,21.81,36.05,8764.64,200.00
2385999,21.81,36.06,6621.12,191.00
2388999,21.82,36.08,7954.79,192.00
2391999,21.82,36.08,6887.92,189.00
2394999,21.82,36.05,8247.48,192.00
2397999,21.81,36.04,7828.79,185.00
2400999,21.81,36.05,8400.26,191.00
2403999,21.81,36.04,10392.34,198.00
2406999,21.81,36.03,9934.14,192.00
2409999,21.81,36.04,7831.13,193.00
2412999,21.81,36.04,7500.56,194.00
2415999,21.81,36.03,9273.51,192.00
2418999,21.81,36.02,6805.70,192.00
2421999,21.81,36.00,8066.19,192.00
2424999,21.81,36.02,8682.98,190.00
2427999,21.81,35.98,8946.71,192.00
2430999,21.81,35.99,7472.88,192.00
2433999,21.81,35.99,7358.97,186.00
2436999,21.81,36.00,8044.29,191.00
2439999,21.81,36.00,9077.82,191.00
2442999,21.81,35.98,8005.78,190.00
2445999,21.81,35.97,8061.01,191.00
2448999,21.81,35.98,10267.95,192.00
2451999,21.80,35.98,7044.04,192.00
2454999,21.81,35.97,11052.46,191.00
2457999,21.81,35.95,8841.66,191.00
2460999,21.80,35.95,7382.39,191.00
2463999,21.81,35.95,8455.82,194.00
2466999,21.81,35.94,8430.18,190.00
2469999,21.80,35.93,8606.79,190.00
2472999,21.81,35.92,9889.72,188.00
2475999,21.80,35.93,8437.73,188.00
2478999,21.80,35.92,10721.04,188.00
2481999,21.81,35.92,8579.24,191.00
2484999,21.80,35.90,7529.54,190.00
2487999,21.80,35.92,9273.17,189.00
2490999,21.80,35.93,9842.87,189.00
2493999,21.80,35.93,10365.80,188.00
2496999,21.81,35.90,7240.50,202.00
2499999,21.80,35.90,8249.65,187.00
2502999,21.80,35.92,8563.38,188.00
2505999,21.80,35.92,7645.56,187.00
2508999,21.80,35.88,9581.81,186.00
2511999,21.80,35.89,6955.67,188.00
2514999,21.80,35.90,7899.92,187.00
2517999,21.81,35.89,8279.90,186.00
2520999,21.80,35.88,9758.55,187.00
2523999,21.80,35.88,6805.92,183.00
2526999,21.80,35.90,8270.05,190.00
2529999,21.80,35.90,8251.42,187.00
2532999,21.80,35.89,9417.34,186.00
2535999,21.80,35.89,8478.95,187.00
2538999,21.80,35.89,7983.50,192.00
2541999,21.80,35.90,20342.98,188.00
2544999,21.80,35.89,9539.26,188.00
2547999,21.80,35.88,9346.78,190.00
2550999,21.80,35.88,8048.70,188.00
2553999,21.80,35.90,8770.10,189.00
2556999,21.80,35.92,9028.42,189.00
2559999,21.80,35.90,7148.13,188.00
2562999,21.80,35.89,8196.59,196.00
2565999,21.80,35.88,13751.62,188.00
2568999,21.80,35.88,9096.27,187.00
2571999,21.80,35.87,8426.13,187.00
2574999,21.80,35.87,9319.13,187.00
2577999,21.80,35.85,9085.22,186.00
2580999,21.80,35.85,7664.25,186.00
2583999,21.79,35.84,7301.99,187.00
2586999,21.79,35.85,6429.75,187.00
2589999,21.79,35.85,8542.68,187.00
2592999,21.80,35.87,8216.05,186.00
2595999,21.80,35.86,8849.65,187.00
2598999,21.80,35.85,11816.04,186.00
2601999,21.79,35.85,7889.70,186.00
2604999,21.80,35.87,9031.48,185.00
2607999,21.80,35.85,6969.34,186.00
2610999,21.80,35.82,6932.29,184.00
2613999,21.80,35.82,6554.08,183.00
2616999,21.80,35.82,6635.56,182.00
2619999,21.80,35.82,8028.65,181.00
2622999,21.80,35.77,6216.14,183.00
2625999,21.80,35.79,7162.76,183.00
2628999,21.80,35.81,8129.78,182.00
2631999,21.80,35.79,10572.55,188.00
2634999,21.80,35.78,8827.82,182.00
2637999,21.80,35.77,8089.24,180.00
2640999,21.79,35.78,10043.50,180.00
2643999,21.79,35.76,6586.00,182.00
2646999,21.79,35.76,9771.24,181.00
2649999,21.80,35.78,6612.13,179.00
2652999,21.80,35.78,10307.99,180.00
2655999,21.80,35.78,7274.15,181.00
2658999,21.80,35.77,9543.58,179.00
2661999,21.80,35.78,7641.51,192.00
2664999,21.80,35.77,7301.88,178.00
2667999,21.80,35.76,8531.98,178.00
2670999,21.79,35.76,25166.14,178.00
2673999,21.80,35.73,7117.27,180.00
2676999,21.80,35.73,7033.53,177.00
2679999,21.81,35.73,6546.30,177.00
2682999,21.80,35.74,7561.99,178.00
2685999,21.80,35.72,6969.38,178.00
2688999,21.81,35.70,7931.62,177.00
2691999,21.81,35.71,8405.33,176.00
2694999,21.80,35.72,9489.11,177.00
2697999,21.80,35.71,8765.39,177.00
2700999,21.80,35.68,8434.03,177.00
2703999,21.80,35.70,7378.35,184.00
2706999,21.80,35.69,7421.34,176.00
2709999,21.80,35.71,7836.24,175.00
2712999,21.80,35.71,10404.38,176.00
2715999,21.80,35.72,8066.74,176.00
2718999,21.81,35.72,10903.47,176.00
2721999,21.81,35.73,13603.73,176.00
2724999,21.81,35.73,7259.48,174.00
2727999,21.81,35.68,6967.73,175.00
2730999,21.81,35.66,6828.88,175.00
2733999,21.81,35.65,6689.44,173.00
2736999,21.81,35.66,6901.89,175.00
2739999,21.81,35.68,6697.27,174.00
2742999,21.81,35.67,7324.19,180.00
2745999,21.80,35.67,8402.26,174.00
2748999,21.80,35.68,7672.05,196.00
2751999,21.81,35.70,8844.51,174.00
2754999,21.80,35.71,18899.60,173.00
2757999,21.80,35.69,9600.31,174.00
2760999,21.80,35.70,8603.28,176.00
2763999,21.80,35.72,9510.54,173.00
2766999,21.81,35.72,10045.88,173.00
2769999,21.81,35.73,7645.26,174.00
2772999,21.81,35.72,17173.14,174.00
2775999,21.81,35.73,7618.93,173.00
2778999,21.81,35.73,7260.85,182.00
2781999,21.81,35.71,8186.17,173.00
2784999,21.81,35.72,10516.73,173.00
2787999,21.81,35.72,8287.62,174.00
2790999,21.81,35.71,8146.05,173.00
2793999,21.81,35.71,8653.67,173.00
2796999,21.81,35.71,9254.35,172.00
2799999,21.81,35.70,12818.31,174.00
2802999,21.82,35.70,11734.85,174.00
2805999,21.81,35.68,8353.67,172.00
2808999,21.82,35.70,11663.57,172.00
2811999,21.82,35.71,8325.30,172.00
2814999,21.81,35.71,10664.74,173.00
2817999,21.81,35.70,10124.38,173.00
2820999,21.81,35.71,8489.11,173.00
2823999,21.81,35.71,8688.51,172.00
2826999,21.81,35.71,9307.47,172.00
2829999,21.81,35.70,10556.33,172.00
2832999,21.81,35.70,7808.14,172.00
2835999,21.81,35.70,9588.44,172.00
2838999,21.81,35.68,9596.25,175.00
2841999,21.80,35.70,11740.67,172.00
2844999,21.81,35.71,9493.32,172.00
2847999,21.81,35.70,7629.78,173.00
2850999,21.81,35.71,11164.98,166.00
2853999,21.80,35.70,7109.82,172.00
2856999,21.81,35.71,7979.96,171.00
2859999,21.80,35.72,7561.94,171.00
2862999,21.80,35.72,10222.51,171.00
2865999,21.80,35.72,7371.28,171.00
2868999,21.80,35.72,8186.14,170.00
2871999,21.81,35.73,8522.12,171.00
2874999,21.80,35.73,12014.34,171.00
2877999,21.80,35.73,9585.93,172.00
2880999,21.80,35.73,9424.59,171.00
2883999,21.80,35.74,15488.74,171.00
2886999,21.80,35.76,8556.44,172.00
2889999,21.80,35.76,9567.51,165.00
2892999,21.80,35.76,8519.93,178.00
2895999,21.80,35.77,14954.69,170.00
2898999,21.79,35.76,9366.29,169.00
2901999,21.80,35.77,7696.56,168.00
2904999,21.80,35.77,9627.86,169.00
2907999,21.80,35.78,8959.56,170.00
2910999,21.81,35.78,8787.76,170.00
2913999,21.81,35.79,7972.09,169.00
2916999,21.81,35.78,10117.66,170.00
2919999,21.81,35.77,8540.64,170.00
2922999,21.80,35.78,7851.73,171.00
2925999,21.81,35.78,10539.15,168.00
2928999,21.80,35.77,7777.72,167.00
2931999,21.81,35.77,10186.80,167.00
2934999,21.81,35.77,7922.30,161.00
2937999,21.80,35.74,7976.46,167.00
2940999,21.80,35.74,9561.19,168.00
2943999,21.80,35.74,10923.15,167.00
2946999,21.81,35.76,8254.32,167.00
2949999,21.80,35.76,7675.22,167.00
2952999,21.81,35.77,7330.24,162.00
2955999,21.81,35.76,13079.35,167.00
2958999,21.81,35.76,9051.55,167.00
2961999,21.81,35.76,15038.20,168.00
2964999,21.81,35.76,7390.38,171.00
2967999,21.81,35.76,7248.66,167.00
2970999,21.81,35.76,8408.88,166.00
2973999,21.81,35.77,7394.63,166.00
2976999,21.81,35.76,10038.65,166.00
2979999,21.82,35.75,8697.60,166.00
2982999,21.81,35.73,7190.85,166.00
2985999,21.82,35.73,7151.59,166.00
2988999,21.82,35.73,8330.23,167.00
2991999,21.82,35.72,7734.80,167.00
2994999,21.82,35.73,8560.93,168.00
2997999,21.82,35.71,6690.02,167.00
3000999,21.82,35.68,9339.41,167.00
3003999,21.81,35.68,6656.33,166.00
3006999,21.81,35.68,8105.49,166.00
3009999,21.81,35.71,7654.68,166.00
3012999,21.81,35.71,14959.61,166.00
3015999,21.81,35.72,7125.18,166.00
3018999,21.81,35.73,7219.86,167.00
3021999,21.81,35.73,7135.28,173.00
3024999,21.81,35.72,6541.58,170.00
3027999,21.81,35.72,6042.51,165.00
3030999,21.81,35.72,7258.96,165.00
3033999,21.81,35.72,5980.66,164.00
3036999,21.81,35.72,6930.21,165.00
3039999,21.81,35.68,6958.49,165.00
3042999,21.80,35.70,6052.25,166.00
3045999,21.81,35.70,6684.20,165.00
3048999,21.80,35.68,16141.25,165.00
3051999,21.81,35.70,7330.89,165.00
3054999,21.81,35.71,8143.05,165.00
3057999,21.81,35.72,7426.98,165.00
3060999,21.81,35.72,8049.85,165.00
3063999,21.80,35.73,7937.28,171.00
3066999,21.80,35.73,7554.13,166.00
3069999,21.80,35.73,9749.10,164.00
3072999,21.80,35.72,12560.48,164.00
3075999,21.80,35.72,8264.66,164.00
3078999,21.80,35.72,11628.83,164.00
3081999,21.80,35.72,5824.67,165.00
3084999,21.80,35.72,7774.85,165.00
3087999,21.79,35.72,6816.27,165.00
3090999,21.80,35.72,8386.04,165.00
3093999,21.79,35.72,11185.34,165.00
3096999,21.80,35.73,8274.06,165.00
3099999,21.79,35.73,6350.95,165.00
3102999,21.80,35.72,6864.64,164.00
3105999,21.80,35.72,8742.36,166.00
3108999,21.79,35.73,7677.05,164.00
3111999,21.79,35.73,6618.07,163.00
3114999,21.80,35.72,7289.06,163.00
3117999,21.80,35.72,7112.68,163.00
3120999,21.80,35.69,5710.61,163.00
3123999,21.79,35.69,7897.88,161.00
3126999,21.79,35.68,6659.17,164.00
3129999,21.79,35.68,9430.54,163.00
3132999,21.79,35.69,7599.27,164.00
3135999,21.79,35.68,7622.22,164.00
3138999,21.79,35.67,6321.73,164.00
3141999,21.79,35.68,7062.69,164.00
3144999,21.79,35.67,8795.93,163.00
3147999,21.79,35.67,9008.67,163.00
3150999,21.79,35.67,9773.00,163.00
3153999,21.79,35.67,8981.20,161.00
3156999,21.79,35.67,8414.74,161.00
3159999,21.78,35.68,7947.47,162.00
3162999,21.78,35.68,7351.17,161.00
3165999,21.79,35.68,7580.34,164.00
3168999,21.79,35.69,8326.05,168.00
3171999,21.79,35.68,7573.28,168.00
3174999,21.80,35.69,8699.22,161.00
3177999,21.80,35.65,6898.89,160.00
3180999,21.79,35.63,7057.90,163.00
3183999,21.80,35.65,6454.20,162.00
3186999,21.79,35.65,6080.66,162.00
3189999,21.80,35.66,8473.98,160.00
3192999,21.79,35.66,7095.34,159.00
3195999,21.80,35.65,10111.52,160.00
3198999,21.80,35.65,7394.08,161.00
3201999,21.80,35.65,6286.48,153.00
3204999,21.80,35.61,6117.68,158.00
3207999,21.80,35.58,6847.77,159.00
3210999,21.80,35.60,8766.38,159.00
3213999,21.80,35.58,8732.82,159.00
3216999,21.79,35.61,5807.41,158.00
3219999,21.80,35.62,6681.07,153.00
3222999,21.80,35.63,9191.68,159.00
3225999,21.79,35.61,7777.66,158.00
3228999,21.79,35.60,7345.34,159.00
3231999,21.79,35.56,7523.91,156.00
3234999,21.79,35.58,6264.16,156.00
3237999,21.79,35.57,7368.07,155.00
3240999,21.78,35.60,6407.49,156.00
3243999,21.78,35.62,13422.71,156.00
3246999,21.79,35.61,7151.17,156.00
3249999,21.78,35.61,7043.09,157.00
3252999,21.79,35.61,6274.64,157.00
3255999,21.78,35.61,6338.41,156.00
3258999,21.78,35.61,6844.17,156.00
3261999,21.78,35.62,7394.98,162.00
3264999,21.78,35.63,7221.48,155.00
3267999,21.78,35.62,7127.64,155.00
3270999,21.78,35.63,6676.33,155.00
3273999,21.78,35.62,7534.07,153.00
3276999,21.78,35.62,13966.69,154.00
3279999,21.78,35.61,8704.00,151.00
3282999,21.78,35.61,12105.72,154.00
3285999,21.78,35.58,19624.72,154.00
3288999,21.77,35.58,25503.28,153.00
3291999,21.78,35.57,10912.87,153.00
3294999,21.77,35.58,7047.20,153.00
3297999,21.78,35.57,7629.96,151.00
3300999,21.77,35.58,7644.25,151.00
3303999,21.77,35.61,6407.20,163.00
3306999,21.77,35.62,6751.89,152.00
3309999,21.78,35.63,7608.94,151.00
3312999,21.77,35.62,7530.65,150.00
3315999,21.77,35.59,7875.09,150.00
3318999,21.78,35.61,6508.31,155.00
3321999,21.78,35.58,8099.77,150.00
3324999,21.77,35.58,7455.69,150.00
3327999,21.78,35.57,6973.44,151.00
3330999,21.78,35.58,7567.37,150.00
3333999,21.78,35.58,8139.97,150.00
3336999,21.78,35.57,7053.60,149.00
3339999,21.78,35.57,6344.61,142.00
3342999,21.77,35.57,7015.75,149.00
3345999,21.77,35.56,8180.18,149.00
3348999,21.78,35.56,8213.48,147.00
3351999,21.78,35.57,11694.97,147.00
3354999,21.78,35.56,6788.31,149.00
3357999,21.78,35.55,6697.67,147.00
3360999,21.77,35.55,8501.52,147.00
3363999,21.77,35.56,9511.58,145.00
3366999,21.77,35.55,6208.60,146.00
3369999,21.78,35.55,6448.12,145.00
3372999,21.77,35.54,7700.62,146.00
3375999,21.77,35.56,7369.07,144.00
3378999,21.77,35.57,7150.27,144.00
3381999,21.77,35.54,6420.20,145.00
3384999,21.76,35.54,6762.04,143.00
3387999,21.76,35.56,7034.20,143.00
3390999,21.76,35.54,7308.04,142.00
3393999,21.76,35.57,6993.43,144.00
3396999,21.76,35.58,7289.00,142.00
3399999,21.77,35.57,19748.42,142.00
3402999,21.76,35.54,7223.09,141.00
3405999,21.76,35.53,7333.30,143.00
3408999,21.76,35.54,7329.32,142.00
3411999,21.76,35.53,7067.88,141.00
3414999,21.76,35.53,6466.60,142.00
3417999,21.76,35.53,9906.82,140.00
3420999,21.76,35.53,9101.00,142.00
3423999,21.76,35.53,7200.42,140.00
3426999,21.76,35.53,11812.95,140.00
3429999,21.75,35.52,7225.71,138.00
3432999,21.76,35.52,5898.85,149.00
3435999,21.75,35.52,7418.65,141.00
3438999,21.75,35.52,6971.16,139.00
3441999,21.75,35.53,7685.90,143.00
3444999,21.75,35.53,6439.67,138.00
3447999,21.75,35.54,6637.22,141.00
3450999,21.75,35.53,7298.58,139.00
3453999,21.75,35.53,5791.63,139.00
3456999,21.75,35.53,6773.42,138.00
3459999,21.74,35.52,7757.54,137.00
3462999,21.74,35.49,7492.25,138.00
3465999,21.74,35.49,6294.12,139.00
3468999,21.74,35.50,6831.47,138.00
3471999,21.73,35.52,7896.42,138.00
3474999,21.74,35.50,6182.75,138.00
3477999,21.74,35.48,6130.05,139.00
3480999,21.73,35.48,6098.30,132.00
3483999,21.74,35.49,7547.79,139.00
3486999,21.74,35.51,6520.55,138.00
3489999,21.73,35.50,7549.53,140.00
3492999,21.74,35.46,6607.19,139.00
3495999,21.73,35.46,8907.12,140.00
3498999,21.73,35.47,7081.93,139.00
3501999,21.73,35.46,6807.75,140.00
3504999,21.73,35.44,7776.99,140.00
3507999,21.73,35.44,7565.54,140.00
3510999,21.73,35.44,7183.00,140.00
3513999,21.73,35.43,7784.37,141.00
3516999,21.73,35.46,5958.53,142.00
3519999,21.73,35.46,8579.75,143.00
3522999,21.73,35.46,8447.59,142.00
3525999,21.73,35.48,8608.94,144.00
3528999,21.73,35.47,11958.02,146.00
3531999,21.74,35.48,7443.87,146.00
3534999,21.73,35.47,9630.91,145.00
3537999,21.73,35.46,7168.39,146.00
3540999,21.73,35.47,8624.39,147.00
3543999,21.73,35.47,7115.29,148.00
3546999,21.73,35.48,8099.50,149.00
3549999,21.73,35.48,9477.61,151.00
3552999,21.74,35.47,6778.10,149.00
3555999,21.73,35.44,6730.66,151.00
3558999,21.73,35.46,8540.83,153.00
3561999,21.72,35.46,7731.78,154.00
3564999,21.72,35.44,8139.75,154.00
3567999,21.73,35.46,7524.79,155.00
3570999,21.73,35.47,7390.51,159.00
3573999,21.73,35.46,7763.41,160.00
3576999,21.73,35.47,7372.63,157.00
3579999,21.73,35.48,7950.18,157.00
3582999,21.73,35.47,10198.97,159.00
3585999,21.73,35.48,8423.72,157.00
3588999,21.72,35.44,6889.44,161.00
3591999,21.72,35.46,7746.71,161.00
3594999,21.71,35.47,6574.91,162.00
3597999,21.72,35.48,7817.67,162.00
3600999,21.72,35.48,6499.09,163.00
3603999,21.73,35.49,6741.10,166.00
3606999,21.72,35.50,6734.31,167.00
3609999,21.72,35.49,8932.50,167.00
3612999,21.72,35.50,7334.43,169.00
3615999,21.72,35.50,9156.49,169.00
3618999,21.72,35.50,6466.09,169.00
3621999,21.72,35.50,6690.31,171.00
3624999,21.72,35.50,8798.05,167.00
3627999,21.73,35.50,8702.71,173.00
3630999,21.73,35.48,8236.28,174.00
3633999,21.72,35.49,7266.26,176.00
3636999,21.72,35.49,7009.99,176.00
3639999,21.73,35.48,6736.66,177.00
3642999,21.72,35.48,8174.74,186.00
3645999,21.72,35.49,10320.74,179.00
3648999,21.72,35.49,7070.20,182.00
3651999,21.72,35.50,6622.34,182.00
3654999,21.72,35.50,5843.60,182.00
3657999,21.72,35.49,6165.24,184.00
3660999,21.72,35.48,7282.83,186.00
3663999,21.72,35.48,7345.10,186.00
3666999,21.72,35.50,8341.46,186.00
3669999,21.72,35.50,6342.51,187.00
3672999,21.72,35.52,6558.34,190.00
3675999,21.72,35.50,6964.44,191.00
3678999,21.72,35.50,7832.93,191.00
3681999,21.73,35.50,7767.31,193.00
3684999,21.73,35.50,7300.81,195.00
3687999,21.72,35.49,7432.64,195.00
3690999,21.72,35.52,10555.39,194.00
3693999,21.72,35.48,7153.80,195.00
3696999,21.72,35.50,8468.70,197.00
3699999,21.72,35.52,6681.96,198.00
3702999,21.73,35.52,7350.67,204.00
3705999,21.72,35.50,7519.69,202.00
3708999,21.72,35.50,9454.57,202.00
3711999,21.73,35.52,7400.47,202.00
3714999,21.73,35.50,7685.78,203.00
3717999,21.72,35.49,6879.92,203.00
3720999,21.73,35.52,8091.15,204.00
3723999,21.73,35.50,9305.08,204.00
3726999,21.73,35.49,6913.56,205.00
3729999,21.72,35.47,6506.74,205.00
3732999,21.73,35.49,7060.43,206.00
3735999,21.73,35.49,8275.89,207.00
3738999,21.73,35.49,7386.12,207.00
3741999,21.73,35.50,7798.83,207.00
3744999,21.73,35.50,7882.40,201.00
3747999,21.73,35.50,11670.47,207.00
3750999,21.74,35.50,6424.65,208.00
3753999,21.74,35.49,6757.64,209.00
3756999,21.73,35.47,7501.26,208.00
3759999,21.74,35.48,6585.67,202.00
3762999,21.74,35.50,8003.50,209.00
3765999,21.75,35.51,7435.43,209.00
3768999,21.74,35.51,8318.89,210.00
3771999,21.74,35.50,7821.13,216.00
3774999,21.73,35.50,15263.15,210.00
3777999,21.74,35.52,7023.74,210.00
3780999,21.74,35.52,6910.57,211.00
3783999,21.74,35.53,8204.46,206.00
3786999,21.74,35.52,7066.17,211.00
3789999,21.74,35.50,7840.55,212.00
3792999,21.74,35.52,8014.29,214.00
3795999,21.74,35.53,7364.29,217.00
3798999,21.74,35.54,8006.72,213.00
3801999,21.75,35.54,8414.66,214.00
3804999,21.75,35.56,22880.02,219.00
3807999,21.75,35.57,9999.55,215.00
3810999,21.75,35.54,8035.77,216.00
3813999,21.75,35.53,10785.77,217.00
3816999,21.75,35.53,11285.54,218.00
3819999,21.75,35.52,13716.41,219.00
3822999,21.75,35.52,12309.44,219.00
3825999,21.76,35.53,7724.50,218.00
3828999,21.76,35.53,9094.60,220.00
3831999,21.76,35.52,8976.41,225.00
3834999,21.76,35.51,7597.44,225.00
3837999,21.76,35.52,20641.71,229.00
3840999,21.76,35.51,18227.07,228.00
3843999,21.76,35.51,10384.27,229.00
3846999,21.76,35.50,9681.37,230.00
3849999,21.76,35.48,11351.23,230.00
3852999,21.76,35.50,12542.40,231.00
3855999,21.76,35.50,8680.16,229.00
3858999,21.77,35.50,10038.95,230.00
3861999,21.77,35.51,7245.52,232.00
3864999,21.77,35.51,9978.51,233.00
3867999,21.77,35.50,9349.18,234.00
3870999,21.77,35.51,10559.49,235.00
3873999,21.77,35.50,23078.75,236.00
3876999,21.77,35.48,15533.66,238.00
3879999,21.78,35.48,16440.16,237.00
3882999,21.77,35.48,25645.10,238.00
3885999,21.78,35.48,25331.05,239.00
3888999,21.78,35.48,17350.40,240.00
3891999,21.78,35.50,19675.30,240.00
3894999,21.77,35.52,13229.70,240.00
3897999,21.78,35.52,12573.14,240.00
3900999,21.78,35.52,17545.87,233.00
3903999,21.78,35.52,20923.99,238.00
3906999,21.79,35.52,21572.05,238.00
3909999,21.78,35.52,14548.77,238.00
3912999,21.78,35.52,12253.04,236.00
3915999,21.79,35.51,23930.72,236.00
3918999,21.79,35.52,19394.51,236.00
3921999,21.79,35.52,15107.88,236.00
3924999,21.79,35.53,22236.54,236.00
3927999,21.79,35.52,16131.29,239.00
3930999,21.79,35.52,26941.69,240.00
3933999,21.79,35.52,12555.69,245.00
3936999,21.79,35.52,13297.82,239.00
3939999,21.79,35.52,10517.64,240.00
3942999,21.79,35.53,8719.47,239.00
3945999,21.80,35.55,13689.11,239.00
3948999,21.80,35.55,13849.58,237.00
3951999,21.81,35.55,12727.01,237.00
3954999,21.81,35.55,13270.88,236.00
3957999,21.81,35.54,16466.76,236.00
3960999,21.81,35.52,10818.12,234.00
3963999,21.81,35.52,14364.61,235.00
3966999,21.81,35.52,13784.06,227.00
3969999,21.81,35.51,11964.47,233.00
3972999,21.82,35.52,11924.56,232.00
3975999,21.82,35.52,13924.35,232.00
3978999,21.82,35.52,8701.23,231.00
3981999,21.82,35.51,9193.95,231.00
3984999,21.82,35.51,12368.56,231.00
3987999,21.83,35.48,10058.91,230.00
3990999,21.82,35.46,9495.18,228.00
3993999,21.82,35.47,12328.48,229.00
3996999,21.82,35.49,10800.36,227.00
3999999,21.82,35.49,19063.62,224.00
4002999,21.83,35.49,11605.24,221.00
4005999,21.82,35.47,10211.95,221.00
4008999,21.82,35.46,12239.30,218.00
4011999,21.82,35.46,11582.47,217.00
4014999,21.82,35.46,14601.58,217.00
4017999,21.83,35.46,11500.46,227.00
4020999,21.83,35.45,11919.30,217.00
4023999,21.83,35.45,13162.60,217.00
4026999,21.83,35.45,12616.98,216.00
4029999,21.83,35.44,18126.21,218.00
4032999,21.82,35.44,10456.54,217.00
4035999,21.83,35.45,10869.38,215.00
4038999,21.82,35.45,12233.64,217.00
4041999,21.83,35.44,11418.14,215.00
4044999,21.83,35.40,9291.08,214.00
4047999,21.82,35.40,10988.32,215.00
4050999,21.82,35.41,9421.59,215.00
4053999,21.82,35.40,9871.49,214.00
4056999,21.83,35.41,10750.74,213.00
4059999,21.82,35.41,11489.79,215.00
4062999,21.82,35.42,9290.78,214.00
4065999,21.82,35.43,9952.58,215.00
4068999,21.83,35.43,10337.63,216.00
4071999,21.83,35.43,13978.12,214.00
4074999,21.83,35.43,11431.21,214.00
4077999,21.84,35.44,8876.73,214.00
4080999,21.84,35.43,10148.76,213.00
4083999,21.84,35.42,10793.00,214.00
4086999,21.84,35.43,9664.48,216.00
4089999,21.84,35.40,10815.07,215.00
4092999,21.84,35.42,11087.27,214.00
4095999,21.84,35.42,13572.53,215.00
4098999,21.83,35.43,9092.05,215.00
4101999,21.84,35.44,9827.37,214.00
4104999,21.84,35.45,11903.37,215.00
4107999,21.83,35.45,9859.77,214.00
4110999,21.84,35.45,10503.43,215.00
4113999,21.84,35.42,9229.26,215.00
4116999,21.83,35.42,10024.12,215.00
4119999,21.83,35.43,12078.42,208.00
4122999,21.83,35.38,10635.04,217.00
4125999,21.83,35.38,7947.78,216.00
4128999,21.83,35.38,10139.28,216.00
4131999,21.83,35.37,10469.44,217.00
4134999,21.83,35.37,10233.43,218.00
4137999,21.83,35.38,10760.10,216.00
4140999,21.82,35.38,9069.08,218.00
4143999,21.82,35.39,9069.42,218.00
4146999,21.82,35.39,8567.64,218.00
4149999,21.82,35.41,9797.24,219.00
4152999,21.82,35.40,12082.87,228.00
4155999,21.82,35.41,12058.42,219.00
4158999,21.83,35.40,11036.89,219.00
4161999,21.82,35.40,20867.65,213.00
4164999,21.82,35.38,10639.55,218.00
4167999,21.82,35.36,13660.89,238.00
4170999,21.82,35.39,14182.38,219.00
4173999,21.82,35.38,8518.81,214.00
4176999,21.82,35.35,9879.82,220.00
4179999,21.82,35.34,11711.26,220.00
4182999,21.82,35.35,10049.67,220.00
4185999,21.82,35.36,9470.18,220.00
4188999,21.82,35.36,9221.93,222.00
4191999,21.82,35.36,10586.02,222.00
4194999,21.82,35.38,9881.56,221.00
4197999,21.82,35.36,8550.97,223.00
4200999,21.83,35.37,9796.15,221.00
4203999,21.82,35.36,19250.21,219.00
4206999,21.83,35.37,9880.70,223.00
4209999,21.83,35.37,13587.97,224.00
4212999,21.83,35.35,9052.64,224.00
4215999,21.83,35.33,9691.01,223.00
4218999,21.82,35.33,15941.34,224.00
4221999,21.82,35.33,12235.93,225.00
4224999,21.83,35.32,10508.85,225.00
4227999,21.83,35.30,10855.62,226.00
4230999,21.82,35.32,9409.23,224.00
4233999,21.83,35.32,11064.03,225.00
4236999,21.83,35.29,10026.24,225.00
4239999,21.82,35.27,9677.98,234.00
4242999,21.82,35.27,11471.64,230.00
4245999,21.82,35.23,10254.27,226.00
4248999,21.82,35.27,10425.54,227.00
4251999,21.82,35.28,10366.83,227.00
4254999,21.82,35.29,8459.05,227.00
4257999,21.82,35.29,10715.55,228.00
4260999,21.82,35.29,10720.37,228.00
4263999,21.82,35.28,10729.00,238.00
4266999,21.82,35.24,11534.41,227.00
4269999,21.82,35.27,13565.36,227.00
4272999,21.82,35.28,10954.84,227.00
4275999,21.82,35.28,10499.36,227.00
4278999,21.82,35.28,10213.43,226.00
4281999,21.82,35.28,10280.40,227.00
4284999,21.82,35.27,10888.93,227.00
4287999,21.82,35.27,9661.03,226.00
4290999,21.82,35.27,10906.85,226.00
4293999,21.82,35.28,10615.69,218.00
4296999,21.81,35.28,14258.90,224.00
4299999,21.81,35.29,14949.23,223.00
4302999,21.81,35.29,11339.46,229.00
4305999,21.81,35.30,15641.29,222.00
4308999,21.82,35.30,12645.42,223.00
4311999,21.82,35.30,14951.72,222.00
4314999,21.82,35.30,12244.05,220.00
4317999,21.82,35.29,30016.76,218.00
4320999,21.83,35.29,18867.10,222.00
4323999,21.82,35.30,13709.00,219.00
4326999,21.82,35.30,11073.50,222.00
4329999,21.83,35.29,10580.72,220.00
4332999,21.82,35.29,14361.66,214.00
4335999,21.82,35.27,13551.34,220.00
4338999,21.82,35.28,11314.39,218.00
4341999,21.82,35.29,9563.95,212.00
4344999,21.82,35.29,12692.94,192.00
4347999,21.82,35.30,14243.62,181.00
4350999,21.82,35.30,16081.51,165.00
4353999,21.83,35.32,8618.82,167.00
4356999,21.83,35.30,8979.40,167.00
4359999,21.83,35.30,15833.50,149.00
4362999,21.83,35.28,8741.12,81.00
4365999,21.82,35.28,7828.03,82.00
4368999,21.82,35.29,8064.30,79.00
4371999,21.82,35.30,8841.90,144.00
4374999,21.82,35.30,8542.05,168.00
4377999,21.82,35.30,7141.38,81.00
4380999,21.82,35.32,8041.08,79.00
4383999,21.82,35.32,13440.18,78.00
4386999,21.82,35.33,8198.70,79.00
4389999,21.82,35.33,10987.39,80.00
4392999,21.81,35.31,7927.97,79.00
4395999,21.82,35.33,7972.02,83.00
4398999,21.82,35.33,8068.82,78.00
4401999,21.81,35.33,9093.27,78.00
4404999,21.82,35.33,7804.71,77.00
4407999,21.82,35.33,7872.40,77.00
4410999,21.81,35.34,7741.39,84.00
4413999,21.81,35.34,8355.05,76.00
4416999,21.80,35.33,7212.42,76.00
4419999,21.81,35.31,6936.26,77.00
4422999,21.81,35.33,6489.43,76.00
4425999,21.81,35.33,8078.04,76.00
4428999,21.80,35.33,7025.32,77.00
4431999,21.80,35.33,8534.57,76.00
4434999,21.80,35.31,8984.73,76.00
4437999,21.80,35.31,7112.11,77.00
4440999,21.80,35.34,6367.66,76.00
4443999,21.80,35.34,7351.38,76.00
4446999,21.80,35.35,7153.11,76.00
4449999,21.80,35.34,9636.57,75.00
4452999,21.80,35.34,7491.88,68.00
4455999,21.80,35.31,8603.08,75.00
4458999,21.80,35.33,6775.12,75.00
4461999,21.80,35.33,8076.91,70.00
4464999,21.79,35.33,7906.04,76.00
4467999,21.79,35.31,8218.14,77.00
4470999,21.79,35.33,7486.88,75.00
4473999,21.79,35.33,6808.77,75.00
4476999,21.79,35.35,8522.00,75.00
4479999,21.79,35.36,7008.72,75.00
4482999,21.80,35.35,7364.75,75.00
4485999,21.79,35.35,7638.88,75.00
4488999,21.80,35.36,8804.13,81.00
4491999,21.79,35.35,10272.86,75.00
4494999,21.79,35.36,8794.69,74.00
4497999,21.79,35.36,8733.12,75.00
4500999,21.79,35.36,7690.88,74.00
4503999,21.79,35.36,9385.80,74.00
4506999,21.79,35.37,6772.76,75.00
4509999,21.79,35.37,6910.82,107.00
4512999,21.79,35.38,8145.97,78.00
4515999,21.79,35.39,6691.75,76.00
4518999,21.80,35.40,10007.82,75.00
4521999,21.80,35.38,7308.08,76.00
4524999,21.81,35.39,8036.90,76.00
4527999,21.81,35.39,8199.35,77.00
4530999,21.81,35.35,10508.01,77.00
4533999,21.80,35.36,8209.74,80.00
4536999,21.80,35.36,6006.05,85.00
4539999,21.80,35.36,7562.53,78.00
4542999,21.80,35.36,8370.85,81.00
4545999,21.80,35.36,7647.67,80.00
4548999,21.80,35.36,7820.34,80.00
4551999,21.80,35.36,9027.09,81.00
4554999,21.80,35.38,9131.11,82.00
4557999,21.81,35.38,7040.01,84.00
4560999,21.81,35.38,8477.34,83.00
4563999,21.81,35.38,6689.06,84.00
4566999,21.81,35.39,9140.05,84.00
4569999,21.81,35.38,8378.20,84.00
4572999,21.81,35.38,7441.16,85.00
4575999,21.81,35.36,9294.79,86.00
4578999,21.81,35.36,6889.88,86.00
4581999,21.81,35.34,7896.82,85.00
4584999,21.81,35.31,7350.71,87.00
4587999,21.81,35.31,6891.22,87.00
4590999,21.80,35.33,8667.27,86.00
4593999,21.81,35.31,6996.55,87.00
4596999,21.80,35.33,7220.40,85.00
4599999,21.81,35.33,6921.03,86.00
4602999,21.80,35.31,7819.57,86.00
4605999,21.80,35.30,9771.24,87.00
4608999,21.80,35.33,8275.81,86.00
4611999,21.80,35.31,8794.49,86.00
4614999,21.81,35.31,8240.52,91.00
4617999,21.81,35.31,7489.88,85.00
4620999,21.82,35.30,8085.76,81.00
4623999,21.81,35.29,7530.32,85.00
4626999,21.81,35.29,12452.75,86.00
4629999,21.80,35.29,6826.64,85.00
4632999,21.81,35.28,7898.54,84.00
4635999,21.81,35.28,13870.62,85.00
4638999,21.81,35.27,8397.89,82.00
4641999,21.81,35.27,8887.48,85.00
4644999,21.81,35.27,9702.93,85.00
4647999,21.81,35.28,9305.14,87.00
4650999,21.81,35.27,10188.97,88.00
4653999,21.81,35.27,8379.34,84.00
4656999,21.81,35.25,9367.70,84.00
4659999,21.81,35.25,6773.31,83.00
4662999,21.80,35.25,8786.29,83.00
4665999,21.80,35.25,9582.87,83.00
4668999,21.80,35.25,8486.06,80.00
4671999,21.80,35.24,10306.64,86.00
4674999,21.80,35.23,7826.87,83.00
4677999,21.80,35.22,7084.21,83.00
4680999,21.79,35.23,7758.54,88.00
4683999,21.79,35.21,9226.04,83.00
4686999,21.79,35.21,7342.19,83.00
4689999,21.79,35.21,7862.97,83.00
4692999,21.79,35.24,5979.42,81.00
4695999,21.79,35.23,8058.48,89.00
4698999,21.79,35.20,7300.82,83.00
4701999,21.78,35.19,6639.81,84.00
4704999,21.78,35.20,7150.19,83.00
4707999,21.78,35.19,6510.59,82.00
4710999,21.78,35.19,7861.15,82.00
4713999,21.78,35.18,8134.22,82.00
4716999,21.78,35.20,6283.72,76.00
4719999,21.78,35.20,12123.43,82.00
4722999,21.79,35.20,8030.93,81.00
4725999,21.79,35.20,6859.81,84.00
4728999,21.79,35.21,6118.73,80.00
4731999,21.79,35.21,8933.25,80.00
4734999,21.79,35.23,7655.70,79.00
4737999,21.79,35.23,7637.04,79.00
4740999,21.79,35.20,24641.43,81.00
4743999,21.79,35.19,6894.27,76.00
4746999,21.79,35.20,6280.60,77.00
4749999,21.79,35.18,7260.12,79.00
4752999,21.79,35.19,7285.25,77.00
4755999,21.79,35.15,8411.58,77.00
4758999,21.78,35.17,8408.88,76.00
4761999,21.79,35.17,6927.83,82.00
4764999,21.78,35.14,6284.82,77.00
4767999,21.78,35.14,10921.93,84.00
4770999,21.78,35.14,8148.76,78.00
4773999,21.78,35.14,7811.99,78.00
4776999,21.78,35.15,12673.74,79.00
4779999,21.78,35.15,8347.00,77.00
4782999,21.77,35.14,15203.37,77.00
4785999,21.77,35.15,7241.57,78.00
4788999,21.78,35.16,6808.85,78.00
4791999,21.77,35.16,6872.99,78.00
4794999,21.78,35.16,8626.70,84.00
4797999,21.78,35.14,10776.87,81.00
4800999,21.77,35.14,8579.91,78.00
4803999,21.77,35.14,9153.22,79.00
4806999,21.78,35.16,7240.00,81.00
4809999,21.77,35.15,7357.10,80.00
4812999,21.77,35.14,8825.76,79.00
4815999,21.77,35.15,7297.96,81.00
4818999,21.78,35.15,6921.31,80.00
4821999,21.78,35.15,7050.67,78.00
4824999,21.78,35.15,8382.57,78.00
4827999,21.78,35.15,8526.91,80.00
4830999,21.78,35.15,11711.83,83.00
4833999,21.78,35.15,19355.31,80.00
4836999,21.78,35.15,7416.53,79.00
4839999,21.78,35.15,7545.00,78.00
4842999,21.78,35.14,16431.61,80.00
4845999,21.78,35.14,7360.87,82.00
4848999,21.79,35.14,7490.87,78.00
4851999,21.79,35.14,10797.73,78.00
4854999,21.78,35.15,13233.93,82.00
4857999,21.79,35.14,8666.37,78.00
4860999,21.79,35.13,6809.41,79.00
4863999,21.78,35.13,7214.14,77.00
4866999,21.78,35.12,7209.75,82.00
4869999,21.78,35.13,7722.76,77.00
4872999,21.78,35.13,7715.27,89.00
4875999,21.77,35.12,7378.96,76.00
4878999,21.78,35.10,7009.22,77.00
4881999,21.77,35.08,8174.20,72.00
4884999,21.77,35.10,8343.66,76.00
4887999,21.77,35.10,9314.96,75.00
4890999,21.77,35.08,8916.49,76.00
4893999,21.76,35.05,8589.71,75.00
4896999,21.76,35.08,9206.31,71.00
4899999,21.76,35.10,8049.21,75.00
4902999,21.76,35.10,7606.30,74.00
4905999,21.76,35.10,7638.80,80.00
4908999,21.77,35.10,9969.63,81.00
4911999,21.77,35.10,9371.25,74.00
4914999,21.76,35.10,8485.16,75.00
4917999,21.77,35.09,7500.08,75.00
4920999,21.76,35.08,8287.46,74.00
4923999,21.76,35.08,10493.30,69.00
4926999,21.77,35.09,7837.04,75.00
4929999,21.77,35.09,8182.81,75.00
4932999,21.76,35.06,7898.67,75.00
4935999,21.77,35.08,7546.56,79.00
4938999,21.77,35.08,9793.36,74.00
4941999,21.77,35.08,8215.34,74.00
4944999,21.77,35.06,8762.46,73.00
4947999,21.77,35.05,8488.38,77.00
4950999,21.77,35.02,9616.17,78.00
4953999,21.76,35.02,8489.60,74.00
4956999,21.76,35.02,8409.90,68.00
4959999,21.76,35.01,8138.69,73.00
4962999,21.75,35.04,6709.09,76.00
4965999,21.76,35.05,7217.39,72.00
4968999,21.76,35.06,7544.17,74.00
4971999,21.76,35.06,7759.60,73.00
4974999,21.76,35.05,7514.15,73.00
4977999,21.76,35.08,7395.56,72.00
4980999,21.77,35.07,7575.28,68.00
4983999,21.77,35.05,8552.46,79.00
4986999,21.77,35.08,8207.44,72.00
4989999,21.76,35.09,8666.90,65.00
4992999,21.77,35.10,8792.25,71.00
4995999,21.77,35.10,7173.49,71.00
4998999,21.77,35.08,6461.65,70.00
5001999,21.77,35.08,9481.38,71.00
5004999,21.78,35.09,6963.61,73.00
5007999,21.78,35.09,8023.98,69.00
5010999,21.78,35.09,7032.11,70.00
5013999,21.78,35.09,8855.01,69.00
5016999,21.78,35.09,7937.69,67.00
5019999,21.78,35.09,8756.69,72.00
5022999,21.78,35.07,8953.57,67.00
5025999,21.78,35.03,9717.98,68.00
5028999,21.78,34.99,8566.11,68.00
5031999,21.77,35.00,8923.10,68.00
5034999,21.77,35.02,8702.89,67.00
5037999,21.77,35.00,7805.04,66.00
5040999,21.77,35.02,8288.68,67.00
5043999,21.77,35.03,8331.13,65.00
5046999,21.77,35.03,8124.82,72.00
5049999,21.77,35.03,8045.67,65.00
5052999,21.77,35.00,6986.56,65.00
5055999,21.77,34.99,6881.69,65.00
5058999,21.77,34.99,11911.39,61.00
5061999,21.77,34.99,6858.93,64.00
5064999,21.77,34.98,7781.89,63.00
5067999,21.77,34.98,8108.22,65.00
5070999,21.76,34.98,13617.93,63.00
5073999,21.77,34.98,13489.73,62.00
5076999,21.77,34.98,13004.81,63.00
5079999,21.77,34.98,8278.81,62.00
5082999,21.77,34.98,8198.91,69.00
5085999,21.77,34.98,8702.95,67.00
5088999,21.77,34.97,8146.96,62.00
5091999,21.77,34.97,7754.29,55.00
5094999,21.77,34.97,7442.01,63.00
5097999,21.77,34.97,9548.50,60.00
5100999,21.77,34.97,8601.81,61.00
5103999,21.76,34.95,8145.78,62.00
5106999,21.77,34.95,7769.16,64.00
5109999,21.76,34.95,7863.48,62.00
5112999,21.77,34.94,11101.66,79.00
5115999,21.77,34.95,8943.89,62.00
5118999,21.77,34.94,7856.58,61.00
5121999,21.77,34.93,7152.02,62.00
5124999,21.77,34.93,6577.76,62.00
5127999,21.78,34.92,8255.21,62.00
5130999,21.77,34.92,8765.88,62.00
5133999,21.77,34.88,8144.99,65.00
5136999,21.76,34.86,7781.53,55.00
5139999,21.76,34.87,7578.43,61.00
5142999,21.76,34.89,6877.30,60.00
5145999,21.77,34.89,8818.76,63.00
5148999,21.77,34.89,8210.39,61.00
5151999,21.77,34.89,7826.06,60.00
5154999,21.77,34.88,7809.08,61.00
5157999,21.77,34.88,7413.31,62.00
5160999,21.77,34.88,7910.71,61.00
5163999,21.77,34.89,8423.37,67.00
5166999,21.78,34.89,7598.57,60.00
5169999,21.77,34.91,7827.48,55.00
5172999,21.78,34.89,8116.61,61.00
5175999,21.78,34.89,6969.66,60.00
5178999,21.78,34.88,8393.03,60.00
5181999,21.78,34.88,6707.80,60.00
5184999,21.78,34.88,7529.67,61.00
5187999,21.78,34.89,8939.13,60.00
5190999,21.77,34.89,7875.15,61.00
5193999,21.78,34.89,10001.99,61.00
5196999,21.78,34.89,8200.61,60.00
5199999,21.78,34.89,7558.60,60.00
5202999,21.78,34.89,9281.95,61.00
5205999,21.79,34.89,7589.31,60.00
5208999,21.79,34.89,9093.28,59.00
5211999,21.79,34.89,9360.75,59.00
5214999,21.79,34.88,10630.90,62.00
5217999,21.79,34.88,11262.74,62.00
5220999,21.79,34.88,11444.57,68.00
5223999,21.79,34.88,30240.56,60.00
5226999,21.79,34.88,40620.57,60.00
5229999,21.79,34.88,7867.27,59.00
5232999,21.79,34.89,6659.02,60.00
5235999,21.79,34.89,7231.14,58.00
5238999,21.79,34.89,9217.06,61.00
5241999,21.80,34.89,9063.13,59.00
5244999,21.79,34.88,8200.58,60.00
5247999,21.80,34.88,8794.38,59.00
5250999,21.80,34.86,6331.75,59.00
5253999,21.80,34.86,12126.23,58.00
5256999,21.79,34.84,9057.93,60.00
5259999,21.79,34.85,8678.68,62.00
5262999,21.80,34.85,8616.20,58.00
5265999,21.80,34.85,8334.82,59.00
5268999,21.80,34.85,8161.85,58.00
5271999,21.80,34.85,8006.09,63.00
5274999,21.80,34.85,7940.22,58.00
5277999,21.80,34.83,8668.29,59.00
5280999,21.80,34.82,7800.50,58.00
5283999,21.80,34.81,8071.83,57.00
5286999,21.79,34.80,9618.08,57.00
5289999,21.79,34.77,9602.81,85.00
5292999,21.79,34.77,9474.62,59.00
5295999,21.79,34.78,7793.05,57.00
5298999,21.79,34.77,8983.90,62.00
5301999,21.79,34.80,8473.54,57.00
5304999,21.79,34.80,7608.33,57.00
5307999,21.79,34.80,7181.08,83.00
5310999,21.79,34.78,6486.05,55.00
5313999,21.79,34.75,8412.65,58.00
5316999,21.79,34.75,6461.11,54.00
5319999,21.78,34.76,6897.38,55.00
5322999,21.78,34.76,7498.45,58.00
5325999,21.78,34.76,8370.17,55.00
5328999,21.78,34.75,7862.76,55.00
5331999,21.78,34.73,7317.95,55.00
5334999,21.78,34.73,8660.70,54.00
5337999,21.77,34.73,7721.73,54.00
5340999,21.77,34.72,10842.98,61.00
5343999,21.77,34.71,7578.46,54.00
5346999,21.77,34.71,9834.83,53.00
5349999,21.77,34.72,7067.11,54.00
5352999,21.78,34.72,8885.90,52.00
5355999,21.77,34.73,6917.34,54.00
5358999,21.78,34.73,8026.01,56.00
5361999,21.77,34.73,11918.16,52.00
5364999,21.78,34.73,6584.16,51.00
5367999,21.78,34.73,6269.97,51.00
5370999,21.78,34.72,7135.48,54.00
5373999,21.78,34.72,7252.55,52.00
5376999,21.78,34.72,8864.02,52.00
5379999,21.78,34.72,9389.45,51.00
5382999,21.78,34.71,7759.97,50.00
5385999,21.78,34.71,7059.39,69.00
5388999,21.78,34.71,7163.70,61.00
5391999,21.78,34.71,7866.28,49.00
5394999,21.78,34.71,8098.63,48.00
5397999,21.77,34.71,8077.23,54.00
5400999,21.78,34.71,7168.39,51.00
5403999,21.78,34.71,6727.96,50.00
5406999,21.78,34.71,7003.39,49.00
5409999,21.78,34.70,7207.03,49.00
5412999,21.78,34.71,8077.01,53.00
5415999,21.78,34.71,8002.92,48.00
5418999,21.78,34.70,7193.73,50.00
5421999,21.78,34.70,6126.64,49.00
5424999,21.78,34.71,7077.37,49.00
5427999,21.78,34.71,7539.29,55.00
5430999,21.78,34.71,7834.76,53.00
5433999,21.78,34.71,7827.08,55.00
5436999,21.77,34.72,8228.55,48.00
5439999,21.78,34.72,7300.77,46.00
5442999,21.78,34.72,8121.31,42.00
5445999,21.78,34.71,6480.69,50.00
5448999,21.78,34.72,7691.58,46.00
5451999,21.78,34.72,7525.65,47.00
5454999,21.78,34.71,6700.05,48.00
5457999,21.78,34.71,7279.96,47.00
5460999,21.78,34.72,6939.76,64.00
5463999,21.78,34.71,7060.67,45.00
5466999,21.78,34.71,6887.53,54.00
5469999,21.78,34.71,6657.52,46.00
5472999,21.78,34.71,6264.97,46.00
5475999,21.78,34.70,7814.14,44.00
5478999,21.78,34.70,6455.41,46.00
5481999,21.78,34.71,21071.79,46.00
5484999,21.78,34.71,8446.06,44.00
5487999,21.78,34.71,7643.61,46.00
5490999,21.78,34.71,7313.71,46.00
5493999,21.78,34.71,7357.47,46.00
5496999,21.78,34.72,7744.23,45.00
5499999,21.78,34.71,9241.74,45.00
5502999,21.78,34.68,9194.91,45.00
5505999,21.78,34.66,8158.19,45.00
5508999,21.78,34.66,7132.20,44.00
5511999,21.77,34.66,7567.85,48.00
5514999,21.77,34.65,8055.50,43.00
5517999,21.77,34.65,7275.81,48.00
5520999,21.77,34.65,7166.17,44.00
5523999,21.77,34.65,6311.93,44.00
5526999,21.77,34.66,6339.04,33.00
5529999,21.77,34.66,6926.74,42.00
5532999,21.77,34.65,9944.51,47.00
5535999,21.76,34.67,7465.52,42.00
5538999,21.77,34.67,7095.68,43.00
5541999,21.76,34.68,15539.13,43.00
5544999,21.76,34.68,7112.86,43.00
5547999,21.76,34.68,6785.75,45.00
5550999,21.76,34.68,8105.57,42.00
5553999,21.76,34.70,12596.95,42.00
5556999,21.76,34.70,8054.72,42.00
5559999,21.75,34.71,7597.00,43.00
5562999,21.76,34.71,9208.92,36.00
5565999,21.76,34.69,5862.18,50.00
5568999,21.76,34.69,7136.26,44.00
5571999,21.75,34.69,8046.27,41.00
5574999,21.76,34.69,10091.04,43.00
5577999,21.75,34.69,6853.96,39.00
5580999,21.75,34.67,7444.14,45.00
5583999,21.75,34.67,7456.25,41.00
5586999,21.75,34.67,8341.07,41.00
5589999,21.75,34.67,6530.01,42.00
5592999,21.74,34.68,7072.54,40.00
5595999,21.74,34.69,6377.23,38.00
5598999,21.74,34.69,7567.71,41.00
5601999,21.74,34.71,6602.23,41.00
5604999,21.74,34.71,7369.12,45.00
5607999,21.74,34.72,7660.46,40.00
5610999,21.74,34.73,8295.41,47.00
5613999,21.74,34.73,7037.78,39.00
5616999,21.73,34.73,8911.49,42.00
5619999,21.74,34.73,7026.84,42.00
5622999,21.73,34.74,7568.00,41.00
5625999,21.73,34.74,6800.62,38.00
5628999,21.74,34.73,6961.92,36.00
5631999,21.74,34.74,7319.84,38.00
5634999,21.74,34.74,6105.24,39.00
5637999,21.74,34.73,7045.15,40.00
5640999,21.74,34.74,6639.81,46.00
5643999,21.74,34.75,6900.40,37.00
5646999,21.73,34.77,8300.35,51.00
5649999,21.73,34.75,8121.49,39.00
5652999,21.73,34.75,7505.05,38.00
5655999,21.73,34.75,5724.44,42.00
5658999,21.73,34.77,6077.53,40.00
5661999,21.73,34.78,6975.17,42.00
5664999,21.73,34.78,6705.40,41.00
5667999,21.73,34.77,6474.01,42.00
5670999,21.73,34.77,5473.17,36.00
5673999,21.73,34.77,8188.80,39.00
5676999,21.73,34.77,7653.64,37.00
5679999,21.73,34.77,7515.55,37.00
5682999,21.73,34.78,6566.94,37.00
5685999,21.73,34.79,7532.83,38.00
5688999,21.72,34.78,5855.34,43.00
5691999,21.73,34.77,7175.66,35.00
5694999,21.73,34.77,6658.65,33.00
5697999,21.73,34.77,6236.52,37.00
5700999,21.73,34.77,7516.51,39.00
5703999,21.73,34.77,7055.17,40.00
5706999,21.72,34.78,6634.14,39.00
5709999,21.73,34.79,7050.63,36.00
5712999,21.72,34.79,6601.93,58.00
5715999,21.72,34.79,7187.31,35.00
5718999,21.71,34.79,10329.45,31.00
5721999,21.72,34.79,6327.52,37.00
5724999,21.71,34.79,7350.41,36.00
5727999,21.71,34.79,9032.97,36.00
5730999,21.72,34.79,7235.71,36.00
5733999,21.71,34.79,8697.71,36.00
5736999,21.71,34.78,8131.87,40.00
5739999,21.71,34.80,6658.43,37.00
5742999,21.71,34.79,6312.14,36.00
5745999,21.70,34.79,7323.48,34.00
5748999,21.71,34.80,7083.53,39.00
5751999,21.71,34.81,6584.75,43.00
5754999,21.70,34.81,7753.98,35.00
5757999,21.71,34.81,7570.22,37.00
5760999,21.70,34.80,9597.96,36.00
5763999,21.70,34.81,8834.90,37.00
5766999,21.70,34.83,7536.84,38.00
5769999,21.70,34.83,6830.37,36.00
5772999,21.70,34.83,7099.90,32.00
5775999,21.71,34.83,7076.62,36.00
5778999,21.70,34.81,8329.65,35.00
5781999,21.70,34.81,7874.66,43.00
5784999,21.70,34.83,6538.63,36.00
5787999,21.70,34.83,6449.28,36.00
5790999,21.69,34.81,6955.74,37.00
5793999,21.70,34.81,7845.42,36.00
5796999,21.70,34.81,5688.03,42.00
5799999,21.70,34.80,5605.07,33.00
5802999,21.69,34.78,5988.20,36.00
5805999,21.69,34.75,6445.18,29.00
5808999,21.69,34.75,6165.20,30.00
5811999,21.69,34.75,6593.19,33.00
5814999,21.68,34.75,7516.25,36.00
5817999,21.68,34.74,7237.79,39.00
5820999,21.67,34.75,6485.14,41.00
5823999,21.68,34.75,7228.93,42.00
5826999,21.68,34.75,6029.34,36.00
5829999,21.67,34.74,7361.26,36.00
5832999,21.67,34.75,5724.47,35.00
5835999,21.67,34.75,7081.18,40.00
5838999,21.67,34.74,7024.15,35.00
5841999,21.66,34.74,7156.15,32.00
5844999,21.66,34.74,7449.25,36.00
5847999,21.66,34.75,6776.57,36.00
5850999,21.66,34.75,6568.19,36.00
5853999,21.65,34.76,7521.44,38.00
5856999,21.65,34.77,6899.43,44.00
5859999,21.66,34.77,6048.12,36.00
5862999,21.65,34.78,6730.02,41.00
5865999,21.65,34.77,7510.19,34.00
5868999,21.64,34.78,7271.34,34.00
5871999,21.65,34.78,6912.42,37.00
5874999,21.64,34.78,6656.46,40.00
5877999,21.64,34.78,6459.08,35.00
5880999,21.64,34.80,6697.13,37.00
5883999,21.64,34.80,6647.19,44.00
5886999,21.64,34.80,6245.64,42.00
5889999,21.64,34.82,7667.57,39.00
5892999,21.63,34.82,5742.75,37.00
5895999,21.64,34.82,7037.16,37.00
5898999,21.63,34.83,8129.13,36.00
5901999,21.64,34.82,8750.47,35.00
5904999,21.64,34.82,6463.05,37.00
5907999,21.63,34.82,5602.11,36.00
5910999,21.63,34.83,7071.60,33.00
5913999,21.64,34.83,8027.78,28.00
5916999,21.63,34.85,7044.91,35.00
5919999,21.63,34.83,6999.30,36.00
5922999,21.63,34.85,6976.25,35.00
5925999,21.62,34.84,7056.03,36.00
5928999,21.63,34.85,6942.85,33.00
5931999,21.63,34.85,6068.33,37.00
5934999,21.64,34.86,7152.28,37.00
5937999,21.63,34.85,6712.68,34.00
5940999,21.63,34.85,7131.75,34.00
5943999,21.63,34.85,7075.59,40.00
5946999,21.63,34.85,6237.23,38.00
5949999,21.63,34.83,7021.92,32.00
5952999,21.63,34.82,6998.55,36.00
5955999,21.63,34.83,7477.74,32.00
5958999,21.62,34.84,7557.20,36.00
5961999,21.62,34.86,6827.13,34.00
5964999,21.63,34.86,6896.05,36.00
5967999,21.63,34.86,8931.11,33.00
5970999,21.62,34.84,7210.08,32.00
5973999,21.62,34.86,7001.20,36.00
5976999,21.62,34.86,6401.59,34.00
5979999,21.62,34.86,6738.95,36.00
5982999,21.61,34.86,6106.29,33.00
5985999,21.61,34.86,6339.51,36.00
5988999,21.61,34.87,7036.55,33.00
5991999,21.61,34.86,7383.82,58.00
5994999,21.61,34.87,7125.91,38.00
5997999,21.61,34.86,6381.98,33.00
6000999,21.61,34.87,9045.81,33.00
6003999,21.61,34.88,23758.45,34.00
6006999,21.61,34.88,7063.78,31.00
6009999,21.61,34.88,7396.71,34.00
6012999,21.61,34.88,7865.80,32.00
6015999,21.61,34.89,7406.58,32.00
6018999,21.61,34.89,6879.88,36.00
6021999,21.61,34.89,7590.41,33.00
6024999,21.60,34.89,6830.21,32.00
6027999,21.60,34.90,7456.31,40.00
6030999,21.60,34.90,9608.86,33.00
6033999,21.61,34.90,6484.16,30.00
6036999,21.61,34.90,8423.77,45.00
6039999,21.61,34.92,7838.43,33.00
6042999,21.61,34.90,6047.98,33.00
6045999,21.60,34.90,6747.01,42.00
6048999,21.60,34.90,6108.08,46.00
6051999,21.61,34.91,6514.25,32.00
6054999,21.60,34.90,7290.22,33.00
6057999,21.60,34.89,9037.01,29.00
6060999,21.60,34.89,9329.33,37.00
6063999,21.61,34.91,7087.17,33.00
6066999,21.60,34.89,6433.15,32.00
6069999,21.60,34.90,5661.34,32.00
6072999,21.61,34.89,6238.28,30.00
6075999,21.60,34.89,7002.45,30.00
6078999,21.60,34.88,6845.45,32.00
6081999,21.60,34.88,7018.98,33.00
6084999,21.60,34.89,7391.85,34.00
6087999,21.60,34.89,6708.26,31.00
6090999,21.60,34.89,6321.46,32.00
6093999,21.59,34.88,6219.98,32.00
6096999,21.59,34.88,6606.88,32.00
6099999,21.59,34.89,7019.41,30.00
6102999,21.59,34.89,6131.38,35.00
6105999,21.58,34.89,5900.35,36.00
6108999,21.59,34.89,6437.84,29.00
6111999,21.58,34.88,7650.86,37.00
6114999,21.58,34.89,5856.82,34.00
6117999,21.58,34.89,7119.00,28.00
6120999,21.58,34.89,6360.24,27.00
6123999,21.58,34.90,6649.69,34.00
6126999,21.58,34.91,7153.07,31.00
6129999,21.58,34.91,7257.01,35.00
6132999,21.58,34.91,8398.01,35.00
6135999,21.58,34.91,8252.54,25.00
6138999,21.58,34.92,8054.92,29.00
6141999,21.57,34.91,6886.25,28.00
6144999,21.58,34.91,6784.27,30.00
6147999,21.57,34.91,6032.89,27.00
6150999,21.57,34.89,13720.15,33.00
6153999,21.57,34.89,5905.20,31.00
6156999,21.57,34.90,7018.54,26.00
6159999,21.57,34.90,6588.31,33.00
6162999,21.57,34.90,6424.42,28.00
6165999,21.57,34.91,7363.70,29.00
6168999,21.57,34.90,6023.24,29.00
6171999,21.57,34.91,8523.30,24.00
6174999,21.56,34.93,7839.89,25.00
6177999,21.57,34.93,8371.85,36.00
6180999,21.56,34.93,6623.21,34.00
6183999,21.56,34.93,6083.77,42.00
6186999,21.56,34.91,5883.05,32.00
6189999,21.56,34.93,6095.49,31.00
6192999,21.56,34.93,20549.58,31.00
6195999,21.56,34.93,6311.32,33.00
6198999,21.56,34.91,6839.26,33.00
6201999,21.56,34.93,16543.01,34.00
6204999,21.56,34.93,7169.10,26.00
6207999,21.56,34.93,15567.02,23.00
6210999,21.56,34.93,7780.72,30.00
6213999,21.56,34.94,10650.84,29.00
6216999,21.56,34.94,6422.65,30.00
6219999,21.56,34.95,7107.40,33.00
6222999,21.56,34.95,7233.27,30.00
6225999,21.55,34.95,7109.10,31.00
6228999,21.55,34.95,7774.55,33.00
6231999,21.56,34.95,7464.60,32.00
6234999,21.55,34.95,5637.38,37.00
6237999,21.56,34.95,6846.43,34.00
6240999,21.56,34.95,7080.24,30.00
6243999,21.56,34.95,6722.02,31.00
6246999,21.56,34.96,5711.90,51.00
6249999,21.55,34.95,8437.94,31.00
6252999,21.55,34.96,20276.66,39.00
6255999,21.55,34.96,6846.07,26.00
6258999,21.55,34.96,6125.11,35.00
6261999,21.55,34.97,6970.99,39.00
6264999,21.55,34.97,8030.16,37.00
6267999,21.55,34.97,7309.28,36.00
6270999,21.55,34.97,7133.97,28.00
6273999,21.55,34.97,6276.13,33.00
6276999,21.54,34.99,7532.38,37.00
6279999,21.54,34.99,7512.68,35.00
6282999,21.54,35.00,6805.82,34.00
6285999,21.54,35.00,7524.52,34.00
6288999,21.54,35.00,6320.60,32.00
6291999,21.54,35.00,7082.04,49.00
6294999,21.54,35.01,6119.43,39.00
6297999,21.54,35.01,7633.74,40.00
6300999,21.54,35.01,6446.40,36.00
6303999,21.54,35.01,7079.11,41.00
6306999,21.54,35.02,7772.56,35.00
6309999,21.54,35.02,7478.44,36.00
6312999,21.54,35.01,8260.64,36.00
6315999,21.54,35.01,7831.49,35.00
6318999,21.53,35.02,8761.63,37.00
6321999,21.53,35.02,7205.12,35.00
6324999,21.53,35.02,7658.19,37.00
6327999,21.53,35.02,7439.16,38.00
6330999,21.52,35.02,7985.49,40.00
6333999,21.52,35.03,7670.42,38.00
6336999,21.52,35.03,8121.24,44.00
6339999,21.52,35.03,8106.18,38.00
6342999,21.52,35.05,7881.25,34.00
6345999,21.52,35.06,7892.38,39.00
6348999,21.52,35.05,7301.07,46.00
6351999,21.52,35.05,6312.42,39.00
6354999,21.53,35.06,7760.01,38.00
6357999,21.52,35.06,9416.32,41.00
6360999,21.52,35.07,7055.62,41.00
6363999,21.52,35.07,15184.26,44.00
6366999,21.52,35.07,7061.01,46.00
6369999,21.52,35.07,5929.13,42.00
6372999,21.52,35.07,7398.07,47.00
6375999,21.52,35.07,6988.21,45.00
6378999,21.52,35.07,6728.40,43.00
6381999,21.52,35.07,7395.02,47.00
6384999,21.51,35.07,8839.80,44.00
6387999,21.52,35.07,7525.35,46.00
6390999,21.51,35.07,6848.32,44.00
6393999,21.52,35.08,7516.33,45.00
6396999,21.52,35.08,8057.26,44.00
6399999,21.52,35.08,6767.64,44.00
6402999,21.52,35.08,7088.95,44.00
6405999,21.52,35.09,7480.16,44.00
6408999,21.52,35.08,5949.93,46.00
6411999,21.52,35.09,6908.28,52.00
6414999,21.52,35.09,6756.22,48.00
6417999,21.52,35.08,6419.61,43.00
6420999,21.51,35.09,8340.74,41.00
6423999,21.52,35.09,7314.11,49.00
6426999,21.52,35.11,5935.27,47.00
6429999,21.52,35.09,7716.55,46.00
6432999,21.52,35.09,7091.87,48.00
6435999,21.52,35.09,6224.91,51.00
6438999,21.52,35.09,6982.33,52.00
6441999,21.52,35.09,7982.81,49.00
6444999,21.52,35.11,7011.90,54.00
6447999,21.52,35.11,8120.37,51.00
6450999,21.52,35.11,7282.61,50.00
6453999,21.52,35.11,6276.31,51.00
6456999,21.52,35.11,7710.70,53.00
6459999,21.52,35.11,8644.78,52.00
6462999,21.52,35.11,10413.96,52.00
6465999,21.52,35.11,9700.00,52.00
6468999,21.52,35.09,7084.47,52.00
6471999,21.52,35.11,7647.77,53.00
6474999,21.52,35.11,7823.59,54.00
6477999,21.52,35.12,6613.90,52.00
6480999,21.52,35.12,7923.23,52.00
6483999,21.52,35.11,6966.80,53.00
6486999,21.52,35.11,5646.18,56.00
6489999,21.52,35.09,7677.88,52.00
6492999,21.52,35.11,6383.36,56.00
6495999,21.52,35.11,7366.84,53.00
6498999,21.52,35.11,6461.58,53.00
6501999,21.52,35.11,6392.50,53.00
6504999,21.52,35.11,8004.67,54.00
6507999,21.53,35.11,10606.56,55.00
6510999,21.52,35.11,6768.01,62.00
6513999,21.52,35.11,7666.97,57.00
6516999,21.52,35.11,7362.94,55.00
6519999,21.53,35.11,7990.96,61.00
6522999,21.52,35.11,7579.75,57.00
6525999,21.52,35.11,6018.73,58.00
6528999,21.52,35.11,7103.49,56.00
6531999,21.52,35.11,7128.63,55.00
6534999,21.53,35.09,7840.16,56.00
6537999,21.52,35.09,7189.91,61.00
6540999,21.52,35.09,7717.73,56.00
6543999,21.52,35.11,7162.09,55.00
6546999,21.52,35.09,6727.56,55.00
6549999,21.52,35.08,6997.81,60.00
6552999,21.52,35.09,6738.82,56.00
6555999,21.52,35.09,7596.45,59.00
6558999,21.53,35.09,6593.29,54.00
6561999,21.52,35.11,7491.39,55.00
6564999,21.52,35.11,7187.43,56.00
6567999,21.52,35.11,9029.33,55.00
6570999,21.52,35.11,7532.99,55.00
6573999,21.53,35.11,6610.32,54.00
6576999,21.53,35.11,7604.58,55.00
6579999,21.52,35.11,8736.48,55.00
6582999,21.53,35.11,8785.70,51.00
6585999,21.53,35.11,7549.83,53.00
6588999,21.53,35.09,9879.34,55.00
6591999,21.53,35.10,8533.34,48.00
6594999,21.53,35.10,8031.45,53.00
6597999,21.53,35.10,6639.43,53.00
6600999,21.54,35.08,7192.86,53.00
6603999,21.53,35.08,7653.51,50.00
6606999,21.53,35.08,6332.29,52.00
6609999,21.53,35.08,7538.63,51.00
6612999,21.53,35.08,6784.80,52.00
6615999,21.53,35.10,7589.88,51.00
6618999,21.53,35.08,8336.77,57.00
6621999,21.53,35.08,6885.36,50.00
6624999,21.53,35.10,7106.83,51.00
6627999,21.53,35.10,7038.74,49.00
6630999,21.53,35.10,6976.89,53.00
6633999,21.53,35.10,7536.18,48.00
6636999,21.53,35.10,7081.91,51.00
6639999,21.53,35.09,8127.25,49.00
6642999,21.53,35.08,11395.72,54.00
6645999,21.53,35.08,13421.43,48.00
6648999,21.53,35.08,8226.72,48.00
6651999,21.53,35.08,8390.81,48.00
6654999,21.53,35.08,10327.83,52.00
6657999,21.53,35.08,9879.64,47.00
6660999,21.53,35.09,23710.08,44.00
6663999,21.53,35.08,8651.46,45.00
6666999,21.53,35.10,7255.31,47.00
6669999,21.52,35.09,6646.62,46.00
6672999,21.53,35.09,9886.61,47.00
6675999,21.53,35.08,7969.04,43.00
6678999,21.53,35.08,8368.81,51.00
6681999,21.53,35.09,8885.51,48.00
6684999,21.53,35.08,8418.09,44.00
6687999,21.53,35.08,7369.01,46.00
6690999,21.53,35.08,6605.95,42.00
6693999,21.53,35.08,8676.72,48.00
6696999,21.53,35.09,9021.25,42.00
6699999,21.53,35.08,21037.06,42.00
6702999,21.53,35.08,13757.49,43.00
6705999,21.53,35.08,19288.47,105.00
6708999,21.53,35.07,13708.85,104.00
6711999,21.53,35.07,13450.73,103.00
6714999,21.53,35.07,9011.96,104.00
6717999,21.53,35.06,8903.08,106.00
6720999,21.53,35.06,8088.36,106.00
6723999,21.52,35.07,6864.96,107.00
6726999,21.52,35.08,9591.17,108.00
6729999,21.53,35.07,7571.41,108.00
6732999,21.53,35.06,7582.10,110.00
6735999,21.53,35.05,7108.20,111.00
6738999,21.53,35.03,7788.27,110.00
6741999,21.53,35.05,7187.42,111.00
6744999,21.52,35.05,9456.65,111.00
6747999,21.53,35.07,7822.08,112.00
6750999,21.52,35.07,7811.14,113.00
6753999,21.52,35.08,8897.16,114.00
6756999,21.53,35.09,7543.59,116.00
6759999,21.52,35.11,7775.31,116.00
6762999,21.52,35.09,9199.63,118.00
6765999,21.51,35.08,12830.53,119.00
6768999,21.52,35.08,8980.11,120.00
6771999,21.52,35.08,7408.77,121.00
6774999,21.51,35.09,9443.59,123.00
6777999,21.51,35.09,7941.20,124.00
6780999,21.51,35.09,7354.57,132.00
6783999,21.51,35.11,8101.96,125.00
6786999,21.51,35.12,8085.82,125.00
6789999,21.50,35.12,9963.01,126.00
6792999,21.50,35.12,8348.40,126.00
6795999,21.50,35.13,7589.03,126.00
6798999,21.50,35.13,10899.67,127.00
6801999,21.50,35.13,9290.18,126.00
6804999,21.50,35.14,8877.07,128.00
6807999,21.50,35.14,8304.28,128.00
6810999,21.50,35.16,8121.46,130.00
6813999,21.50,35.16,9153.75,129.00
6816999,21.50,35.15,10392.17,131.00
6819999,21.50,35.16,7577.61,130.00
6822999,21.49,35.15,10552.32,130.00
6825999,21.50,35.15,9464.28,131.00
6828999,21.50,35.15,13894.12,131.00
6831999,21.50,35.17,9954.89,131.00
6834999,21.50,35.14,9702.88,131.00
6837999,21.50,35.14,9678.04,131.00
6840999,21.50,35.16,8695.26,138.00
6843999,21.50,35.16,11437.85,132.00
6846999,21.50,35.16,8660.02,126.00
6849999,21.51,35.14,8241.58,131.00
6852999,21.51,35.16,7889.77,131.00
6855999,21.51,35.16,24058.23,131.00
6858999,21.51,35.16,11169.74,130.00
6861999,21.51,35.16,8774.77,131.00
6864999,21.50,35.14,8900.74,132.00
6867999,21.51,35.14,7675.43,132.00
6870999,21.50,35.16,10442.41,146.00
6873999,21.50,35.14,8903.81,132.00
6876999,21.51,35.16,9190.16,132.00
6879999,21.50,35.14,9085.61,132.00
6882999,21.50,35.14,9024.42,133.00
6885999,21.50,35.15,8891.37,133.00
6888999,21.51,35.16,8969.89,134.00
6891999,21.50,35.14,10015.09,134.00
6894999,21.50,35.16,9699.68,133.00
6897999,21.50,35.16,9187.92,134.00
6900999,21.50,35.16,8938.18,133.00
6903999,21.51,35.17,8892.05,134.00
6906999,21.51,35.16,8225.65,135.00
6909999,21.51,35.16,9907.47,136.00
6912999,21.50,35.16,9667.62,135.00
6915999,21.50,35.16,9409.51,135.00
6918999,21.50,35.17,9609.17,135.00
6921999,21.50,35.17,9337.99,135.00
6924999,21.50,35.17,9762.95,137.00
6927999,21.49,35.17,10848.10,135.00
6930999,21.49,35.17,9834.45,133.00
6933999,21.50,35.18,10667.18,135.00
6936999,21.50,35.18,8028.40,135.00
6939999,21.50,35.18,8375.50,135.00
6942999,21.49,35.19,10063.46,136.00
6945999,21.50,35.19,8175.37,135.00
6948999,21.50,35.19,7545.81,140.00
6951999,21.50,35.19,8182.43,135.00
6954999,21.50,35.18,12835.54,135.00
6957999,21.50,35.18,8551.78,134.00
6960999,21.50,35.18,7987.68,135.00
6963999,21.50,35.18,8831.41,136.00
6966999,21.50,35.19,10729.43,137.00
6969999,21.51,35.19,15397.22,130.00
6972999,21.51,35.20,15121.49,136.00
6975999,21.51,35.20,23259.53,145.00
6978999,21.51,35.19,17336.90,136.00
6981999,21.51,35.20,19281.30,136.00
6984999,21.51,35.22,21225.84,136.00
6987999,21.51,35.22,19747.39,137.00
6990999,21.51,35.22,18185.54,135.00
6993999,21.51,35.22,14181.11,135.00
6996999,21.52,35.23,11186.60,130.00
6999999,21.52,35.22,13185.89,136.00
7002999,21.52,35.23,12539.84,142.00
7005999,21.52,35.22,13167.54,136.00
7008999,21.52,35.22,16305.83,136.00
7011999,21.52,35.23,12655.47,136.00
7014999,21.52,35.23,15600.58,136.00
7017999,21.52,35.24,12433.21,142.00
7020999,21.52,35.23,15766.48,137.00
7023999,21.53,35.24,14425.45,142.00
7026999,21.53,35.23,14824.85,135.00
7029999,21.53,35.24,24945.14,135.00
7032999,21.53,35.23,36117.61,137.00
7035999,21.53,35.23,47822.35,135.00
7038999,21.53,35.24,49999.07,135.00
7041999,21.53,35.22,28090.90,135.00
7044999,21.54,35.23,9374.50,134.00
7047999,21.54,35.23,11023.35,134.00
7050999,21.54,35.23,11163.34,138.00
7053999,21.54,35.24,10525.12,136.00
7056999,21.54,35.23,8325.79,136.00
7059999,21.54,35.23,7308.59,142.00
7062999,21.54,35.23,7423.57,136.00
7065999,21.55,35.24,8251.23,136.00
7068999,21.55,35.24,10391.03,136.00
7071999,21.55,35.24,8481.55,142.00
7074999,21.55,35.24,8719.92,136.00
7077999,21.54,35.24,8898.24,138.00
7080999,21.54,35.24,9339.32,135.00
7083999,21.55,35.26,10041.79,148.00
7086999,21.54,35.26,9348.99,136.00
7089999,21.55,35.27,8324.11,136.00
7092999,21.56,35.27,11432.05,139.00
7095999,21.55,35.28,8441.76,136.00
7098999,21.55,35.28,9147.44,136.00
7101999,21.55,35.29,10399.06,138.00
7104999,21.55,35.31,11144.83,138.00
7107999,21.55,35.31,9388.47,137.00
7110999,21.56,35.32,8090.83,138.00
7113999,21.55,35.32,10208.32,137.00
7116999,21.56,35.32,10053.92,137.00
7119999,21.56,35.34,19586.73,138.00
7122999,21.56,35.34,11550.93,137.00
7125999,21.56,35.36,10984.10,137.00
7128999,21.56,35.34,18920.46,136.00
7131999,21.55,35.34,8905.59,136.00
7134999,21.56,35.36,8977.64,140.00
7137999,21.56,35.37,14145.56,136.00
7140999,21.55,35.38,9908.59,138.00
7143999,21.56,35.38,10106.65,137.00
7146999,21.56,35.38,12747.89,136.00
7149999,21.56,35.39,11753.00,138.00
7152999,21.56,35.41,10302.22,137.00
7155999,21.56,35.38,10527.98,138.00
7158999,21.56,35.38,11869.13,162.00
7161999,21.56,35.37,9466.00,137.00
7164999,21.56,35.38,16764.30,137.00
7167999,21.56,35.38,19665.72,143.00
7170999,21.57,35.39,15255.39,136.00
7173999,21.56,35.39,13274.12,137.00
7176999,21.56,35.41,20557.19,139.00
7179999,21.57,35.42,13990.34,139.00
7182999,21.56,35.42,26390.10,138.00
7185999,21.56,35.41,34159.75,140.00
7188999,21.57,35.42,30070.90,139.00
7191999,21.57,35.43,24275.74,139.00
7194999,21.56,35.44,29484.90,138.00
7197999,21.56,35.44,38617.77,136.00
7200999,21.56,35.45,37614.24,140.00
7203999,21.56,35.45,23623.15,138.00
7206999,21.56,35.47,23202.41,140.00
7209999,21.55,35.50,24576.30,140.00
7212999,21.55,35.51,17167.13,139.00
7215999,21.54,35.53,27435.94,139.00
7218999,21.54,35.55,20803.13,143.00
7221999,21.54,35.58,28089.94,139.00
7224999,21.54,35.58,19111.36,141.00
7227999,21.53,35.59,25221.53,140.00
7230999,21.54,35.61,25379.03,143.00
7233999,21.53,35.60,18173.87,141.00
7236999,21.53,35.64,17408.73,141.00
7239999,21.52,35.65,16901.20,143.00
7242999,21.52,35.67,14153.25,143.00
7245999,21.52,35.76,16594.48,142.00
7248999,21.52,35.78,23669.85,147.00
7251999,21.52,35.77,18283.79,144.00
7254999,21.52,35.78,20047.54,144.00
7257999,21.52,35.78,13571.87,145.00
7260999,21.52,35.79,14421.19,145.00
7263999,21.52,35.78,20011.41,144.00
7266999,21.52,35.78,13049.06,145.00
7269999,21.52,35.86,9668.50,147.00
7272999,21.51,35.86,16257.70,141.00
7275999,21.52,35.86,18131.69,155.00
7278999,21.52,35.87,17004.55,148.00
7281999,21.52,35.87,26560.69,147.00
7284999,21.52,35.88,33636.98,148.00
7287999,21.52,35.89,18928.18,149.00
7290999,21.52,35.91,17793.30,151.00
7293999,21.52,35.92,15256.55,152.00
7296999,21.52,35.93,25834.80,152.00
7299999,21.52,35.93,12814.68,153.00
7302999,21.52,35.93,37253.75,153.00
7305999,21.52,35.93,25305.26,153.00
7308999,21.52,35.93,37738.12,153.00
7311999,21.52,35.96,17584.12,154.00
7314999,21.52,35.98,23602.71,155.00
7317999,21.52,35.99,21698.60,155.00
7320999,21.52,36.05,16605.49,156.00
7323999,21.52,36.02,13547.48,156.00
7326999,21.52,36.00,12009.61,155.00
7329999,21.52,36.00,10153.29,174.00
7332999,21.53,36.02,19397.13,158.00
7335999,21.52,36.02,13204.04,159.00
7338999,21.52,36.02,25911.94,159.00
7341999,21.53,36.03,24621.80,160.00
7344999,21.52,36.04,20253.15,160.00
7347999,21.52,36.04,20361.34,161.00
7350999,21.52,36.05,27436.55,161.00
7353999,21.52,36.05,18083.04,162.00
7356999,21.52,36.05,8927.05,162.00
7359999,21.52,36.04,9794.29,163.00
7362999,21.53,36.03,8902.11,162.00
7365999,21.52,36.05,9310.48,164.00
7368999,21.52,36.07,9585.90,164.00
7371999,21.53,36.07,11765.74,165.00
7374999,21.53,36.05,8120.73,165.00
7377999,21.53,36.05,9628.49,166.00
7380999,21.53,36.07,22258.90,165.00
7383999,21.53,36.08,15331.86,166.00
7386999,21.53,36.08,9784.47,166.00
7389999,21.54,36.08,7731.04,166.00
7392999,21.54,36.08,8905.53,165.00
7395999,21.55,36.08,7844.12,166.00
7398999,21.55,36.09,8292.77,167.00
7401999,21.54,36.08,7157.09,177.00
7404999,21.54,36.09,7545.94,168.00
7407999,21.55,36.08,7107.46,170.00
7410999,21.55,36.09,8614.16,169.00
7413999,21.55,36.10,9298.86,169.00
7416999,21.55,36.12,10605.60,170.00
7419999,21.54,36.10,7021.44,170.00
7422999,21.55,36.09,9938.49,170.00
7425999,21.55,36.08,11039.92,171.00
7428999,21.55,36.07,8170.62,172.00
7431999,21.55,36.06,7458.91,172.00
7434999,21.56,36.06,9315.78,173.00
7437999,21.56,36.06,7729.88,175.00
7440999,21.56,36.06,8013.64,174.00
7443999,21.56,36.06,7584.00,174.00
7446999,21.55,36.04,8018.44,175.00
7449999,21.56,36.04,9718.61,175.00
7452999,21.56,36.03,9417.09,175.00
7455999,21.56,36.02,10083.48,175.00
7458999,21.56,36.03,9258.35,180.00
7461999,21.56,36.03,8687.91,176.00
7464999,21.56,36.04,9885.84,183.00
7467999,21.57,36.04,8029.18,178.00
7470999,21.56,36.03,9357.16,172.00
7473999,21.56,36.03,9011.78,180.00
7476999,21.57,36.04,10237.29,179.00
7479999,21.57,36.04,9146.46,180.00
7482999,21.57,36.05,10650.01,180.00
7485999,21.57,36.05,8757.69,181.00
7488999,21.58,36.03,8812.31,181.00
7491999,21.58,36.03,9088.05,181.00
7494999,21.57,36.03,8009.40,181.00
7497999,21.58,36.02,7954.87,181.00
7500999,21.59,36.02,8371.85,181.00
7503999,21.59,36.01,8056.94,181.00
7506999,21.59,36.01,8880.60,182.00
7509999,21.59,36.03,7453.99,182.00
7512999,21.59,36.02,8043.05,181.00
7515999,21.59,36.01,7917.02,182.00
7518999,21.59,36.01,9058.46,181.00
7521999,21.59,36.02,9514.44,181.00
7524999,21.60,36.01,7750.08,182.00
7527999,21.59,36.02,9022.42,182.00
7530999,21.60,36.01,15542.61,181.00
7533999,21.60,36.01,9775.26,181.00
7536999,21.59,36.01,10035.12,180.00
7539999,21.60,36.05,9145.27,179.00
7542999,21.60,36.02,10367.05,180.00
7545999,21.60,36.04,7612.30,180.00
7548999,21.60,36.02,8003.65,180.00
7551999,21.60,36.02,9520.08,180.00
7554999,21.61,36.01,8307.77,181.00
7557999,21.61,36.04,9249.58,180.00
7560999,21.61,36.02,11249.91,183.00
7563999,21.61,36.04,11301.94,179.00
7566999,21.61,36.04,11044.10,183.00
7569999,21.62,36.02,8871.45,178.00
7572999,21.61,36.02,8955.33,179.00
7575999,21.62,36.01,8403.67,178.00
7578999,21.63,36.00,9555.59,178.00
7581999,21.63,36.00,9830.94,178.00
7584999,21.63,35.99,9489.54,178.00
7587999,21.63,35.98,10534.18,177.00
7590999,21.64,35.98,9369.20,177.00
7593999,21.64,35.98,8903.94,177.00
7596999,21.64,35.96,10180.04,178.00
7599999,21.64,35.95,10212.27,178.00
7602999,21.64,35.94,10460.81,178.00
7605999,21.64,35.95,9868.95,178.00
7608999,21.65,35.95,10413.58,178.00
7611999,21.65,35.94,9922.42,172.00
7614999,21.65,35.92,9206.04,179.00
7617999,21.65,35.92,11120.37,178.00
7620999,21.66,35.91,11418.87,179.00
7623999,21.66,35.91,10847.66,180.00
7626999,21.66,35.89,8093.52,179.00
7629999,21.66,35.88,9039.62,172.00
7632999,21.67,35.88,8292.53,179.00
7635999,21.67,35.87,11184.61,179.00
7638999,21.67,35.86,10460.34,179.00
7641999,21.67,35.84,9060.54,178.00
7644999,21.67,35.83,9337.72,178.00
7647999,21.67,35.82,8842.69,179.00
7650999,21.67,35.82,8518.69,179.00
7653999,21.68,35.82,8129.94,180.00
7656999,21.69,35.82,10718.93,177.00
7659999,21.68,35.82,8814.93,183.00
7662999,21.68,35.82,7305.84,179.00
7665999,21.68,35.81,6808.82,179.00
7668999,21.69,35.82,8417.83,179.00
7671999,21.69,35.81,7432.68,180.00
7674999,21.68,35.81,8040.41,179.00
7677999,21.69,35.81,11283.05,179.00
7680999,21.69,35.81,10026.19,177.00
7683999,21.69,35.81,8501.15,179.00
7686999,21.70,35.81,9821.97,179.00
7689999,21.70,35.80,6934.44,179.00
7692999,21.70,35.77,8330.55,188.00
7695999,21.70,35.76,8427.16,179.00
7698999,21.70,35.76,7211.58,178.00
7701999,21.69,35.75,9799.40,194.00
7704999,21.70,35.75,14182.76,178.00
7707999,21.70,35.75,11968.25,180.00
7710999,21.71,35.77,8694.81,176.00
7713999,21.70,35.77,9518.70,176.00
7716999,21.70,35.76,11107.47,177.00
7719999,21.71,35.76,7795.38,177.00
7722999,21.72,35.76,9316.59,177.00
7725999,21.72,35.75,10455.65,176.00
7728999,21.71,35.72,8944.47,176.00
7731999,21.71,35.71,11428.77,174.00
7734999,21.72,35.71,9794.00,175.00
7737999,21.72,35.73,8594.67,175.00
7740999,21.71,35.72,9694.67,175.00
7743999,21.72,35.71,8811.68,176.00
7746999,21.72,35.71,8064.99,174.00
7749999,21.72,35.70,8035.79,173.00
7752999,21.73,35.70,11642.20,174.00
7755999,21.73,35.70,9011.88,175.00
7758999,21.73,35.70,8400.45,174.00
7761999,21.73,35.70,8720.53,172.00
7764999,21.73,35.69,8652.32,171.00
7767999,21.73,35.69,10012.58,171.00
7770999,21.73,35.69,12375.88,171.00
7773999,21.73,35.69,11843.33,165.00
7776999,21.74,35.69,8407.73,170.00
7779999,21.73,35.68,9821.25,170.00
7782999,21.73,35.68,9241.57,169.00
7785999,21.74,35.68,9092.87,169.00
7788999,21.73,35.69,8778.93,169.00
7791999,21.74,35.71,9642.22,170.00
7794999,21.73,35.66,8651.40,167.00
7797999,21.73,35.66,9957.87,168.00
7800999,21.73,35.68,9709.82,168.00
7803999,21.73,35.68,9562.12,168.00
7806999,21.73,35.66,10043.28,169.00
7809999,21.73,35.66,7985.64,168.00
7812999,21.74,35.67,8247.48,167.00
7815999,21.74,35.68,7676.64,161.00
7818999,21.74,35.68,7274.91,168.00
7821999,21.74,35.69,6643.59,175.00
7824999,21.75,35.69,8893.51,168.00
7827999,21.75,35.70,7486.85,167.00
7830999,21.75,35.72,8299.05,167.00
7833999,21.75,35.70,8939.77,166.00
7836999,21.76,35.69,8106.72,167.00
7839999,21.76,35.68,10409.06,165.00
7842999,21.75,35.68,7279.15,169.00
7845999,21.77,35.67,9305.22,165.00
7848999,21.76,35.67,9703.94,165.00
7851999,21.76,35.67,9030.65,164.00
7854999,21.76,35.65,8067.38,163.00
7857999,21.76,35.67,8520.86,162.00
7860999,21.76,35.66,9556.63,162.00
7863999,21.76,35.67,8310.19,161.00
7866999,21.76,35.67,8895.16,162.00
7869999,21.76,35.68,11426.66,166.00
7872999,21.77,35.67,9769.49,162.00
7875999,21.76,35.68,8595.96,161.00
7878999,21.77,35.67,11208.68,171.00
7881999,21.77,35.68,10875.55,160.00
7884999,21.76,35.67,9738.20,160.00
7887999,21.77,35.68,9947.61,160.00
7890999,21.76,35.67,9737.33,161.00
7893999,21.76,35.67,9170.84,161.00
7896999,21.76,35.68,26154.04,160.00
7899999,21.76,35.67,11897.86,169.00
7902999,21.76,35.67,9820.54,159.00
7905999,21.76,35.67,8549.91,161.00
7908999,21.77,35.68,10618.61,162.00
7911999,21.76,35.68,11526.24,154.00
7914999,21.76,35.67,9536.33,161.00
7917999,21.76,35.67,11897.91,162.00
7920999,21.76,35.67,8579.29,160.00
7923999,21.76,35.67,8052.00,162.00
7926999,21.76,35.67,9127.03,162.00
7929999,21.76,35.66,10694.49,162.00
7932999,21.77,35.67,9255.12,162.00
7935999,21.76,35.68,10329.75,160.00
7938999,21.76,35.68,9692.34,159.00
7941999,21.77,35.67,9577.34,161.00
7944999,21.77,35.67,9894.59,161.00
7947999,21.76,35.67,8925.98,163.00
7950999,21.77,35.68,9836.80,163.00
7953999,21.77,35.67,9902.79,163.00
7956999,21.77,35.67,7745.57,161.00
7959999,21.77,35.67,10392.27,162.00
7962999,21.77,35.68,8226.30,162.00
7965999,21.77,35.69,9176.14,163.00
7968999,21.77,35.69,8263.43,164.00
7971999,21.77,35.69,8265.05,156.00
7974999,21.77,35.68,6537.12,164.00
7977999,21.77,35.69,7536.83,164.00
7980999,21.78,35.69,7613.40,163.00
7983999,21.78,35.71,9402.84,164.00
7986999,21.77,35.71,9160.76,166.00
7989999,21.77,35.71,8940.28,166.00
7992999,21.76,35.72,10749.11,158.00
7995999,21.77,35.72,10480.65,165.00
7998999,21.76,35.72,10032.16,166.00
8001999,21.76,35.73,8854.87,167.00
8004999,21.76,35.73,8426.23,166.00
8007999,21.76,35.74,8301.13,167.00
8010999,21.76,35.75,9569.36,166.00
8013999,21.76,35.77,11186.19,166.00
8016999,21.76,35.75,12455.17,167.00
8019999,21.76,35.77,9989.92,167.00
8022999,21.76,35.75,10722.18,167.00
8025999,21.77,35.77,11317.39,169.00
8028999,21.76,35.78,8890.78,168.00
8031999,21.76,35.78,10210.46,168.00
8034999,21.77,35.79,10403.87,169.00
8037999,21.77,35.79,8884.53,168.00
8040999,21.78,35.80,8563.41,168.00
8043999,21.78,35.80,7740.80,169.00
8046999,21.78,35.80,9664.00,170.00
8049999,21.79,35.79,11335.61,170.00
8052999,21.79,35.77,11920.82,164.00
8055999,21.79,35.78,10323.71,170.00
8058999,21.78,35.78,11446.77,171.00
8061999,21.79,35.79,10474.70,172.00
8064999,21.79,35.78,10194.34,186.00
8067999,21.79,35.78,9237.47,170.00
8070999,21.79,35.78,8377.35,170.00
8073999,21.79,35.78,9988.17,169.00
8076999,21.79,35.77,9987.06,169.00
8079999,21.79,35.77,8746.10,166.00
8082999,21.79,35.77,9652.36,172.00
8085999,21.80,35.76,9754.04,171.00
8088999,21.80,35.76,10165.01,172.00
8091999,21.80,35.77,7795.64,171.00
8094999,21.79,35.77,9581.12,173.00
8097999,21.80,35.76,8913.73,171.00
8100999,21.79,35.75,6894.86,170.00
8103999,21.80,35.74,8457.48,171.00
8106999,21.79,35.74,8456.88,172.00
8109999,21.80,35.74,8372.10,172.00
8112999,21.80,35.74,9444.05,170.00
8115999,21.80,35.74,9950.45,168.00
8118999,21.80,35.74,8549.52,169.00
8121999,21.80,35.72,9661.70,169.00
8124999,21.80,35.72,8267.18,169.00
8127999,21.80,35.72,10340.10,170.00
8130999,21.80,35.73,6959.33,170.00
8133999,21.81,35.73,6678.33,169.00
8136999,21.81,35.72,7694.46,173.00
8139999,21.81,35.71,10109.15,169.00
8142999,21.80,35.70,9948.62,168.00
8145999,21.81,35.68,8408.91,178.00
8148999,21.81,35.68,9088.20,167.00
8151999,21.81,35.68,8050.41,168.00
8154999,21.81,35.70,11851.97,168.00
8157999,21.81,35.70,8835.45,168.00
8160999,21.81,35.67,9695.30,167.00
8163999,21.81,35.67,9471.65,166.00
8166999,21.81,35.66,11366.10,165.00
8169999,21.80,35.66,10827.99,164.00
8172999,21.80,35.66,13596.03,166.00
8175999,21.80,35.65,12364.15,165.00
8178999,21.81,35.65,12198.32,166.00
8181999,21.80,35.66,11644.59,173.00
8184999,21.80,35.66,12988.78,165.00
8187999,21.80,35.65,11841.59,164.00
8190999,21.80,35.65,7485.77,164.00
8193999,21.81,35.65,7979.81,164.00
8196999,21.80,35.63,7957.99,163.00
8199999,21.80,35.63,6814.79,162.00
8202999,21.80,35.61,6676.16,162.00
8205999,21.80,35.62,7317.60,162.00
8208999,21.80,35.60,7307.81,162.00
8211999,21.80,35.60,8511.63,167.00
8214999,21.80,35.60,8203.64,163.00
8217999,21.80,35.57,7901.10,163.00
8220999,21.79,35.58,13722.26,162.00
8223999,21.80,35.60,8029.51,163.00
8226999,21.80,35.60,8586.95,162.00
8229999,21.80,35.57,33680.63,161.00
8232999,21.80,35.57,36587.33,160.00
8235999,21.79,35.57,9359.76,158.00
8238999,21.79,35.56,9712.77,158.00
8241999,21.80,35.56,18274.03,160.00
8244999,21.80,35.55,12917.17,159.00
8247999,21.80,35.55,11656.42,159.00
8250999,21.80,35.56,11631.11,158.00
8253999,21.81,35.55,8414.00,158.00
8256999,21.81,35.54,8781.20,157.00
8259999,21.80,35.54,7811.30,158.00
8262999,21.81,35.54,9692.23,158.00
8265999,21.80,35.52,8137.83,157.00
8268999,21.80,35.52,8125.82,158.00
8271999,21.80,35.51,8125.82,167.00
8274999,21.80,35.52,8125.82,157.00
8281594,21.79,35.51,0.00,160.00
8284594,21.80,35.50,10182.18,159.00
8287594,21.81,35.51,11168.07,156.00
8290594,21.81,35.51,9930.97,156.00
8293594,21.81,35.52,9593.37,157.00
8296594,21.82,35.52,9938.80,156.00
8299594,21.81,35.55,8836.57,155.00
8302594,21.82,35.56,9294.39,154.00
8305594,21.83,35.56,11914.91,154.00
8308594,21.83,35.56,9300.17,154.00
8311594,21.83,35.56,10406.44,155.00
8314594,21.84,35.54,10987.85,153.00
8317594,21.83,35.50,12969.08,153.00
8320594,21.83,35.48,9327.79,153.00
8323594,21.83,35.49,11495.85,154.00
8326594,21.84,35.49,10610.71,152.00
8329594,21.83,35.49,8871.47,152.00
8332594,21.84,35.48,9514.57,152.00
8335594,21.84,35.48,10614.90,153.00
8338594,21.84,35.48,7469.45,151.00
8341594,21.84,35.49,9826.36,150.00
8344594,21.84,35.48,8812.40,151.00
8347594,21.84,35.49,8009.68,150.00
8350594,21.84,35.46,7598.13,149.00
8353594,21.83,35.45,7614.97,149.00
8356594,21.84,35.46,10702.89,156.00
8359594,21.84,35.44,8196.32,149.00
8362594,21.83,35.43,12588.69,148.00
8365594,21.83,35.44,9458.07,148.00
8368594,21.83,35.45,7391.70,149.00
8371594,21.84,35.46,9538.66,149.00
8374594,21.83,35.45,10565.70,148.00
8377594,21.83,35.46,10325.06,147.00
8380594,21.83,35.45,12074.08,148.00
8383594,21.83,35.45,10915.69,147.00
8386594,21.83,35.46,10874.46,146.00
8389594,21.83,35.45,11004.40,145.00
8392594,21.84,35.44,13601.48,146.00
8395594,21.83,35.44,9720.06,145.00
8398594,21.83,35.44,7703.43,144.00
8401594,21.82,35.40,11299.28,145.00
8404594,21.83,35.41,11531.80,144.00
8407594,21.82,35.40,9837.37,144.00
8410594,21.82,35.40,8371.49,142.00
8413594,21.82,35.39,9696.93,142.00
8416594,21.82,35.40,9889.93,148.00
8419594,21.82,35.41,10734.69,143.00
8422594,21.81,35.40,8418.30,143.00
8425594,21.81,35.41,9994.27,142.00
8428594,21.81,35.42,9829.58,141.00
8431594,21.82,35.44,8851.71,141.00
8434594,21.81,35.44,8603.98,140.00
8437594,21.82,35.44,8995.79,133.00
8440594,21.81,35.39,10833.91,139.00
8443594,21.81,35.38,8567.09,138.00
8446594,21.82,35.39,10552.52,138.00
8449594,21.82,35.39,8863.46,139.00
8452594,21.81,35.39,9340.00,140.00
8455594,21.82,35.39,9098.65,139.00
8458594,21.82,35.38,9844.85,138.00
8461594,21.82,35.36,8708.64,137.00
8464594,21.82,35.29,9949.60,137.00
8467594,21.81,35.28,9894.43,144.00
8470594,21.81,35.30,8099.48,139.00
8473594,21.80,35.30,8218.77,137.00
8476594,21.80,35.31,8990.17,136.00
8479594,21.80,35.34,7982.96,131.00
8482594,21.80,35.35,7339.88,137.00
8485594,21.80,35.36,9190.96,137.00
8488594,21.80,35.38,7733.91,138.00
8491594,21.80,35.39,7871.06,136.00
8494594,21.80,35.40,8954.21,136.00
8497594,21.80,35.41,8167.13,137.00
8500594,21.79,35.42,7768.85,136.00
8503594,21.79,35.44,9344.71,137.00
8506594,21.80,35.44,11317.31,138.00
8509594,21.80,35.44,11476.51,146.00
8512594,21.80,35.45,7764.73,138.00
8515594,21.79,35.45,10918.33,137.00
8518594,21.79,35.45,9697.81,138.00
8521594,21.79,35.42,10506.44,138.00
8524594,21.79,35.42,9938.24,137.00
8527594,21.79,35.42,9531.08,137.00
8530594,21.79,35.42,8899.09,137.00
8533594,21.79,35.42,9747.13,138.00
8536594,21.79,35.40,8390.79,137.00
8539594,21.79,35.40,7937.34,136.00
8542594,21.80,35.39,9471.11,131.00
8545594,21.79,35.39,8559.04,138.00
8548594,21.79,35.39,10156.82,138.00
8551594,21.79,35.40,10668.23,138.00
8554594,21.80,35.39,9681.13,139.00
8557594,21.80,35.39,9241.20,141.00
8560594,21.80,35.39,9689.91,138.00
8563594,21.80,35.36,8951.60,139.00
8566594,21.80,35.36,12304.33,138.00
8569594,21.80,35.33,7926.03,138.00
8572594,21.80,35.33,8436.78,138.00
8575594,21.80,35.33,10669.88,137.00
8578594,21.80,35.33,10018.50,137.00
8581594,21.80,35.34,9990.16,138.00
8584594,21.80,35.34,10614.55,137.00
8587594,21.80,35.30,8074.47,137.00
8590594,21.80,35.31,10406.81,138.00
8593594,21.80,35.28,12348.16,137.00
8596594,21.80,35.24,9461.34,138.00
8599594,21.80,35.25,7373.23,137.00
8602594,21.79,35.24,9479.84,136.00
8605594,21.79,35.25,8930.33,136.00
8608594,21.79,35.26,7760.35,138.00
8611594,21.79,35.28,10003.44,143.00
8614594,21.79,35.28,10223.11,138.00
8617594,21.79,35.26,8684.70,138.00
8620594,21.78,35.28,7176.75,137.00
8623594,21.78,35.29,8283.55,139.00
8626594,21.78,35.30,6894.28,137.00
8629594,21.79,35.30,10315.09,138.00
8632594,21.79,35.30,10806.50,137.00
8635594,21.79,35.30,9040.49,138.00
8638594,21.79,35.28,10740.98,139.00
8641594,21.79,35.28,10636.21,143.00
8644594,21.79,35.28,8301.71,140.00
8647594,21.78,35.29,10511.29,138.00
8650594,21.78,35.29,9985.63,138.00
8653594,21.78,35.26,9851.17,131.00
8656594,21.78,35.27,9373.90,138.00
8659594,21.77,35.27,11023.33,138.00
8662594,21.78,35.30,9460.54,138.00
8665594,21.78,35.30,9591.84,139.00
8668594,21.78,35.30,8473.40,140.00
8671594,21.78,35.30,7485.21,140.00
8674594,21.78,35.27,14200.59,142.00
8677594,21.78,35.28,9443.40,139.00
8680594,21.78,35.29,7837.44,140.00
8683594,21.78,35.29,7339.53,140.00
8686594,21.78,35.29,9234.56,140.00
8689594,21.79,35.28,9821.13,140.00
8692594,21.79,35.26,9967.06,141.00
8695594,21.78,35.28,8201.26,141.00
8698594,21.79,35.24,13023.98,141.00
8701594,21.79,35.24,9996.32,141.00
8704594,21.79,35.24,13741.52,141.00
8707594,21.79,35.24,10510.80,142.00
8710594,21.79,35.24,8591.66,142.00
8713594,21.80,35.24,9105.46,141.00
8716594,21.80,35.25,13998.78,142.00
8719594,21.80,35.26,10023.27,142.00
8722594,21.80,35.25,11340.54,141.00
8725594,21.80,35.24,8901.63,141.00
8728594,21.80,35.24,9106.40,141.00
8731594,21.80,35.23,9760.61,141.00
8734594,21.81,35.22,9828.56,142.00
8737594,21.81,35.20,8387.19,142.00
8740594,21.81,35.20,11135.94,143.00
8743594,21.82,35.20,10509.14,143.00
8746594,21.81,35.19,9164.82,144.00
8749594,21.81,35.18,9778.68,143.00
8752594,21.81,35.17,13690.69,141.00
8755594,21.81,35.17,9410.98,136.00
8758594,21.81,35.18,8909.63,143.00
8761594,21.81,35.18,10045.55,148.00
8764594,21.80,35.18,9962.66,144.00
8767594,21.81,35.18,9693.32,142.00
8770594,21.80,35.17,8776.71,144.00
8773594,21.81,35.17,8450.90,144.00
8776594,21.80,35.18,10237.27,143.00
8779594,21.81,35.17,9624.71,143.00
8782594,21.80,35.15,9421.64,144.00
8785594,21.80,35.15,13029.98,143.00
8788594,21.80,35.13,11108.26,144.00
8791594,21.80,35.13,10085.23,143.00
8794594,21.80,35.12,10266.39,143.00
8797594,21.80,35.13,10873.38,142.00
8800594,21.79,35.13,10319.52,144.00
8803594,21.80,35.12,9313.62,143.00
8806594,21.80,35.13,8654.14,141.00
8809594,21.80,35.12,9801.18,141.00
8812594,21.80,35.12,10398.81,142.00
8815594,21.80,35.10,11092.47,142.00
8818594,21.79,35.12,9141.66,140.00
8821594,21.80,35.13,10972.70,141.00
8824594,21.80,35.14,8937.87,141.00
8827594,21.80,35.14,8799.28,140.00
8830594,21.80,35.15,11757.91,140.00
8833594,21.80,35.14,10019.91,142.00
8836594,21.80,35.14,10001.75,140.00
8839594,21.80,35.14,8976.81,140.00
8842594,21.80,35.14,11736.91,141.00
8845594,21.80,35.14,9084.89,141.00
8848594,21.80,35.13,9442.83,140.00
8851594,21.81,35.12,11053.09,139.00
8854594,21.81,35.09,8989.61,140.00
8857594,21.81,35.11,9738.55,140.00
8860594,21.81,35.09,10728.09,142.00
8863594,21.80,35.08,11921.30,139.00
8866594,21.80,35.08,11475.16,139.00
8869594,21.81,35.09,14536.88,138.00
8872594,21.80,35.10,12458.50,139.00
8875594,21.80,35.12,11343.07,137.00
8878594,21.80,35.09,13491.13,140.00
8881594,21.80,35.09,11802.79,138.00
8884594,21.80,35.09,11254.42,137.00
8887594,21.80,35.09,9503.49,137.00
8890594,21.79,35.09,10085.85,141.00
8893594,21.79,35.10,12119.04,137.00
8896594,21.79,35.08,10418.17,137.00
8899594,21.79,35.09,11077.09,138.00
8902594,21.79,35.09,11480.60,137.00
8905594,21.79,35.09,13100.65,137.00
8908594,21.79,35.10,11587.74,138.00
8911594,21.79,35.10,10995.08,135.00
8914594,21.79,35.10,12772.56,135.00
8917594,21.79,35.10,11327.87,134.00
8920594,21.79,35.08,10270.82,135.00
8923594,21.79,35.09,10897.16,135.00
8926594,21.79,35.09,10611.39,136.00
8929594,21.79,35.10,11231.60,135.00
8932594,21.79,35.10,10298.30,133.00
8935594,21.79,35.09,11221.81,133.00
8938594,21.78,35.07,10398.68,133.00
8941594,21.78,35.07,10704.09,134.00
8944594,21.78,35.08,11436.72,134.00
8947594,21.78,35.10,10431.35,133.00
8950594,21.78,35.09,12034.54,134.00
8953594,21.78,35.10,13038.69,134.00
8956594,21.79,35.09,14180.54,133.00
8959594,21.79,35.10,16040.24,141.00
8962594,21.79,35.08,11857.86,133.00
8965594,21.79,35.08,12807.97,132.00
8968594,21.79,35.07,12474.72,131.00
8971594,21.79,35.07,11631.10,131.00
8974594,21.79,35.08,8934.18,131.00
8977594,21.78,35.08,10064.13,130.00
8980594,21.79,35.08,12173.66,131.00
8983594,21.79,35.08,10841.37,131.00
8986594,21.79,35.08,10416.82,134.00
8989594,21.79,35.09,12778.92,131.00
8992594,21.79,35.09,12068.68,129.00
8995594,21.80,35.09,11484.41,129.00
8998594,21.79,35.09,13661.28,130.00
9001594,21.80,35.09,11861.58,130.00
9004594,21.80,35.08,13552.17,129.00
9007594,21.80,35.08,10043.69,129.00
9010594,21.80,35.05,8911.74,129.00
9013594,21.79,35.07,11274.83,132.00
9016594,21.80,35.07,13293.14,132.00
9019594,21.79,35.05,10901.43,130.00
9022594,21.80,35.07,9849.47,129.00
9025594,21.80,35.07,11403.26,130.00
9028594,21.80,35.07,12106.49,129.00
9031594,21.79,35.08,12541.81,128.00
9034594,21.80,35.09,10175.44,130.00
9037594,21.80,35.09,10523.50,129.00
9040594,21.80,35.09,10601.03,127.00
9043594,21.80,35.08,11444.27,128.00
9046594,21.80,35.08,13492.27,127.00
9049594,21.80,35.09,12794.70,127.00
9052594,21.79,35.09,11640.90,132.00
9055594,21.79,35.09,11652.31,126.00
9058594,21.79,35.10,11426.87,126.00
9061594,21.79,35.10,11950.79,132.00
9064594,21.79,35.10,11597.31,127.00
9067594,21.79,35.10,15924.20,121.00
9070594,21.80,35.12,13935.35,127.00
9073594,21.79,35.12,14928.58,127.00
9076594,21.79,35.10,10486.28,127.00
9079594,21.79,35.12,10007.46,127.00
9082594,21.79,35.12,10773.36,127.00
9085594,21.79,35.10,9450.55,127.00
9088594,21.78,35.12,10454.45,126.00
9091594,21.78,35.12,9818.51,124.00
9094594,21.78,35.10,7494.08,124.00
9097594,21.78,35.12,9575.38,126.00
9100594,21.79,35.12,9269.51,125.00
9103594,21.79,35.12,9828.67,125.00
9106594,21.79,35.10,10106.50,124.00
9109594,21.79,35.09,8554.49,124.00
9112594,21.78,35.08,7866.78,127.00
9115594,21.78,35.08,7085.31,125.00
9118594,21.78,35.09,7534.25,124.00
9121594,21.78,35.09,7669.46,124.00
9124594,21.78,35.09,8078.24,124.00
9127594,21.78,35.09,7626.28,125.00
9130594,21.78,35.09,8640.29,124.00
9133594,21.78,35.10,7866.56,125.00
9136594,21.78,35.09,8320.50,124.00
9139594,21.78,35.09,7663.02,123.00
9142594,21.78,35.09,7003.45,122.00
9145594,21.78,35.09,7581.68,122.00
9148594,21.79,35.07,9353.37,123.00
9151594,21.78,35.05,8983.43,123.00
9154594,21.78,35.07,9764.80,124.00
9157594,21.78,35.08,9147.11,121.00
9160594,21.78,35.07,8502.83,123.00
9163594,21.78,35.08,11480.27,123.00
9166594,21.78,35.05,8171.33,123.00
9169594,21.78,35.05,8373.63,123.00
9172594,21.77,35.07,7654.63,123.00
9175594,21.77,35.08,7785.54,122.00
9178594,21.77,35.09,6898.46,124.00
9181594,21.77,35.08,8462.17,121.00
9184594,21.77,35.09,8534.72,122.00
9187594,21.77,35.07,8234.13,121.00
9190594,21.77,35.08,7314.29,120.00
9193594,21.77,35.08,9184.25,121.00
9196594,21.77,35.09,7940.83,121.00
9199594,21.77,35.09,8836.06,121.00
9202594,21.78,35.09,8349.55,121.00
9205594,21.77,35.09,8260.53,121.00
9208594,21.77,35.08,7152.42,122.00
9211594,21.77,35.07,7369.35,116.00
9214594,21.77,35.04,9978.58,122.00
9217594,21.77,35.02,8215.54,122.00
9220594,21.77,34.99,10179.20,120.00
9223594,21.76,35.02,8674.18,121.00
9226594,21.77,35.03,8346.74,122.00
9229594,21.76,35.03,8437.09,120.00
9232594,21.76,35.04,7391.19,119.00
9235594,21.76,35.03,11142.26,121.00
9238594,21.76,35.03,7448.32,121.00
9241594,21.75,35.03,8844.58,119.00
9244594,21.75,35.04,8069.91,123.00
9247594,21.75,35.04,9152.26,120.00
9250594,21.76,35.04,8210.72,120.00
9253594,21.75,35.06,8371.58,121.00
9256594,21.76,35.06,8285.08,119.00
9259594,21.76,35.05,8362.22,127.00
9262594,21.76,35.04,7207.93,120.00
9265594,21.76,35.04,10660.59,120.00
9268594,21.76,35.04,11191.46,121.00
9271594,21.76,35.03,10989.06,119.00
9274594,21.76,35.04,10432.32,122.00
9277594,21.75,35.05,9722.16,121.00
9280594,21.76,35.06,9990.18,120.00
9283594,21.76,35.05,11752.17,119.00
9286594,21.76,35.04,12308.78,121.00
9289594,21.75,35.04,12261.58,119.00
9292594,21.75,35.04,11901.08,120.00
9295594,21.75,35.05,14322.91,121.00
9298594,21.75,35.06,11788.73,119.00
9301594,21.75,35.06,10607.71,119.00
9304594,21.75,35.08,11043.98,129.00
9307594,21.75,35.06,12000.80,121.00
9310594,21.75,35.06,9225.93,121.00
9313594,21.75,35.06,11376.40,122.00
9316594,21.75,35.06,10155.81,124.00
9319594,21.75,35.08,10077.04,125.00
9322594,21.76,35.09,10768.82,121.00
9325594,21.75,35.10,7546.36,122.00
9328594,21.76,35.11,8562.82,121.00
9331594,21.76,35.10,9489.51,121.00
9334594,21.76,35.10,9180.90,122.00
9337594,21.76,35.11,8511.87,127.00
9340594,21.75,35.11,9347.24,121.00
9343594,21.76,35.14,8694.07,122.00
9346594,21.75,35.13,11109.51,123.00
9349594,21.76,35.13,8598.71,122.00
9352594,21.75,35.13,10225.87,123.00
9355594,21.75,35.13,13907.63,123.00
9358594,21.75,35.13,7550.52,124.00
9361594,21.75,35.14,9667.10,125.00
9364594,21.76,35.13,8603.28,124.00
9367594,21.76,35.14,13498.16,127.00
9370594,21.77,35.13,8285.65,127.00
9373594,21.76,35.14,8962.07,125.00
9376594,21.76,35.13,9917.29,124.00
9379594,21.76,35.13,9977.57,124.00
9382594,21.76,35.13,7956.21,125.00
9385594,21.76,35.13,10583.65,125.00
9388594,21.76,35.13,9244.10,126.00
9391594,21.77,35.13,12010.56,126.00
9394594,21.76,35.14,8672.94,124.00
9397594,21.76,35.13,12436.08,126.00
9400594,21.76,35.13,8122.86,132.00
9403594,21.77,35.13,11355.98,127.00
9406594,21.76,35.13,10820.28,126.00
9409594,21.77,35.13,10458.71,126.00
9412594,21.76,35.13,8939.52,125.00
9415594,21.77,35.14,10916.29,125.00
9418594,21.77,35.13,10116.04,126.00
9421594,21.77,35.11,9338.52,126.00
9424594,21.77,35.11,22385.48,130.00
9427594,21.77,35.11,8032.07,130.00
9430594,21.77,35.10,8007.60,127.00
9433594,21.77,35.10,11199.91,128.00
9436594,21.77,35.10,10592.09,126.00
9439594,21.77,35.10,7931.11,128.00
9442594,21.76,35.10,7868.45,120.00
9445594,21.76,35.09,10842.54,131.00
9448594,21.76,35.10,7550.46,127.00
9451594,21.76,35.11,8039.64,127.00
9454594,21.75,35.11,7286.88,127.00
9457594,21.76,35.13,10607.94,127.00
9460594,21.76,35.11,8980.62,127.00
9463594,21.76,35.11,7949.84,126.00
9466594,21.76,35.11,6513.96,128.00
9469594,21.76,35.13,10198.81,129.00
9472594,21.76,35.14,9595.81,129.00
9475594,21.76,35.14,8876.07,127.00
9478594,21.76,35.14,8886.50,128.00
9481594,21.76,35.13,8161.75,128.00
9484594,21.75,35.14,9375.89,128.00
9487594,21.76,35.14,9685.80,129.00
9490594,21.76,35.15,10396.86,129.00
9493594,21.76,35.15,10620.27,129.00
9496594,21.76,35.14,11851.09,129.00
9499594,21.76,35.16,10153.75,128.00
9502594,21.76,35.16,8773.63,131.00
9505594,21.76,35.16,10045.85,128.00
9508594,21.76,35.16,8587.49,128.00
9511594,21.76,35.17,10283.75,129.00
9514594,21.76,35.17,8291.28,129.00
9517594,21.76,35.15,9000.14,130.00
9520594,21.76,35.16,9849.60,129.00
9523594,21.77,35.15,10647.59,130.00
9526594,21.76,35.15,10185.78,129.00
9529594,21.76,35.16,8916.50,130.00
9532594,21.76,35.17,10454.68,128.00
9535594,21.76,35.17,8447.75,129.00
9538594,21.76,35.19,10038.06,130.00
9541594,21.76,35.19,8320.31,131.00
9544594,21.76,35.20,8385.01,136.00
9547594,21.77,35.19,9131.74,131.00
9550594,21.77,35.19,9486.78,129.00
9553594,21.76,35.20,8423.20,130.00
9556594,21.76,35.20,8928.16,131.00
9559594,21.77,35.20,8856.21,131.00
9562594,21.77,35.20,10538.78,131.00
9565594,21.77,35.20,11476.47,130.00
9568594,21.77,35.21,10612.58,131.00
9571594,21.78,35.20,9509.84,131.00
9574594,21.77,35.20,9648.19,136.00
9577594,21.77,35.20,10645.76,139.00
9580594,21.78,35.20,12783.26,131.00
9583594,21.78,35.20,9587.29,132.00
9586594,21.77,35.20,11375.44,131.00
9589594,21.77,35.20,10175.35,132.00
9592594,21.77,35.21,9155.68,131.00
9595594,21.78,35.21,15733.58,130.00
9598594,21.78,35.21,11730.35,125.00
9601594,21.78,35.20,10049.59,132.00
9604594,21.78,35.20,11581.33,132.00
9607594,21.78,35.20,9393.74,132.00
9610594,21.78,35.18,9540.43,134.00
9613594,21.78,35.18,9099.67,132.00
9616594,21.78,35.16,9306.30,137.00
9619594,21.77,35.16,10102.50,133.00
9622594,21.78,35.18,10778.67,133.00
9625594,21.77,35.18,10008.05,132.00
9628594,21.77,35.18,10812.09,132.00
9631594,21.76,35.16,10070.08,127.00
9634594,21.77,35.18,9796.54,133.00
9637594,21.76,35.17,11146.57,134.00
9640594,21.76,35.16,10221.47,134.00
9643594,21.76,35.17,11131.71,141.00
9646594,21.76,35.19,10952.13,130.00
9649594,21.77,35.20,8578.30,133.00
9652594,21.77,35.20,9123.57,134.00
9655594,21.77,35.20,10180.29,134.00
9658594,21.77,35.19,11752.89,134.00
9661594,21.77,35.19,9649.89,134.00
9664594,21.78,35.19,12504.48,134.00
9667594,21.78,35.19,11352.35,134.00
9670594,21.77,35.19,13637.44,134.00
9673594,21.78,35.20,10877.78,134.00
9676594,21.78,35.20,12514.00,133.00
9679594,21.78,35.20,9410.86,133.00
9682594,21.78,35.19,9674.29,134.00
9685594,21.78,35.18,9029.53,133.00
9688594,21.78,35.18,9021.93,135.00
9691594,21.78,35.18,11378.04,135.00
9694594,21.77,35.18,12048.11,136.00
9697594,21.78,35.17,10114.33,136.00
9700594,21.78,35.18,9840.51,137.00
9703594,21.78,35.16,10281.61,137.00
9706594,21.78,35.17,11024.16,136.00
9709594,21.79,35.17,10288.58,131.00
9712594,21.78,35.17,12385.04,136.00
9715594,21.78,35.16,11799.62,138.00
9718594,21.79,35.15,11202.34,144.00
9721594,21.79,35.17,6860.72,138.00
9724594,21.78,35.18,11938.34,138.00
9727594,21.78,35.17,11532.51,140.00
9730594,21.79,35.17,8670.27,138.00
9733594,21.78,35.18,11840.12,138.00
9736594,21.79,35.18,10053.38,137.00
9739594,21.79,35.19,9202.33,137.00
9742594,21.79,35.19,10035.54,137.00
9745594,21.79,35.19,11104.64,137.00
9748594,21.80,35.19,10787.67,138.00
9751594,21.79,35.18,11726.94,138.00
9754594,21.79,35.17,10097.23,137.00
9757594,21.79,35.17,9351.82,137.00
9760594,21.79,35.17,9680.65,138.00
9763594,21.80,35.17,8866.94,139.00
9766594,21.79,35.17,9032.18,139.00
9769594,21.79,35.18,8829.12,138.00
9772594,21.79,35.18,10747.03,138.00
9775594,21.79,35.18,11310.40,137.00
9778594,21.79,35.17,12202.13,137.00
9781594,21.79,35.17,10618.83,138.00
9784594,21.78,35.18,10137.14,138.00
9787594,21.78,35.18,9899.24,139.00
9790594,21.78,35.19,12445.80,139.00
9793594,21.78,35.19,10350.25,139.00
9796594,21.77,35.19,13803.63,140.00
9799594,21.77,35.19,8236.97,145.00
9802594,21.78,35.19,8257.07,140.00
9805594,21.77,35.20,10285.76,140.00
9808594,21.77,35.21,8762.48,140.00
9811594,21.78,35.23,7937.61,138.00
9814594,21.78,35.23,9012.90,146.00
9817594,21.78,35.24,10061.39,139.00
9820594,21.78,35.24,9228.70,134.00
9823594,21.78,35.24,7731.49,140.00
9826594,21.78,35.24,6285.19,141.00
9829594,21.79,35.25,9625.74,141.00
9832594,21.79,35.25,8626.08,140.00
9835594,21.79,35.24,8712.90,140.00
9838594,21.79,35.23,9814.68,141.00
9841594,21.79,35.23,11190.55,142.00
9844594,21.78,35.23,10550.71,141.00
9847594,21.78,35.23,11675.53,139.00
9850594,21.79,35.21,11796.18,141.00
9853594,21.78,35.21,12552.24,142.00
9856594,21.78,35.21,9810.69,141.00
9859594,21.78,35.21,9935.45,141.00
9862594,21.78,35.24,11228.64,136.00
9865594,21.78,35.24,11294.79,140.00
9868594,21.78,35.25,9219.14,141.00
9871594,21.78,35.25,10794.10,142.00
9874594,21.79,35.25,10373.79,142.00
9877594,21.78,35.26,8086.84,141.00
9880594,21.79,35.25,7077.43,142.00
9883594,21.79,35.25,10582.87,141.00
9886594,21.80,35.25,11642.85,141.00
9889594,21.79,35.25,12302.15,142.00
9892594,21.79,35.24,11175.45,143.00
9895594,21.79,35.24,12748.04,143.00
9898594,21.80,35.24,19791.81,143.00
9901594,21.79,35.24,7719.88,143.00
9904594,21.80,35.25,10270.60,136.00
9907594,21.79,35.25,9820.66,143.00
9910594,21.80,35.26,9309.73,145.00
9913594,21.80,35.24,10403.76,144.00
9916594,21.79,35.25,11259.77,144.00
9919594,21.80,35.25,9447.45,150.00
9922594,21.80,35.26,8253.06,145.00
9925594,21.80,35.25,10467.50,144.00
9928594,21.80,35.25,9872.84,143.00
9931594,21.80,35.25,8388.09,144.00
9934594,21.79,35.25,7837.87,144.00
9937594,21.79,35.26,10127.21,144.00
9940594,21.78,35.28,10276.49,145.00
9943594,21.79,35.29,10736.78,145.00
9946594,21.79,35.29,12764.87,146.00
9949594,21.78,35.30,11437.23,149.00
9952594,21.78,35.31,10490.81,147.00
9955594,21.79,35.31,12141.43,148.00
9958594,21.78,35.31,11914.46,146.00
9961594,21.78,35.31,14054.60,145.00
9964594,21.78,35.31,8202.96,147.00
9967594,21.78,35.33,7659.92,149.00
9970594,21.79,35.31,8810.58,148.00
9973594,21.79,35.31,7625.71,143.00
9976594,21.79,35.31,12237.88,149.00
9979594,21.79,35.31,13960.80,150.00
9982594,21.79,35.30,10879.06,150.00
9985594,21.79,35.29,12826.40,150.00
9988594,21.79,35.28,9930.34,143.00
9991594,21.79,35.28,10643.05,150.00
9994594,21.79,35.26,8096.82,150.00
9997594,21.79,35.26,9195.79,150.00
10000594,21.79,35.25,10272.91,150.00
10003594,21.79,35.26,10210.48,150.00
10006594,21.79,35.24,10385.07,151.00
10009594,21.79,35.23,8460.60,151.00
10012594,21.79,35.24,8631.60,151.00
10015594,21.78,35.25,9127.57,151.00
10018594,21.79,35.25,8497.15,151.00
10021594,21.79,35.26,9874.52,151.00
10024594,21.79,35.24,13080.45,153.00
10027594,21.79,35.23,8140.02,152.00
10030594,21.79,35.23,7017.54,152.00
10033594,21.79,35.23,8126.30,152.00
10036594,21.79,35.23,7532.39,153.00
10039594,21.79,35.23,8892.12,153.00
10042594,21.79,35.23,9815.39,157.00
10045594,21.78,35.21,8803.95,154.00
10048594,21.79,35.21,7949.48,154.00
10051594,21.79,35.21,9448.42,154.00
10054594,21.78,35.21,10947.83,154.00
10057594,21.78,35.23,7041.72,156.00
10060594,21.79,35.23,9690.18,153.00
10063594,21.79,35.23,9412.14,153.00
10066594,21.79,35.21,10600.55,155.00
10069594,21.79,35.20,7998.19,154.00
10072594,21.79,35.21,7415.12,149.00
10075594,21.80,35.24,9330.78,154.00
10078594,21.80,35.25,8308.66,154.00
10081594,21.80,35.25,8345.17,154.00
10084594,21.81,35.25,8008.58,164.00
10087594,21.81,35.24,7068.33,155.00
10090594,21.81,35.24,8097.56,156.00
10093594,21.81,35.24,7865.81,155.00
10096594,21.81,35.23,8604.62,154.00
10099594,21.81,35.23,9396.75,154.00
10102594,21.82,35.23,9504.51,156.00
10105594,21.82,35.24,7367.99,154.00
10108594,21.82,35.23,8178.75,153.00
10111594,21.82,35.23,7294.48,154.00
10114594,21.82,35.23,7559.32,154.00
10117594,21.82,35.22,8696.56,155.00
10120594,21.83,35.22,8088.25,156.00
10123594,21.83,35.22,8227.98,153.00
10126594,21.83,35.22,6808.33,154.00
10129594,21.83,35.22,9027.30,154.00
10132594,21.83,35.22,11498.29,154.00
10135594,21.83,35.19,7174.82,153.00
10138594,21.83,35.19,9099.86,153.00
10141594,21.83,35.21,10659.45,154.00
10144594,21.82,35.20,10886.58,155.00
10147594,21.82,35.22,7575.06,154.00
10150594,21.83,35.22,8043.59,154.00
10153594,21.82,35.23,7078.15,153.00
10156594,21.82,35.23,7743.29,153.00
10159594,21.82,35.24,7624.65,153.00
10162594,21.82,35.24,7317.22,153.00
10165594,21.83,35.24,7470.17,152.00
10168594,21.82,35.25,7246.71,153.00
10171594,21.82,35.27,7021.28,152.00
10174594,21.82,35.27,7987.45,153.00
10177594,21.82,35.28,7721.57,153.00
10180594,21.82,35.28,8016.44,154.00
10183594,21.82,35.28,8408.26,152.00
10186594,21.82,35.28,7014.73,152.00
10189594,21.82,35.29,7078.87,152.00
10192594,21.82,35.29,7853.74,145.00
10195594,21.82,35.29,7774.99,151.00
10198594,21.82,35.28,9171.39,151.00
10201594,21.82,35.29,7607.27,151.00
10204594,21.82,35.29,7361.51,151.00
10207594,21.83,35.29,8477.69,151.00
10210594,21.83,35.28,8189.51,151.00
10213594,21.83,35.28,8562.36,150.00
10216594,21.83,35.28,11055.33,151.00
10219594,21.83,35.28,14251.29,151.00
10222594,21.84,35.28,9104.65,153.00
10225594,21.84,35.27,7176.67,152.00
10228594,21.83,35.27,6737.56,152.00
10231594,21.83,35.27,8393.64,152.00
10234594,21.84,35.27,7243.73,151.00
10237594,21.84,35.27,7461.79,150.00
10240594,21.83,35.27,7304.99,150.00
10243594,21.83,35.28,9059.52,149.00
10246594,21.83,35.27,9671.89,150.00
10249594,21.84,35.28,7973.45,149.00
10252594,21.84,35.28,7308.32,148.00
10255594,21.84,35.27,6924.50,149.00
10258594,21.83,35.29,8689.07,150.00
10261594,21.84,35.29,8813.52,149.00
10264594,21.84,35.30,14484.75,150.00
10267594,21.83,35.29,7412.11,150.00
10270594,21.84,35.30,10045.76,147.00
10273594,21.84,35.30,8756.99,141.00
10276594,21.84,35.27,7097.02,146.00
10279594,21.84,35.25,7869.36,146.00
10282594,21.84,35.26,7147.62,147.00
10285594,21.85,35.24,6751.12,147.00
10288594,21.84,35.24,6811.83,146.00
10291594,21.84,35.24,7334.35,144.00
10294594,21.84,35.24,6942.12,146.00
10297594,21.84,35.26,8862.32,146.00
10300594,21.84,35.24,8292.42,144.00
10303594,21.84,35.23,8836.11,145.00
10306594,21.84,35.23,7366.77,145.00
10309594,21.84,35.23,7664.50,143.00
10312594,21.84,35.24,7767.57,143.00
10315594,21.84,35.26,9528.66,145.00
10318594,21.84,35.26,7362.74,143.00
10321594,21.84,35.24,8141.94,144.00
10324594,21.85,35.24,8264.19,143.00
10327594,21.86,35.26,7255.45,143.00
10330594,21.86,35.26,7268.37,142.00
10333594,21.86,35.25,6828.90,135.00
10336594,21.86,35.23,6833.58,142.00
10339594,21.86,35.22,7529.74,142.00
10342594,21.86,35.21,7599.16,142.00
10345594,21.86,35.21,8187.94,141.00
10348594,21.87,35.21,12093.18,140.00
10351594,21.87,35.18,8740.35,141.00
10354594,21.87,35.16,10833.89,143.00
10357594,21.86,35.16,10119.55,140.00
10360594,21.86,35.17,9423.53,133.00
10363594,21.86,35.16,10762.25,149.00
10366594,21.86,35.15,7285.24,142.00
10369594,21.85,35.14,8324.60,139.00
10372594,21.86,35.13,8006.05,144.00
10375594,21.86,35.15,10020.49,143.00
10378594,21.86,35.15,7629.52,139.00
10381594,21.86,35.13,8993.07,141.00
10384594,21.86,35.13,10121.91,134.00
10387594,21.86,35.13,13008.03,139.00
10390594,21.86,35.13,8276.91,140.00
10393594,21.85,35.13,10193.22,145.00
10396594,21.85,35.13,8041.68,140.00
10399594,21.85,35.12,6870.48,139.00
10402594,21.85,35.12,6047.02,138.00
10405594,21.85,35.13,7524.22,140.00
10408594,21.85,35.12,6569.76,140.00
10411594,21.85,35.10,7026.62,140.00
10414594,21.84,35.11,7780.16,139.00
10417594,21.84,35.11,7400.62,138.00
10420594,21.84,35.10,7042.80,139.00
10423594,21.84,35.11,8083.98,141.00
10426594,21.84,35.11,8351.87,140.00
10429594,21.85,35.12,8016.23,140.00
10432594,21.85,35.11,6255.92,140.00
10435594,21.84,35.10,9774.37,145.00
10438594,21.85,35.11,7797.13,148.00
10441594,21.85,35.11,7675.69,140.00
10444594,21.85,35.12,7118.43,138.00
10447594,21.84,35.13,6674.08,138.00
10450594,21.85,35.11,8000.34,141.00
10453594,21.85,35.11,7022.85,139.00
10456594,21.84,35.12,6411.81,140.00
10459594,21.84,35.12,7533.42,140.00
10462594,21.85,35.13,20753.10,139.00
10465594,21.85,35.14,27315.57,137.00
10468594,21.85,35.13,10808.20,137.00
10471594,21.85,35.13,7763.54,132.00
10474594,21.86,35.12,7953.04,138.00
10477594,21.85,35.11,8360.84,138.00
10480594,21.85,35.11,7883.28,139.00
10483594,21.85,35.10,10333.85,139.00
10486594,21.85,35.07,8536.21,139.00
10489594,21.86,35.08,6545.09,139.00
10492594,21.86,35.06,6955.70,138.00
10495594,21.84,35.06,7360.74,139.00
10498594,21.85,35.08,7254.16,140.00
10501594,21.85,35.10,8136.56,140.00
10504594,21.85,35.10,6841.53,139.00
10507594,21.86,35.12,7698.99,139.00
10510594,21.86,35.15,9990.99,149.00
10513594,21.86,35.15,7489.84,138.00
10516594,21.86,35.16,9817.08,139.00
10519594,21.87,35.16,7221.64,140.00
10522594,21.88,35.16,8470.05,154.00
10525594,21.88,35.17,8230.86,139.00
10528594,21.88,35.17,6611.11,139.00
10531594,21.89,35.17,7764.90,139.00
10534594,21.89,35.15,7806.04,139.00
10537594,21.88,35.15,7100.98,139.00
10540594,21.88,35.15,12206.05,139.00
10543594,21.89,35.15,8177.91,147.00
10546594,21.89,35.16,10384.18,138.00
10549594,21.89,35.15,10292.45,138.00
10552594,21.89,35.15,11885.44,137.00
10555594,21.89,35.15,8595.73,137.00
10558594,21.89,35.14,9262.89,136.00
10561594,21.89,35.12,11696.30,136.00
10564594,21.90,35.12,10451.19,138.00
10567594,21.90,35.12,7850.73,166.00
10570594,21.90,35.13,13702.69,137.00
10573594,21.90,35.14,12721.36,136.00
10576594,21.91,35.14,10321.94,136.00
10579594,21.91,35.13,9862.76,136.00
10582594,21.91,35.11,11248.01,135.00
10585594,21.91,35.09,9010.93,135.00
10588594,21.92,35.09,13819.46,137.00
10591594,21.92,35.08,10106.52,135.00
10594594,21.92,35.06,9214.51,135.00
10597594,21.91,35.04,12681.78,134.00
10600594,21.91,35.04,10421.70,137.00
10603594,21.92,35.06,7553.41,138.00
10606594,21.92,35.06,8640.77,136.00
10609594,21.92,35.05,9143.14,136.00
10612594,21.91,35.04,8844.29,135.00
10615594,21.92,35.03,8414.22,138.00
10618594,21.92,35.04,9266.37,136.00
10621594,21.92,35.04,11810.71,136.00
10624594,21.92,35.03,10702.27,136.00
10627594,21.92,35.03,8866.83,136.00
10630594,21.91,35.01,10497.62,135.00
10633594,21.92,35.03,7827.58,135.00
10636594,21.92,35.01,9937.44,134.00
10639594,21.92,35.03,8268.96,136.00
10642594,21.92,35.04,11893.03,136.00
10645594,21.92,35.06,8950.53,136.00
10648594,21.92,35.04,10749.59,135.00
10651594,21.92,35.04,9673.00,135.00
10654594,21.92,35.05,10426.05,134.00
10657594,21.92,35.05,13455.78,145.00
10660594,21.92,35.06,11483.61,140.00
10663594,21.92,35.08,10019.30,134.00
10666594,21.93,35.08,7971.80,135.00
10669594,21.93,35.04,8912.84,135.00
10672594,21.93,35.00,15375.91,135.00
10675594,21.93,35.00,11819.63,135.00
10678594,21.92,35.03,18504.42,136.00
10681594,21.92,35.05,12809.14,136.00
10684594,21.92,35.03,22144.98,142.00
10687594,21.92,35.01,17787.66,134.00
10690594,21.92,35.01,14567.35,135.00
10693594,21.91,35.05,16755.04,135.00
10696594,21.92,35.08,21276.60,135.00
10699594,21.91,35.06,26413.76,134.00
10702594,21.91,35.06,22474.66,139.00
10705594,21.91,35.06,18297.93,137.00
10708594,21.91,35.06,13655.95,136.00
10711594,21.91,35.06,11992.89,135.00
10714594,21.91,35.05,12542.16,134.00
10717594,21.91,35.05,16346.96,139.00
10720594,21.91,35.05,16152.06,135.00
10723594,21.91,35.05,13404.06,135.00
10726594,21.91,35.06,11843.46,135.00
10729594,21.91,35.06,11154.11,134.00
10732594,21.90,35.05,13251.64,135.00
10735594,21.90,35.05,13058.45,135.00
10738594,21.91,35.05,12138.05,137.00
10741594,21.91,35.04,12053.99,136.00
10744594,21.91,35.03,17756.16,143.00
10747594,21.91,35.03,14868.13,136.00
10750594,21.90,35.03,16548.70,136.00
10753594,21.90,35.04,12891.52,136.00
10756594,21.90,35.05,14759.44,135.00
10759594,21.90,35.04,13102.13,136.00
10762594,21.91,35.05,13684.70,135.00
10765594,21.90,35.05,14257.00,134.00
10768594,21.90,35.05,12395.21,134.00
10771594,21.90,35.05,11365.44,133.00
10774594,21.90,35.04,12822.93,133.00
10777594,21.89,35.06,15935.59,133.00
10780594,21.89,35.06,11437.95,134.00
10783594,21.89,35.07,18107.57,134.00
10786594,21.90,35.08,12413.89,133.00
10789594,21.90,35.08,21259.54,133.00
10792594,21.90,35.08,19874.32,136.00
10795594,21.90,35.09,14140.20,132.00
10798594,21.90,35.08,16074.09,133.00
10801594,21.90,35.06,22229.25,128.00
10804594,21.89,35.03,34748.45,135.00
10807594,21.90,35.04,19688.51,133.00
10810594,21.89,35.03,17515.94,133.00
10813594,21.89,35.04,15175.46,133.00
10816594,21.89,35.05,20999.52,133.00
10819594,21.89,35.05,26347.61,133.00
10822594,21.89,35.05,20021.95,136.00
10825594,21.89,35.04,20616.21,133.00
10828594,21.89,35.04,20781.89,138.00
10831594,21.89,35.04,29921.15,138.00
10834594,21.89,35.04,30659.44,133.00
10837594,21.89,35.00,21945.54,133.00
10840594,21.89,34.96,16674.77,132.00
10843594,21.89,34.98,18035.86,134.00
10846594,21.89,34.98,24934.06,136.00
10849594,21.88,34.98,23311.77,137.00
10852594,21.88,34.98,23213.07,135.00
10855594,21.88,34.99,28443.20,135.00
10858594,21.88,34.99,16596.37,135.00
10861594,21.88,35.00,17488.01,133.00
10864594,21.87,35.00,15404.75,134.00
10867594,21.88,35.01,19435.95,136.00
10870594,21.88,35.04,14947.21,136.00
10873594,21.88,35.06,21535.17,135.00
10876594,21.88,35.04,19855.39,137.00
10879594,21.88,35.04,14988.39,136.00
10882594,21.88,35.05,13893.72,137.00
10885594,21.89,35.05,16505.14,137.00
10888594,21.89,35.05,14773.51,139.00
10891594,21.89,35.01,22581.30,137.00
10894594,21.89,35.00,15876.93,136.00
10897594,21.89,35.01,16604.69,138.00
10900594,21.89,34.99,13438.47,137.00
10903594,21.89,35.00,23198.50,134.00
10906594,21.89,34.99,16000.74,134.00
10909594,21.89,34.99,14356.31,136.00
10912594,21.88,34.99,15419.81,149.00
10915594,21.88,35.00,33115.07,134.00
10918594,21.88,34.99,18588.91,140.00
10921594,21.89,35.00,22698.43,136.00
10924594,21.88,35.00,19257.44,93.00
