Timestamp,Temperature (C),Humidity (%),Sound,Light
4085,22.19,29.26,0.00,614.00
7085,22.45,28.95,43645.01,642.00
10085,22.45,28.85,24461.71,644.00
13085,22.45,28.82,32673.80,646.00
16085,22.45,28.86,43991.20,646.00
19085,22.44,28.86,28175.66,646.00
22085,22.44,28.84,24858.26,645.00
25085,22.43,28.87,30238.21,645.00
28085,22.42,28.80,36821.81,642.00
31085,22.42,28.79,39637.44,640.00
34085,22.41,28.80,41119.76,637.00
37085,22.40,28.83,27804.77,634.00
40085,22.40,28.84,20296.91,632.00
43085,22.39,28.84,32798.80,628.00
46085,22.38,28.81,19667.36,625.00
49085,22.37,28.79,28117.90,622.00
52085,22.36,28.73,35938.63,618.00
55085,22.36,28.66,36310.87,616.00
58085,22.35,28.65,28975.53,613.00
61085,22.34,28.61,31984.78,610.00
64085,22.33,28.55,29340.36,607.00
67085,22.33,28.53,34191.87,605.00
70085,22.32,28.53,24497.00,602.00
73085,22.31,28.52,28475.21,600.00
76085,22.30,28.59,36354.95,598.00
79085,22.28,28.61,21750.03,596.00
82085,22.28,28.63,28981.77,594.00
85085,22.27,28.57,24744.70,594.00
88085,22.26,28.53,18230.58,594.00
91085,22.25,28.52,17541.56,593.00
94085,22.24,28.53,17581.24,593.00
97085,22.23,28.53,26848.36,593.00
100085,22.23,28.53,33866.25,594.00
103085,22.22,28.53,48918.41,592.00
106085,22.20,28.54,32557.75,590.00
109085,22.20,28.56,28528.29,591.00
112085,22.19,28.54,27769.92,590.00
115085,22.18,28.55,23573.56,589.00
118085,22.17,28.54,29480.46,588.00
121085,22.16,28.51,37744.61,587.00
124085,22.15,28.50,47930.71,584.00
127085,22.14,28.46,32664.03,584.00
130085,22.13,28.47,49920.95,583.00
133085,22.12,28.49,43456.03,581.00
136085,22.11,28.51,31242.12,580.00
139085,22.10,28.52,43830.36,579.00
142085,22.09,28.50,43968.99,578.00
145085,22.08,28.50,47631.95,576.00
148085,22.07,28.52,38489.80,577.00
151085,22.06,28.53,48920.80,575.00
154085,22.05,28.54,48080.25,576.00
157085,22.05,28.57,49999.46,575.00
160085,22.03,28.60,38357.12,611.00
163085,22.03,28.61,49999.46,582.00
166085,22.02,28.62,48930.58,584.00
169085,22.01,28.56,49999.46,579.00
172085,22.01,28.51,49988.65,580.00
175085,22.00,28.53,43703.45,580.00
178085,21.99,28.53,49977.20,582.00
181085,21.98,28.54,49280.17,563.00
184085,21.98,28.56,49116.61,584.00
187085,21.97,28.57,47973.24,584.00
190085,21.96,28.55,46616.65,585.00
193085,21.95,28.55,42969.78,584.00
196085,21.94,28.56,46951.41,582.00
199085,21.93,28.58,26333.08,581.00
202085,21.92,28.64,38821.45,581.00
205085,21.91,28.68,45774.85,580.00
208085,21.90,28.74,49999.46,579.00
211085,21.89,28.80,49999.46,581.00
214085,21.89,28.84,49999.46,565.00
217085,21.88,28.87,49999.46,583.00
220085,21.87,28.91,49999.46,583.00
223085,21.87,28.95,49028.16,584.00
226085,21.86,28.98,44046.60,586.00
229085,21.85,29.04,40497.05,587.00
232085,21.84,29.09,38250.35,585.00
235085,21.83,29.11,31155.72,586.00
238085,21.83,29.16,35384.39,587.00
241085,21.82,29.19,28365.21,588.00
244085,21.81,29.21,40893.98,588.00
247085,21.81,29.23,38391.45,587.00
250085,21.80,29.25,47026.41,587.00
253085,21.80,29.26,30344.07,586.00
256085,21.78,29.28,48998.33,585.00
259085,21.78,29.29,49931.14,584.00
262085,21.77,29.33,23384.52,582.00
265085,21.77,29.34,29944.62,579.00
268085,21.76,29.39,26572.95,584.00
271085,21.76,29.40,48135.20,581.00
274085,21.75,29.41,44685.53,583.00
277085,21.75,29.42,43766.89,581.00
280085,21.74,29.45,38158.73,581.00
283085,21.74,29.45,27839.25,579.00
286085,21.73,29.47,38927.46,579.00
289085,21.72,29.48,39958.70,578.00
292085,21.72,29.50,49956.89,578.00
295085,21.71,29.48,48679.53,613.00
298085,21.71,29.45,31895.74,577.00
301085,21.70,29.43,31710.26,571.00
304085,21.69,29.41,37814.33,576.00
307085,21.70,29.40,19030.46,576.00
310085,21.69,29.40,9569.88,575.00
313085,21.68,29.41,22835.12,574.00
316085,21.68,29.41,11516.18,574.00
319085,21.67,29.41,17527.06,567.00
322085,21.67,29.41,11973.16,571.00
325085,21.66,29.42,15988.65,570.00
328085,21.66,29.41,11512.47,568.00
331085,21.65,29.42,12396.19,566.00
334085,21.64,29.42,13129.87,565.00
337085,21.63,29.43,24034.98,562.00
340085,21.63,29.44,25163.29,559.00
343085,21.62,29.45,33320.81,557.00
346085,21.62,29.46,12898.94,555.00
349085,21.61,29.46,27460.48,553.00
352085,21.60,29.48,23100.76,532.00
355085,21.60,29.49,18071.01,548.00
358085,21.60,29.51,18145.51,571.00
361085,21.59,29.51,25255.67,544.00
364085,21.58,29.52,19524.72,543.00
367085,21.57,29.54,23487.44,569.00
370085,21.57,29.54,31023.07,540.00
373085,21.57,29.57,47459.62,541.00
376085,21.56,29.58,30684.98,539.00
379085,21.56,29.61,40186.08,540.00
382085,21.55,29.61,46662.96,540.00
385085,21.55,29.62,43082.19,541.00
388085,21.54,29.64,26524.42,542.00
391085,21.54,29.64,28658.72,543.00
394085,21.53,29.65,16927.93,544.00
397085,21.52,29.68,20620.81,545.00
400085,21.52,29.69,24029.43,547.00
403085,21.52,29.70,29225.15,549.00
406085,21.52,29.71,25155.10,550.00
409085,21.50,29.74,34118.93,550.00
412085,21.50,29.75,32293.91,552.00
415085,21.50,29.76,21175.16,551.00
418085,21.50,29.79,47107.88,553.00
421085,21.48,29.80,43006.39,554.00
424085,21.49,29.82,27755.21,554.00
427085,21.48,29.82,43223.89,549.00
430085,21.48,29.85,37501.19,588.00
433085,21.47,29.85,45377.49,555.00
436085,21.47,29.87,28191.85,555.00
439085,21.47,29.87,36044.00,555.00
442085,21.47,29.89,32386.74,556.00
445085,21.46,29.91,38818.62,556.00
448085,21.47,29.92,20301.65,556.00
451085,21.46,29.93,32665.09,556.00
454085,21.45,29.94,27203.64,554.00
457085,21.45,29.95,27283.58,550.00
460085,21.44,29.98,28050.04,554.00
463085,21.44,30.00,26463.61,555.00
466085,21.44,30.03,25060.58,556.00
469085,21.43,30.05,26812.30,556.00
472085,21.43,30.06,23084.02,556.00
475085,21.42,30.07,12304.97,557.00
478085,21.42,30.07,21725.79,557.00
481085,21.42,30.10,26341.03,558.00
484085,21.42,30.13,19815.56,557.00
487085,21.42,30.18,18921.00,538.00
490085,21.41,30.22,21600.44,557.00
493085,21.41,30.26,24324.14,558.00
496085,21.41,30.27,19946.56,556.00
499085,21.40,30.28,16355.00,557.00
502085,21.40,30.29,15966.69,557.00
505085,21.40,30.29,14472.87,556.00
508085,21.40,30.30,17092.45,556.00
511085,21.39,30.30,18849.96,556.00
514085,21.39,30.33,22800.60,555.00
517085,21.39,30.35,24545.04,554.00
520085,21.38,30.35,20596.98,553.00
523085,21.38,30.34,11211.09,553.00
526085,21.37,30.34,18129.37,552.00
529085,21.37,30.36,9966.40,550.00
532085,21.37,30.41,24980.30,551.00
535085,21.36,30.42,20941.29,550.00
538085,21.36,30.45,17866.02,550.00
541085,21.36,30.48,18544.36,550.00
544085,21.35,30.51,19103.44,549.00
547085,21.35,30.52,18907.09,550.00
550085,21.35,30.54,11247.19,550.00
553085,21.35,30.54,14951.82,549.00
556085,21.34,30.56,9815.41,549.00
559085,21.34,30.57,13244.29,550.00
562085,21.34,30.58,21506.47,549.00
565085,21.34,30.59,17281.58,550.00
568085,21.34,30.60,16472.55,549.00
571085,21.33,30.62,15792.27,549.00
574085,21.33,30.63,27989.25,572.00
577085,21.33,30.63,17815.94,548.00
580085,21.33,30.64,14555.27,547.00
583085,21.32,30.65,14867.96,545.00
586085,21.32,30.68,10334.39,546.00
589085,21.32,30.68,12147.78,546.00
592085,21.32,30.68,17369.67,544.00
595085,21.31,30.69,23795.80,544.00
598085,21.31,30.70,16666.09,522.00
601085,21.31,30.71,22534.91,540.00
604085,21.31,30.71,24327.95,538.00
607085,21.30,30.72,17813.59,537.00
610085,21.29,30.72,14789.49,536.00
613085,21.30,30.72,10032.51,533.00
616085,21.29,30.72,19923.77,531.00
619085,21.29,30.71,19672.97,530.00
622085,21.29,30.71,27859.24,527.00
625085,21.29,30.71,14998.17,524.00
628085,21.28,30.70,26175.43,524.00
631085,21.28,30.71,19709.19,522.00
634085,21.27,30.71,17105.58,523.00
637085,21.27,30.73,13376.06,501.00
640085,21.27,30.73,13795.58,520.00
643085,21.27,30.73,15517.74,521.00
646085,21.27,30.75,18735.07,522.00
649085,21.26,30.75,18218.55,521.00
652085,21.26,30.76,16844.84,522.00
655085,21.26,30.77,20682.92,521.00
658085,21.25,30.78,16768.04,519.00
661085,21.25,30.79,10968.26,521.00
664085,21.25,30.79,7774.07,521.00
667085,21.24,30.79,16715.20,522.00
670085,21.25,30.81,22629.98,522.00
673085,21.24,30.79,11983.55,523.00
676085,21.24,30.81,12508.66,522.00
679085,21.24,30.80,9286.45,522.00
682085,21.24,30.80,22150.38,523.00
685085,21.24,30.81,17437.91,523.00
688085,21.24,30.79,19709.35,523.00
691085,21.23,30.79,15661.99,524.00
694085,21.24,30.79,20480.99,525.00
697085,21.23,30.79,15561.86,523.00
700085,21.23,30.82,20835.16,528.00
703085,21.23,30.80,16476.70,529.00
706085,21.22,30.80,14732.50,531.00
709085,21.22,30.82,19279.71,533.00
712085,21.22,30.82,11013.29,535.00
715085,21.21,30.83,17804.28,539.00
718085,21.21,30.84,17970.24,540.00
721085,21.21,30.85,12480.54,545.00
724085,21.21,30.85,10030.62,547.00
727085,21.21,30.86,12136.84,552.00
730085,21.20,30.89,12469.66,554.00
733085,21.21,30.89,13052.83,559.00
736085,21.20,30.91,11499.23,561.00
739085,21.20,30.92,11660.02,565.00
742085,21.20,30.92,12645.10,568.00
745085,21.21,30.92,10561.62,571.00
748085,21.21,30.94,18288.73,573.00
751085,21.20,30.94,23126.91,560.00
754085,21.21,30.92,9767.14,576.00
757085,21.20,30.94,18632.00,579.00
760085,21.20,30.94,17062.30,581.00
763085,21.19,30.94,16419.96,585.00
766085,21.19,30.94,36448.67,586.00
769085,21.20,30.94,24117.05,587.00
772085,21.20,30.96,16745.59,589.00
775085,21.19,30.96,10013.38,592.00
778085,21.19,30.95,10759.86,594.00
781085,21.19,30.96,9984.93,595.00
784085,21.20,30.97,15590.18,593.00
787085,21.19,30.98,10045.43,596.00
790085,21.20,31.01,8351.78,598.00
793085,21.19,31.03,22096.22,600.00
796085,21.19,31.03,11087.08,601.00
799085,21.19,31.04,21818.88,602.00
802085,21.19,31.04,15569.38,605.00
805085,21.19,31.06,11482.62,606.00
808085,21.19,31.08,16327.61,607.00
811085,21.20,31.09,21906.59,608.00
814085,21.19,31.12,17427.63,609.00
817085,21.20,31.12,17166.65,610.00
820085,21.20,31.12,16068.48,611.00
823085,21.20,31.12,17518.16,611.00
826085,21.20,31.16,28419.43,611.00
829085,21.20,31.14,19825.42,614.00
832085,21.21,31.16,19473.38,613.00
835085,21.20,31.14,15717.46,614.00
838085,21.19,31.14,17320.67,615.00
841085,21.21,31.16,10073.69,616.00
844085,21.21,31.16,17201.97,615.00
847085,21.20,31.17,17144.97,615.00
850085,21.20,31.17,18241.90,615.00
853085,21.19,31.16,25463.79,614.00
856085,21.20,31.16,22724.90,613.00
859085,21.20,31.16,25222.36,609.00
862085,21.20,31.17,18580.48,609.00
865085,21.20,31.18,25495.44,601.00
868085,21.20,31.17,9342.64,604.00
871085,21.20,31.18,16232.39,602.00
874085,21.19,31.17,22707.09,601.00
877085,21.19,31.17,22989.77,598.00
880085,21.20,31.17,16933.11,596.00
883085,21.19,31.18,22811.02,594.00
886085,21.19,31.19,11347.99,592.00
889085,21.19,31.20,20296.85,588.00
892085,21.19,31.20,16533.92,588.00
895085,21.19,31.22,22324.91,584.00
898085,21.20,31.20,26040.78,586.00
901085,21.19,31.20,17905.42,584.00
904085,21.19,31.19,26645.46,585.00
907085,21.18,31.18,15695.10,581.00
910085,21.19,31.18,28116.68,582.00
913085,21.18,31.18,22210.99,583.00
916085,21.18,31.18,23459.70,582.00
919085,21.18,31.18,18075.27,581.00
922085,21.18,31.18,18644.29,582.00
925085,21.18,31.19,15291.19,581.00
928085,21.18,31.20,9918.28,580.00
931085,21.18,31.23,27608.07,578.00
934085,21.18,31.24,19781.65,578.00
937085,21.17,31.24,21825.03,578.00
940085,21.17,31.25,13008.11,578.00
943085,21.17,31.26,22748.04,577.00
946085,21.17,31.26,22135.62,576.00
949085,21.17,31.26,25597.98,569.00
952085,21.16,31.26,17848.18,601.00
955085,21.16,31.26,18444.18,575.00
958085,21.16,31.26,15382.64,574.00
961085,21.16,31.25,17160.49,570.00
964085,21.15,31.25,9315.85,573.00
967085,21.15,31.25,12774.97,570.00
970085,21.15,31.26,16085.85,571.00
973085,21.15,31.26,13433.75,583.00
976085,21.15,31.25,8659.00,568.00
979085,21.15,31.25,8211.15,568.00
982085,21.15,31.26,24258.80,567.00
985085,21.15,31.26,14041.69,567.00
988085,21.14,31.29,15929.85,547.00
991085,21.15,31.30,22992.58,567.00
994085,21.15,31.31,12934.65,567.00
997085,21.15,31.32,12095.52,566.00
1000085,21.15,31.33,7718.66,565.00
1003085,21.15,31.33,21571.74,565.00
1006085,21.14,31.35,23794.46,565.00
1009085,21.14,31.36,14978.80,566.00
1012085,21.14,31.38,21906.42,566.00
1015085,21.13,31.39,20853.58,567.00
1018085,21.14,31.41,15291.76,568.00
1021085,21.13,31.41,23100.57,569.00
1024085,21.13,31.41,24519.65,569.00
1027085,21.13,31.42,20563.65,570.00
1030085,21.13,31.42,16351.52,570.00
1033085,21.13,31.42,26810.11,573.00
1036085,21.13,31.42,13257.49,569.00
1039085,21.13,31.42,10899.07,571.00
1042085,21.14,31.42,31876.69,607.00
1045085,21.13,31.43,21595.83,571.00
1048085,21.13,31.43,14557.42,572.00
1051085,21.13,31.42,16185.55,573.00
1054085,21.13,31.42,17212.98,571.00
1057085,21.13,31.42,17848.90,571.00
1060085,21.13,31.41,15502.69,571.00
1063085,21.13,31.39,13205.50,570.00
1066085,21.13,31.42,18351.02,570.00
1069085,21.13,31.41,14963.97,570.00
1072085,21.12,31.41,19942.27,569.00
1075085,21.12,31.41,20524.04,570.00
1078085,21.11,31.41,20392.35,569.00
1081085,21.12,31.41,21428.07,569.00
1084085,21.11,31.43,10972.17,569.00
1087085,21.11,31.43,20525.73,569.00
1090085,21.12,31.43,16868.49,568.00
1093085,21.11,31.44,16411.55,568.00
1096085,21.10,31.46,14461.96,568.00
1099085,21.11,31.50,24105.62,569.00
1102085,21.11,31.53,13748.53,569.00
1105085,21.11,31.55,8880.62,573.00
1108085,21.11,31.54,8994.25,570.00
1111085,21.11,31.51,9707.13,568.00
1114085,21.11,31.51,19563.40,570.00
1117085,21.10,31.51,24391.17,569.00
1120085,21.10,31.51,21762.66,570.00
1123085,21.10,31.54,11916.87,569.00
1126085,21.10,31.54,32238.85,572.00
1129085,21.09,31.53,12662.43,552.00
1132085,21.10,31.49,23330.36,572.00
1135085,21.10,31.49,26272.02,574.00
1138085,21.10,31.50,32948.96,575.00
1141085,21.10,31.48,26721.89,576.00
1144085,21.11,31.44,23786.64,576.00
1147085,21.11,31.43,21925.89,575.00
1150085,21.11,31.42,14541.04,570.00
1153085,21.11,31.43,26527.44,578.00
1156085,21.11,31.43,14945.09,575.00
1159085,21.11,31.43,17910.40,574.00
1162085,21.11,31.44,19959.73,572.00
1165085,21.11,31.43,14437.25,572.00
1168085,21.11,31.42,14641.59,571.00
1171085,21.12,31.42,15725.70,571.00
1174085,21.12,31.41,20938.60,569.00
1177085,21.11,31.41,22859.38,569.00
1180085,21.11,31.42,26164.43,571.00
1183085,21.11,31.43,26977.44,568.00
1186085,21.11,31.43,20116.78,568.00
1189085,21.11,31.43,17480.63,568.00
1192085,21.11,31.43,15743.64,567.00
1195085,21.11,31.44,13041.66,567.00
1198085,21.11,31.44,16997.94,564.00
1201085,21.10,31.44,22323.95,564.00
1204085,21.10,31.45,26057.42,561.00
1207085,21.10,31.45,47539.70,561.00
1210085,21.10,31.46,30426.47,561.00
1213085,21.10,31.48,39889.18,560.00
1216085,21.09,31.48,34614.21,557.00
1219085,21.09,31.46,29700.39,558.00
1222085,21.09,31.49,20664.42,559.00
1225085,21.09,31.50,37245.54,560.00
1228085,21.09,31.49,34817.35,560.00
1231085,21.09,31.49,21577.46,559.00
1234085,21.09,31.50,20177.47,559.00
1237085,21.09,31.50,15117.49,560.00
1240085,21.09,31.50,13685.62,567.00
1243085,21.09,31.49,19386.66,563.00
1246085,21.09,31.50,11959.18,566.00
1249085,21.09,31.51,14888.67,567.00
1252085,21.10,31.53,19611.61,570.00
1255085,21.10,31.54,25549.55,571.00
1258085,21.10,31.54,23319.69,572.00
1261085,21.10,31.51,18600.07,576.00
1264085,21.10,31.50,9110.04,579.00
1267085,21.10,31.50,34206.36,616.00
1270085,21.09,31.50,43148.48,585.00
1273085,21.09,31.50,23309.29,623.00
1276085,21.09,31.50,21717.89,592.00
1279085,21.09,31.51,16918.99,595.00
1282085,21.09,31.51,14834.23,599.00
1285085,21.09,31.51,8584.40,602.00
1288085,21.09,31.51,26184.06,606.00
1291085,21.09,31.51,24165.49,609.00
1294085,21.08,31.52,15218.27,611.00
1297085,21.09,31.51,17787.33,614.00
1300085,21.08,31.51,13067.57,617.00
1303085,21.08,31.51,13298.68,620.00
1306085,21.08,31.52,9120.65,622.00
1309085,21.08,31.52,9851.94,626.00
1312085,21.08,31.51,12027.42,627.00
1315085,21.08,31.52,29822.07,630.00
1318085,21.08,31.52,26238.68,631.00
1321085,21.08,31.52,32043.64,632.00
1324085,21.08,31.52,19322.27,632.00
1327085,21.08,31.54,19178.21,632.00
1330085,21.08,31.52,28584.47,632.00
1333085,21.07,31.51,13890.33,631.00
1336085,21.07,31.50,11667.81,631.00
1339085,21.07,31.50,7811.36,630.00
1342085,21.07,31.49,9116.86,629.00
1345085,21.07,31.50,18644.84,620.00
1348085,21.07,31.49,21487.00,626.00
1351085,21.06,31.49,17769.18,621.00
1354085,21.06,31.49,19032.54,624.00
1357085,21.06,31.49,22870.69,621.00
1360085,21.06,31.50,22537.42,622.00
1363085,21.06,31.50,13837.66,620.00
1366085,21.05,31.51,16236.00,655.00
1369085,21.06,31.51,20673.63,616.00
1372085,21.06,31.51,14164.64,614.00
1375085,21.05,31.50,17620.16,614.00
1378085,21.06,31.49,13966.81,612.00
1381085,21.05,31.49,8138.47,612.00
1384085,21.05,31.47,9444.84,612.00
1387085,21.05,31.47,25732.22,610.00
1390085,21.05,31.47,14420.39,610.00
1393085,21.05,31.49,10084.59,610.00
1396085,21.05,31.47,13158.09,610.00
1399085,21.04,31.47,19006.11,610.00
1402085,21.05,31.47,21200.83,609.00
1405085,21.04,31.49,10337.00,609.00
1408085,21.04,31.47,10972.88,608.00
1411085,21.04,31.48,20757.92,608.00
1414085,21.04,31.50,20102.52,601.00
1417085,21.03,31.50,16167.69,607.00
1420085,21.03,31.50,12337.29,606.00
1423085,21.03,31.51,9563.74,605.00
1426085,21.03,31.51,21991.29,604.00
1429085,21.02,31.52,17380.61,603.00
1432085,21.03,31.51,47918.29,603.00
1435085,21.02,31.51,49999.46,601.00
1438085,21.03,31.51,49999.46,600.00
1441085,21.02,31.50,49386.59,600.00
1444085,21.03,31.50,49997.90,600.00
1447085,21.02,31.50,42209.94,597.00
1450085,21.02,31.48,49997.90,598.00
1453085,21.02,31.50,48641.31,598.00
1456085,21.02,31.48,49887.75,597.00
1459085,21.02,31.48,38591.77,597.00
1462085,21.02,31.50,34384.34,597.00
1465085,21.02,31.50,39633.45,596.00
1468085,21.02,31.50,42946.72,596.00
1471085,21.02,31.48,40267.51,596.00
1474085,21.02,31.48,40060.47,597.00
1477085,21.02,31.50,19506.74,595.00
1480085,21.01,31.50,8322.42,595.00
1483085,21.01,31.50,10067.72,591.00
1486085,21.01,31.48,8702.37,591.00
1489085,21.01,31.48,19150.04,588.00
1492085,21.01,31.47,15264.20,585.00
1495085,21.01,31.48,9629.36,582.00
1498085,21.00,31.49,10721.23,577.00
1501085,21.00,31.51,19403.03,574.00
1504085,21.00,31.49,20038.88,568.00
1507085,21.00,31.51,14349.44,567.00
1510085,21.00,31.51,26153.24,592.00
1513085,21.00,31.52,9597.81,561.00
1516085,20.99,31.52,7854.49,551.00
1519085,20.99,31.52,7950.05,546.00
1522085,21.00,31.52,23289.27,541.00
1525085,20.99,31.53,49957.58,535.00
1528085,20.99,31.52,34039.40,532.00
1531085,20.98,31.52,15284.33,526.00
1534085,20.98,31.51,20084.16,523.00
1537085,20.99,31.52,21026.87,520.00
1540085,20.98,31.53,29098.85,514.00
1543085,20.99,31.54,24720.33,509.00
1546085,20.98,31.53,20129.63,507.00
1549085,20.98,31.53,12973.02,502.00
1552085,20.98,31.53,23084.48,499.00
1555085,20.98,31.53,20185.66,495.00
1558085,20.98,31.53,23262.07,492.00
1561085,20.97,31.53,21114.67,488.00
1564085,20.98,31.53,33712.27,469.00
1567085,20.97,31.54,16006.80,482.00
1570085,20.98,31.54,26947.02,480.00
1573085,20.97,31.53,14532.78,460.00
1576085,20.97,31.54,24380.24,474.00
1579085,20.97,31.55,14430.07,471.00
1582085,20.97,31.55,13696.32,469.00
1585085,20.97,31.57,8908.37,466.00
1588085,20.97,31.55,24838.66,461.00
1591085,20.97,31.55,8784.14,462.00
1594085,20.97,31.54,13078.83,460.00
1597085,20.97,31.54,8726.00,457.00
1600085,20.97,31.53,17438.44,454.00
1603085,20.97,31.53,15925.53,454.00
1606085,20.97,31.52,15674.42,449.00
1609085,20.97,31.52,35227.30,450.00
1612085,20.97,31.52,34459.36,448.00
1615085,20.96,31.50,39158.50,452.00
1618085,20.96,31.52,25263.97,446.00
1621085,20.96,31.50,26865.99,442.00
1624085,20.96,31.50,48596.09,443.00
1627085,20.96,31.50,39613.70,443.00
1630085,20.96,31.50,28059.20,442.00
1633085,20.96,31.52,25471.86,424.00
1636085,20.96,31.53,34189.82,443.00
1639085,20.95,31.54,22121.41,441.00
1642085,20.95,31.54,8527.60,441.00
1645085,20.95,31.55,43534.03,441.00
1648085,20.95,31.59,20746.08,441.00
1651085,20.95,31.59,23700.09,442.00
1654085,20.95,31.60,48182.55,439.00
1657085,20.95,31.60,34585.94,440.00
1660085,20.95,31.58,16471.91,440.00
1663085,20.96,31.59,22443.57,442.00
1666085,20.96,31.61,25560.05,442.00
1669085,20.96,31.62,15295.41,443.00
1672085,20.96,31.64,42111.83,444.00
1675085,20.96,31.64,17617.75,446.00
1678085,20.96,31.64,43471.19,447.00
1681085,20.96,31.64,32713.43,449.00
1684085,20.96,31.70,23633.38,430.00
1687085,20.96,31.71,28634.10,452.00
1690085,20.97,31.70,18602.68,455.00
1693085,20.97,31.70,29631.54,456.00
1696085,20.97,31.69,45909.10,459.00
1699085,20.97,31.67,26224.41,460.00
1702085,20.97,31.67,29707.66,462.00
1705085,20.97,31.69,23267.00,463.00
1708085,20.97,31.67,18665.36,488.00
1711085,20.97,31.69,14518.73,466.00
1714085,20.97,31.67,20685.13,465.00
1717085,20.97,31.69,36027.21,470.00
1720085,20.98,31.69,28302.31,470.00
1723085,20.98,31.70,30545.31,472.00
1726085,20.98,31.69,20835.21,473.00
1729085,20.98,31.69,23693.42,474.00
1732085,20.97,31.69,22408.21,476.00
1735085,20.98,31.69,20283.27,478.00
1738085,20.98,31.67,14688.57,479.00
1741085,20.98,31.66,35884.08,480.00
1744085,20.97,31.66,34397.74,480.00
1747085,20.97,31.66,11435.79,506.00
1750085,20.97,31.66,22266.09,484.00
1753085,20.97,31.67,21906.48,484.00
1756085,20.97,31.66,29196.10,486.00
1759085,20.97,31.66,31152.42,486.00
1762085,20.97,31.66,38193.94,486.00
1765085,20.97,31.66,30007.84,491.00
1768085,20.97,31.66,33790.04,490.00
1771085,20.97,31.66,38395.62,493.00
1774085,20.97,31.67,18921.80,496.00
1777085,20.97,31.69,38704.19,499.00
1780085,20.97,31.69,21329.38,500.00
1783085,20.97,31.69,20267.17,503.00
1786085,20.96,31.70,18496.76,504.00
1789085,20.96,31.71,35574.70,506.00
1792085,20.96,31.72,16221.06,533.00
1795085,20.95,31.72,24548.17,512.00
1798085,20.96,31.73,17094.19,512.00
1801085,20.96,31.76,18920.24,514.00
1804085,20.95,31.78,16389.91,515.00
1807085,20.95,31.77,23806.37,516.00
1810085,20.94,31.76,20792.75,520.00
1813085,20.95,31.73,17956.70,519.00
1816085,20.95,31.72,27366.61,521.00
1819085,20.95,31.72,17394.79,522.00
1822085,20.94,31.71,13867.65,522.00
1825085,20.95,31.71,20975.31,526.00
1828085,20.95,31.70,22386.61,524.00
1831085,20.94,31.70,19659.69,525.00
1834085,20.94,31.68,14327.51,527.00
1837085,20.94,31.68,27570.02,527.00
1840085,20.94,31.67,16439.83,527.00
1843085,20.94,31.68,29107.99,527.00
1846085,20.94,31.71,24681.57,529.00
1849085,20.94,31.70,13961.73,529.00
1852085,20.94,31.70,22226.12,529.00
1855085,20.94,31.72,10455.39,531.00
1858085,20.93,31.71,38103.50,530.00
1861085,20.93,31.72,18899.01,529.00
1864085,20.93,31.71,24053.41,530.00
1867085,20.93,31.72,27081.63,530.00
1870085,20.93,31.71,8712.62,533.00
1873085,20.93,31.71,35238.54,531.00
1876085,20.93,31.72,24136.23,535.00
1879085,20.93,31.72,25156.76,565.00
1882085,20.93,31.72,17012.38,538.00
1885085,20.93,31.72,17426.46,540.00
1888085,20.93,31.73,23360.12,540.00
1891085,20.93,31.74,18956.08,543.00
1894085,20.93,31.74,17685.08,544.00
1897085,20.92,31.74,15658.47,546.00
1900085,20.92,31.73,20639.18,548.00
1903085,20.92,31.73,19318.20,550.00
1906085,20.92,31.74,14402.38,552.00
1909085,20.92,31.76,11144.45,554.00
1912085,20.92,31.76,10606.11,557.00
1915085,20.92,31.73,7721.92,559.00
1918085,20.93,31.73,16848.96,561.00
1921085,20.92,31.73,13933.42,563.00
1924085,20.93,31.71,22213.70,562.00
1927085,20.93,31.71,25885.75,565.00
1930085,20.93,31.70,26401.99,567.00
1933085,20.93,31.70,30447.41,568.00
1936085,20.93,31.71,23024.93,606.00
1939085,20.94,31.71,21935.15,567.00
1942085,20.93,31.72,16274.67,572.00
1945085,20.94,31.72,18020.93,572.00
1948085,20.94,31.72,9176.08,574.00
1951085,20.94,31.72,22509.58,575.00
1954085,20.94,31.72,21456.22,577.00
1957085,20.94,31.72,16039.67,577.00
1960085,20.94,31.72,15304.41,578.00
1963085,20.93,31.70,22431.59,578.00
1966085,20.94,31.70,16830.47,579.00
1969085,20.94,31.70,24562.16,579.00
1972085,20.94,31.70,18579.25,580.00
1975085,20.94,31.68,16914.04,581.00
1978085,20.94,31.67,16455.22,580.00
1981085,20.95,31.67,18355.27,576.00
1984085,20.94,31.66,21942.21,583.00
1987085,20.95,31.66,15671.68,585.00
1990085,20.95,31.65,17162.23,583.00
1993085,20.95,31.64,18659.49,583.00
1996085,20.95,31.65,31212.98,581.00
1999085,20.95,31.67,32017.73,584.00
2002085,20.95,31.69,23072.52,583.00
2005085,20.95,31.70,24418.29,584.00
2008085,20.95,31.72,12252.63,562.00
2011085,20.95,31.72,25757.47,583.00
2014085,20.95,31.75,13627.12,583.00
2017085,20.95,31.77,32359.06,584.00
2020085,20.95,31.78,30146.84,616.00
2023085,20.95,31.78,24896.38,585.00
2026085,20.95,31.78,21893.87,586.00
2029085,20.95,31.78,32133.26,585.00
2032085,20.95,31.77,25562.96,587.00
2035085,20.94,31.75,24802.13,589.00
2038085,20.94,31.73,20833.27,588.00
2041085,20.94,31.73,22123.11,588.00
2044085,20.94,31.73,39103.05,587.00
2047085,20.94,31.75,14198.05,586.00
2050085,20.94,31.73,25006.32,584.00
2053085,20.94,31.73,7635.03,586.00
2056085,20.93,31.72,19555.90,586.00
2059085,20.93,31.72,23082.91,585.00
2062085,20.93,31.72,24472.63,584.00
2065085,20.94,31.71,12102.83,582.00
2068085,20.93,31.71,21435.04,581.00
2071085,20.93,31.72,25949.31,579.00
2074085,20.94,31.72,21663.38,576.00
2077085,20.93,31.73,28863.11,576.00
2080085,20.93,31.75,13692.09,574.00
2083085,20.94,31.77,8069.72,571.00
2086085,20.93,31.79,18103.46,569.00
2089085,20.94,31.79,15651.57,568.00
2092085,20.94,31.79,13932.54,566.00
2095085,20.94,31.78,11145.37,559.00
2098085,20.94,31.79,18939.54,562.00
2101085,20.94,31.79,18639.16,559.00
2104085,20.94,31.81,9243.32,559.00
2107085,20.94,31.78,24682.82,556.00
2110085,20.95,31.78,17452.82,555.00
2113085,20.94,31.78,17166.32,553.00
2116085,20.94,31.77,17585.79,551.00
2119085,20.95,31.77,12767.25,550.00
2122085,20.94,31.77,13859.90,549.00
2125085,20.95,31.77,9305.38,545.00
2128085,20.95,31.76,8422.96,545.00
2131085,20.95,31.78,12873.47,544.00
2134085,20.94,31.81,26757.18,544.00
2137085,20.94,31.81,22044.35,543.00
2140085,20.94,31.81,25024.81,540.00
2143085,20.94,31.79,26610.06,542.00
2146085,20.94,31.78,23930.82,542.00
2149085,20.95,31.77,33903.23,541.00
2152085,20.95,31.78,41257.32,538.00
2155085,20.95,31.78,27348.95,536.00
2158085,20.94,31.77,27944.08,539.00
2161085,20.95,31.78,22892.88,539.00
2164085,20.95,31.78,28346.49,539.00
2167085,20.94,31.79,19816.59,539.00
2170085,20.95,31.79,14338.72,539.00
2173085,20.95,31.81,26549.32,540.00
2176085,20.95,31.81,21511.09,539.00
2179085,20.94,31.82,15515.48,539.00
2182085,20.94,31.82,21236.84,540.00
2185085,20.94,31.82,27859.85,541.00
2188085,20.94,31.82,21966.92,541.00
2191085,20.94,31.83,33071.50,540.00
2194085,20.94,31.82,22902.93,541.00
2197085,20.94,31.82,28567.84,542.00
2200085,20.94,31.81,19849.45,532.00
2203085,20.94,31.82,25156.85,542.00
2206085,20.94,31.83,14776.25,542.00
2209085,20.94,31.82,24239.00,541.00
2212085,20.94,31.82,17265.74,541.00
2215085,20.94,31.82,21458.90,542.00
2218085,20.95,31.83,22244.96,541.00
2221085,20.94,31.83,24591.32,539.00
2224085,20.94,31.87,18003.78,539.00
2227085,20.94,31.87,26002.75,534.00
2230085,20.94,31.87,28944.46,538.00
2233085,20.94,31.89,16757.63,538.00
2236085,20.94,31.89,24577.74,537.00
2239085,20.94,31.88,13869.24,537.00
2242085,20.94,31.90,10902.50,537.00
2245085,20.94,31.90,14371.83,570.00
2248085,20.94,31.89,30910.52,535.00
2251085,20.94,31.89,22741.74,535.00
2254085,20.94,31.89,30201.21,535.00
2257085,20.94,31.89,11383.27,535.00
2260085,20.94,31.89,21514.73,534.00
2263085,20.95,31.89,12046.22,534.00
2266085,20.94,31.92,27022.79,534.00
2269085,20.95,31.93,26907.47,534.00
2272085,20.95,31.93,26226.26,533.00
2275085,20.95,31.94,7508.06,533.00
2278085,20.95,31.93,17562.56,534.00
2281085,20.95,31.90,14501.29,533.00
2284085,20.95,31.89,17106.41,534.00
2287085,20.95,31.88,10210.45,533.00
2290085,20.95,31.88,10789.22,533.00
2293085,20.95,31.87,17963.81,532.00
2296085,20.95,31.86,21083.12,565.00
2299085,20.95,31.86,25803.67,531.00
2302085,20.95,31.84,17366.06,530.00
2305085,20.95,31.83,18311.71,530.00
2308085,20.95,31.83,18301.82,529.00
2311085,20.95,31.83,42428.93,529.00
2314085,20.95,31.82,21122.59,526.00
2317085,20.94,31.83,16931.81,527.00
2320085,20.94,31.83,32607.33,510.00
2323085,20.94,31.83,24019.66,527.00
2326085,20.94,31.83,32763.38,524.00
2329085,20.95,31.83,18265.14,525.00
2332085,20.95,31.82,28829.56,525.00
2335085,20.94,31.82,33453.43,526.00
2338085,20.94,31.82,24625.46,522.00
2341085,20.94,31.81,17042.21,526.00
2344085,20.94,31.79,16179.71,526.00
2347085,20.94,31.79,14474.19,525.00
2350085,20.94,31.79,26977.68,524.00
2353085,20.93,31.81,27822.24,524.00
2356085,20.93,31.81,48644.18,522.00
2359085,20.94,31.82,31490.29,522.00
2362085,20.93,31.83,18795.62,521.00
2365085,20.93,31.81,28864.19,522.00
2368085,20.93,31.81,25916.07,521.00
2371085,20.93,31.81,27427.46,520.00
2374085,20.92,31.83,10878.68,518.00
2377085,20.93,31.82,30047.69,499.00
2380085,20.93,31.82,17891.70,518.00
2383085,20.93,31.83,23714.16,516.00
2386085,20.93,31.84,11875.88,515.00
2389085,20.93,31.84,18353.92,515.00
2392085,20.93,31.83,12793.86,514.00
2395085,20.94,31.84,32142.11,511.00
2398085,20.93,31.84,22670.45,511.00
2401085,20.93,31.87,22663.60,511.00
2404085,20.93,31.88,16905.53,509.00
2407085,20.93,31.89,25958.79,507.00
2410085,20.93,31.90,27539.63,508.00
2413085,20.93,31.89,13908.39,508.00
2416085,20.93,31.92,19082.47,507.00
2419085,20.93,31.92,28603.13,486.00
2422085,20.93,31.92,19630.55,502.00
2425085,20.93,31.92,21215.04,501.00
2428085,20.93,31.93,9054.94,500.00
2431085,20.93,31.92,24453.36,499.00
2434085,20.93,31.92,12990.27,498.00
2437085,20.93,31.93,28437.77,495.00
2440085,20.93,31.93,16766.13,492.00
2443085,20.92,31.93,17534.07,491.00
2446085,20.93,31.90,19191.40,489.00
2449085,20.93,31.88,10756.38,486.00
2452085,20.93,31.87,22159.62,485.00
2455085,20.92,31.85,40210.12,482.00
2458085,20.92,31.85,22585.81,478.00
2461085,20.93,31.85,11481.78,472.00
2464085,20.93,31.85,24752.21,474.00
2467085,20.92,31.84,9160.83,471.00
2470085,20.92,31.84,29263.16,466.00
2473085,20.92,31.84,23682.06,466.00
2476085,20.91,31.84,19297.96,465.00
2479085,20.92,31.83,30912.68,463.00
2482085,20.91,31.83,28027.47,460.00
2485085,20.91,31.84,13544.14,457.00
2488085,20.91,31.84,30361.85,455.00
2491085,20.91,31.84,25426.72,454.00
2494085,20.90,31.84,22553.35,453.00
2497085,20.91,31.86,22311.84,462.00
2500085,20.90,31.90,32018.38,450.00
2503085,20.91,31.88,22182.49,450.00
2506085,20.91,31.89,11710.51,446.00
2509085,20.91,31.88,28108.02,448.00
2512085,20.91,31.88,21515.95,446.00
2515085,20.91,31.87,19893.20,446.00
2518085,20.90,31.86,17808.03,445.00
2521085,20.91,31.87,21271.26,444.00
2524085,20.91,31.86,20600.01,445.00
2527085,20.91,31.85,28384.70,443.00
2530085,20.91,31.86,19431.02,445.00
2533085,20.91,31.88,13708.17,440.00
2536085,20.91,31.89,20341.91,446.00
2539085,20.91,31.88,16044.15,446.00
2542085,20.91,31.89,12337.93,445.00
2545085,20.91,31.90,10051.74,446.00
2548085,20.91,31.88,21262.46,447.00
2551085,20.91,31.88,17552.16,447.00
2554085,20.91,31.84,10932.97,447.00
2557085,20.91,31.83,19115.35,447.00
2560085,20.91,31.80,36714.40,447.00
2563085,20.91,31.80,20747.78,447.00
2566085,20.91,31.82,17104.05,447.00
2569085,20.91,31.83,14169.11,447.00
2572085,20.91,31.85,32073.37,448.00
2575085,20.91,31.85,19256.52,450.00
2578085,20.91,31.85,24698.20,450.00
2581085,20.91,31.85,36675.82,450.00
2584085,20.90,31.82,16102.81,452.00
2587085,20.91,31.80,18696.50,451.00
2590085,20.91,31.82,26596.80,464.00
2593085,20.91,31.83,19882.95,450.00
2596085,20.91,31.83,22654.25,473.00
2599085,20.91,31.84,9183.60,450.00
2602085,20.91,31.86,20349.38,450.00
2605085,20.91,31.88,21390.20,449.00
2608085,20.91,31.88,8632.26,448.00
2611085,20.91,31.88,9796.69,463.00
2614085,20.90,31.90,20964.80,448.00
2617085,20.90,31.92,26666.09,448.00
2620085,20.90,31.92,17524.19,447.00
2623085,20.90,31.92,34805.59,447.00
2626085,20.90,31.94,20090.55,447.00
2629085,20.90,31.95,12557.47,447.00
2632085,20.90,31.95,30971.94,447.00
2635085,20.90,31.96,17009.55,447.00
2638085,20.89,31.99,16567.57,456.00
2641085,20.89,31.99,26284.96,446.00
2644085,20.89,32.00,21981.87,444.00
2647085,20.89,32.00,28091.88,445.00
2650085,20.90,32.00,22527.28,458.00
2653085,20.89,32.00,15640.30,445.00
2656085,20.89,32.02,26195.00,445.00
2659085,20.89,32.01,18015.44,446.00
2662085,20.89,32.01,16103.90,443.00
2665085,20.89,32.01,14998.09,446.00
2668085,20.89,32.01,23921.45,447.00
2671085,20.89,32.01,10325.85,447.00
2674085,20.89,32.01,6882.13,449.00
2677085,20.89,32.00,32759.82,448.00
2680085,20.88,32.03,20871.32,448.00
2683085,20.88,32.03,13327.24,450.00
2686085,20.88,32.03,15666.22,451.00
2689085,20.88,32.05,13877.06,451.00
2692085,20.88,32.06,28739.80,453.00
2695085,20.88,32.09,10947.41,454.00
2698085,20.88,32.09,10859.13,456.00
2701085,20.88,32.09,33949.71,458.00
2704085,20.88,32.09,25197.51,438.00
2707085,20.88,32.08,18083.11,461.00
2710085,20.88,32.07,22165.60,463.00
2713085,20.88,32.07,22556.89,465.00
2716085,20.88,32.06,21086.25,467.00
2719085,20.88,32.07,10905.72,470.00
2722085,20.88,32.06,16628.44,473.00
2725085,20.88,32.08,9370.86,476.00
2728085,20.89,32.08,8358.88,504.00
2731085,20.89,32.08,7425.73,483.00
2734085,20.89,32.08,7928.90,486.00
2737085,20.90,32.08,15209.44,490.00
2740085,20.89,32.09,12221.08,492.00
2743085,20.89,32.09,10144.55,496.00
2746085,20.89,32.09,12233.83,500.00
2749085,20.89,32.08,9664.12,502.00
2752085,20.90,32.08,8643.44,506.00
2755085,20.89,32.08,9054.12,509.00
2758085,20.89,32.08,9523.32,510.00
2761085,20.89,32.08,9182.62,514.00
2764085,20.89,32.08,15374.65,519.00
2767085,20.88,32.09,9071.03,520.00
2770085,20.89,32.07,26842.88,529.00
2773085,20.90,32.07,21398.04,534.00
2776085,20.90,32.07,37434.94,537.00
2779085,20.90,32.06,32844.75,542.00
2782085,20.90,32.07,26947.63,549.00
2785085,20.90,32.07,24300.67,554.00
2788085,20.90,32.07,18635.95,572.00
2791085,20.90,32.06,22232.46,562.00
2794085,20.90,32.08,15092.61,568.00
2797085,20.90,32.11,18379.41,571.00
2800085,20.90,32.10,19039.44,574.00
2803085,20.91,32.08,10694.63,580.00
2806085,20.91,32.07,10301.97,582.00
2809085,20.91,32.07,9970.47,582.00
2812085,20.91,32.06,13865.23,586.00
2815085,20.91,32.05,15071.19,588.00
2818085,20.91,32.05,8371.37,589.00
2821085,20.91,32.04,7401.20,591.00
2824085,20.91,32.05,9111.19,592.00
2827085,20.91,32.04,8972.57,590.00
2830085,20.91,32.04,12401.86,604.00
2833085,20.91,32.04,13235.51,597.00
2836085,20.91,32.05,12058.45,599.00
2839085,20.90,32.05,7843.10,599.00
2842085,20.91,32.06,8331.81,602.00
2845085,20.91,32.05,10825.76,603.00
2848085,20.91,32.05,11133.37,605.00
2851085,20.91,32.05,15335.26,607.00
2854085,20.91,32.05,10658.66,606.00
2857085,20.91,32.04,8914.97,609.00
2860085,20.91,32.02,13017.95,610.00
2863085,20.92,32.01,13062.09,612.00
2866085,20.92,32.01,13071.50,612.00
2869085,20.92,32.01,7737.03,614.00
2872085,20.93,32.02,10714.17,614.00
2875085,20.93,32.02,9389.80,617.00
2878085,20.93,32.05,11210.83,617.00
2881085,20.93,32.05,9798.48,619.00
2884085,20.94,32.05,19234.06,619.00
2887085,20.94,32.04,16378.02,623.00
2890085,20.94,32.05,21732.48,623.00
2893085,20.94,32.05,16305.91,624.00
2896085,20.94,32.05,18515.16,626.00
2899085,20.95,32.05,27561.97,627.00
2902085,20.95,32.05,22985.92,629.00
2905085,20.95,32.04,19617.73,630.00
2908085,20.95,32.04,12376.79,629.00
2911085,20.95,32.03,37287.55,631.00
2914085,20.96,32.03,28884.24,630.00
2917085,20.96,32.01,29340.88,631.00
2920085,20.96,32.01,25918.97,631.00
2923085,20.96,32.00,25867.89,630.00
2926085,20.97,32.00,24417.58,632.00
2929085,20.97,32.00,18884.70,631.00
2932085,20.98,32.00,13495.69,631.00
2935085,20.98,31.99,22302.75,632.00
2938085,20.98,31.99,14307.81,632.00
2941085,20.97,31.99,21455.40,630.00
2944085,20.97,31.98,20168.47,631.00
2947085,20.98,31.98,16477.73,631.00
2950085,20.98,31.98,13299.55,630.00
2953085,20.98,31.97,17182.98,628.00
2956085,20.98,31.96,18977.91,628.00
2959085,20.98,31.96,17351.09,625.00
2962085,20.97,31.94,13614.97,623.00
2965085,20.98,31.93,8199.55,623.00
2968085,20.98,31.93,16373.93,619.00
2971085,20.98,31.92,8797.87,618.00
2974085,20.98,31.92,9837.46,616.00
2977085,20.99,31.92,10997.65,614.00
2980085,20.99,31.91,10679.29,614.00
2983085,20.99,31.91,11231.04,622.00
2986085,20.98,31.91,8215.14,612.00
2989085,20.99,31.92,18387.82,610.00
2992085,20.99,31.92,11885.33,611.00
2995085,21.00,31.92,11168.48,612.00
2998085,20.99,31.91,15500.36,611.00
3001085,21.00,31.92,11660.89,611.00
3004085,20.99,31.92,19844.19,610.00
3007085,20.99,31.91,13712.96,611.00
3010085,20.99,31.91,13211.32,610.00
3013085,20.99,31.90,17010.68,611.00
3016085,20.99,31.89,11312.16,611.00
3019085,20.98,31.89,13254.05,610.00
3022085,20.98,31.91,10811.00,611.00
3025085,20.99,31.92,9005.96,611.00
3028085,20.99,31.92,9856.09,611.00
3031085,21.00,31.92,15085.08,611.00
3034085,20.99,31.91,16543.07,612.00
3037085,20.99,31.89,14657.18,613.00
3040085,20.99,31.89,15046.47,614.00
3043085,20.99,31.91,15378.90,616.00
3046085,20.99,31.89,12939.48,619.00
3049085,21.00,31.88,21825.90,621.00
3052085,21.00,31.90,19983.48,622.00
3055085,21.00,31.88,14892.14,626.00
3058085,21.01,31.88,36030.84,626.00
3061085,21.00,31.87,16846.33,628.00
3064085,21.01,31.87,14631.34,630.00
3067085,21.01,31.86,9845.54,631.00
3070085,21.00,31.85,10386.54,633.00
3073085,21.01,31.84,15583.35,635.00
3076085,21.01,31.82,13966.27,636.00
3079085,21.01,31.82,22560.68,638.00
3082085,21.00,31.82,10234.51,635.00
3085085,21.01,31.81,9177.19,640.00
3088085,21.01,31.81,11137.03,641.00
3091085,21.01,31.81,9651.78,636.00
3094085,21.01,31.82,8320.67,643.00
3097085,21.01,31.82,8317.18,642.00
3100085,21.01,31.81,29909.88,675.00
3103085,21.02,31.80,9338.09,642.00
3106085,21.02,31.81,12674.19,641.00
3109085,21.02,31.81,9103.00,642.00
3112085,21.01,31.81,12088.93,642.00
3115085,21.02,31.81,14343.21,642.00
3118085,21.01,31.81,9030.97,643.00
3121085,21.01,31.82,8522.43,637.00
3124085,21.01,31.82,15392.56,644.00
3127085,21.02,31.81,13645.17,655.00
3130085,21.01,31.82,17562.67,646.00
3133085,21.01,31.82,8432.84,645.00
3136085,21.01,31.82,12370.93,683.00
3139085,21.01,31.82,16094.67,645.00
3142085,21.02,31.82,15177.18,645.00
3145085,21.01,31.84,10619.00,639.00
3148085,21.01,31.83,14994.53,641.00
3151085,21.00,31.83,12908.27,634.00
3154085,21.00,31.85,17082.11,635.00
3157085,21.01,31.83,12030.69,630.00
3160085,21.01,31.83,14882.47,626.00
3163085,21.00,31.83,12358.23,622.00
3166085,21.00,31.83,8987.38,618.00
3169085,21.01,31.83,8298.87,626.00
3172085,21.01,31.82,10224.99,611.00
3175085,21.00,31.81,10504.75,607.00
3178085,21.00,31.81,10478.96,604.00
3181085,21.00,31.81,11111.66,600.00
3184085,21.00,31.81,10749.69,598.00
3187085,21.00,31.80,14277.93,594.00
3190085,21.01,31.79,13162.89,592.00
3193085,21.00,31.79,9889.27,590.00
3196085,21.00,31.77,11834.83,564.00
3199085,21.00,31.76,8381.86,584.00
3202085,21.00,31.76,18728.08,583.00
3205085,21.00,31.73,14332.70,581.00
3208085,21.00,31.74,13267.40,578.00
3211085,21.01,31.74,12797.71,577.00
3214085,21.01,31.74,9516.57,575.00
3217085,21.01,31.73,14669.30,574.00
3220085,21.01,31.74,11918.90,573.00
3223085,21.00,31.73,16147.22,574.00
3226085,21.01,31.73,23947.99,610.00
3229085,21.01,31.73,14133.38,577.00
3232085,21.01,31.71,11805.98,578.00
3235085,21.01,31.71,14015.59,580.00
3238085,21.00,31.71,11253.84,583.00
3241085,21.00,31.71,16781.04,586.00
3244085,21.00,31.71,11755.07,589.00
3247085,21.00,31.71,14406.61,591.00
3250085,21.00,31.71,24897.98,594.00
3253085,21.00,31.71,37682.27,597.00
3256085,21.00,31.70,13727.61,602.00
3259085,21.00,31.71,33315.89,606.00
3262085,21.01,31.71,22999.99,607.00
3265085,21.01,31.71,34390.81,611.00
3268085,21.00,31.71,15767.61,614.00
3271085,21.01,31.71,17491.72,616.00
3274085,21.01,31.73,14740.18,616.00
3277085,21.01,31.71,13264.63,617.00
3280085,21.01,31.71,18892.82,650.00
3283085,21.01,31.73,14099.06,617.00
3286085,21.01,31.75,13798.52,614.00
3289085,21.01,31.75,33536.50,612.00
3292085,21.01,31.76,16819.92,610.00
3295085,21.01,31.76,15305.19,607.00
3298085,21.02,31.75,19364.36,603.00
3301085,21.02,31.75,13393.89,600.00
3304085,21.02,31.73,16476.27,594.00
3307085,21.02,31.71,21337.57,591.00
3310085,21.03,31.70,22655.38,586.00
3313085,21.03,31.72,26855.42,581.00
3316085,21.03,31.72,12877.51,574.00
3319085,21.03,31.70,15473.99,570.00
3322085,21.03,31.70,24642.58,563.00
3325085,21.03,31.72,10830.37,558.00
3328085,21.03,31.73,9385.88,553.00
3331085,21.03,31.75,14648.89,548.00
3334085,21.03,31.76,11539.42,541.00
3337085,21.03,31.78,11862.77,551.00
3340085,21.02,31.79,15224.12,533.00
3343085,21.03,31.80,8796.53,529.00
3346085,21.03,31.81,11714.61,524.00
3349085,21.02,31.82,10700.14,520.00
3352085,21.03,31.83,17965.66,516.00
3355085,21.03,31.83,10772.13,510.00
3358085,21.03,31.83,10223.52,506.00
3361085,21.03,31.80,8442.08,500.00
3364085,21.03,31.79,17255.54,495.00
3367085,21.03,31.79,23490.81,491.00
3370085,21.04,31.79,15694.02,487.00
3373085,21.03,31.79,13585.09,483.00
3376085,21.04,31.79,11601.90,478.00
3379085,21.04,31.80,7948.39,473.00
3382085,21.04,31.79,8795.61,470.00
3385085,21.04,31.79,16498.63,465.00
3388085,21.03,31.80,15717.31,461.00
3391085,21.03,31.79,25840.75,438.00
3394085,21.03,31.78,26185.25,453.00
3397085,21.03,31.78,15083.03,449.00
3400085,21.03,31.78,26333.58,445.00
3403085,21.03,31.76,21008.83,454.00
3406085,21.03,31.74,32088.85,437.00
3409085,21.03,31.74,9731.34,432.00
3412085,21.03,31.73,11332.52,431.00
3415085,21.03,31.72,9904.59,428.00
3418085,21.03,31.72,21501.73,426.00
3421085,21.03,31.72,14814.46,423.00
3424085,21.03,31.72,13566.95,422.00
3427085,21.03,31.72,26101.62,420.00
3430085,21.03,31.73,25558.66,416.00
3433085,21.03,31.70,23139.46,417.00
3436085,21.03,31.69,14117.36,415.00
3439085,21.03,31.68,14526.85,414.00
3442085,21.03,31.67,29214.32,445.00
3445085,21.03,31.67,21231.47,410.00
3448085,21.03,31.67,22923.75,407.00
3451085,21.03,31.64,27777.38,405.00
3454085,21.03,31.64,30232.85,404.00
3457085,21.03,31.65,39149.85,403.00
3460085,21.03,31.65,35272.84,400.00
3463085,21.03,31.67,49473.33,399.00
3466085,21.03,31.70,34433.45,396.00
3469085,21.03,31.70,27899.54,394.00
3472085,21.04,31.72,28047.79,393.00
3475085,21.04,31.72,21391.34,391.00
3478085,21.04,31.72,33062.88,420.00
3481085,21.04,31.72,31912.60,388.00
3484085,21.03,31.72,44786.94,386.00
3487085,21.03,31.73,39594.25,383.00
3490085,21.03,31.80,32502.03,382.00
3493085,21.04,31.81,36072.12,380.00
3496085,21.04,31.80,38810.98,379.00
3499085,21.04,31.84,30031.47,377.00
3502085,21.04,31.86,43833.54,375.00
3505085,21.03,31.86,37655.75,374.00
3508085,21.04,31.86,42608.59,372.00
3511085,21.04,31.86,34779.65,370.00
3514085,21.03,31.85,24956.41,370.00
3517085,21.03,31.85,37374.38,368.00
3520085,21.03,31.84,35805.70,369.00
3523085,21.03,31.84,31534.06,366.00
3526085,21.02,31.85,39772.89,365.00
3529085,21.02,31.84,37651.40,364.00
3532085,21.01,31.84,45734.50,362.00
3535085,21.01,31.80,30293.92,362.00
3538085,21.01,31.79,33633.43,360.00
3541085,21.00,31.79,29975.96,360.00
3544085,21.01,31.81,36873.98,358.00
3547085,21.01,31.81,39975.04,358.00
3550085,21.00,31.83,34171.06,357.00
3553085,20.99,31.86,27079.73,355.00
3556085,20.99,31.91,33619.37,354.00
3559085,20.99,31.91,32758.18,353.00
3562085,20.99,31.92,18222.61,353.00
3565085,20.99,31.86,27989.60,351.00
3568085,21.00,31.83,38104.04,350.00
3571085,20.99,31.83,31805.02,349.00
3574085,20.99,31.82,27602.38,347.00
3577085,20.99,31.81,20947.21,348.00
3580085,20.99,31.81,19101.56,348.00
3583085,20.98,31.82,16124.84,347.00
3586085,20.98,31.83,24334.70,346.00
3589085,20.98,31.83,33159.61,346.00
3592085,20.98,31.85,21699.73,346.00
3595085,20.98,31.86,15741.86,346.00
3598085,20.98,31.87,31783.66,345.00
3601085,20.97,31.87,26629.89,343.00
3604085,20.97,31.88,24556.63,343.00
3607085,20.97,31.88,27557.59,343.00
3610085,20.96,31.88,27270.18,328.00
3613085,20.96,31.87,19333.32,344.00
3616085,20.96,31.87,24432.33,326.00
3619085,20.95,31.88,24806.47,358.00
3622085,20.96,31.87,21123.11,343.00
3625085,20.96,31.87,13965.53,343.00
3628085,20.96,31.84,28741.73,342.00
3631085,20.95,31.84,29435.30,341.00
3634085,20.95,31.84,31564.31,328.00
3637085,20.95,31.86,30105.72,340.00
3640085,20.95,31.87,21475.81,341.00
3643085,20.95,31.86,32649.59,340.00
3646085,20.95,31.84,23738.37,340.00
3649085,20.94,31.84,20708.52,339.00
3652085,20.94,31.83,22169.06,339.00
3655085,20.95,31.82,23955.00,338.00
3658085,20.95,31.82,18824.04,341.00
3661085,20.94,31.82,17297.53,339.00
3664085,20.94,31.82,22691.49,339.00
3667085,20.94,31.82,19760.80,338.00
3670085,20.94,31.81,28386.30,337.00
3673085,20.94,31.81,32082.70,339.00
3676085,20.94,31.82,13345.10,339.00
3679085,20.93,31.82,29668.71,340.00
3682085,20.93,31.83,27660.49,341.00
3685085,20.93,31.84,30210.19,343.00
3688085,20.93,31.83,23673.34,345.00
3691085,20.93,31.84,23411.56,347.00
3694085,20.93,31.83,24969.56,348.00
3697085,20.92,31.82,21276.41,351.00
3700085,20.93,31.81,16908.52,353.00
3703085,20.92,31.82,22543.96,356.00
3706085,20.92,31.82,18691.46,358.00
3709085,20.92,31.83,21908.00,359.00
3712085,20.92,31.83,19987.61,365.00
3715085,20.91,31.84,28437.97,368.00
3718085,20.92,31.84,19160.46,370.00
3721085,20.91,31.83,28038.60,378.00
3724085,20.91,31.83,20928.43,378.00
3727085,20.91,31.82,16777.21,383.00
3730085,20.91,31.82,22732.14,385.00
3733085,20.91,31.82,20396.41,389.00
3736085,20.91,31.82,25277.60,395.00
3739085,20.91,31.85,25458.35,399.00
3742085,20.91,31.87,22909.83,403.00
3745085,20.91,31.90,24349.81,388.00
3748085,20.91,31.90,17104.86,411.00
3751085,20.92,31.93,26503.52,398.00
3754085,20.91,31.90,15377.75,418.00
3757085,20.92,31.89,24204.38,421.00
3760085,20.92,31.90,20669.83,424.00
3763085,20.91,31.88,22277.93,429.00
3766085,20.92,31.88,18405.46,466.00
3769085,20.92,31.85,28412.39,438.00
3772085,20.92,31.85,21840.96,444.00
3775085,20.92,31.84,24939.95,448.00
3778085,20.91,31.83,16381.49,452.00
3781085,20.91,31.80,22697.07,456.00
3784085,20.91,31.80,26349.01,460.00
3787085,20.91,31.79,22810.42,446.00
3790085,20.91,31.78,28567.55,467.00
3793085,20.91,31.73,21129.91,471.00
3796085,20.91,31.71,21010.86,474.00
3799085,20.91,31.67,32563.96,479.00
3802085,20.91,31.66,20883.59,481.00
3805085,20.91,31.63,19874.39,483.00
3808085,20.90,31.62,16427.30,486.00
3811085,20.91,31.62,19689.51,490.00
3814085,20.91,31.61,22756.63,494.00
3817085,20.91,31.60,23507.34,497.00
3820085,20.91,31.58,16573.65,502.00
3823085,20.91,31.54,13866.37,505.00
3826085,20.90,31.50,29498.30,509.00
3829085,20.90,31.50,12195.75,511.00
3832085,20.90,31.50,26776.88,514.00
3835085,20.90,31.50,39089.37,515.00
3838085,20.90,31.49,38647.64,517.00
3841085,20.90,31.47,47186.47,512.00
3844085,20.91,31.45,32582.18,518.00
3847085,20.90,31.45,31183.61,515.00
3850085,20.90,31.45,30245.77,517.00
3853085,20.91,31.46,32685.68,518.00
3856085,20.91,31.46,23789.99,521.00
3859085,20.91,31.47,18771.70,521.00
3862085,20.91,31.46,8469.26,522.00
3865085,20.91,31.46,21075.07,522.00
3868085,20.91,31.46,17210.52,523.00
3871085,20.91,31.44,18326.38,523.00
3874085,20.91,31.43,15295.93,523.00
3877085,20.91,31.43,18059.88,522.00
3880085,20.91,31.43,24144.53,523.00
3883085,20.91,31.43,16704.06,520.00
3886085,20.91,31.44,20479.40,523.00
3889085,20.91,31.43,14832.81,523.00
3892085,20.91,31.43,40691.22,523.00
3895085,20.90,31.44,15326.80,523.00
3898085,20.90,31.44,33118.98,524.00
3901085,20.90,31.43,20119.90,524.00
3904085,20.90,31.41,19588.01,524.00
3907085,20.89,31.41,15900.17,523.00
3910085,20.90,31.41,23770.93,521.00
3913085,20.90,31.40,23079.92,520.00
3916085,20.90,31.40,14349.51,518.00
3919085,20.90,31.41,28952.79,516.00
3922085,20.90,31.41,17255.15,515.00
3925085,20.89,31.41,22159.97,509.00
3928085,20.89,31.40,27052.30,511.00
3931085,20.89,31.40,12313.72,509.00
3934085,20.89,31.40,18888.79,507.00
3937085,20.89,31.39,15605.82,505.00
3940085,20.88,31.39,20644.72,504.00
3943085,20.88,31.36,17649.05,500.00
3946085,20.88,31.35,21534.19,502.00
3949085,20.88,31.35,15351.36,501.00
3952085,20.88,31.34,23503.49,500.00
3955085,20.88,31.32,15926.37,501.00
3958085,20.88,31.32,20185.81,499.00
3961085,20.87,31.31,29936.32,500.00
3964085,20.87,31.30,30970.88,501.00
3967085,20.87,31.30,25898.29,502.00
3970085,20.87,31.30,31523.30,502.00
3973085,20.87,31.29,17963.95,504.00
3976085,20.87,31.30,16675.12,505.00
3979085,20.87,31.30,18908.68,507.00
3982085,20.87,31.29,17858.39,508.00
3985085,20.87,31.28,25256.17,509.00
3988085,20.87,31.29,26278.71,510.00
3991085,20.86,31.29,24848.79,489.00
3994085,20.86,31.28,20719.78,511.00
3997085,20.86,31.25,23266.60,512.00
4000085,20.86,31.23,40177.22,513.00
4003085,20.86,31.22,31686.07,512.00
4006085,20.85,31.22,28921.98,513.00
4009085,20.85,31.23,20352.14,511.00
4012085,20.85,31.23,14691.96,514.00
4015085,20.85,31.23,14464.69,512.00
4018085,20.85,31.24,9513.65,512.00
4021085,20.85,31.23,12488.38,511.00
4024085,20.85,31.23,17759.31,507.00
4027085,20.85,31.24,11847.95,508.00
4030085,20.85,31.24,13796.80,487.00
4033085,20.84,31.23,11936.99,507.00
4036085,20.85,31.20,11789.03,506.00
4039085,20.85,31.21,12080.24,503.00
4042085,20.85,31.19,14205.52,503.00
4045085,20.84,31.18,19612.84,500.00
4048085,20.84,31.17,10860.03,498.00
4051085,20.84,31.15,17221.46,496.00
4054085,20.84,31.15,17253.92,495.00
4057085,20.83,31.17,20899.46,492.00
4060085,20.84,31.19,10333.36,490.00
4063085,20.83,31.19,11737.80,486.00
4066085,20.83,31.20,16166.23,481.00
4069085,20.84,31.18,31535.45,481.00
4072085,20.83,31.18,23392.47,479.00
4075085,20.83,31.18,10919.10,478.00
4078085,20.83,31.19,19524.10,475.00
4081085,20.83,31.19,38583.25,473.00
4084085,20.83,31.19,30805.15,471.00
4087085,20.83,31.18,23726.82,469.00
4090085,20.82,31.18,12794.56,463.00
4093085,20.82,31.17,17624.21,466.00
4096085,20.82,31.15,12705.33,464.00
4099085,20.82,31.14,19893.61,462.00
4102085,20.82,31.13,15535.45,459.00
4105085,20.81,31.10,12339.62,457.00
4108085,20.81,31.13,8439.59,454.00
4111085,20.81,31.14,14893.44,452.00
4114085,20.82,31.14,11670.27,448.00
4117085,20.82,31.14,14582.26,445.00
4120085,20.81,31.14,12842.09,443.00
4123085,20.81,31.14,9503.84,439.00
4126085,20.81,31.14,14325.39,435.00
4129085,20.81,31.13,11797.23,432.00
4132085,20.81,31.12,8472.99,428.00
4135085,20.82,31.10,14633.73,426.00
4138085,20.81,31.10,8019.47,423.00
4141085,20.81,31.10,7576.30,419.00
4144085,20.81,31.10,8466.66,416.00
4147085,20.81,31.10,7692.31,413.00
4150085,20.81,31.10,8479.35,410.00
4153085,20.80,31.09,7255.96,407.00
4156085,20.80,31.10,7722.20,405.00
4159085,20.80,31.10,7426.72,403.00
4162085,20.80,31.09,7567.31,399.00
4165085,20.80,31.09,7830.31,398.00
4168085,20.80,31.09,6362.24,397.00
4171085,20.79,31.09,7284.14,396.00
4174085,20.80,31.09,10030.90,393.00
4177085,20.79,31.09,7892.05,392.00
4180085,20.79,31.08,7258.54,391.00
4183085,20.79,31.09,8235.18,388.00
4186085,20.79,31.09,6791.69,387.00
4189085,20.79,31.08,6685.18,386.00
4192085,20.79,31.09,7084.28,385.00
4195085,20.79,31.08,7186.71,383.00
4198085,20.78,31.07,12772.05,382.00
4201085,20.78,31.05,7373.64,381.00
4204085,20.79,31.04,7727.72,386.00
4207085,20.78,31.04,7188.46,379.00
4210085,20.78,31.04,7049.70,378.00
4213085,20.78,31.04,8284.09,378.00
4216085,20.78,31.04,7888.00,377.00
4219085,20.78,31.04,7565.56,376.00
4222085,20.77,31.04,7830.60,376.00
4225085,20.78,31.04,6700.32,375.00
4228085,20.77,31.03,7797.67,375.00
4231085,20.77,31.03,7633.33,375.00
4234085,20.76,31.03,6346.76,374.00
4237085,20.76,31.04,7333.37,373.00
4240085,20.76,31.04,7524.89,374.00
4243085,20.76,31.05,7437.78,375.00
4246085,20.75,31.04,7222.05,375.00
4249085,20.76,31.03,7791.67,371.00
4252085,20.74,31.03,7603.61,378.00
4255085,20.74,31.01,8332.18,379.00
4258085,20.74,31.03,8364.44,380.00
4261085,20.73,31.01,7058.01,382.00
4264085,20.74,31.01,6437.24,384.00
4267085,20.73,31.01,8433.81,386.00
4270085,20.73,31.00,7321.37,389.00
4273085,20.73,31.00,6723.37,390.00
4276085,20.73,31.00,7784.21,392.00
4279085,20.73,31.00,7108.04,392.00
4282085,20.73,30.99,6881.45,395.00
4285085,20.73,31.00,6806.52,397.00
4288085,20.73,31.00,8205.76,398.00
4291085,20.72,31.00,7760.25,396.00
4294085,20.72,31.00,6942.86,401.00
4297085,20.72,31.00,7195.44,402.00
4300085,20.72,31.00,7342.39,402.00
4303085,20.71,31.01,7369.12,404.00
4306085,20.71,31.00,7336.41,405.00
4309085,20.71,31.01,7490.83,406.00
4312085,20.71,31.00,6522.64,403.00
4315085,20.71,30.99,6924.70,408.00
4318085,20.71,31.00,7478.60,409.00
4321085,20.70,30.99,7522.80,406.00
4324085,20.70,30.99,7818.85,412.00
4327085,20.70,30.97,7102.66,411.00
4330085,20.70,30.99,8146.34,413.00
4333085,20.70,30.99,7701.79,413.00
4336085,20.70,30.99,7701.20,410.00
4339085,20.70,30.99,6975.08,413.00
4342085,20.70,31.00,6803.78,414.00
4345085,20.70,30.97,8119.12,414.00
4348085,20.70,30.97,7772.22,414.00
4351085,20.69,30.97,7992.45,414.00
4354085,20.70,30.97,6686.24,414.00
4357085,20.70,30.97,6983.40,415.00
4360085,20.69,30.97,6700.79,416.00
4363085,20.70,30.96,7149.63,418.00
4366085,20.69,30.97,7177.97,420.00
4369085,20.69,30.99,6826.36,446.00
4372085,20.69,30.99,7251.01,424.00
4375085,20.70,30.99,8455.57,426.00
4378085,20.69,30.99,6854.80,442.00
4381085,20.69,30.99,6862.48,415.00
4384085,20.69,30.99,7416.82,433.00
4387085,20.69,30.99,7084.63,436.00
4390085,20.69,30.99,8207.54,439.00
4393085,20.69,30.97,7746.47,441.00
4396085,20.69,30.96,7827.57,444.00
4399085,20.69,30.96,9070.08,447.00
4402085,20.69,30.95,6669.02,451.00
4405085,20.69,30.96,8057.60,454.00
4408085,20.69,30.95,7057.04,459.00
4411085,20.69,30.94,6651.28,461.00
4414085,20.69,30.95,7551.56,466.00
4417085,20.69,30.95,7445.16,470.00
4420085,20.69,30.94,8624.93,475.00
4423085,20.69,30.95,7084.63,478.00
4426085,20.69,30.95,8202.68,481.00
4429085,20.68,30.95,7567.92,486.00
4432085,20.69,30.94,6888.38,490.00
4435085,20.68,30.92,8329.16,494.00
4438085,20.68,30.92,7679.82,499.00
4441085,20.68,30.92,7271.57,502.00
4444085,20.68,30.94,8192.73,507.00
4447085,20.68,30.92,6233.50,512.00
4450085,20.68,30.91,11084.54,516.00
4453085,20.68,30.90,7775.14,521.00
4456085,20.68,30.90,8206.54,526.00
4459085,20.68,30.89,7878.40,529.00
4462085,20.68,30.89,9857.39,537.00
4465085,20.68,30.88,8204.77,543.00
4468085,20.68,30.86,7684.97,549.00
4471085,20.68,30.88,7324.30,555.00
4474085,20.68,30.87,6762.33,560.00
4477085,20.68,30.87,9409.43,567.00
4480085,20.68,30.88,7298.37,573.00
4483085,20.68,30.88,7468.31,575.00
4486085,20.68,30.86,6996.08,585.00
4489085,20.68,30.87,6348.39,591.00
4492085,20.68,30.85,7238.05,598.00
4495085,20.69,30.86,7052.21,603.00
4498085,20.68,30.86,8616.85,610.00
4501085,20.69,30.86,7330.32,617.00
4504085,20.69,30.86,7355.45,623.00
4507085,20.69,30.86,6937.14,630.00
4510085,20.69,30.88,6395.20,638.00
4513085,20.68,30.88,7463.97,622.00
4516085,20.68,30.86,7311.12,653.00
4519085,20.68,30.88,6822.79,661.00
4522085,20.68,30.88,7532.45,669.00
4525085,20.68,30.89,6820.98,677.00
4528085,20.68,30.89,6820.98,684.00
4531085,20.68,30.90,6820.98,693.00
4534085,20.69,30.89,6820.98,712.00
4537085,20.68,30.89,6820.98,710.00
4540085,20.69,30.88,6820.98,719.00
4543085,20.69,30.89,6820.98,728.00
4546085,20.68,30.89,6820.98,737.00
4549085,20.69,30.89,6820.98,746.00
4552085,20.69,30.89,6820.98,756.00
4555085,20.70,30.88,6820.98,763.00
4558085,20.70,30.86,6820.98,773.00
4561085,20.70,30.87,6820.98,782.00
4564085,20.70,30.85,6820.98,791.00
4567085,20.71,30.84,6820.98,800.00
4570085,20.70,30.84,6820.98,811.00
4573085,20.71,30.84,6820.98,817.00
4576085,20.70,30.83,6820.98,826.00
4579085,20.71,30.82,6820.98,835.00
4582085,20.71,30.80,6820.98,842.00
4585085,20.71,30.79,6820.98,852.00
4588085,20.71,30.79,6820.98,860.00
4591085,20.71,30.79,6820.98,870.00
4594085,20.72,30.79,6820.98,877.00
4597085,20.72,30.79,6820.98,884.00
4600085,20.73,30.79,6820.98,893.00
4603085,20.73,30.79,6820.98,902.00
4606085,20.73,30.78,6820.98,911.00
4609085,20.73,30.79,6820.98,919.00
4612085,20.73,30.79,6820.98,928.00
4615085,20.73,30.79,6820.98,936.00
4618085,20.74,30.79,6820.98,944.00
4621085,20.74,30.79,6820.98,949.00
4624085,20.74,30.78,6820.98,954.00
4627085,20.74,30.77,6820.98,991.00
4630085,20.74,30.76,6820.98,961.00
4633085,20.76,30.77,6820.98,963.00
4636085,20.75,30.77,6820.98,964.00
4639085,20.75,30.77,6820.98,966.00
4642085,20.75,30.76,6820.98,968.00
4645085,20.76,30.76,6820.98,969.00
4648085,20.76,30.75,6820.98,970.00
4651085,20.76,30.73,6820.98,970.00
4654085,20.76,30.72,6820.98,971.00
4657085,20.76,30.72,6820.98,971.00
4660085,20.77,30.71,6820.98,970.00
4663085,20.77,30.71,6820.98,963.00
4666085,20.77,30.70,6820.98,973.00
4669085,20.77,30.70,6820.98,972.00
4672085,20.77,30.70,6820.98,973.00
4675085,20.77,30.69,6820.98,973.00
4678085,20.77,30.69,6820.98,972.00
4681085,20.78,30.69,6820.98,965.00
4684085,20.78,30.69,6820.98,972.00
4687085,20.78,30.69,6820.98,973.00
4690085,20.78,30.69,6820.98,972.00
4693085,20.78,30.70,6820.98,972.00
4696085,20.78,30.70,6820.98,971.00
4699085,20.78,30.69,6820.98,971.00
4702085,20.79,30.69,6820.98,970.00
4705085,20.79,30.69,6820.98,970.00
4708085,20.79,30.69,6820.98,970.00
4711085,20.80,30.69,6820.98,969.00
4714085,20.80,30.68,6820.98,968.00
4717085,20.80,30.69,6820.98,967.00
4720085,20.80,30.68,6820.98,965.00
4723085,20.80,30.67,6820.98,964.00
4726085,20.80,30.67,6820.98,962.00
4729085,20.79,30.65,6820.98,961.00
4732085,20.80,30.65,6820.98,958.00
4735085,20.80,30.64,6820.98,953.00
4738085,20.80,30.65,6820.98,952.00
4741085,20.80,30.64,6820.98,956.00
4744085,20.80,30.64,6820.98,943.00
4747085,20.81,30.62,6820.98,940.00
4750085,20.81,30.59,6820.98,934.00
4753085,20.81,30.59,6820.98,929.00
4756085,20.81,30.60,6820.98,923.00
4759085,20.82,30.62,6820.98,918.00
4762085,20.81,30.62,6820.98,911.00
4765085,20.81,30.62,6820.98,906.00
4768085,20.81,30.62,6820.98,900.00
4771085,20.81,30.63,6820.98,892.00
4774085,20.81,30.62,6820.98,885.00
4777085,20.82,30.62,6820.98,872.00
4780085,20.81,30.60,6820.98,870.00
4783085,20.81,30.60,6820.98,862.00
4786085,20.81,30.59,6820.98,853.00
4789085,20.81,30.59,6820.98,846.00
4792085,20.81,30.59,6820.98,837.00
4795085,20.81,30.59,6820.98,830.00
4798085,20.81,30.58,6820.98,820.00
4801085,20.80,30.59,6820.98,814.00
4804085,20.81,30.60,6820.98,808.00
4807085,20.80,30.59,6820.98,800.00
4810085,20.80,30.59,6820.98,792.00
4813085,20.80,30.59,6820.98,785.00
4816085,20.80,30.59,6820.98,779.00
4819085,20.80,30.59,6820.98,765.00
4822085,20.80,30.60,6820.98,764.00
4825085,20.80,30.59,6820.98,759.00
4828085,20.80,30.60,6820.98,754.00
4831085,20.79,30.62,6820.98,749.00
4834085,20.79,30.62,6820.98,744.00
4837085,20.79,30.63,6820.98,739.00
4840085,20.79,30.63,6820.98,733.00
4843085,20.80,30.63,6820.98,728.00
4846085,20.79,30.63,6820.98,723.00
4849085,20.78,30.62,6820.98,717.00
4852085,20.78,30.61,6820.98,711.00
4855085,20.78,30.63,6820.98,705.00
4858085,20.78,30.62,6820.98,699.00
4861085,20.78,30.63,6820.98,692.00
4864085,20.78,30.63,6820.98,686.00
4867085,20.77,30.63,6820.98,691.00
4870085,20.77,30.63,6820.98,672.00
4873085,20.77,30.64,6820.98,665.00
4876085,20.77,30.64,6820.98,658.00
4879085,20.77,30.64,6820.98,649.00
4882085,20.76,30.65,6820.98,640.00
4885085,20.76,30.65,6820.98,634.00
4888085,20.76,30.66,6820.98,637.00
4891085,20.76,30.65,6820.98,616.00
4894085,20.76,30.65,6820.98,608.00
4897085,20.76,30.65,6820.98,603.00
4900085,20.75,30.66,6820.98,590.00
4903085,20.75,30.67,6820.98,582.00
4906085,20.75,30.67,6820.98,575.00
4909085,20.75,30.69,6820.98,568.00
4912085,20.74,30.69,6820.98,559.00
4915085,20.74,30.68,6820.98,551.00
4918085,20.73,30.70,6820.98,544.00
4921085,20.73,30.68,6820.98,538.00
4924085,20.72,30.70,6820.98,530.00
4927085,20.73,30.71,6820.98,523.00
4930085,20.73,30.71,6820.98,518.00
4933085,20.72,30.71,6820.98,511.00
4936085,20.72,30.72,6820.98,506.00
4939085,20.72,30.72,6820.98,498.00
4942085,20.72,30.72,6820.98,493.00
4945085,20.71,30.72,6820.98,489.00
4948085,20.71,30.70,6820.98,465.00
4951085,20.71,30.71,6820.98,480.00
4954085,20.70,30.71,6820.98,476.00
4957085,20.70,30.72,6820.98,470.00
4960085,20.70,30.72,6820.98,467.00
4963085,20.69,30.72,6820.98,463.00
4966085,20.69,30.73,6820.98,460.00
4969085,20.68,30.73,6820.98,457.00
4972085,20.68,30.73,6820.98,454.00
4975085,20.68,30.73,6820.98,453.00
4978085,20.67,30.74,6820.98,450.00
4981085,20.66,30.74,6820.98,447.00
4984085,20.67,30.75,6820.98,445.00
4987085,20.67,30.75,6820.98,427.00
4990085,20.66,30.75,6820.98,442.00
4993085,20.66,30.76,6820.98,440.00
4996085,20.66,30.78,6820.98,437.00
4999085,20.66,30.78,6820.98,436.00
5002085,20.65,30.78,6820.98,435.00
5005085,20.65,30.79,6820.98,433.00
5008085,20.65,30.80,6820.98,432.00
5011085,20.65,30.80,6820.98,429.00
5014085,20.65,30.80,6820.98,428.00
5017085,20.65,30.80,6820.98,428.00
5020085,20.65,30.79,6820.98,426.00
5023085,20.65,30.79,6820.98,425.00
5026085,20.65,30.79,6820.98,423.00
5029085,20.65,30.78,6820.98,423.00
5032085,20.65,30.79,6820.98,422.00
5035085,20.65,30.80,6820.98,421.00
5038085,20.64,30.80,6820.98,420.00
5041085,20.64,30.81,6820.98,419.00
5044085,20.64,30.80,6820.98,426.00
5047085,20.64,30.80,6820.98,417.00
5050085,20.64,30.80,6820.98,416.00
5053085,20.64,30.81,6820.98,415.00
5056085,20.64,30.80,6820.98,412.00
5059085,20.64,30.81,6820.98,412.00
5062085,20.64,30.81,6820.98,414.00
5065085,20.64,30.81,6820.98,413.00
5068085,20.64,30.81,6820.98,412.00
5071085,20.64,30.82,6820.98,412.00
5074085,20.64,30.81,6820.98,391.00
5077085,20.64,30.81,6820.98,410.00
5080085,20.64,30.82,6820.98,411.00
5083085,20.63,30.82,6820.98,409.00
5086085,20.63,30.82,6820.98,410.00
5089085,20.63,30.82,6820.98,410.00
5092085,20.63,30.83,6820.98,410.00
5095085,20.63,30.83,6820.98,412.00
5098085,20.62,30.83,6820.98,433.00
5101085,20.62,30.85,6820.98,408.00
5104085,20.62,30.85,6820.98,432.00
5107085,20.62,30.86,6820.98,409.00
5110085,20.62,30.86,6820.98,415.00
5113085,20.62,30.86,6820.98,409.00
5116085,20.62,30.86,6820.98,409.00
5119085,20.62,30.87,6820.98,409.00
5122085,20.61,30.87,6820.98,409.00
5125085,20.61,30.87,6820.98,408.00
5128085,20.61,30.86,6820.98,408.00
5131085,20.61,30.87,6820.98,410.00
5134085,20.61,30.88,6820.98,410.00
5137085,20.61,30.88,6820.98,410.00
5140085,20.61,30.89,6820.98,411.00
5143085,20.61,30.88,6820.98,411.00
5146085,20.61,30.88,6820.98,411.00
5149085,20.60,30.88,6820.98,410.00
5152085,20.60,30.88,6820.98,409.00
5155085,20.60,30.89,6820.98,411.00
5158085,20.60,30.88,6820.98,424.00
5161085,20.60,30.89,6820.98,412.00
5164085,20.60,30.91,6820.98,413.00
5167085,20.59,30.91,6820.98,413.00
5170085,20.60,30.92,6820.98,415.00
5173085,20.59,30.92,6820.98,415.00
5176085,20.59,30.93,6820.98,416.00
5179085,20.59,30.93,6820.98,417.00
5182085,20.59,30.94,6820.98,418.00
5185085,20.58,30.93,6820.98,419.00
5188085,20.58,30.93,6820.98,420.00
5191085,20.58,30.93,6820.98,421.00
5194085,20.58,30.93,6820.98,421.00
5197085,20.58,30.94,6820.98,421.00
5200085,20.58,30.93,6820.98,424.00
5203085,20.58,30.95,6820.98,426.00
5206085,20.58,30.95,6820.98,427.00
5209085,20.57,30.95,6820.98,427.00
5212085,20.57,30.96,6820.98,428.00
5215085,20.57,30.97,6820.98,430.00
5218085,20.57,30.95,6820.98,432.00
5221085,20.57,30.96,6820.98,434.00
5224085,20.57,30.96,6820.98,436.00
5227085,20.57,30.96,6820.98,437.00
5230085,20.56,30.98,6820.98,440.00
5233085,20.57,30.98,6820.98,443.00
5236085,20.56,30.99,6820.98,468.00
5239085,20.56,30.99,6820.98,470.00
5242085,20.56,31.00,6820.98,449.00
5245085,20.55,30.99,6820.98,452.00
5248085,20.56,30.99,6820.98,454.00
5251085,20.56,31.00,6820.98,456.00
5254085,20.56,31.01,6820.98,458.00
5257085,20.56,31.01,6820.98,460.00
5260085,20.55,31.01,6820.98,462.00
5263085,20.55,31.03,6820.98,464.00
5266085,20.56,31.01,6820.98,465.00
5269085,20.56,31.01,6820.98,466.00
5272085,20.56,31.01,6820.98,468.00
5275085,20.55,31.01,6820.98,470.00
5278085,20.56,31.03,6820.98,469.00
5281085,20.56,31.03,6820.98,470.00
5284085,20.55,31.03,6820.98,467.00
5287085,20.55,31.02,6820.98,472.00
5290085,20.55,31.04,6820.98,472.00
5293085,20.55,31.04,6820.98,473.00
5296085,20.55,31.04,6820.98,473.00
5299085,20.54,31.02,6820.98,475.00
5302085,20.55,31.04,6820.98,476.00
5305085,20.55,31.04,6820.98,478.00
5308085,20.55,31.04,6820.98,479.00
5311085,20.55,31.04,6820.98,481.00
5314085,20.55,31.05,6820.98,481.00
5317085,20.54,31.05,6820.98,484.00
5320085,20.55,31.05,6820.98,484.00
5323085,20.54,31.06,6820.98,486.00
5326085,20.54,31.06,6820.98,488.00
5329085,20.54,31.06,6820.98,487.00
5332085,20.54,31.07,6820.98,492.00
5335085,20.54,31.06,6820.98,494.00
5338085,20.54,31.07,6820.98,496.00
5341085,20.54,31.06,6820.98,532.00
5344085,20.54,31.06,6820.98,500.00
5347085,20.53,31.07,6820.98,502.00
5350085,20.54,31.06,6820.98,504.00
5353085,20.54,31.07,6820.98,507.00
5356085,20.54,31.07,6820.98,508.00
5359085,20.54,31.07,6820.98,510.00
5362085,20.54,31.07,6820.98,512.00
5365085,20.54,31.07,6820.98,515.00
5368085,20.54,31.07,6820.98,517.00
5371085,20.54,31.07,6820.98,519.00
5374085,20.54,31.08,6820.98,521.00
5377085,20.54,31.07,6820.98,523.00
5380085,20.54,31.07,6820.98,526.00
5383085,20.55,31.08,6820.98,527.00
5386085,20.54,31.07,6820.98,531.00
5389085,20.54,31.08,6820.98,531.00
5392085,20.55,31.08,6820.98,533.00
5395085,20.55,31.08,6820.98,535.00
5398085,20.55,31.08,6820.98,536.00
5401085,20.55,31.08,6820.98,537.00
5404085,20.55,31.08,6820.98,535.00
5407085,20.55,31.08,6820.98,534.00
5410085,20.55,31.07,6820.98,534.00
5413085,20.55,31.07,6820.98,568.00
5416085,20.55,31.07,6820.98,533.00
5419085,20.55,31.07,6820.98,532.00
5422085,20.55,31.08,6820.98,529.00
5425085,20.55,31.10,6820.98,530.00
5428085,20.55,31.08,6820.98,529.00
5431085,20.55,31.10,6820.98,527.00
5434085,20.55,31.08,6820.98,526.00
5437085,20.55,31.08,6820.98,523.00
5440085,20.55,31.10,6820.98,523.00
5443085,20.55,31.10,6820.98,520.00
5446085,20.56,31.10,6820.98,520.00
5449085,20.56,31.10,6820.98,518.00
5452085,20.56,31.10,6820.98,519.00
5455085,20.55,31.10,6820.98,516.00
5458085,20.55,31.10,6820.98,518.00
5461085,20.55,31.10,6820.98,517.00
5464085,20.55,31.10,6820.98,517.00
5467085,20.54,31.10,6820.98,517.00
5470085,20.55,31.11,6820.98,516.00
5473085,20.55,31.11,6820.98,517.00
5476085,20.54,31.11,6820.98,518.00
5479085,20.54,31.11,6820.98,516.00
5482085,20.54,31.11,6820.98,519.00
5485085,20.54,31.11,6820.98,520.00
5488085,20.54,31.11,6820.98,520.00
5491085,20.54,31.11,6820.98,520.00
5494085,20.54,31.10,6820.98,533.00
5497085,20.54,31.11,6820.98,520.00
5500085,20.54,31.11,6820.98,521.00
5503085,20.53,31.12,6820.98,521.00
5506085,20.53,31.11,6820.98,521.00
5509085,20.54,31.12,6820.98,520.00
5512085,20.53,31.12,6820.98,520.00
5515085,20.53,31.12,6820.98,519.00
5518085,20.53,31.12,6820.98,518.00
5521085,20.53,31.12,6820.98,518.00
5524085,20.53,31.12,6820.98,517.00
5527085,20.53,31.13,6820.98,517.00
5530085,20.52,31.14,6820.98,515.00
5533085,20.52,31.13,6820.98,514.00
5536085,20.52,31.14,6820.98,513.00
5539085,20.52,31.13,6820.98,512.00
5542085,20.52,31.13,6820.98,512.00
5545085,20.52,31.14,6820.98,511.00
5548085,20.52,31.14,6820.98,511.00
5551085,20.51,31.14,6820.98,508.00
5554085,20.51,31.16,6820.98,509.00
5557085,20.51,31.14,6820.98,506.00
5560085,20.51,31.16,6820.98,504.00
5563085,20.51,31.14,6820.98,502.00
5566085,20.51,31.16,6820.98,500.00
5569085,20.51,31.16,6820.98,497.00
5572085,20.50,31.16,6820.98,495.00
5575085,20.51,31.16,6820.98,492.00
5578085,20.51,31.16,6820.98,488.00
5581085,20.50,31.17,6820.98,484.00
5584085,20.50,31.17,6820.98,481.00
5587085,20.51,31.17,6820.98,477.00
5590085,20.51,31.17,6820.98,473.00
5593085,20.50,31.16,6820.98,468.00
5596085,20.50,31.17,6820.98,460.00
5599085,20.50,31.17,6820.98,463.00
5602085,20.50,31.17,6820.98,454.00
5605085,20.50,31.17,6820.98,440.00
5608085,20.50,31.17,6820.98,444.00
5611085,20.50,31.18,6820.98,441.00
5614085,20.50,31.18,6820.98,436.00
5617085,20.51,31.17,6820.98,432.00
5620085,20.50,31.18,6820.98,427.00
5623085,20.50,31.18,6820.98,422.00
5626085,20.50,31.17,6820.98,418.00
5629085,20.50,31.18,6820.98,414.00
5632085,20.49,31.18,6820.98,412.00
5635085,20.50,31.19,6820.98,408.00
5638085,20.49,31.17,6820.98,405.00
5641085,20.49,31.18,6820.98,402.00
5644085,20.49,31.18,6820.98,399.00
5647085,20.48,31.18,6820.98,376.00
5650085,20.48,31.18,6820.98,393.00
5653085,20.48,31.18,6820.98,390.00
5656085,20.48,31.18,6820.98,388.00
5659085,20.48,31.18,6820.98,385.00
5662085,20.48,31.18,6820.98,382.00
5665085,20.48,31.19,6820.98,379.00
5668085,20.48,31.19,6820.98,375.00
5671085,20.48,31.19,6820.98,370.00
5674085,20.48,31.19,6820.98,368.00
5677085,20.47,31.20,6820.98,363.00
5680085,20.47,31.20,6820.98,361.00
5683085,20.47,31.21,6820.98,357.00
5686085,20.47,31.20,6820.98,355.00
5689085,20.46,31.21,6820.98,349.00
5692085,20.47,31.20,6820.98,346.00
5695085,20.46,31.21,6820.98,342.00
5698085,20.46,31.21,6820.98,339.00
5701085,20.46,31.21,6820.98,335.00
5704085,20.46,31.21,6820.98,330.00
5707085,20.46,31.20,6820.98,328.00
5710085,20.46,31.20,6820.98,327.00
5713085,20.46,31.20,6820.98,320.00
5716085,20.46,31.21,6820.98,314.00
5719085,20.46,31.20,6820.98,312.00
5722085,20.46,31.21,6820.98,306.00
5725085,20.46,31.20,6820.98,305.00
5728085,20.46,31.21,6820.98,302.00
5731085,20.46,31.21,6820.98,299.00
5734085,20.45,31.22,6820.98,296.00
5737085,20.45,31.21,6820.98,293.00
5740085,20.45,31.21,6820.98,290.00
5743085,20.45,31.21,6820.98,287.00
5746085,20.45,31.21,6820.98,285.00
5749085,20.45,31.21,6820.98,283.00
5752085,20.45,31.20,6820.98,280.00
5755085,20.45,31.22,6820.98,279.00
5758085,20.45,31.21,6820.98,277.00
5761085,20.44,31.21,6820.98,289.00
5764085,20.45,31.21,6820.98,274.00
5767085,20.45,31.21,6820.98,272.00
5770085,20.44,31.21,6820.98,272.00
5773085,20.44,31.22,6820.98,271.00
5776085,20.44,31.22,6820.98,270.00
5779085,20.43,31.22,6820.98,267.00
5782085,20.43,31.22,6820.98,268.00
5785085,20.43,31.24,6820.98,267.00
5788085,20.44,31.22,6820.98,267.00
5791085,20.43,31.22,6820.98,266.00
5794085,20.43,31.24,6820.98,266.00
5797085,20.43,31.23,6820.98,270.00
5800085,20.43,31.22,6820.98,263.00
5803085,20.42,31.23,6820.98,263.00
5806085,20.42,31.23,6820.98,264.00
5809085,20.42,31.25,6820.98,264.00
5812085,20.42,31.25,6820.98,264.00
5815085,20.42,31.23,6820.98,265.00
5818085,20.41,31.25,6820.98,265.00
5821085,20.42,31.26,6820.98,265.00
5824085,20.41,31.26,6820.98,265.00
5827085,20.41,31.26,6820.98,265.00
5830085,20.40,31.25,6820.98,265.00
5833085,20.40,31.27,6820.98,265.00
5836085,20.40,31.27,6820.98,249.00
5839085,20.40,31.27,6820.98,267.00
5842085,20.40,31.27,6820.98,267.00
5845085,20.40,31.27,6820.98,267.00
5848085,20.39,31.27,6820.98,267.00
5851085,20.39,31.27,6820.98,268.00
5854085,20.39,31.28,6820.98,268.00
5857085,20.39,31.27,6820.98,268.00
5860085,20.39,31.29,6820.98,267.00
5863085,20.38,31.28,6820.98,269.00
5866085,20.38,31.28,6820.98,267.00
5869085,20.37,31.29,6820.98,269.00
5872085,20.38,31.29,6820.98,268.00
5875085,20.38,31.29,6820.98,269.00
5878085,20.37,31.30,6820.98,269.00
5881085,20.37,31.30,6820.98,267.00
5884085,20.36,31.30,6820.98,277.00
5887085,20.36,31.32,6820.98,267.00
5890085,20.37,31.33,6820.98,266.00
5893085,20.36,31.33,6820.98,265.00
5896085,20.36,31.33,6820.98,265.00
5899085,20.36,31.32,6820.98,265.00
5902085,20.37,31.32,6820.98,263.00
5905085,20.36,31.33,6820.98,262.00
5908085,20.36,31.33,6820.98,262.00
5911085,20.36,31.33,6820.98,261.00
5914085,20.36,31.33,6820.98,274.00
5917085,20.36,31.32,6820.98,260.00
5920085,20.36,31.34,6820.98,259.00
5923085,20.36,31.33,6820.98,258.00
5926085,20.36,31.33,6820.98,256.00
5929085,20.36,31.32,6820.98,256.00
5932085,20.36,31.32,6820.98,258.00
5935085,20.37,31.33,6820.98,254.00
5938085,20.36,31.34,6820.98,252.00
5941085,20.37,31.33,6820.98,255.00
5944085,20.36,31.33,6820.98,250.00
5947085,20.36,31.34,6820.98,249.00
5950085,20.36,31.34,6820.98,247.00
5953085,20.36,31.34,6820.98,245.00
5956085,20.35,31.34,6820.98,244.00
5959085,20.35,31.35,6820.98,243.00
5962085,20.35,31.35,6820.98,242.00
5965085,20.35,31.34,6820.98,241.00
5968085,20.34,31.34,6820.98,239.00
5971085,20.35,31.34,6820.98,239.00
5974085,20.34,31.35,6820.98,237.00
5977085,20.34,31.35,6820.98,236.00
5980085,20.34,31.35,6820.98,248.00
5983085,20.34,31.35,6820.98,263.00
5986085,20.33,31.36,6820.98,233.00
5989085,20.34,31.36,6820.98,232.00
5992085,20.33,31.36,6820.98,231.00
5995085,20.33,31.36,6820.98,231.00
5998085,20.33,31.37,6820.98,233.00
6001085,20.32,31.37,6820.98,229.00
6004085,20.32,31.37,6820.98,228.00
6007085,20.32,31.39,6820.98,228.00
6010085,20.32,31.39,6820.98,226.00
6013085,20.32,31.37,6820.98,226.00
6016085,20.32,31.39,6820.98,224.00
6019085,20.32,31.38,6820.98,229.00
6022085,20.32,31.38,6820.98,223.00
6025085,20.32,31.39,6820.98,224.00
6028085,20.32,31.40,6820.98,223.00
6031085,20.32,31.40,6820.98,223.00
6034085,20.31,31.40,6820.98,222.00
6037085,20.31,31.41,6820.98,221.00
6040085,20.31,31.40,6820.98,221.00
6043085,20.31,31.40,6820.98,234.00
6046085,20.31,31.41,6820.98,220.00
6049085,20.31,31.41,6820.98,220.00
6052085,20.30,31.41,6820.98,220.00
6055085,20.31,31.41,6820.98,220.00
6058085,20.31,31.41,6820.98,219.00
6061085,20.30,31.40,6820.98,219.00
6064085,20.30,31.41,6820.98,220.00
6067085,20.30,31.41,6820.98,218.00
6070085,20.30,31.41,6820.98,217.00
6073085,20.30,31.42,6820.98,217.00
6076085,20.30,31.42,6820.98,217.00
6079085,20.29,31.43,6820.98,216.00
6082085,20.29,31.43,6820.98,217.00
6085085,20.29,31.42,6820.98,216.00
6088085,20.29,31.43,6820.98,215.00
6091085,20.29,31.43,6820.98,216.00
6094085,20.28,31.44,6820.98,216.00
6097085,20.28,31.44,6820.98,215.00
6100085,20.28,31.44,6820.98,216.00
6103085,20.28,31.44,6820.98,216.00
6106085,20.28,31.44,6820.98,215.00
6109085,20.27,31.44,6820.98,216.00
6112085,20.28,31.46,6820.98,215.00
6115085,20.27,31.46,6820.98,215.00
6118085,20.26,31.45,6820.98,214.00
6121085,20.26,31.45,6820.98,214.00
6124085,20.26,31.47,6820.98,227.00
6127085,20.26,31.47,6820.98,213.00
6130085,20.26,31.47,6820.98,213.00
6133085,20.25,31.46,6820.98,212.00
6136085,20.25,31.46,6820.98,198.00
6139085,20.26,31.48,6820.98,215.00
6142085,20.25,31.49,6820.98,211.00
6145085,20.25,31.49,6820.98,214.00
6148085,20.25,31.48,6820.98,210.00
6151085,20.25,31.49,6820.98,208.00
6154085,20.25,31.48,6820.98,207.00
6157085,20.25,31.49,6820.98,207.00
6160085,20.24,31.50,6820.98,231.00
6163085,20.24,31.50,6820.98,205.00
6166085,20.24,31.50,6820.98,203.00
6169085,20.24,31.50,6820.98,203.00
6172085,20.24,31.50,6820.98,201.00
6175085,20.24,31.50,6820.98,201.00
6178085,20.24,31.53,6820.98,199.00
6181085,20.24,31.51,6820.98,198.00
6184085,20.23,31.51,6820.98,197.00
6187085,20.23,31.51,6820.98,196.00
6190085,20.23,31.51,6820.98,194.00
6193085,20.23,31.51,6820.98,198.00
6196085,20.23,31.52,6820.98,193.00
6199085,20.23,31.52,6820.98,192.00
6202085,20.23,31.51,6820.98,191.00
6205085,20.23,31.52,6820.98,190.00
6208085,20.23,31.52,6820.98,190.00
6211085,20.23,31.52,6820.98,189.00
6214085,20.23,31.54,6820.98,188.00
6217085,20.23,31.52,6820.98,189.00
6220085,20.24,31.54,6820.98,188.00
6223085,20.23,31.54,6820.98,190.00
6226085,20.23,31.54,6820.98,189.00
6229085,20.22,31.54,6820.98,189.00
6232085,20.23,31.55,6820.98,189.00
6235085,20.22,31.54,6820.98,190.00
6238085,20.22,31.55,6820.98,191.00
6241085,20.22,31.55,6820.98,191.00
6244085,20.22,31.55,6820.98,192.00
6247085,20.22,31.56,6820.98,193.00
6250085,20.22,31.56,6820.98,193.00
6253085,20.22,31.56,6820.98,196.00
6256085,20.22,31.56,6820.98,197.00
6259085,20.22,31.56,6820.98,226.00
6262085,20.22,31.56,6820.98,201.00
6265085,20.22,31.56,6820.98,203.00
6268085,20.22,31.56,6820.98,187.00
6271085,20.22,31.56,6820.98,207.00
6274085,20.22,31.56,6820.98,209.00
6277085,20.22,31.56,6820.98,212.00
6280085,20.22,31.56,6820.98,216.00
6283085,20.22,31.56,6820.98,218.00
6286085,20.22,31.56,6820.98,222.00
6289085,20.22,31.56,6820.98,225.00
6292085,20.22,31.56,6820.98,229.00
6295085,20.22,31.57,6820.98,233.00
6298085,20.22,31.56,6820.98,237.00
6301085,20.21,31.57,6820.98,241.00
6304085,20.22,31.57,6820.98,245.00
6307085,20.23,31.57,6820.98,248.00
6310085,20.22,31.57,6820.98,254.00
6313085,20.22,31.57,6820.98,259.00
6316085,20.22,31.57,6820.98,263.00
6319085,20.22,31.58,6820.98,267.00
6322085,20.22,31.57,6820.98,272.00
6325085,20.22,31.57,6820.98,277.00
6328085,20.23,31.58,6820.98,282.00
6331085,20.22,31.58,6820.98,270.00
6334085,20.22,31.58,6820.98,291.00
6337085,20.23,31.57,6820.98,295.00
6340085,20.23,31.57,6820.98,300.00
6343085,20.23,31.57,6820.98,304.00
6346085,20.23,31.57,6820.98,308.00
6349085,20.22,31.58,6820.98,313.00
6352085,20.23,31.57,6820.98,318.00
6355085,20.23,31.57,6820.98,322.00
6358085,20.22,31.57,6820.98,327.00
6361085,20.23,31.58,6820.98,333.00
6364085,20.23,31.57,6820.98,338.00
6367085,20.23,31.57,6820.98,343.00
6370085,20.23,31.57,6820.98,347.00
6373085,20.23,31.57,6820.98,353.00
6376085,20.23,31.59,6820.98,357.00
6379085,20.23,31.57,6820.98,363.00
6382085,20.23,31.59,6820.98,368.00
6385085,20.23,31.59,6820.98,374.00
6388085,20.23,31.59,6820.98,379.00
6391085,20.23,31.60,6820.98,383.00
6394085,20.23,31.60,6820.98,388.00
6397085,20.23,31.59,6820.98,389.00
6400085,20.23,31.59,6820.98,397.00
6403085,20.23,31.59,6820.98,400.00
6406085,20.23,31.59,6820.98,405.00
6409085,20.24,31.59,6820.98,409.00
6412085,20.24,31.59,6820.98,413.00
6415085,20.24,31.60,6820.98,418.00
6418085,20.24,31.59,6820.98,422.00
6421085,20.24,31.59,6820.98,427.00
6424085,20.24,31.59,6820.98,438.00
6427085,20.24,31.59,6820.98,438.00
6430085,20.24,31.59,6820.98,443.00
6433085,20.24,31.60,6820.98,448.00
6436085,20.24,31.59,6820.98,454.00
6439085,20.24,31.60,6820.98,460.00
6442085,20.24,31.59,6820.98,463.00
6445085,20.24,31.60,6820.98,470.00
6448085,20.24,31.60,6820.98,476.00
6451085,20.24,31.60,6820.98,480.00
6454085,20.23,31.61,6820.98,486.00
6457085,20.23,31.61,6820.98,492.00
6460085,20.24,31.61,6820.98,496.00
6463085,20.24,31.61,6820.98,501.00
6466085,20.24,31.61,6820.98,505.00
6469085,20.24,31.60,6820.98,511.00
6472085,20.24,31.61,6820.98,515.00
6475085,20.24,31.61,6820.98,518.00
6478085,20.24,31.61,6820.98,521.00
6481085,20.24,31.63,6820.98,523.00
6484085,20.24,31.62,6820.98,525.00
6487085,20.24,31.62,6820.98,525.00
6490085,20.24,31.63,6820.98,530.00
6493085,20.23,31.63,6820.98,531.00
6496085,20.23,31.63,6820.98,532.00
6499085,20.23,31.63,6820.98,532.00
6502085,20.24,31.62,6820.98,532.00
6505085,20.24,31.63,6820.98,513.00
6508085,20.24,31.62,6820.98,526.00
6511085,20.24,31.63,6820.98,521.00
6514085,20.24,31.63,6820.98,516.00
6517085,20.24,31.65,6820.98,512.00
6520085,20.24,31.65,6820.98,505.00
6523085,20.24,31.63,6820.98,538.00
6526085,20.25,31.63,6820.98,501.00
6529085,20.25,31.64,6820.98,498.00
6532085,20.25,31.64,6820.98,494.00
6535085,20.25,31.62,6820.98,493.00
6538085,20.25,31.64,6820.98,492.00
6541085,20.25,31.63,6820.98,490.00
6544085,20.25,31.62,6820.98,489.00
6547085,20.25,31.64,6820.98,487.00
6550085,20.24,31.63,6820.98,486.00
6553085,20.25,31.65,6820.98,486.00
6556085,20.26,31.64,6820.98,486.00
6559085,20.26,31.64,6820.98,485.00
6562085,20.26,31.65,6820.98,485.00
6565085,20.25,31.65,6820.98,485.00
6568085,20.25,31.65,6820.98,486.00
6571085,20.25,31.65,6820.98,486.00
6574085,20.26,31.66,6820.98,486.00
6577085,20.26,31.65,6820.98,486.00
6580085,20.26,31.65,6820.98,501.00
6583085,20.26,31.65,6820.98,484.00
6586085,20.26,31.66,6820.98,484.00
6589085,20.26,31.67,6820.98,482.00
6592085,20.26,31.69,6820.98,475.00
6595085,20.26,31.70,6820.98,479.00
6598085,20.25,31.70,6820.98,475.00
6601085,20.25,31.71,6820.98,476.00
6604085,20.25,31.71,6820.98,474.00
6607085,20.25,31.71,6820.98,471.00
6610085,20.26,31.71,6820.98,471.00
6613085,20.26,31.72,6820.98,466.00
6616085,20.26,31.72,6820.98,465.00
6619085,20.26,31.87,6820.98,464.00
6622085,20.26,31.92,6820.98,464.00
6625085,20.26,31.90,6820.98,442.00
6628085,20.26,31.89,6820.98,456.00
6631085,20.26,31.89,6820.98,454.00
6634085,20.26,31.88,6820.98,450.00
6637085,20.27,31.93,6820.98,472.00
6640085,20.26,31.93,6820.98,438.00
6643085,20.26,31.94,6820.98,438.00
6646085,20.26,31.95,6820.98,438.00
6649085,20.26,31.96,6820.98,435.00
6652085,20.26,32.00,6820.98,432.00
6655085,20.26,32.00,6820.98,430.00
6658085,20.26,32.04,6820.98,428.00
6661085,20.26,32.05,6820.98,427.00
6664085,20.26,32.07,6820.98,425.00
6667085,20.26,32.08,6820.98,424.00
6670085,20.26,32.10,6820.98,422.00
6673085,20.26,32.08,6820.98,421.00
6676085,20.26,32.10,6820.98,419.00
6679085,20.25,32.11,6820.98,416.00
6682085,20.26,32.11,6820.98,415.00
6685085,20.26,32.12,6820.98,412.00
6688085,20.25,32.15,6820.98,409.00
6691085,20.25,32.17,6820.98,405.00
6694085,20.25,32.21,6820.98,403.00
6697085,20.26,32.22,6820.98,400.00
6700085,20.25,32.23,6820.98,404.00
6703085,20.26,32.23,6820.98,394.00
6706085,20.26,32.26,6820.98,393.00
6709085,20.26,32.26,6820.98,390.00
6712085,20.26,32.27,6820.98,388.00
6715085,20.27,32.27,6820.98,383.00
6718085,20.26,32.24,6820.98,385.00
6721085,20.26,32.23,6820.98,407.00
6724085,20.26,32.22,6820.98,380.00
6727085,20.26,32.22,6820.98,380.00
6730085,20.26,32.23,6820.98,378.00
6733085,20.27,32.23,6820.98,376.00
6736085,20.26,32.23,6820.98,392.00
6739085,20.26,32.23,6820.98,376.00
6742085,20.26,32.23,6820.98,374.00
6745085,20.26,32.24,6820.98,374.00
6748085,20.26,32.30,6820.98,373.00
6751085,20.26,32.34,6820.98,371.00
6754085,20.27,32.32,6820.98,373.00
6757085,20.27,32.31,6820.98,368.00
6760085,20.27,32.32,6820.98,366.00
6763085,20.27,32.33,6820.98,349.00
6766085,20.27,32.35,6820.98,385.00
6769085,20.27,32.39,6820.98,358.00
6772085,20.27,32.39,6820.98,355.00
6775085,20.26,32.40,6820.98,353.00
6778085,20.26,32.39,6820.98,350.00
6781085,20.26,32.38,6820.98,353.00
6784085,20.26,32.38,6820.98,345.00
6787085,20.26,32.38,6820.98,342.00
6790085,20.26,32.38,6820.98,338.00
6793085,20.26,32.39,6820.98,337.00
6796085,20.26,32.41,6820.98,334.00
6799085,20.26,32.43,6820.98,331.00
6802085,20.26,32.44,6820.98,328.00
6805085,20.26,32.44,6820.98,327.00
6808085,20.26,32.44,6820.98,320.00
6811085,20.26,32.45,6820.98,322.00
6814085,20.26,32.47,6820.98,319.00
6817085,20.27,32.51,6820.98,315.00
6820085,20.26,32.50,6820.98,313.00
6823085,20.27,32.51,6820.98,312.00
6826085,20.27,32.52,6820.98,311.00
6829085,20.27,32.56,6820.98,311.00
6832085,20.27,32.58,6820.98,311.00
6835085,20.27,32.58,6820.98,310.00
6838085,20.27,32.58,6820.98,310.00
6841085,20.27,32.62,6820.98,310.00
6844085,20.27,32.65,6820.98,310.00
6847085,20.26,32.68,6820.98,311.00
6850085,20.27,32.67,6820.98,312.00
6853085,20.27,32.68,6820.98,313.00
6856085,20.27,32.69,6820.98,315.00
6859085,20.27,32.71,6820.98,337.00
6862085,20.27,32.73,6820.98,316.00
6865085,20.27,32.74,6820.98,317.00
6868085,20.27,32.74,6820.98,319.00
6871085,20.27,32.74,6820.98,335.00
6874085,20.28,32.77,6820.98,323.00
6877085,20.28,32.80,6820.98,327.00
6880085,20.28,32.82,6820.98,330.00
6883085,20.27,32.83,6820.98,332.00
6886085,20.27,32.84,6820.98,336.00
6889085,20.27,32.86,6820.98,339.00
6892085,20.27,32.88,6820.98,342.00
6895085,20.27,32.89,6820.98,345.00
6898085,20.27,32.92,6820.98,348.00
6901085,20.27,32.99,6820.98,335.00
6904085,20.27,33.01,6820.98,355.00
6907085,20.27,33.05,6820.98,360.00
6910085,20.27,33.06,6820.98,365.00
6913085,20.26,33.06,6820.98,359.00
6916085,20.26,33.07,6820.98,373.00
6919085,20.27,33.11,6820.98,377.00
6922085,20.27,33.11,6820.98,381.00
6925085,20.27,33.09,6820.98,385.00
6928085,20.28,33.09,6820.98,388.00
6931085,20.28,33.09,6820.98,394.00
6934085,20.28,33.10,6820.98,399.00
6937085,20.29,33.08,6820.98,406.00
6940085,20.29,33.06,6820.98,409.00
6943085,20.29,33.07,6820.98,414.00
6946085,20.29,33.08,6820.98,420.00
6949085,20.29,33.10,6820.98,426.00
6952085,20.30,33.08,6820.98,432.00
6955085,20.29,33.07,6820.98,438.00
6958085,20.30,33.05,6820.98,425.00
6961085,20.30,33.05,6820.98,449.00
6964085,20.30,33.05,6820.98,455.00
6967085,20.30,33.04,6820.98,461.00
6970085,20.30,33.04,6820.98,467.00
6973085,20.30,33.04,6820.98,472.00
6976085,20.31,33.04,6820.98,474.00
6979085,20.30,33.04,6820.98,477.00
6982085,20.30,33.04,6820.98,479.00
6985085,20.31,33.05,6820.98,478.00
6988085,20.31,33.05,6820.98,478.00
6991085,20.31,33.02,6820.98,478.00
6994085,20.31,33.00,6820.98,477.00
6997085,20.32,32.99,6820.98,475.00
7000085,20.32,33.00,6820.98,476.00
7003085,20.31,33.01,6820.98,472.00
7006085,20.31,33.02,6820.98,470.00
7009085,20.31,33.04,6820.98,469.00
7012085,20.31,33.06,6820.98,467.00
7015085,20.31,33.08,6820.98,466.00
7018085,20.31,33.10,6820.98,482.00
7021085,20.31,33.11,6820.98,466.00
7024085,20.31,33.15,6820.98,466.00
7027085,20.31,33.16,6820.98,479.00
7030085,20.31,33.17,6820.98,465.00
7033085,20.31,33.18,6820.98,464.00
7036085,20.31,33.22,6820.98,463.00
7039085,20.32,33.22,6820.98,464.00
7042085,20.32,33.22,6820.98,465.00
7045085,20.32,33.22,6820.98,464.00
7048085,20.32,33.22,6820.98,462.00
7051085,20.32,33.24,6820.98,463.00
7054085,20.32,33.26,6820.98,462.00
7057085,20.32,33.26,6820.98,461.00
7060085,20.33,33.24,6820.98,460.00
7063085,20.32,33.23,6820.98,454.00
7066085,20.32,33.22,6820.98,450.00
7069085,20.32,33.21,6820.98,454.00
7072085,20.31,33.22,6820.98,455.00
7075085,20.32,33.24,6820.98,450.00
7078085,20.32,33.27,6820.98,448.00
7081085,20.32,33.29,6820.98,443.00
7084085,20.32,33.31,6820.98,444.00
7087085,20.32,33.31,6820.98,441.00
7090085,20.32,33.31,6820.98,440.00
7093085,20.33,33.32,6820.98,438.00
7096085,20.32,33.34,6820.98,435.00
7099085,20.33,33.33,6820.98,433.00
7102085,20.33,33.32,6820.98,430.00
7105085,20.33,33.31,6820.98,427.00
7108085,20.33,33.29,6820.98,424.00
7111085,20.32,33.32,6820.98,423.00
7114085,20.33,33.33,6820.98,421.00
7117085,20.32,33.34,6820.98,419.00
7120085,20.33,33.37,6820.98,417.00
7123085,20.33,33.38,6820.98,415.00
7126085,20.33,33.39,6820.98,414.00
7129085,20.33,33.40,6820.98,413.00
7132085,20.33,33.40,6820.98,410.00
7135085,20.33,33.39,6820.98,411.00
7138085,20.34,33.40,6820.98,409.00
7141085,20.34,33.39,6820.98,408.00
7144085,20.34,33.40,6820.98,407.00
7147085,20.34,33.42,6820.98,405.00
7150085,20.34,33.42,6820.98,404.00
7153085,20.35,33.44,6820.98,435.00
7156085,20.35,33.44,6820.98,401.00
7159085,20.35,33.46,6820.98,400.00
7162085,20.35,33.48,6820.98,399.00
7165085,20.35,33.48,6820.98,398.00
7168085,20.35,33.54,6820.98,396.00
7171085,20.35,33.55,6820.98,395.00
7174085,20.36,33.59,6820.98,393.00
7177085,20.36,33.59,6820.98,392.00
7180085,20.36,33.60,6820.98,390.00
7183085,20.37,33.61,6820.98,388.00
7186085,20.37,33.59,6820.98,388.00
7189085,20.37,33.59,6820.98,386.00
7192085,20.38,33.55,6820.98,386.00
7195085,20.38,33.52,6820.98,386.00
7198085,20.38,33.50,6820.98,369.00
7201085,20.39,33.49,6820.98,385.00
7204085,20.39,33.52,6820.98,384.00
7207085,20.39,33.53,6820.98,385.00
7210085,20.39,33.52,6820.98,386.00
7213085,20.39,33.52,6820.98,388.00
7216085,20.40,33.53,6820.98,387.00
7219085,20.40,33.54,6820.98,389.00
7222085,20.41,33.57,6820.98,385.00
7225085,20.41,33.55,6820.98,391.00
7228085,20.40,33.54,6820.98,393.00
7231085,20.41,33.54,6820.98,394.00
7234085,20.40,33.55,6820.98,396.00
7237085,20.41,33.55,6820.98,398.00
7240085,20.41,33.57,6820.98,401.00
7243085,20.41,33.57,6820.98,403.00
7246085,20.41,33.55,6820.98,406.00
7249085,20.41,33.57,6820.98,414.00
7252085,20.41,33.58,6820.98,410.00
7255085,20.41,33.59,6820.98,413.00
7258085,20.41,33.61,6820.98,415.00
7261085,20.41,33.64,6820.98,417.00
7264085,20.41,33.68,6820.98,419.00
7267085,20.42,33.73,6820.98,420.00
7270085,20.42,33.74,6820.98,422.00
7273085,20.41,33.74,6820.98,424.00
7276085,20.41,33.73,6820.98,427.00
7279085,20.41,33.74,6820.98,430.00
7282085,20.42,33.74,6820.98,432.00
7285085,20.41,33.72,6820.98,433.00
7288085,20.41,33.69,6820.98,436.00
7291085,20.42,33.69,6820.98,436.00
7294085,20.41,33.69,6820.98,437.00
7297085,20.41,33.69,6820.98,437.00
7300085,20.41,33.70,6820.98,472.00
7303085,20.41,33.71,6820.98,440.00
7306085,20.41,33.74,6820.98,439.00
7309085,20.41,33.76,6820.98,441.00
7312085,20.41,33.79,6820.98,439.00
7315085,20.41,33.81,6820.98,441.00
7318085,20.41,33.85,6820.98,442.00
7321085,20.41,33.83,6820.98,443.00
7324085,20.41,33.82,6820.98,443.00
7327085,20.41,33.79,6820.98,445.00
7330085,20.41,33.80,6820.98,477.00
7333085,20.42,33.81,6820.98,441.00
7336085,20.41,33.77,6820.98,439.00
7339085,20.41,33.74,6820.98,434.00
7342085,20.41,33.77,6820.98,434.00
7345085,20.41,33.81,6820.98,431.00
7348085,20.41,33.82,6820.98,427.00
7351085,20.41,33.83,6820.98,422.00
7354085,20.40,33.88,6820.98,397.00
7357085,20.40,33.88,6820.98,410.00
7360085,20.40,33.88,6820.98,403.00
7363085,20.40,33.92,6820.98,397.00
7366085,20.39,33.94,6820.98,388.00
7369085,20.39,33.94,6820.98,381.00
7372085,20.39,33.92,6820.98,374.00
7375085,20.39,33.91,6820.98,364.00
7378085,20.39,33.89,6820.98,358.00
7381085,20.39,33.89,6820.98,348.00
7384085,20.38,33.92,6820.98,340.00
7387085,20.38,33.94,6820.98,332.00
7390085,20.38,33.98,6820.98,323.00
7393085,20.38,34.03,6820.98,316.00
7396085,20.38,34.05,6820.98,309.00
7399085,20.38,34.06,6820.98,302.00
7402085,20.38,34.07,6820.98,295.00
7405085,20.38,34.06,6820.98,288.00
7408085,20.38,34.04,6820.98,283.00
7411085,20.38,34.03,6820.98,278.00
7414085,20.39,34.00,6820.98,273.00
7417085,20.38,33.99,6820.98,299.00
7420085,20.38,33.98,6820.98,264.00
7423085,20.38,34.01,6820.98,260.00
7426085,20.38,34.01,6820.98,257.00
7429085,20.37,34.03,6820.98,254.00
7432085,20.38,34.00,6820.98,250.00
7435085,20.38,34.04,6820.98,247.00
7438085,20.37,34.05,6820.98,275.00
7441085,20.37,34.07,6820.98,244.00
7444085,20.37,34.10,6820.98,242.00
7447085,20.38,34.13,6820.98,241.00
7450085,20.37,34.15,6820.98,239.00
7453085,20.38,34.12,6820.98,258.00
7456085,20.37,34.10,6820.98,236.00
7459085,20.37,34.11,6820.98,236.00
7462085,20.37,34.11,6820.98,235.00
7465085,20.38,34.11,6820.98,234.00
7468085,20.38,34.13,6820.98,235.00
7471085,20.38,34.15,6820.98,233.00
7474085,20.38,34.11,6820.98,234.00
7477085,20.37,34.12,6820.98,234.00
7480085,20.37,34.17,6820.98,234.00
7483085,20.38,34.18,6820.98,235.00
7486085,20.38,34.17,6820.98,235.00
7489085,20.38,34.18,6820.98,236.00
7492085,20.38,34.22,6820.98,236.00
7495085,20.38,34.24,6820.98,237.00
7498085,20.38,34.24,6820.98,239.00
7501085,20.38,34.23,6820.98,239.00
7504085,20.37,34.22,6820.98,241.00
7507085,20.37,34.21,6820.98,241.00
7510085,20.37,34.21,6820.98,274.00
7513085,20.38,34.21,6820.98,245.00
7516085,20.37,34.20,6820.98,246.00
7519085,20.37,34.20,6820.98,248.00
7522085,20.37,34.20,6820.98,269.00
7525085,20.37,34.18,6820.98,250.00
7528085,20.37,34.18,6820.98,252.00
7531085,20.37,34.20,6820.98,254.00
7534085,20.38,34.20,6820.98,254.00
7537085,20.38,34.22,6820.98,255.00
7540085,20.37,34.24,6820.98,257.00
7543085,20.37,34.26,6820.98,259.00
7546085,20.38,34.26,6820.98,259.00
7549085,20.38,34.23,6820.98,261.00
7552085,20.38,34.22,6820.98,260.00
7555085,20.38,34.22,6820.98,262.00
7558085,20.38,34.21,6820.98,264.00
7561085,20.38,34.25,6820.98,265.00
7564085,20.39,34.22,6820.98,266.00
7567085,20.39,34.22,6820.98,268.00
7570085,20.39,34.21,6820.98,300.00
7573085,20.39,34.22,6820.98,269.00
7576085,20.39,34.22,6820.98,273.00
7579085,20.39,34.23,6820.98,274.00
7582085,20.39,34.27,6820.98,277.00
7585085,20.40,34.27,6820.98,279.00
7588085,20.39,34.28,6820.98,282.00
7591085,20.39,34.26,6820.98,271.00
7594085,20.39,34.27,6820.98,290.00
7597085,20.39,34.31,6820.98,294.00
7600085,20.38,34.28,6820.98,297.00
7603085,20.38,34.26,6820.98,301.00
7606085,20.39,34.28,6820.98,304.00
7609085,20.38,34.29,6820.98,306.00
7612085,20.38,34.33,6820.98,309.00
7615085,20.38,34.35,6820.98,312.00
7618085,20.38,34.35,6820.98,315.00
7621085,20.38,34.35,6820.98,318.00
7624085,20.38,34.35,6820.98,320.00
7627085,20.38,34.35,6820.98,321.00
7630085,20.38,34.34,6820.98,325.00
7633085,20.38,34.34,6820.98,326.00
7636085,20.37,34.35,6820.98,332.00
7639085,20.37,34.38,6820.98,331.00
7642085,20.38,34.38,6820.98,333.00
7645085,20.37,34.35,6820.98,335.00
7648085,20.37,34.37,6820.98,337.00
7651085,20.38,34.37,6820.98,339.00
7654085,20.37,34.37,6820.98,341.00
7657085,20.37,34.38,6820.98,348.00
7660085,20.37,34.38,6820.98,345.00
7663085,20.38,34.38,6820.98,346.00
7666085,20.38,34.38,6820.98,347.00
7669085,20.38,34.37,6820.98,347.00
7672085,20.37,34.35,6820.98,350.00
7675085,20.37,34.39,6820.98,351.00
7678085,20.37,34.39,6820.98,351.00
7681085,20.37,34.38,6820.98,353.00
7684085,20.37,34.38,6820.98,353.00
7687085,20.37,34.38,6820.98,354.00
7690085,20.37,34.39,6820.98,353.00
7693085,20.36,34.39,6820.98,354.00
7696085,20.37,34.40,6820.98,354.00
7699085,20.36,34.44,6820.98,387.00
7702085,20.37,34.46,6820.98,355.00
7705085,20.37,34.47,6820.98,355.00
7708085,20.37,34.47,6820.98,356.00
7711085,20.37,34.45,6820.98,356.00
7714085,20.37,34.50,6820.98,356.00
7717085,20.37,34.51,6820.98,356.00
7720085,20.38,34.49,6820.98,357.00
7723085,20.38,34.51,6820.98,357.00
7726085,20.37,34.51,6820.98,356.00
7729085,20.38,34.54,6820.98,365.00
7732085,20.38,34.52,6820.98,359.00
7735085,20.38,34.54,6820.98,359.00
7738085,20.38,34.51,6820.98,359.00
7741085,20.38,34.51,6820.98,359.00
7744085,20.38,34.51,6820.98,358.00
7747085,20.38,34.50,6820.98,341.00
7750085,20.38,34.52,6820.98,356.00
7753085,20.38,34.55,6820.98,355.00
7756085,20.38,34.57,6820.98,352.00
7759085,20.38,34.56,6820.98,350.00
7762085,20.38,34.54,6820.98,348.00
7765085,20.38,34.56,6820.98,345.00
7768085,20.38,34.54,6820.98,343.00
7771085,20.38,34.55,6820.98,341.00
7774085,20.38,34.60,6820.98,336.00
7777085,20.38,34.61,6820.98,335.00
7780085,20.39,34.57,6820.98,334.00
7783085,20.38,34.57,6820.98,331.00
7786085,20.39,34.58,6820.98,329.00
7789085,20.39,34.63,6820.98,328.00
7792085,20.39,34.59,6820.98,327.00
7795085,20.39,34.61,6820.98,326.00
7798085,20.39,34.67,6820.98,333.00
7801085,20.39,34.72,6820.98,327.00
7804085,20.39,34.78,6820.98,329.00
7807085,20.39,34.72,6820.98,329.00
7810085,20.40,34.67,6820.98,333.00
7813085,20.39,34.67,6820.98,334.00
7816085,20.39,34.71,6820.98,336.00
7819085,20.39,34.74,6820.98,338.00
7822085,20.39,34.74,6820.98,353.00
7825085,20.39,34.76,6820.98,343.00
7828085,20.39,34.75,6820.98,345.00
7831085,20.38,34.78,6820.98,346.00
7834085,20.38,34.78,6820.98,346.00
7837085,20.38,34.77,6820.98,347.00
7840085,20.38,34.79,6820.98,346.00
7843085,20.38,34.79,6820.98,345.00
7846085,20.38,34.80,6820.98,342.00
7849085,20.39,34.77,6820.98,340.00
7852085,20.39,34.79,6820.98,336.00
7855085,20.39,34.79,6820.98,333.00
7858085,20.39,34.77,6820.98,328.00
7861085,20.40,34.77,6820.98,331.00
7864085,20.39,34.76,6820.98,323.00
7867085,20.39,34.78,6820.98,318.00
7870085,20.39,34.82,6820.98,316.00
7873085,20.39,34.84,6820.98,313.00
7876085,20.39,34.83,6820.98,310.00
7879085,20.39,34.83,6820.98,306.00
7882085,20.39,34.85,6820.98,305.00
7885085,20.39,34.87,6820.98,300.00
7888085,20.39,34.88,6820.98,297.00
7891085,20.39,34.93,6820.98,296.00
7894085,20.39,34.93,6820.98,294.00
7897085,20.38,34.92,6820.98,293.00
7900085,20.38,34.94,6820.98,321.00
7903085,20.38,34.96,6820.98,290.00
7906085,20.37,34.95,6820.98,290.00
7909085,20.37,34.95,6820.98,289.00
7912085,20.37,34.97,6820.98,287.00
7915085,20.37,34.97,6820.98,284.00
7918085,20.38,34.96,6820.98,284.00
7921085,20.38,34.97,6820.98,283.00
7924085,20.38,34.94,6820.98,311.00
7927085,20.37,34.92,6820.98,281.00
7930085,20.38,34.94,6820.98,279.00
7933085,20.38,34.90,6820.98,280.00
7936085,20.37,34.88,6820.98,277.00
7939085,20.38,34.88,6820.98,277.00
7942085,20.38,34.86,6820.98,277.00
7945085,20.37,34.89,6820.98,277.00
7948085,20.37,34.90,6820.98,276.00
7951085,20.37,34.91,6820.98,277.00
7954085,20.37,34.86,6820.98,277.00
7957085,20.37,34.84,6820.98,278.00
7960085,20.37,34.85,6820.98,278.00
7963085,20.38,34.88,6820.98,260.00
7966085,20.38,34.86,6820.98,280.00
7969085,20.37,34.89,6820.98,281.00
7972085,20.37,34.91,6820.98,283.00
7975085,20.38,34.91,6820.98,285.00
7978085,20.38,34.90,6820.98,288.00
7981085,20.38,34.86,6820.98,288.00
7984085,20.37,34.95,6820.98,294.00
7987085,20.38,35.01,6820.98,298.00
7990085,20.38,35.01,6820.98,301.00
7993085,20.38,35.03,6820.98,306.00
7996085,20.38,35.05,6820.98,311.00
7999085,20.39,35.05,6820.98,316.00
8002085,20.39,35.00,6820.98,320.00
8005085,20.39,35.00,6820.98,324.00
8008085,20.39,35.00,6820.98,328.00
8011085,20.39,34.97,6820.98,331.00
8014085,20.39,34.97,6820.98,342.00
8017085,20.40,34.99,6820.98,338.00
8020085,20.40,34.97,6820.98,340.00
8023085,20.39,34.95,6820.98,342.00
8026085,20.40,34.95,6820.98,341.00
8029085,20.40,34.96,6820.98,346.00
8032085,20.40,34.96,6820.98,362.00
8035085,20.41,34.95,6820.98,351.00
8038085,20.41,34.94,6820.98,355.00
8041085,20.41,34.95,6820.98,359.00
8044085,20.41,34.96,6820.98,362.00
8047085,20.41,34.96,6820.98,367.00
8050085,20.41,34.95,6820.98,371.00
8053085,20.41,34.95,6820.98,376.00
8056085,20.41,34.94,6820.98,380.00
8059085,20.42,34.98,6820.98,384.00
8062085,20.42,34.99,6820.98,387.00
8065085,20.42,34.98,6820.98,390.00
8068085,20.42,34.95,6820.98,392.00
8071085,20.42,34.94,6820.98,395.00
8074085,20.42,34.93,6820.98,395.00
8077085,20.42,34.93,6820.98,394.00
8080085,20.42,34.93,6820.98,394.00
8083085,20.42,34.94,6820.98,394.00
8086085,20.42,34.94,6820.98,393.00
8089085,20.42,34.94,6820.98,392.00
8092085,20.42,34.94,6820.98,390.00
8095085,20.43,34.96,6820.98,390.00
8098085,20.43,34.98,6820.98,388.00
8101085,20.42,34.96,6820.98,387.00
8104085,20.43,34.93,6820.98,400.00
8107085,20.42,34.95,6820.98,386.00
8110085,20.42,34.96,6820.98,386.00
8113085,20.42,34.95,6820.98,384.00
8116085,20.42,34.95,6820.98,383.00
8119085,20.42,34.96,6820.98,382.00
8122085,20.42,34.96,6820.98,381.00
8125085,20.42,34.96,6820.98,379.00
8128085,20.42,34.98,6820.98,379.00
8131085,20.42,34.98,6820.98,376.00
8134085,20.42,34.98,6820.98,373.00
8137085,20.42,34.98,6820.98,371.00
8140085,20.42,34.96,6820.98,369.00
8143085,20.42,34.99,6820.98,370.00
8146085,20.42,34.98,6820.98,363.00
8149085,20.42,34.98,6820.98,359.00
8152085,20.42,34.98,6820.98,359.00
8155085,20.42,34.99,6820.98,355.00
8158085,20.42,35.01,6820.98,354.00
8161085,20.42,35.01,6820.98,352.00
8164085,20.42,34.99,6820.98,350.00
8167085,20.42,34.99,6820.98,347.00
8170085,20.41,35.01,6820.98,348.00
8173085,20.41,35.06,6820.98,347.00
8176085,20.42,35.10,6820.98,345.00
8179085,20.41,35.12,6820.98,344.00
8182085,20.41,35.12,6820.98,343.00
8185085,20.41,35.12,6820.98,342.00
8188085,20.41,35.15,6820.98,339.00
8191085,20.40,35.13,6820.98,341.00
8194085,20.41,35.10,6820.98,339.00
8197085,20.40,35.08,6820.98,340.00
8200085,20.41,35.04,6820.98,335.00
8203085,20.41,35.01,6820.98,339.00
8206085,20.41,35.01,6820.98,340.00
8209085,20.41,35.02,6820.98,341.00
8212085,20.41,35.02,6820.98,342.00
8215085,20.41,35.02,6820.98,344.00
8218085,20.41,35.02,6820.98,345.00
8221085,20.41,35.06,6820.98,347.00
8224085,20.41,35.07,6820.98,349.00
8227085,20.41,35.05,6820.98,352.00
8230085,20.41,35.07,6820.98,338.00
8233085,20.41,35.11,6820.98,357.00
8236085,20.40,35.16,6820.98,339.00
8239085,20.41,35.19,6820.98,359.00
8242085,20.40,35.19,6820.98,363.00
8245085,20.40,35.17,6820.98,361.00
8248085,20.41,35.19,6820.98,367.00
8251085,20.41,35.22,6820.98,369.00
8254085,20.40,35.22,6820.98,371.00
8257085,20.40,35.21,6820.98,375.00
8260085,20.40,35.19,6820.98,377.00
8263085,20.40,35.16,6820.98,380.00
8266085,20.40,35.13,6820.98,382.00
8269085,20.39,35.14,6820.98,386.00
8272085,20.40,35.16,6820.98,387.00
8275085,20.40,35.18,6820.98,389.00
8278085,20.40,35.25,6820.98,392.00
8281085,20.40,35.27,6820.98,395.00
8284085,20.41,35.25,6820.98,396.00
8287085,20.40,35.24,6820.98,398.00
8290085,20.41,35.23,6820.98,401.00
8293085,20.40,35.19,6820.98,403.00
8296085,20.41,35.16,6820.98,405.00
8299085,20.41,35.18,6820.98,418.00
8302085,20.40,35.21,6820.98,408.00
8305085,20.41,35.19,6820.98,410.00
8308085,20.41,35.18,6820.98,412.00
8311085,20.40,35.19,6820.98,414.00
8314085,20.40,35.18,6820.98,415.00
8317085,20.40,35.22,6820.98,417.00
8320085,20.40,35.27,6820.98,421.00
8323085,20.39,35.26,6820.98,423.00
8326085,20.39,35.28,6820.98,426.00
8329085,20.39,35.27,6820.98,425.00
8332085,20.39,35.24,6820.98,429.00
8335085,20.39,35.22,6820.98,431.00
8338085,20.40,35.23,6820.98,432.00
8341085,20.40,35.23,6820.98,434.00
8344085,20.39,35.25,6820.98,436.00
8347085,20.40,35.25,6820.98,437.00
8350085,20.40,35.27,6820.98,438.00
8353085,20.40,35.30,6820.98,440.00
8356085,20.40,35.31,6820.98,440.00
8359085,20.40,35.33,6820.98,440.00
8362085,20.41,35.33,6820.98,440.00
8365085,20.41,35.33,6820.98,442.00
8368085,20.42,35.32,6820.98,453.00
8371085,20.41,35.28,6820.98,424.00
8374085,20.41,35.23,6820.98,442.00
8377085,20.42,35.21,6820.98,444.00
8380085,20.42,35.19,6820.98,442.00
8383085,20.42,35.18,6820.98,445.00
8386085,20.42,35.17,6820.98,447.00
8389085,20.43,35.19,6820.98,447.00
8392085,20.43,35.18,6820.98,449.00
8395085,20.43,35.29,6820.98,451.00
8398085,20.42,35.30,6820.98,453.00
8401085,20.43,35.27,6820.98,455.00
8404085,20.43,35.30,6820.98,458.00
8407085,20.42,35.21,6820.98,457.00
8410085,20.42,35.17,6820.98,462.00
8413085,20.43,35.17,6820.98,461.00
8416085,20.43,35.16,6820.98,466.00
8419085,20.43,35.15,6820.98,469.00
8422085,20.43,35.18,6820.98,469.00
8425085,20.43,35.22,6820.98,469.00
8428085,20.43,35.23,6820.98,472.00
8431085,20.43,35.23,6820.98,472.00
8434085,20.43,35.33,6820.98,473.00
8437085,20.43,35.37,6820.98,468.00
8440085,20.43,35.38,6820.98,472.00
8443085,20.43,35.33,6820.98,471.00
8446085,20.43,35.31,6820.98,469.00
8449085,20.44,35.29,6820.98,470.00
8452085,20.44,35.31,6820.98,470.00
8455085,20.44,35.31,6820.98,471.00
8458085,20.44,35.31,6820.98,472.00
8461085,20.45,35.27,6820.98,475.00
8464085,20.45,35.28,6820.98,478.00
8467085,20.45,35.29,6820.98,482.00
8470085,20.45,35.28,6820.98,485.00
8473085,20.46,35.27,6820.98,490.00
8476085,20.45,35.28,6820.98,496.00
8479085,20.45,35.31,6820.98,530.00
8482085,20.45,35.32,6820.98,510.00
8485085,20.46,35.31,6820.98,517.00
8488085,20.45,35.28,6820.98,524.00
8491085,20.45,35.27,6820.98,532.00
8494085,20.46,35.29,6820.98,539.00
8497085,20.46,35.23,6820.98,545.00
8500085,20.46,35.29,6820.98,553.00
8503085,20.46,35.36,6820.98,561.00
8506085,20.46,35.28,6820.98,568.00
8509085,20.47,35.20,6820.98,556.00
8512085,20.47,35.24,6820.98,581.00
8515085,20.47,35.21,6820.98,587.00
8518085,20.47,35.16,6820.98,592.00
8521085,20.47,35.14,6820.98,596.00
8524085,20.48,35.15,6820.98,600.00
8527085,20.48,35.16,6820.98,602.00
8530085,20.47,35.15,6820.98,607.00
8533085,20.48,35.16,6820.98,610.00
8536085,20.48,35.20,6820.98,613.00
8539085,20.48,35.17,6820.98,617.00
8542085,20.48,35.15,6820.98,621.00
8545085,20.48,35.15,6820.98,623.00
8548085,20.48,35.11,6820.98,625.00
8551085,20.49,35.08,6820.98,627.00
8554085,20.49,35.07,6820.98,627.00
8557085,20.48,35.04,6820.98,628.00
8560085,20.48,35.04,6820.98,657.00
8563085,20.48,35.05,6820.98,627.00
8566085,20.48,35.04,6820.98,628.00
8569085,20.49,35.00,6820.98,626.00
8572085,20.49,35.00,6820.98,652.00
8575085,20.48,34.98,6820.98,622.00
8578085,20.48,35.02,6820.98,599.00
8581085,20.48,35.00,6820.98,617.00
8584085,20.48,35.00,6820.98,615.00
8587085,20.48,35.02,6820.98,612.00
8590085,20.48,35.03,6820.98,608.00
8593085,20.48,35.03,6820.98,583.00
8596085,20.48,35.03,6820.98,603.00
8599085,20.48,34.98,6820.98,598.00
8602085,20.47,34.98,6820.98,599.00
8605085,20.48,34.99,6820.98,598.00
8608085,20.48,35.00,6820.98,598.00
8611085,20.48,35.07,6820.98,598.00
8614085,20.48,35.07,6820.98,598.00
8617085,20.48,35.08,6820.98,593.00
8620085,20.48,35.10,6820.98,597.00
8623085,20.48,35.11,6820.98,625.00
8626085,20.47,35.11,6820.98,599.00
8629085,20.47,35.11,6820.98,600.00
8632085,20.47,35.11,6820.98,599.00
8635085,20.47,35.10,6820.98,600.00
8638085,20.47,35.09,6820.98,598.00
8641085,20.47,35.09,6820.98,598.00
8644085,20.47,35.07,6820.98,598.00
8647085,20.47,35.07,6820.98,597.00
8650085,20.47,35.07,6820.98,597.00
8653085,20.48,35.04,6820.98,595.00
8656085,20.48,35.04,6820.98,595.00
8659085,20.48,35.04,6820.98,593.00
8662085,20.48,35.04,6820.98,591.00
8665085,20.48,35.04,6820.98,590.00
8668085,20.48,35.04,6820.98,587.00
8671085,20.48,35.05,6820.98,585.00
8674085,20.48,35.07,6820.98,583.00
8677085,20.48,35.07,6820.98,580.00
8680085,20.48,35.07,6820.98,576.00
8683085,20.48,35.08,6820.98,573.00
8686085,20.48,35.08,6820.98,570.00
8689085,20.48,35.07,6820.98,567.00
8692085,20.48,35.05,6820.98,564.00
8695085,20.48,35.04,6820.98,560.00
8698085,20.48,35.05,6820.98,558.00
8701085,20.49,35.05,6820.98,555.00
8704085,20.49,35.07,6820.98,552.00
8707085,20.50,35.09,6820.98,550.00
8710085,20.50,35.08,6820.98,550.00
8713085,20.50,35.07,6820.98,549.00
8716085,20.50,35.08,6820.98,548.00
8719085,20.50,35.06,6820.98,559.00
8722085,20.50,35.04,6820.98,548.00
8725085,20.50,35.04,6820.98,581.00
8728085,20.50,35.04,6820.98,548.00
8731085,20.50,35.04,6820.98,549.00
8734085,20.49,35.04,6820.98,543.00
8737085,20.50,35.04,6820.98,550.00
8740085,20.50,35.04,6820.98,550.00
8743085,20.50,35.04,6820.98,551.00
8746085,20.50,35.04,6820.98,550.00
8749085,20.49,35.07,6820.98,551.00
8752085,20.49,35.09,6820.98,553.00
8755085,20.50,35.07,6820.98,549.00
8758085,20.50,35.10,6820.98,555.00
8761085,20.49,35.14,6820.98,582.00
8764085,20.50,35.15,6820.98,554.00
8767085,20.50,35.16,6820.98,556.00
8770085,20.49,35.15,6820.98,556.00
8773085,20.49,35.15,6820.98,557.00
8776085,20.49,35.16,6820.98,557.00
8779085,20.49,35.14,6820.98,558.00
8782085,20.49,35.13,6820.98,557.00
8785085,20.49,35.13,6820.98,553.00
8788085,20.49,35.15,6820.98,557.00
8791085,20.48,35.15,6820.98,556.00
8794085,20.48,35.15,6820.98,555.00
8797085,20.48,35.16,6820.98,555.00
8800085,20.49,35.17,6820.98,555.00
8803085,20.48,35.16,6820.98,555.00
8806085,20.49,35.16,6820.98,554.00
8809085,20.49,35.14,6820.98,555.00
8812085,20.49,35.14,6820.98,555.00
8815085,20.48,35.16,6820.98,553.00
8818085,20.48,35.21,6820.98,554.00
8821085,20.49,35.24,6820.98,554.00
8824085,20.49,35.28,6820.98,551.00
8827085,20.49,35.29,6820.98,550.00
8830085,20.49,35.26,6820.98,548.00
8833085,20.49,35.25,6820.98,545.00
8836085,20.49,35.24,6820.98,544.00
8839085,20.48,35.25,6820.98,541.00
8842085,20.49,35.22,6820.98,540.00
8845085,20.49,35.21,6820.98,538.00
8848085,20.50,35.20,6820.98,536.00
8851085,20.49,35.19,6820.98,534.00
8854085,20.50,35.16,6820.98,563.00
8857085,20.49,35.19,6820.98,529.00
8860085,20.49,35.20,6820.98,527.00
8863085,20.49,35.21,6820.98,526.00
8866085,20.49,35.21,6820.98,525.00
8869085,20.49,35.19,6820.98,523.00
8872085,20.50,35.19,6820.98,521.00
8875085,20.49,35.18,6820.98,520.00
8878085,20.49,35.18,6820.98,520.00
8881085,20.49,35.19,6820.98,521.00
8884085,20.49,35.17,6820.98,520.00
8887085,20.48,35.20,6820.98,520.00
8890085,20.49,35.21,6820.98,520.00
8893085,20.49,35.20,6820.98,518.00
8896085,20.48,35.22,6820.98,519.00
8899085,20.48,35.24,6820.98,520.00
8902085,20.48,35.25,6820.98,521.00
8905085,20.48,35.22,6820.98,520.00
8908085,20.48,35.25,6820.98,521.00
8911085,20.48,35.25,6820.98,520.00
8914085,20.47,35.24,6820.98,522.00
8917085,20.47,35.26,6820.98,522.00
8920085,20.47,35.27,6820.98,521.00
8923085,20.47,35.27,6820.98,521.00
8926085,20.47,35.26,6820.98,522.00
8929085,20.47,35.26,6820.98,522.00
8932085,20.47,35.29,6820.98,521.00
8935085,20.47,35.32,6820.98,522.00
8938085,20.47,35.31,6820.98,522.00
8941085,20.47,35.32,6820.98,522.00
8944085,20.47,35.33,6820.98,521.00
8947085,20.47,35.32,6820.98,520.00
8950085,20.46,35.31,6820.98,519.00
8953085,20.46,35.29,6820.98,517.00
8956085,20.47,35.31,6820.98,516.00
8959085,20.46,35.32,6820.98,517.00
8962085,20.47,35.31,6820.98,515.00
8965085,20.47,35.31,6820.98,514.00
8968085,20.47,35.32,6820.98,512.00
8971085,20.46,35.32,6820.98,510.00
8974085,20.47,35.31,6820.98,508.00
8977085,20.46,35.31,6820.98,504.00
8980085,20.47,35.33,6820.98,501.00
8983085,20.46,35.32,6820.98,496.00
8986085,20.46,35.36,6820.98,491.00
8989085,20.46,35.40,6820.98,470.00
8992085,20.46,35.42,6820.98,481.00
8995085,20.46,35.42,6820.98,488.00
8998085,20.45,35.42,6820.98,472.00
9001085,20.46,35.42,6820.98,468.00
9004085,20.45,35.42,6820.98,466.00
9007085,20.45,35.43,6820.98,459.00
9010085,20.46,35.43,6820.98,452.00
9013085,20.46,35.38,6820.98,447.00
9016085,20.46,35.36,6820.98,442.00
9019085,20.46,35.33,6820.98,435.00
9022085,20.46,35.32,6820.98,429.00
9025085,20.46,35.33,6820.98,423.00
9028085,20.46,35.33,6820.98,416.00
9031085,20.46,35.34,6820.98,412.00
9034085,20.46,35.37,6820.98,408.00
9037085,20.45,35.36,6820.98,403.00
9040085,20.46,35.38,6820.98,400.00
9043085,20.45,35.39,6820.98,395.00
9046085,20.45,35.42,6820.98,391.00
9049085,20.46,35.43,6820.98,386.00
9052085,20.45,35.43,6820.98,382.00
9055085,20.45,35.44,6820.98,379.00
9058085,20.45,35.44,6820.98,375.00
9061085,20.46,35.44,6820.98,370.00
9064085,20.46,35.44,6820.98,367.00
9067085,20.45,35.44,6820.98,365.00
9070085,20.45,35.44,6820.98,362.00
9073085,20.45,35.43,6820.98,357.00
9076085,20.46,35.44,6820.98,359.00
9079085,20.45,35.43,6820.98,359.00
9082085,20.45,35.44,6820.98,357.00
9085085,20.45,35.44,6820.98,359.00
9088085,20.45,35.44,6820.98,359.00
9091085,20.45,35.44,6820.98,360.00
9094085,20.45,35.44,6820.98,361.00
9097085,20.45,35.45,6820.98,363.00
9100085,20.44,35.46,6820.98,365.00
9103085,20.44,35.46,6820.98,366.00
9106085,20.44,35.45,6820.98,366.00
9109085,20.44,35.48,6820.98,368.00
9112085,20.44,35.48,6820.98,369.00
9115085,20.44,35.50,6820.98,370.00
9118085,20.44,35.50,6820.98,371.00
9121085,20.45,35.50,6820.98,372.00
9124085,20.44,35.51,6820.98,370.00
9127085,20.44,35.49,6820.98,370.00
9130085,20.44,35.48,6820.98,370.00
9133085,20.44,35.46,6820.98,369.00
9136085,20.45,35.44,6820.98,369.00
9139085,20.44,35.43,6820.98,369.00
9142085,20.45,35.42,6820.98,370.00
9145085,20.45,35.43,6820.98,369.00
9148085,20.44,35.46,6820.98,369.00
9151085,20.44,35.49,6820.98,368.00
9154085,20.45,35.50,6820.98,366.00
9157085,20.44,35.51,6820.98,366.00
9160085,20.44,35.51,6820.98,365.00
9163085,20.44,35.51,6820.98,359.00
9166085,20.44,35.50,6820.98,364.00
9169085,20.44,35.50,6820.98,362.00
9172085,20.43,35.49,6820.98,360.00
9175085,20.44,35.49,6820.98,360.00
9178085,20.44,35.49,6820.98,358.00
9181085,20.44,35.50,6820.98,358.00
9184085,20.44,35.50,6820.98,355.00
9187085,20.44,35.48,6820.98,354.00
9190085,20.45,35.48,6820.98,351.00
9193085,20.45,35.50,6820.98,348.00
9196085,20.45,35.51,6820.98,345.00
9199085,20.45,35.50,6820.98,343.00
9202085,20.45,35.50,6820.98,341.00
9205085,20.46,35.53,6820.98,338.00
9208085,20.46,35.53,6820.98,337.00
9211085,20.46,35.53,6820.98,367.00
9214085,20.46,35.53,6820.98,334.00
9217085,20.45,35.53,6820.98,333.00
9220085,20.45,35.51,6820.98,333.00
9223085,20.46,35.51,6820.98,332.00
9226085,20.45,35.50,6820.98,334.00
9229085,20.45,35.51,6820.98,333.00
9232085,20.46,35.54,6820.98,348.00
9235085,20.46,35.54,6820.98,335.00
9238085,20.46,35.57,6820.98,335.00
9241085,20.45,35.58,6820.98,338.00
9244085,20.46,35.57,6820.98,340.00
9247085,20.45,35.57,6820.98,342.00
9250085,20.45,35.56,6820.98,344.00
9253085,20.45,35.57,6820.98,348.00
9256085,20.45,35.56,6820.98,351.00
9259085,20.44,35.58,6820.98,354.00
9262085,20.45,35.58,6820.98,358.00
9265085,20.44,35.60,6820.98,361.00
9268085,20.44,35.60,6820.98,347.00
9271085,20.44,35.60,6820.98,369.00
9274085,20.44,35.61,6820.98,374.00
9277085,20.44,35.62,6820.98,377.00
9280085,20.44,35.60,6820.98,381.00
9283085,20.44,35.57,6820.98,384.00
9286085,20.43,35.57,6820.98,388.00
9289085,20.44,35.57,6820.98,408.00
9292085,20.44,35.57,6820.98,392.00
9295085,20.44,35.57,6820.98,402.00
9298085,20.43,35.56,6820.98,406.00
9301085,20.44,35.55,6820.98,410.00
9304085,20.44,35.55,6820.98,414.00
9307085,20.44,35.56,6820.98,418.00
9310085,20.44,35.58,6820.98,423.00
9313085,20.43,35.58,6820.98,427.00
9316085,20.43,35.60,6820.98,432.00
9319085,20.43,35.58,6820.98,438.00
9322085,20.43,35.60,6820.98,441.00
9325085,20.44,35.58,6820.98,444.00
9328085,20.43,35.58,6820.98,446.00
9331085,20.43,35.61,6820.98,449.00
9334085,20.43,35.63,6820.98,449.00
9337085,20.43,35.61,6820.98,450.00
9340085,20.44,35.61,6820.98,451.00
9343085,20.44,35.57,6820.98,453.00
9346085,20.44,35.60,6820.98,451.00
9349085,20.43,35.60,6820.98,453.00
9352085,20.44,35.60,6820.98,452.00
9355085,20.44,35.61,6820.98,453.00
9358085,20.44,35.61,6820.98,453.00
9361085,20.44,35.60,6820.98,452.00
9364085,20.44,35.60,6820.98,451.00
9367085,20.44,35.57,6820.98,450.00
9370085,20.44,35.58,6820.98,450.00
9373085,20.44,35.62,6820.98,450.00
9376085,20.43,35.62,6820.98,450.00
9379085,20.44,35.58,6820.98,450.00
9382085,20.44,35.56,6820.98,449.00
9385085,20.44,35.54,6820.98,448.00
9388085,20.44,35.52,6820.98,448.00
9391085,20.43,35.56,6820.98,447.00
9394085,20.44,35.62,6820.98,448.00
9397085,20.43,35.63,6820.98,447.00
9400085,20.43,35.63,6820.98,446.00
9403085,20.43,35.62,6820.98,445.00
9406085,20.43,35.62,6820.98,445.00
9409085,20.43,35.64,6820.98,445.00
9412085,20.43,35.68,6820.98,443.00
9415085,20.44,35.69,6820.98,443.00
9418085,20.43,35.72,6820.98,442.00
9421085,20.43,35.74,6820.98,444.00
9424085,20.43,35.72,6820.98,444.00
9427085,20.43,35.75,6820.98,445.00
9430085,20.43,35.74,6820.98,445.00
9433085,20.43,35.78,6820.98,446.00
9436085,20.43,35.77,6820.98,448.00
9439085,20.42,35.77,6820.98,450.00
9442085,20.42,35.74,6820.98,452.00
9445085,20.43,35.78,6820.98,453.00
9448085,20.42,35.75,6820.98,455.00
9451085,20.42,35.74,6820.98,439.00
9454085,20.42,35.72,6820.98,456.00
9457085,20.42,35.72,6820.98,455.00
9460085,20.42,35.71,6820.98,455.00
9463085,20.42,35.71,6820.98,453.00
9466085,20.41,35.72,6820.98,453.00
9469085,20.42,35.73,6820.98,452.00
9472085,20.41,35.73,6820.98,452.00
9475085,20.41,35.74,6820.98,452.00
9478085,20.41,35.76,6820.98,451.00
9481085,20.40,35.75,6820.98,466.00
9484085,20.40,35.75,6820.98,451.00
9487085,20.40,35.74,6820.98,450.00
9490085,20.40,35.76,6820.98,450.00
9493085,20.40,35.76,6820.98,448.00
9496085,20.40,35.78,6820.98,447.00
9499085,20.40,35.81,6820.98,446.00
9502085,20.41,35.85,6820.98,446.00
9505085,20.40,35.86,6820.98,445.00
9508085,20.40,35.86,6820.98,424.00
9511085,20.41,35.85,6820.98,441.00
9514085,20.41,35.85,6820.98,442.00
9517085,20.41,35.84,6820.98,441.00
9520085,20.41,35.85,6820.98,442.00
9523085,20.41,35.84,6820.98,442.00
9526085,20.41,35.85,6820.98,441.00
9529085,20.41,35.86,6820.98,441.00
9532085,20.42,35.85,6820.98,441.00
9535085,20.41,35.83,6820.98,442.00
9538085,20.42,35.83,6820.98,441.00
9541085,20.42,35.85,6820.98,441.00
9544085,20.42,35.85,6820.98,440.00
9547085,20.42,35.84,6820.98,439.00
9550085,20.42,35.85,6820.98,438.00
9553085,20.42,35.85,6820.98,437.00
9556085,20.42,35.85,6820.98,436.00
9559085,20.42,35.86,6820.98,436.00
9562085,20.42,35.84,6820.98,435.00
9565085,20.42,35.84,6820.98,435.00
9568085,20.42,35.84,6820.98,449.00
9571085,20.42,35.84,6820.98,434.00
9574085,20.42,35.84,6820.98,435.00
9577085,20.41,35.81,6820.98,436.00
9580085,20.42,35.84,6820.98,437.00
9583085,20.42,35.85,6820.98,440.00
9586085,20.43,35.86,6820.98,442.00
9589085,20.43,35.86,6820.98,444.00
9592085,20.42,35.85,6820.98,446.00
9595085,20.42,35.83,6820.98,448.00
9598085,20.43,35.78,6820.98,451.00
9601085,20.42,35.79,6820.98,453.00
9604085,20.42,35.79,6820.98,455.00
9607085,20.43,35.79,6820.98,457.00
9610085,20.43,35.77,6820.98,460.00
9613085,20.43,35.83,6820.98,462.00
9616085,20.43,35.80,6820.98,465.00
9619085,20.44,35.80,6820.98,468.00
9622085,20.44,35.83,6820.98,471.00
9625085,20.44,35.84,6820.98,472.00
9628085,20.44,35.84,6820.98,475.00
9631085,20.44,35.84,6820.98,454.00
9634085,20.44,35.85,6820.98,477.00
9637085,20.44,35.85,6820.98,471.00
9640085,20.44,35.84,6820.98,476.00
9643085,20.43,35.86,6820.98,476.00
9646085,20.44,35.84,6820.98,475.00
9649085,20.44,35.86,6820.98,473.00
9652085,20.44,35.89,6820.98,472.00
9655085,20.44,35.89,6820.98,472.00
9658085,20.44,35.90,6820.98,475.00
9661085,20.44,35.91,6820.98,472.00
9664085,20.44,35.88,6820.98,475.00
9667085,20.44,35.86,6820.98,477.00
9670085,20.44,35.85,6820.98,475.00
9673085,20.44,35.85,6820.98,477.00
9676085,20.44,35.85,6820.98,479.00
9679085,20.44,35.85,6820.98,479.00
9682085,20.44,35.84,6820.98,480.00
9685085,20.45,35.83,6820.98,480.00
9688085,20.44,35.84,6820.98,479.00
9691085,20.44,35.90,6820.98,480.00
9694085,20.44,35.89,6820.98,479.00
9697085,20.45,35.89,6820.98,475.00
9700085,20.45,35.90,6820.98,472.00
9703085,20.45,35.89,6820.98,468.00
9706085,20.45,35.89,6820.98,463.00
9709085,20.45,35.92,6820.98,459.00
9712085,20.45,35.91,6820.98,455.00
9715085,20.45,35.93,6820.98,452.00
9718085,20.46,35.93,6820.98,449.00
9721085,20.46,35.94,6820.98,447.00
9724085,20.45,35.95,6820.98,445.00
9727085,20.46,35.97,6820.98,443.00
9730085,20.45,36.00,6820.98,441.00
9733085,20.46,36.01,6820.98,437.00
9736085,20.46,36.00,6820.98,435.00
9739085,20.46,35.99,6820.98,433.00
9742085,20.45,35.99,6820.98,430.00
9745085,20.45,36.04,6820.98,429.00
9748085,20.46,36.08,6820.98,426.00
9751085,20.46,36.10,6820.98,424.00
9754085,20.46,36.11,6820.98,423.00
9757085,20.46,36.10,6820.98,422.00
9760085,20.47,36.08,6820.98,421.00
9763085,20.46,36.06,6820.98,423.00
9766085,20.47,36.10,6820.98,417.00
9769085,20.46,36.12,6820.98,195.00
