Timestamp,Temperature (C),Humidity (%),Sound,Light
4551,22.09,19.53,0.00,625.00
7551,22.35,19.59,31379.09,631.00
10551,22.35,19.67,22004.61,626.00
13551,22.34,19.62,39598.80,632.00
16551,22.34,19.54,29176.10,629.00
19551,22.32,19.52,30458.53,541.00
22551,22.32,19.49,49921.73,605.00
25551,22.31,19.58,34188.18,584.00
28551,22.31,19.65,46056.19,602.00
31551,22.31,19.69,35620.84,629.00
34551,22.30,19.75,26856.18,633.00
37551,22.30,19.74,44110.58,630.00
40551,22.29,19.73,40586.17,610.00
43551,22.29,19.69,39935.78,617.00
46551,22.28,19.60,49999.46,575.00
49551,22.27,19.70,31151.29,604.00
52551,22.26,20.10,42521.43,615.00
55551,22.25,20.00,40000.91,622.00
58551,22.24,19.88,48081.05,631.00
61551,22.22,19.75,47354.44,627.00
64551,22.21,19.66,47054.15,631.00
67551,22.19,19.66,45606.36,632.00
70551,22.18,19.65,38877.18,633.00
73551,22.15,19.58,34630.75,629.00
76551,22.14,19.54,28767.60,635.00
79551,22.12,19.52,25486.58,630.00
82551,22.11,19.55,28516.05,633.00
85551,22.09,19.55,20349.01,632.00
88551,22.08,19.53,20965.76,633.00
91551,22.06,19.53,36000.36,632.00
94551,22.05,19.52,19131.61,626.00
97551,22.04,19.53,14467.73,629.00
100551,22.02,19.53,31270.50,632.00
103551,22.00,19.52,36740.54,634.00
106551,21.99,19.53,33798.30,636.00
109551,21.97,19.58,43696.93,633.00
112551,21.96,19.60,30753.21,630.00
115551,21.95,19.62,27622.84,629.00
118551,21.93,19.66,16389.76,632.00
121551,21.92,19.68,29109.95,631.00
124551,21.91,19.73,25286.82,616.00
127551,21.89,19.76,43430.32,629.00
130551,21.88,19.79,39482.25,629.00
133551,21.87,19.82,35439.47,628.00
136551,21.86,19.82,48249.10,630.00
139551,21.85,19.79,49827.58,629.00
142551,21.84,19.78,49663.52,633.00
145551,21.83,19.77,42126.57,632.00
148551,21.82,19.74,27312.40,633.00
151551,21.81,19.72,38816.39,665.00
154551,21.80,19.69,25664.23,637.00
157551,21.79,19.68,26860.32,636.00
160551,21.78,19.70,26543.19,631.00
163551,21.77,19.71,32060.22,634.00
166551,21.76,19.78,27437.04,635.00
169551,21.75,19.87,26546.02,636.00
172551,21.74,19.96,17470.69,635.00
175551,21.74,20.06,34305.89,634.00
178551,21.74,20.10,34966.92,634.00
181551,21.72,20.13,19601.06,633.00
184551,21.71,20.12,39511.66,634.00
187551,21.71,20.09,20884.17,631.00
190551,21.69,20.08,20294.51,635.00
193551,21.68,20.05,16298.61,638.00
196551,21.67,20.02,16494.99,635.00
199551,21.66,19.98,20389.18,637.00
202551,21.65,19.97,20882.04,633.00
205551,21.65,19.97,32451.44,632.00
208551,21.63,19.94,20397.61,632.00
211551,21.62,19.95,28488.17,631.00
214551,21.61,19.95,24312.15,631.00
217551,21.60,19.95,34718.98,632.00
220551,21.59,19.95,25954.62,632.00
223551,21.58,19.94,27701.39,633.00
226551,21.57,19.93,31907.93,634.00
229551,21.56,19.91,12741.76,636.00
232551,21.55,19.94,21264.61,638.00
235551,21.55,19.95,24204.04,637.00
238551,21.54,19.97,18750.11,630.00
241551,21.54,20.00,38666.68,633.00
244551,21.52,20.01,25916.71,634.00
247551,21.52,20.02,20593.09,632.00
250551,21.51,20.03,25265.25,633.00
253551,21.50,20.02,30225.17,636.00
256551,21.49,20.01,24794.10,636.00
259551,21.49,20.01,25595.60,633.00
262551,21.48,20.02,39613.74,631.00
265551,21.47,20.00,33837.50,633.00
268551,21.47,19.99,35894.76,636.00
271551,21.46,20.02,49715.35,632.00
274551,21.45,20.03,49360.35,631.00
277551,21.44,20.05,36140.85,634.00
280551,21.44,20.07,37051.02,634.00
283551,21.43,20.09,28247.07,632.00
286551,21.43,20.08,33763.22,633.00
289551,21.42,20.08,34152.65,635.00
292551,21.41,20.07,24344.73,635.00
295551,21.41,20.05,17137.01,633.00
298551,21.41,20.04,30864.85,631.00
301551,21.40,20.04,49289.63,629.00
304551,21.39,20.03,45986.38,631.00
307551,21.39,20.03,21850.01,633.00
310551,21.39,20.00,38452.41,631.00
313551,21.37,19.99,34297.47,628.00
316551,21.37,19.98,42917.21,640.00
319551,21.37,19.94,26137.61,634.00
322551,21.36,19.89,42285.68,632.00
325551,21.36,19.87,36079.33,630.00
328551,21.35,19.85,33940.46,632.00
331551,21.34,19.84,39935.78,634.00
334551,21.34,19.85,23272.39,628.00
337551,21.32,19.85,21781.00,628.00
340551,21.32,19.84,12881.57,631.00
343551,21.31,19.87,48383.20,636.00
346551,21.30,19.87,36270.08,630.00
349551,21.30,19.85,20987.54,628.00
352551,21.29,19.84,40032.66,627.00
355551,21.29,19.83,35323.37,628.00
358551,21.28,19.82,33343.11,625.00
361551,21.28,19.82,24466.33,630.00
364551,21.28,19.84,26724.98,632.00
367551,21.27,19.84,24685.22,637.00
370551,21.26,19.86,22108.74,633.00
373551,21.26,19.87,25279.98,631.00
376551,21.25,19.87,24481.66,630.00
379551,21.25,19.87,14282.16,628.00
382551,21.25,19.90,11907.09,632.00
385551,21.24,19.92,12947.08,634.00
388551,21.24,19.94,24436.45,633.00
391551,21.23,19.94,14504.24,629.00
394551,21.23,19.91,15553.32,628.00
397551,21.22,19.91,25819.46,629.00
400551,21.21,19.90,20504.32,631.00
403551,21.21,19.89,13816.45,630.00
406551,21.19,19.90,10277.96,631.00
409551,21.20,19.90,18577.74,629.00
412551,21.20,19.91,21887.82,629.00
415551,21.19,19.91,21076.40,628.00
418551,21.19,19.88,8187.27,629.00
421551,21.18,19.87,10374.43,632.00
424551,21.17,19.90,14921.14,631.00
427551,21.17,19.90,14311.76,630.00
430551,21.17,19.88,19037.66,661.00
433551,21.16,19.90,15823.45,625.00
436551,21.16,19.93,20072.33,629.00
439551,21.16,19.96,20354.02,631.00
442551,21.15,19.98,11555.72,631.00
445551,21.15,19.98,21184.31,634.00
448551,21.14,19.99,18320.36,634.00
451551,21.14,19.98,12677.23,633.00
454551,21.13,19.96,27641.92,632.00
457551,21.13,19.93,16014.71,631.00
460551,21.13,19.91,19635.89,633.00
463551,21.12,19.91,23689.61,634.00
466551,21.12,19.91,19883.53,636.00
469551,21.11,19.89,20245.06,636.00
472551,21.12,19.88,15156.89,636.00
475551,21.11,19.94,11076.67,636.00
478551,21.11,19.97,19817.39,635.00
481551,21.10,19.99,9268.30,635.00
484551,21.10,19.98,14996.82,634.00
487551,21.10,19.98,25227.30,636.00
490551,21.09,19.95,10261.71,636.00
493551,21.09,19.94,26033.13,636.00
496551,21.08,19.95,14616.09,639.00
499551,21.08,19.95,15416.97,637.00
502551,21.08,19.95,16437.64,645.00
505551,21.07,19.98,7903.00,641.00
508551,21.07,19.98,32968.64,643.00
511551,21.06,20.00,32975.79,643.00
514551,21.06,20.04,9894.98,643.00
517551,21.05,20.05,7090.07,644.00
520551,21.05,20.05,8644.07,645.00
523551,21.05,20.05,6871.43,645.00
526551,21.04,20.02,7644.02,646.00
529551,21.05,20.02,9493.75,645.00
532551,21.05,20.04,9843.03,645.00
535551,21.04,20.04,7175.56,645.00
538551,21.04,20.05,6530.83,646.00
541551,21.03,20.06,7132.95,646.00
544551,21.03,20.07,8230.26,649.00
547551,21.04,20.10,25207.59,647.00
550551,21.03,20.11,13879.92,649.00
553551,21.03,20.12,17347.32,647.00
556551,21.03,20.15,14803.20,646.00
559551,21.03,20.16,23155.20,646.00
562551,21.02,20.16,23404.98,647.00
565551,21.02,20.13,17437.22,645.00
568551,21.02,20.11,24622.92,676.00
571551,21.02,20.12,10195.09,640.00
574551,21.01,20.11,6739.69,644.00
577551,21.01,20.12,11187.69,640.00
580551,21.01,20.14,8401.91,640.00
583551,21.01,20.18,6916.23,639.00
586551,21.00,20.18,6599.89,639.00
589551,21.00,20.19,6713.76,638.00
592551,21.00,20.19,20351.29,640.00
595551,20.99,20.19,18747.38,640.00
598551,20.99,20.18,17935.86,623.00
601551,20.99,20.17,26006.70,641.00
604551,20.99,20.17,22181.37,644.00
607551,20.99,20.16,16285.08,642.00
610551,20.98,20.13,7355.58,636.00
613551,20.98,20.13,24102.04,641.00
616551,20.97,20.12,19740.02,639.00
619551,20.97,20.13,15516.29,638.00
622551,20.96,20.13,9678.91,639.00
625551,20.96,20.14,28610.72,639.00
628551,20.96,20.16,29654.81,640.00
631551,20.96,20.18,20748.34,639.00
634551,20.96,20.19,19199.71,638.00
637551,20.96,20.19,17143.63,640.00
640551,20.95,20.22,6356.06,639.00
643551,20.96,20.22,16001.98,640.00
646551,20.95,20.20,15368.80,640.00
649551,20.95,20.18,11678.95,639.00
652551,20.94,20.19,21755.20,640.00
655551,20.94,20.18,10414.09,642.00
658551,20.93,20.17,6919.99,640.00
661551,20.94,20.18,20448.85,640.00
664551,20.94,20.18,12447.29,620.00
667551,20.93,20.19,8732.72,638.00
670551,20.93,20.18,11850.46,637.00
673551,20.93,20.14,14076.46,636.00
676551,20.93,20.09,25053.15,637.00
679551,20.92,20.08,23709.49,622.00
682551,20.92,20.08,27864.03,639.00
685551,20.92,20.07,20469.18,639.00
688551,20.92,20.04,16371.70,638.00
691551,20.92,20.06,9380.22,637.00
694551,20.91,20.07,21406.56,637.00
697551,20.90,20.07,13020.07,637.00
700551,20.90,20.09,8252.49,637.00
703551,20.90,20.08,11782.54,637.00
706551,20.90,20.10,23092.93,636.00
709551,20.90,20.12,14694.71,631.00
712551,20.90,20.10,17999.75,635.00
715551,20.90,20.09,7003.64,635.00
718551,20.90,20.08,11065.51,635.00
721551,20.90,20.04,7270.40,635.00
724551,20.90,20.03,7291.45,635.00
727551,20.89,20.03,8825.42,634.00
730551,20.89,20.01,5840.45,632.00
733551,20.89,19.99,7362.62,632.00
736551,20.89,19.99,9998.72,630.00
739551,20.89,19.97,6950.72,630.00
742551,20.89,19.97,12826.24,639.00
745551,20.89,19.99,7185.34,631.00
748551,20.89,19.99,7599.85,630.00
751551,20.89,20.03,6328.45,627.00
754551,20.88,20.05,7428.42,629.00
757551,20.87,20.07,7659.21,632.00
760551,20.88,20.09,8053.03,634.00
763551,20.87,20.08,14584.15,657.00
766551,20.87,20.05,6437.04,632.00
769551,20.87,20.05,9449.70,631.00
772551,20.87,20.03,7692.87,630.00
775551,20.87,20.00,7838.92,630.00
778551,20.87,19.99,10885.55,630.00
781551,20.87,19.98,7379.12,639.00
784551,20.87,19.99,8257.13,613.00
787551,20.86,19.98,11576.46,629.00
790551,20.85,19.96,8946.96,631.00
793551,20.86,19.93,10755.00,631.00
796551,20.86,19.91,13364.38,632.00
799551,20.85,19.91,7860.09,632.00
802551,20.85,19.91,9932.97,632.00
805551,20.85,19.92,7619.11,632.00
808551,20.86,19.91,6788.98,634.00
811551,20.86,19.93,6567.62,639.00
814551,20.85,19.93,7988.61,631.00
817551,20.86,19.93,7785.29,631.00
820551,20.86,19.94,7074.37,627.00
823551,20.86,19.94,8774.21,628.00
826551,20.85,19.92,7860.91,630.00
829551,20.86,19.89,7123.22,631.00
832551,20.85,19.88,6597.69,631.00
835551,20.85,19.84,6628.79,632.00
838551,20.85,19.83,10414.15,632.00
841551,20.84,19.81,15721.69,633.00
844551,20.85,19.80,6570.94,630.00
847551,20.85,19.82,8139.29,631.00
850551,20.84,19.80,8382.56,633.00
853551,20.85,19.76,7220.48,631.00
856551,20.85,19.77,18527.06,630.00
859551,20.85,19.77,14765.52,631.00
862551,20.85,19.76,14743.24,634.00
865551,20.84,19.73,8240.22,629.00
868551,20.84,19.73,16523.60,630.00
871551,20.85,19.71,15633.57,631.00
874551,20.84,19.70,7403.16,632.00
877551,20.85,19.70,14614.05,632.00
880551,20.85,19.70,8851.30,631.00
883551,20.84,19.71,9424.92,612.00
886551,20.85,19.72,7735.29,638.00
889551,20.84,19.71,8781.56,627.00
892551,20.84,19.71,8886.65,627.00
895551,20.84,19.71,7743.30,628.00
898551,20.85,19.71,12962.12,628.00
901551,20.84,19.73,10549.58,630.00
904551,20.84,19.71,6039.32,631.00
907551,20.84,19.71,6652.89,630.00
910551,20.84,19.75,13729.73,629.00
913551,20.84,19.77,8868.35,629.00
916551,20.84,19.78,9567.29,627.00
919551,20.84,19.78,7288.80,651.00
922551,20.85,19.77,7380.73,629.00
925551,20.84,19.75,7668.39,630.00
928551,20.84,19.75,7272.59,625.00
931551,20.84,19.73,7178.83,631.00
934551,20.85,19.72,8894.78,629.00
937551,20.84,19.72,9413.73,629.00
940551,20.84,19.72,10844.87,628.00
943551,20.84,19.72,7842.42,629.00
946551,20.84,19.71,12135.99,629.00
949551,20.84,19.71,10958.21,629.00
952551,20.84,19.69,10601.22,630.00
955551,20.84,19.70,7439.53,630.00
958551,20.84,19.69,11472.28,661.00
961551,20.83,19.67,6906.13,630.00
964551,20.84,19.70,12549.57,631.00
967551,20.83,19.66,9641.43,632.00
970551,20.84,19.64,12088.89,631.00
973551,20.84,19.66,17170.62,612.00
976551,20.83,19.66,20946.41,630.00
979551,20.83,19.67,27861.10,630.00
982551,20.83,19.67,7282.71,632.00
985551,20.83,19.64,22125.21,633.00
988551,20.83,19.64,17907.49,617.00
991551,20.83,19.67,28086.63,632.00
994551,20.83,19.67,12702.96,631.00
997551,20.83,19.65,23486.76,629.00
1000551,20.82,19.68,13675.16,630.00
1003551,20.82,19.70,13202.53,630.00
1006551,20.82,19.64,8964.48,632.00
1009551,20.83,19.60,9406.18,631.00
1012551,20.82,19.60,7088.94,628.00
1015551,20.82,19.59,7026.01,631.00
1018551,20.82,19.59,7224.07,632.00
1021551,20.83,19.60,7752.22,632.00
1024551,20.82,19.56,11852.72,631.00
1027551,20.82,19.56,6803.94,640.00
1030551,20.82,19.56,7530.75,632.00
1033551,20.82,19.55,9209.36,631.00
1036551,20.82,19.55,8663.51,633.00
1039551,20.83,19.53,10104.00,633.00
1042551,20.82,19.53,9486.24,634.00
1045551,20.82,19.54,5825.59,635.00
1048551,20.82,19.53,8512.55,634.00
1051551,20.82,19.53,7547.15,635.00
1054551,20.82,19.55,6655.69,636.00
1057551,20.82,19.54,13937.77,637.00
1060551,20.82,19.54,5832.86,637.00
1063551,20.82,19.53,9728.69,638.00
1066551,20.82,19.51,7652.92,638.00
1069551,20.82,19.50,8593.46,637.00
1072551,20.82,19.51,6285.73,637.00
1075551,20.81,19.53,8202.86,638.00
1078551,20.81,19.54,7605.05,637.00
1081551,20.81,19.55,7696.99,620.00
1084551,20.80,19.53,7680.28,636.00
1087551,20.81,19.53,7537.66,636.00
1090551,20.81,19.54,13596.25,636.00
1093551,20.80,19.55,6754.56,636.00
1096551,20.81,19.56,31371.33,636.00
1099551,20.81,19.57,9304.80,636.00
1102551,20.80,19.59,11064.94,639.00
1105551,20.81,19.57,8178.45,639.00
1108551,20.80,19.55,17967.68,639.00
1111551,20.80,19.54,10081.05,621.00
1114551,20.80,19.54,9427.70,638.00
1117551,20.80,19.55,24086.47,639.00
1120551,20.80,19.56,11756.44,642.00
1123551,20.80,19.56,14864.53,637.00
1126551,20.80,19.57,9905.08,636.00
1129551,20.79,19.56,9146.71,637.00
1132551,20.80,19.59,6652.16,639.00
1135551,20.80,19.59,8301.62,640.00
1138551,20.80,19.57,9407.97,640.00
1141551,20.80,19.57,7000.96,641.00
1144551,20.80,19.59,8375.13,641.00
1147551,20.80,19.61,7551.79,641.00
1150551,20.80,19.64,6907.33,668.00
1153551,20.80,19.65,16845.11,639.00
1156551,20.80,19.61,6579.20,638.00
1159551,20.80,19.59,20621.28,640.00
1162551,20.80,19.56,9501.72,641.00
1165551,20.80,19.57,13986.44,643.00
1168551,20.80,19.55,21279.78,642.00
1171551,20.80,19.55,8372.44,643.00
1174551,20.80,19.55,9845.35,637.00
1177551,20.80,19.53,9846.47,642.00
1180551,20.80,19.53,24088.64,643.00
1183551,20.80,19.51,17304.25,646.00
1186551,20.81,19.53,14497.84,645.00
1189551,20.80,19.51,9043.34,647.00
1192551,20.80,19.50,10570.53,649.00
1195551,20.80,19.51,7320.14,649.00
1198551,20.80,19.54,16978.97,652.00
1201551,20.81,19.54,8079.72,653.00
1204551,20.80,19.53,18351.48,655.00
1207551,20.81,19.53,10357.09,657.00
1210551,20.81,19.53,13959.16,657.00
1213551,20.81,19.53,8579.84,658.00
1216551,20.80,19.50,24414.94,658.00
1219551,20.80,19.46,10767.63,661.00
1222551,20.80,19.45,23760.67,660.00
1225551,20.80,19.46,18745.78,660.00
1228551,20.80,19.48,12659.26,663.00
1231551,20.80,19.48,16187.67,665.00
1234551,20.80,19.49,10514.67,664.00
1237551,20.80,19.46,11797.28,663.00
1240551,20.80,19.46,20791.57,662.00
1243551,20.80,19.44,8592.11,660.00
1246551,20.80,19.45,17054.28,658.00
1249551,20.80,19.46,30804.14,655.00
1252551,20.81,19.45,26177.60,653.00
1255551,20.80,19.49,8715.01,654.00
1258551,20.81,19.51,20550.45,654.00
1261551,20.81,19.50,19404.82,656.00
1264551,20.81,19.48,7868.80,658.00
1267551,20.81,19.48,30713.50,654.00
1270551,20.81,19.49,14228.73,654.00
1273551,20.81,19.50,13583.85,657.00
1276551,20.81,19.51,9375.69,656.00
1279551,20.81,19.43,20741.02,656.00
1282551,20.82,19.40,16034.07,656.00
1285551,20.82,19.42,18169.79,660.00
1288551,20.82,19.44,11541.66,661.00
1291551,20.82,19.46,29386.70,659.00
1294551,20.82,19.51,16044.85,659.00
1297551,20.83,19.55,6415.09,660.00
1300551,20.83,19.59,8477.45,661.00
1303551,20.83,19.61,10903.80,660.00
1306551,20.83,19.64,10971.96,659.00
1309551,20.83,19.66,10806.64,659.00
1312551,20.83,19.65,6145.71,658.00
1315551,20.83,19.66,10289.39,658.00
1318551,20.83,19.65,7370.64,662.00
1321551,20.82,19.66,29410.30,661.00
1324551,20.83,19.64,23753.80,660.00
1327551,20.82,19.64,15568.03,657.00
1330551,20.82,19.58,16672.38,655.00
1333551,20.83,19.58,20780.95,653.00
1336551,20.82,19.59,14044.59,652.00
1339551,20.82,19.56,9259.79,650.00
1342551,20.82,19.58,7112.65,650.00
1345551,20.82,19.58,21822.39,651.00
1348551,20.82,19.59,11398.65,651.00
1351551,20.82,19.59,10363.97,652.00
1354551,20.82,19.59,16565.66,651.00
1357551,20.82,19.60,11496.05,651.00
1360551,20.81,19.60,14465.15,651.00
1363551,20.81,19.60,24926.41,654.00
1366551,20.81,19.59,17305.91,651.00
1369551,20.81,19.60,19987.75,652.00
1372551,20.81,19.59,12331.29,651.00
1375551,20.81,19.59,7827.21,651.00
1378551,20.81,19.59,7990.97,653.00
1381551,20.81,19.61,20125.29,654.00
1384551,20.81,19.62,20359.93,657.00
1387551,20.80,19.61,13776.64,659.00
1390551,20.81,19.60,17234.90,660.00
1393551,20.80,19.59,8912.56,660.00
1396551,20.81,19.56,6414.31,659.00
1399551,20.81,19.53,21955.78,658.00
1402551,20.81,19.54,8047.17,666.00
1405551,20.81,19.55,15898.17,667.00
1408551,20.81,19.56,9047.54,667.00
1411551,20.81,19.57,22890.49,666.00
1414551,20.81,19.60,15822.83,666.00
1417551,20.81,19.62,19834.55,645.00
1420551,20.81,19.64,9205.30,667.00
1423551,20.81,19.65,19353.88,667.00
1426551,20.81,19.67,18552.51,666.00
1429551,20.81,19.67,14639.11,663.00
1432551,20.81,19.68,6602.71,660.00
1435551,20.81,19.67,20457.55,662.00
1438551,20.82,19.65,17628.77,665.00
1441551,20.82,19.67,11058.65,660.00
1444551,20.82,19.68,8494.07,658.00
1447551,20.83,19.66,6222.58,656.00
1450551,20.82,19.65,10664.27,657.00
1453551,20.82,19.61,7708.92,653.00
1456551,20.82,19.59,6356.25,658.00
1459551,20.83,19.59,9181.84,657.00
1462551,20.82,19.61,11925.22,655.00
1465551,20.82,19.60,7596.12,654.00
1468551,20.83,19.61,6988.08,651.00
1471551,20.83,19.62,7098.17,653.00
1474551,20.83,19.65,6547.48,658.00
1477551,20.83,19.65,6031.15,654.00
1480551,20.83,19.66,5717.11,653.00
1483551,20.83,19.65,6612.14,651.00
1486551,20.83,19.69,6585.49,650.00
1489551,20.84,19.70,6291.97,650.00
1492551,20.83,19.72,5691.68,651.00
1495551,20.84,19.72,6317.27,632.00
1498551,20.84,19.73,8500.86,651.00
1501551,20.84,19.71,6603.80,649.00
1504551,20.83,19.70,9375.79,649.00
1507551,20.83,19.70,7106.81,650.00
1510551,20.84,19.70,6837.73,650.00
1513551,20.84,19.71,6576.27,648.00
1516551,20.83,19.72,9027.37,647.00
1519551,20.84,19.71,6868.64,645.00
1522551,20.84,19.69,5980.05,645.00
1525551,20.84,19.69,16949.73,645.00
1528551,20.85,19.65,11406.40,645.00
1531551,20.84,19.64,31838.00,645.00
1534551,20.84,19.64,10627.79,643.00
1537551,20.85,19.64,9691.35,645.00
1540551,20.85,19.65,12356.30,644.00
1543551,20.85,19.65,10721.99,644.00
1546551,20.85,19.64,7085.88,645.00
1549551,20.85,19.64,9020.77,644.00
1552551,20.85,19.60,6148.45,645.00
1555551,20.85,19.59,7231.16,646.00
1558551,20.85,19.56,8343.65,642.00
1561551,20.85,19.58,5819.78,643.00
1564551,20.85,19.54,6223.05,645.00
1567551,20.85,19.53,6571.52,648.00
1570551,20.85,19.50,6199.79,646.00
1573551,20.85,19.50,7290.85,644.00
1576551,20.85,19.51,10483.63,649.00
1579551,20.85,19.53,7467.40,650.00
1582551,20.85,19.54,7144.12,631.00
1585551,20.85,19.54,5714.92,647.00
1588551,20.85,19.53,6517.07,646.00
1591551,20.85,19.53,7314.54,648.00
1594551,20.85,19.53,7599.45,650.00
1597551,20.85,19.53,6900.22,654.00
1600551,20.85,19.52,8168.77,651.00
1603551,20.85,19.52,8824.27,649.00
1606551,20.85,19.52,8347.61,655.00
1609551,20.85,19.50,8470.96,655.00
1612551,20.85,19.49,6376.52,654.00
1615551,20.85,19.47,6551.20,658.00
1618551,20.85,19.45,8166.65,654.00
1621551,20.85,19.45,7831.22,638.00
1624551,20.85,19.43,6234.51,656.00
1627551,20.85,19.43,6154.54,652.00
1630551,20.85,19.37,26748.82,656.00
1633551,20.85,19.37,7745.65,655.00
1636551,20.85,19.36,8106.61,650.00
1639551,20.85,19.38,8228.75,655.00
1642551,20.85,19.39,8229.17,658.00
1645551,20.86,19.41,6262.22,662.00
1648551,20.86,19.41,6812.61,658.00
1651551,20.85,19.38,20060.43,661.00
1654551,20.86,19.36,7088.21,659.00
1657551,20.85,19.36,7090.17,657.00
1660551,20.85,19.34,5971.47,669.00
1663551,20.85,19.34,6195.49,655.00
1666551,20.86,19.33,6162.53,659.00
1669551,20.86,19.36,6448.51,655.00
1672551,20.85,19.38,7061.28,657.00
1675551,20.85,19.41,8155.38,658.00
1678551,20.85,19.39,6814.74,657.00
1681551,20.85,19.37,6656.18,658.00
1684551,20.85,19.37,8508.30,661.00
1687551,20.85,19.38,8210.55,659.00
1690551,20.85,19.37,6289.93,658.00
1693551,20.84,19.34,7339.48,661.00
1696551,20.84,19.36,7443.86,663.00
1699551,20.84,19.36,6909.59,661.00
1702551,20.85,19.34,6721.93,661.00
1705551,20.84,19.36,7528.04,661.00
1708551,20.84,19.37,8459.10,646.00
1711551,20.85,19.37,7120.36,666.00
1714551,20.84,19.33,8325.24,662.00
1717551,20.84,19.32,7317.29,664.00
1720551,20.84,19.34,7796.42,661.00
1723551,20.84,19.36,6695.19,663.00
1726551,20.84,19.38,5856.19,662.00
1729551,20.85,19.39,6335.92,664.00
1732551,20.84,19.41,6657.83,664.00
1735551,20.84,19.43,9082.38,661.00
1738551,20.85,19.43,7701.11,663.00
1741551,20.85,19.44,8956.58,662.00
1744551,20.84,19.43,6870.16,659.00
1747551,20.85,19.42,7250.89,662.00
1750551,20.84,19.41,7041.00,659.00
1753551,20.85,19.41,6533.51,656.00
1756551,20.84,19.37,6610.08,658.00
1759551,20.85,19.37,6593.65,659.00
1762551,20.85,19.34,7287.87,654.00
1765551,20.85,19.36,6846.73,655.00
1768551,20.85,19.34,6205.71,656.00
1771551,20.85,19.36,6592.36,653.00
1774551,20.85,19.37,6387.41,650.00
1777551,20.85,19.36,6720.50,650.00
1780551,20.85,19.34,6682.26,650.00
1783551,20.85,19.37,6145.34,650.00
1786551,20.86,19.36,6930.82,651.00
1789551,20.85,19.37,9396.27,654.00
1792551,20.86,19.36,8384.90,655.00
1795551,20.86,19.32,7629.33,653.00
1798551,20.85,19.33,6616.17,650.00
1801551,20.85,19.31,6600.89,653.00
1804551,20.85,19.32,6556.33,654.00
1807551,20.85,19.31,9462.66,653.00
1810551,20.86,19.32,8800.20,654.00
1813551,20.86,19.31,5894.44,656.00
1816551,20.85,19.30,6644.88,654.00
1819551,20.86,19.28,20383.40,689.00
1822551,20.85,19.27,7786.36,655.00
1825551,20.85,19.30,8675.45,652.00
1828551,20.85,19.31,7102.36,652.00
1831551,20.85,19.31,8122.36,654.00
1834551,20.85,19.32,8633.22,655.00
1837551,20.84,19.33,11031.95,654.00
1840551,20.85,19.33,14806.51,651.00
1843551,20.84,19.34,22947.92,654.00
1846551,20.85,19.33,15081.10,657.00
1849551,20.84,19.33,18501.87,688.00
1852551,20.85,19.33,15652.08,658.00
1855551,20.84,19.34,21488.56,656.00
1858551,20.84,19.34,18376.27,658.00
1861551,20.85,19.33,15083.37,660.00
1864551,20.84,19.33,19110.82,660.00
1867551,20.84,19.29,9663.04,658.00
1870551,20.84,19.29,10291.07,657.00
1873551,20.84,19.31,8362.19,658.00
1876551,20.84,19.32,12267.68,661.00
1879551,20.84,19.29,12746.40,660.00
1882551,20.84,19.32,10717.15,658.00
1885551,20.84,19.31,9989.71,658.00
1888551,20.84,19.32,17338.87,660.00
1891551,20.84,19.29,22459.00,658.00
1894551,20.84,19.29,13246.63,662.00
1897551,20.85,19.25,16786.47,661.00
1900551,20.84,19.26,10654.40,662.00
1903551,20.84,19.23,22480.81,663.00
1906551,20.84,19.22,20015.15,645.00
1909551,20.84,19.21,13943.35,665.00
1912551,20.84,19.20,14399.34,665.00
1915551,20.84,19.18,20574.45,666.00
1918551,20.84,19.21,10939.42,665.00
1921551,20.84,19.21,12635.72,663.00
1924551,20.84,19.25,8929.86,661.00
1927551,20.84,19.23,7156.02,660.00
1930551,20.84,19.20,7432.79,660.00
1933551,20.84,19.20,7687.01,660.00
1936551,20.84,19.16,8915.00,660.00
1939551,20.84,19.14,9670.17,661.00
1942551,20.84,19.14,11587.01,661.00
1945551,20.84,19.10,13393.42,661.00
1948551,20.84,19.09,9641.66,660.00
1951551,20.84,19.09,16653.60,658.00
1954551,20.84,19.10,13226.26,656.00
1957551,20.84,19.11,11005.45,656.00
1960551,20.84,19.12,9478.69,655.00
1963551,20.85,19.12,10861.48,655.00
1966551,20.85,19.14,8669.43,655.00
1969551,20.85,19.15,12210.64,655.00
1972551,20.85,19.16,10686.61,654.00
1975551,20.85,19.15,15399.40,652.00
1978551,20.85,19.16,11004.04,678.00
1981551,20.85,19.16,30316.22,650.00
1984551,20.85,19.14,18548.28,651.00
1987551,20.85,19.15,17643.48,651.00
1990551,20.85,19.14,10723.34,650.00
1993551,20.85,19.16,6853.07,642.00
1996551,20.86,19.16,24100.77,646.00
1999551,20.85,19.16,16685.90,648.00
2002551,20.86,19.17,13252.91,645.00
2005551,20.86,19.17,8558.00,646.00
2008551,20.86,19.16,9480.62,645.00
2011551,20.86,19.15,9521.35,645.00
2014551,20.86,19.11,11380.03,646.00
2017551,20.86,19.11,11661.86,647.00
2020551,20.86,19.12,7721.08,649.00
2023551,20.86,19.12,26615.26,648.00
2026551,20.87,19.11,13284.07,647.00
2029551,20.86,19.11,16831.41,631.00
2032551,20.87,19.14,15727.61,647.00
2035551,20.86,19.11,11094.56,647.00
2038551,20.86,19.11,11571.56,646.00
2041551,20.86,19.10,13871.50,646.00
2044551,20.86,19.08,11919.20,640.00
2047551,20.86,19.06,14565.10,655.00
2050551,20.86,19.05,9779.98,645.00
2053551,20.86,19.04,12999.79,642.00
2056551,20.86,19.04,8180.45,642.00
2059551,20.86,19.04,7781.04,641.00
2062551,20.86,19.01,10478.28,640.00
2065551,20.86,18.97,17802.03,641.00
2068551,20.86,18.95,13821.61,643.00
2071551,20.85,18.97,5916.92,643.00
2074551,20.85,18.95,6768.18,642.00
2077551,20.85,18.93,8231.77,644.00
2080551,20.86,18.92,11298.16,642.00
2083551,20.86,18.89,11602.49,641.00
2086551,20.85,18.88,6908.50,642.00
2089551,20.85,18.87,14481.24,640.00
2092551,20.85,18.86,7659.34,640.00
2095551,20.85,18.86,10564.66,638.00
2098551,20.85,18.87,12311.67,637.00
2101551,20.86,18.87,9126.19,638.00
2104551,20.85,18.87,16190.74,639.00
2107551,20.85,18.88,11170.47,640.00
2110551,20.85,18.90,13447.00,637.00
2113551,20.85,18.89,7597.36,638.00
2116551,20.85,18.90,8487.17,637.00
2119551,20.85,18.93,7360.55,620.00
2122551,20.85,18.95,6696.56,640.00
2125551,20.85,18.98,6437.60,642.00
2128551,20.85,18.97,6605.24,642.00
2131551,20.85,18.95,12846.64,641.00
2134551,20.84,18.92,16444.78,640.00
2137551,20.85,18.89,7713.87,637.00
2140551,20.85,18.88,15101.12,641.00
2143551,20.85,18.90,10098.74,642.00
2146551,20.85,18.89,13774.76,641.00
2149551,20.85,18.90,14353.11,639.00
2152551,20.85,18.93,8891.27,640.00
2155551,20.85,18.90,13273.91,642.00
2158551,20.85,18.89,6042.55,642.00
2161551,20.85,18.87,6256.13,640.00
2164551,20.85,18.87,11565.11,641.00
2167551,20.85,18.89,6261.07,641.00
2170551,20.85,18.88,14170.76,628.00
2173551,20.86,18.84,11437.79,642.00
2176551,20.85,18.84,10636.59,638.00
2179551,20.85,18.84,10799.53,641.00
2182551,20.85,18.87,7137.66,639.00
2185551,20.85,18.88,11680.53,643.00
2188551,20.86,18.86,7922.46,642.00
2191551,20.85,18.82,12426.52,643.00
2194551,20.85,18.79,9383.94,644.00
2197551,20.85,18.79,11896.86,644.00
2200551,20.85,18.79,6928.12,644.00
2203551,20.85,18.78,9388.17,644.00
2206551,20.85,18.78,8443.19,644.00
2209551,20.86,18.79,6972.86,644.00
2212551,20.85,18.79,7238.51,645.00
2215551,20.86,18.81,8774.31,644.00
2218551,20.86,18.82,9503.13,645.00
2221551,20.86,18.82,9274.32,653.00
2224551,20.86,18.83,7135.78,645.00
2227551,20.86,18.84,6198.99,647.00
2230551,20.86,18.86,7273.84,642.00
2233551,20.86,18.87,9278.83,641.00
2236551,20.86,18.86,13595.61,642.00
2239551,20.86,18.87,10006.21,644.00
2242551,20.86,18.86,8861.58,644.00
2245551,20.86,18.86,7719.49,644.00
2248551,20.86,18.86,11911.58,642.00
2251551,20.86,18.86,16790.93,641.00
2254551,20.86,18.84,19043.71,638.00
2257551,20.86,18.82,18819.69,645.00
2260551,20.86,18.83,12134.97,658.00
2263551,20.86,18.83,9781.09,647.00
2266551,20.86,18.84,17119.21,648.00
2269551,20.86,18.87,7120.78,649.00
2272551,20.86,18.88,17454.70,648.00
2275551,20.86,18.89,13234.75,647.00
2278551,20.86,18.91,10703.25,646.00
2281551,20.86,18.91,24797.30,644.00
2284551,20.86,18.92,15047.01,647.00
2287551,20.86,18.93,15210.59,644.00
2290551,20.86,18.91,17361.61,639.00
2293551,20.86,18.84,8588.09,634.00
2296551,20.86,18.81,15859.57,633.00
2299551,20.86,18.78,17793.12,633.00
2302551,20.87,18.75,7063.31,633.00
2305551,20.86,18.67,7212.37,638.00
2308551,20.87,18.67,17970.20,640.00
2311551,20.86,18.69,10905.92,644.00
2314551,20.86,18.66,7442.39,646.00
2317551,20.87,18.64,10227.12,646.00
2320551,20.87,18.62,18649.44,649.00
2323551,20.87,18.61,5892.76,647.00
2326551,20.87,18.61,11534.92,648.00
2329551,20.87,18.61,6548.74,644.00
2332551,20.87,18.62,6684.55,644.00
2335551,20.87,18.62,8476.76,637.00
2338551,20.86,18.58,18438.52,635.00
2341551,20.87,18.56,12018.82,638.00
2344551,20.86,18.59,10599.70,641.00
2347551,20.87,18.61,15079.37,641.00
2350551,20.87,18.65,10735.53,642.00
2353551,20.87,18.69,16698.97,642.00
2356551,20.87,18.70,10494.30,643.00
2359551,20.87,18.71,15823.21,643.00
2362551,20.87,18.70,11234.11,624.00
2365551,20.87,18.72,7456.74,644.00
2368551,20.87,18.73,12167.01,648.00
2371551,20.87,18.72,14075.00,648.00
2374551,20.87,18.72,11523.37,646.00
2377551,20.87,18.71,14365.65,643.00
2380551,20.87,18.70,20899.53,640.00
2383551,20.87,18.69,12142.82,635.00
2386551,20.87,18.69,18452.85,634.00
2389551,20.87,18.69,9077.57,634.00
2392551,20.87,18.71,9351.33,633.00
2395551,20.87,18.71,11673.31,632.00
2398551,20.87,18.71,16978.52,631.00
2401551,20.87,18.71,16792.77,630.00
2404551,20.87,18.72,7768.49,631.00
2407551,20.87,18.75,7128.11,629.00
2410551,20.87,18.75,10432.10,628.00
2413551,20.87,18.72,10426.47,628.00
2416551,20.88,18.72,10188.53,627.00
2419551,20.87,18.72,20489.03,629.00
2422551,20.87,18.75,7944.61,633.00
2425551,20.87,18.73,16142.38,628.00
2428551,20.87,18.73,7826.45,626.00
2431551,20.87,18.72,11493.67,626.00
2434551,20.88,18.70,12871.39,624.00
2437551,20.87,18.70,18094.64,622.00
2440551,20.88,18.70,14221.64,623.00
2443551,20.87,18.69,8279.83,621.00
2446551,20.88,18.71,10880.59,620.00
2449551,20.87,18.69,9879.24,621.00
2452551,20.87,18.69,10000.11,619.00
2455551,20.87,18.69,13031.51,620.00
2458551,20.87,18.67,10793.62,623.00
2461551,20.87,18.71,8877.26,625.00
2464551,20.87,18.71,8343.44,623.00
2467551,20.87,18.67,8136.70,629.00
2470551,20.87,18.67,7815.24,628.00
2473551,20.87,18.66,7975.63,630.00
2476551,20.87,18.65,12185.06,633.00
2479551,20.86,18.67,7377.77,636.00
2482551,20.86,18.69,11511.19,641.00
2485551,20.86,18.70,9667.73,641.00
2488551,20.87,18.72,12202.26,642.00
2491551,20.87,18.75,19998.03,642.00
2494551,20.87,18.73,15825.16,643.00
2497551,20.87,18.73,15631.21,643.00
2500551,20.87,18.72,7128.80,645.00
2503551,20.87,18.70,7463.32,650.00
2506551,20.87,18.70,7146.61,653.00
2509551,20.87,18.71,7057.89,658.00
2512551,20.87,18.72,6792.69,657.00
2515551,20.87,18.71,6521.20,656.00
2518551,20.87,18.72,6793.91,655.00
2521551,20.87,18.73,7258.43,656.00
2524551,20.87,18.73,8010.63,671.00
2527551,20.87,18.72,9712.64,668.00
2530551,20.88,18.71,8125.32,669.00
2533551,20.86,18.70,7439.91,676.00
2536551,20.87,18.70,11856.54,683.00
2539551,20.88,18.69,7722.94,691.00
2542551,20.88,18.69,9436.75,699.00
2545551,20.87,18.70,9531.89,705.00
2548551,20.88,18.70,7012.24,708.00
2551551,20.88,18.71,9275.28,715.00
2554551,20.89,18.70,6194.50,721.00
2557551,20.88,18.70,12040.49,705.00
2560551,20.89,18.69,8852.28,726.00
2563551,20.89,18.67,8810.19,735.00
2566551,20.89,18.67,6869.48,740.00
2569551,20.90,18.69,8930.85,741.00
2572551,20.90,18.71,11736.46,741.00
2575551,20.90,18.71,15292.97,743.00
2578551,20.90,18.69,15463.48,742.00
2581551,20.90,18.67,10036.21,740.00
2584551,20.90,18.65,7554.78,737.00
2587551,20.90,18.64,6566.03,734.00
2590551,20.91,18.63,15675.79,732.00
2593551,20.90,18.61,13564.35,723.00
2596551,20.90,18.60,14895.92,716.00
2599551,20.91,18.61,12856.83,718.00
2602551,20.90,18.63,8629.54,717.00
2605551,20.90,18.63,13118.30,707.00
2608551,20.91,18.64,9042.74,703.00
2611551,20.91,18.65,7763.24,696.00
2614551,20.91,18.67,6757.34,697.00
2617551,20.91,18.66,7894.73,691.00
2620551,20.91,18.67,6731.31,686.00
2623551,20.91,18.70,11247.45,681.00
2626551,20.91,18.71,6706.88,676.00
2629551,20.91,18.72,15840.79,678.00
2632551,20.91,18.74,8144.06,678.00
2635551,20.91,18.75,6782.10,680.00
2638551,20.91,18.76,5650.25,683.00
2641551,20.91,18.76,10815.09,690.00
2644551,20.91,18.76,7624.71,697.00
2647551,20.91,18.75,8172.58,727.00
2650551,20.91,18.75,18455.80,710.00
2653551,20.91,18.70,9991.88,720.00
2656551,20.92,18.65,6911.49,733.00
2659551,20.92,18.64,21764.62,743.00
2662551,20.91,18.63,6460.22,756.00
2665551,20.92,18.62,12545.98,769.00
2668551,20.92,18.62,13814.83,777.00
2671551,20.93,18.60,11275.29,778.00
2674551,20.93,18.62,7307.04,780.00
2677551,20.92,18.64,9579.55,779.00
2680551,20.93,18.64,11023.39,778.00
2683551,20.92,18.64,9365.23,772.00
2686551,20.93,18.64,8299.24,764.00
2689551,20.93,18.64,7097.28,759.00
2692551,20.93,18.66,11841.51,749.00
2695551,20.93,18.69,8051.93,745.00
2698551,20.93,18.72,15368.67,735.00
2701551,20.93,18.76,13645.86,723.00
2704551,20.94,18.76,9584.95,711.00
2707551,20.93,18.76,11079.89,700.00
2710551,20.93,18.77,14353.52,700.00
2713551,20.93,18.76,10639.32,698.00
2716551,20.93,18.76,14834.29,694.00
2719551,20.93,18.72,7532.31,694.00
2722551,20.93,18.72,26925.32,697.00
2725551,20.93,18.70,27816.36,699.00
2728551,20.94,18.68,43866.96,701.00
2731551,20.93,18.68,14748.09,696.00
2734551,20.94,18.66,21714.05,693.00
2737551,20.94,18.66,13887.66,692.00
2740551,20.93,18.68,15635.27,670.00
2743551,20.93,18.69,9895.64,683.00
2746551,20.94,18.68,9306.49,682.00
2749551,20.94,18.64,6680.89,680.00
2752551,20.94,18.65,8071.75,703.00
2755551,20.93,18.65,7955.41,664.00
2758551,20.94,18.64,9602.60,680.00
2761551,20.93,18.63,6820.64,680.00
2764551,20.93,18.64,8611.44,684.00
2767551,20.93,18.65,7791.21,689.00
2770551,20.93,18.64,7405.74,693.00
2773551,20.93,18.66,10820.57,697.00
2776551,20.94,18.65,31831.68,699.00
2779551,20.94,18.66,14993.84,699.00
2782551,20.94,18.65,12284.83,698.00
2785551,20.94,18.65,19333.71,696.00
2788551,20.94,18.65,8583.03,694.00
2791551,20.94,18.65,12433.31,704.00
2794551,20.94,18.66,16367.45,693.00
2797551,20.93,18.66,30427.38,689.00
2800551,20.94,18.68,20813.95,669.00
2803551,20.94,18.66,20487.90,688.00
2806551,20.94,18.65,48340.25,689.00
2809551,20.94,18.63,17249.04,687.00
2812551,20.94,18.63,22290.65,688.00
2815551,20.94,18.62,13278.11,681.00
2818551,20.94,18.62,13765.86,685.00
2821551,20.94,18.60,17803.43,683.00
2824551,20.94,18.58,21118.05,681.00
2827551,20.94,18.60,35352.73,680.00
2830551,20.94,18.62,13144.01,680.00
2833551,20.94,18.62,19647.15,679.00
2836551,20.94,18.64,18435.68,673.00
2839551,20.94,18.65,20734.48,678.00
2842551,20.94,18.66,10912.58,677.00
2845551,20.94,18.70,18315.44,680.00
2848551,20.94,18.73,19661.59,681.00
2851551,20.94,18.74,8012.30,681.00
2854551,20.94,18.76,14662.39,681.00
2857551,20.95,18.75,9893.04,680.00
2860551,20.94,18.74,9170.95,678.00
2863551,20.94,18.73,33453.75,681.00
2866551,20.94,18.73,27315.84,677.00
2869551,20.94,18.71,24824.49,674.00
2872551,20.94,18.70,15871.76,669.00
2875551,20.94,18.68,16943.90,668.00
2878551,20.94,18.68,8905.12,666.00
2881551,20.94,18.68,7290.32,670.00
2884551,20.94,18.66,26587.21,659.00
2887551,20.94,18.65,16423.65,658.00
2890551,20.94,18.65,26244.65,665.00
2893551,20.94,18.66,18655.78,655.00
2896551,20.94,18.68,14584.71,653.00
2899551,20.94,18.69,24698.94,654.00
2902551,20.93,18.69,8599.57,657.00
2905551,20.93,18.70,15850.40,656.00
2908551,20.93,18.69,14846.94,634.00
2911551,20.93,18.69,24691.89,647.00
2914551,20.93,18.69,32849.82,645.00
2917551,20.93,18.69,16718.54,646.00
2920551,20.93,18.70,23995.13,649.00
2923551,20.93,18.70,15229.43,658.00
2926551,20.93,18.64,19001.97,644.00
2929551,20.93,18.64,15356.12,645.00
2932551,20.93,18.63,16075.97,645.00
2935551,20.92,18.63,22500.71,642.00
2938551,20.93,18.63,13657.47,639.00
2941551,20.93,18.63,19839.74,642.00
2944551,20.93,18.63,19376.85,641.00
2947551,20.92,18.62,12394.82,639.00
2950551,20.92,18.63,12784.10,636.00
2953551,20.92,18.63,14861.22,638.00
2956551,20.92,18.61,8965.56,639.00
2959551,20.92,18.60,14506.31,643.00
2962551,20.92,18.60,21752.29,644.00
2965551,20.92,18.62,18720.29,642.00
2968551,20.92,18.60,13092.57,625.00
2971551,20.92,18.62,18978.83,644.00
2974551,20.92,18.62,21393.60,643.00
2977551,20.93,18.63,15949.65,644.00
2980551,20.92,18.64,25322.57,645.00
2983551,20.92,18.60,20018.15,645.00
2986551,20.93,18.62,9370.39,646.00
2989551,20.92,18.63,6405.22,646.00
2992551,20.93,18.64,9093.58,644.00
2995551,20.93,18.65,7450.83,646.00
2998551,20.93,18.64,14157.13,649.00
3001551,20.93,18.60,14470.54,650.00
3004551,20.93,18.60,15290.33,649.00
3007551,20.93,18.63,31953.20,649.00
3010551,20.93,18.62,13239.85,655.00
3013551,20.93,18.60,31917.32,661.00
3016551,20.93,18.60,11099.87,664.00
3019551,20.92,18.60,21785.00,664.00
3022551,20.93,18.60,9190.86,663.00
3025551,20.93,18.59,18221.28,660.00
3028551,20.93,18.59,14220.57,660.00
3031551,20.93,18.62,19769.22,660.00
3034551,20.94,18.60,11432.94,663.00
3037551,20.93,18.60,16375.66,665.00
3040551,20.93,18.60,22839.24,661.00
3043551,20.93,18.62,16309.46,660.00
3046551,20.93,18.62,16989.16,663.00
3049551,20.93,18.60,16300.04,676.00
3052551,20.93,18.60,13025.64,664.00
3055551,20.93,18.60,10627.81,661.00
3058551,20.93,18.59,6703.75,659.00
3061551,20.93,18.59,19594.86,659.00
3064551,20.93,18.59,16984.49,660.00
3067551,20.93,18.60,7577.91,658.00
3070551,20.93,18.60,11003.73,654.00
3073551,20.93,18.58,8941.90,654.00
3076551,20.93,18.57,6475.71,651.00
3079551,20.93,18.54,7422.40,649.00
3082551,20.93,18.54,6348.69,646.00
3085551,20.93,18.53,8419.33,647.00
3088551,20.93,18.50,9173.79,650.00
3091551,20.93,18.50,13961.03,654.00
3094551,20.94,18.49,10942.54,658.00
3097551,20.94,18.50,10120.55,656.00
3100551,20.94,18.49,14798.85,665.00
3103551,20.94,18.51,16413.28,670.00
3106551,20.94,18.48,12512.57,676.00
3109551,20.94,18.49,6758.17,682.00
3112551,20.94,18.49,17453.44,686.00
3115551,20.93,18.49,9900.68,690.00
3118551,20.94,18.50,18840.73,693.00
3121551,20.93,18.50,14683.44,695.00
3124551,20.93,18.49,18864.17,695.00
3127551,20.93,18.52,17101.42,695.00
3130551,20.93,18.53,13843.62,694.00
3133551,20.93,18.54,19030.20,692.00
3136551,20.93,18.54,11069.76,690.00
3139551,20.93,18.53,15044.55,687.00
3142551,20.93,18.52,34621.30,684.00
3145551,20.93,18.50,22665.25,684.00
3148551,20.94,18.52,14664.25,686.00
3151551,20.93,18.52,21115.00,687.00
3154551,20.93,18.52,18316.53,691.00
3157551,20.94,18.52,21564.76,686.00
3160551,20.93,18.53,12295.75,694.00
3163551,20.93,18.52,7597.74,698.00
3166551,20.94,18.51,7125.57,682.00
3169551,20.94,18.50,15994.44,707.00
3172551,20.94,18.51,15745.44,710.00
3175551,20.94,18.53,16438.16,717.00
3178551,20.94,18.54,29890.42,724.00
3181551,20.94,18.55,13839.42,733.00
3184551,20.94,18.57,10389.44,742.00
3187551,20.94,18.59,9023.63,750.00
3190551,20.94,18.60,13393.88,761.00
3193551,20.94,18.63,15240.53,770.00
3196551,20.95,18.65,7384.98,777.00
3199551,20.94,18.65,17357.81,785.00
3202551,20.95,18.64,14501.92,791.00
3205551,20.95,18.67,9629.71,793.00
3208551,20.95,18.69,11629.82,797.00
3211551,20.95,18.71,13476.63,798.00
3214551,20.96,18.74,17272.15,799.00
3217551,20.95,18.75,11739.24,803.00
3220551,20.96,18.75,14748.97,803.00
3223551,20.97,18.74,11784.12,801.00
3226551,20.96,18.71,33893.33,797.00
3229551,20.97,18.75,15291.17,794.00
3232551,20.97,18.75,9022.86,822.00
3235551,20.96,18.74,15413.95,815.00
3238551,20.97,18.71,20108.18,777.00
3241551,20.97,18.71,7696.81,770.00
3244551,20.97,18.73,11638.44,765.00
3247551,20.97,18.75,8902.43,786.00
3250551,20.97,18.75,13138.67,758.00
3253551,20.97,18.78,10102.33,757.00
3256551,20.97,18.80,9163.20,757.00
3259551,20.97,18.84,10710.91,760.00
3262551,20.97,18.85,19793.30,757.00
3265551,20.97,18.86,17210.53,754.00
3268551,20.97,18.87,32355.61,751.00
3271551,20.98,18.87,23448.24,750.00
3274551,20.98,18.86,26130.32,745.00
3277551,20.97,18.86,39760.78,740.00
3280551,20.98,18.86,16126.97,737.00
3283551,20.97,18.89,17870.84,731.00
3286551,20.98,18.87,26123.60,725.00
3289551,20.98,18.89,34491.94,718.00
3292551,20.98,18.90,18011.06,718.00
3295551,20.97,18.90,11128.92,715.00
3298551,20.98,18.91,35373.16,714.00
3301551,20.98,18.91,27269.28,712.00
3304551,20.97,18.93,12891.98,707.00
3307551,20.98,18.93,19023.24,704.00
3310551,20.98,18.95,21856.03,703.00
3313551,20.97,18.96,29233.80,700.00
3316551,20.98,18.98,31179.35,704.00
3319551,20.97,19.01,15575.99,703.00
3322551,20.98,19.04,14889.25,700.00
3325551,20.97,19.07,23215.70,692.00
3328551,20.98,19.09,12201.08,698.00
3331551,20.97,19.09,18237.62,699.00
3334551,20.98,19.11,13624.89,703.00
3337551,20.98,19.11,20388.42,706.00
3340551,20.98,19.11,12384.57,708.00
3343551,20.98,19.11,25773.91,710.00
3346551,20.98,19.11,24993.55,710.00
3349551,20.98,19.12,14830.31,712.00
3352551,20.98,19.13,10579.36,717.00
3355551,20.98,19.16,28956.75,714.00
3358551,20.98,19.17,11317.92,715.00
3361551,20.98,19.18,8078.22,714.00
3364551,20.98,19.17,16868.31,714.00
3367551,20.98,19.15,9044.37,715.00
3370551,20.98,19.19,19814.95,715.00
3373551,20.98,19.23,20120.04,709.00
3376551,20.98,19.24,15390.79,705.00
3379551,20.98,19.26,12193.44,699.00
3382551,20.98,19.29,11591.67,695.00
3385551,20.99,19.33,13081.61,678.00
3388551,20.98,19.35,9043.67,699.00
3391551,20.99,19.36,13232.74,701.00
3394551,20.99,19.37,18941.76,703.00
3397551,20.98,19.39,7670.59,705.00
3400551,20.99,19.36,16780.56,707.00
3403551,20.98,19.35,21683.98,706.00
3406551,20.99,19.29,11381.49,712.00
3409551,20.99,19.28,35780.20,715.00
3412551,21.00,19.28,12230.81,719.00
3415551,21.00,19.25,19900.35,725.00
3418551,20.99,19.24,14164.76,729.00
3421551,21.00,19.24,15591.04,735.00
3424551,21.00,19.22,22156.27,738.00
3427551,21.00,19.23,19772.97,744.00
3430551,21.01,19.24,18254.35,750.00
3433551,21.01,19.22,19687.81,754.00
3436551,21.01,19.22,13083.15,759.00
3439551,21.01,19.22,7269.39,760.00
3442551,21.01,19.22,7080.04,765.00
3445551,21.01,19.23,16667.11,772.00
3448551,21.01,19.23,8076.44,778.00
3451551,21.01,19.22,15171.65,778.00
3454551,21.02,19.18,20319.71,779.00
3457551,21.02,19.18,33635.78,782.00
3460551,21.02,19.17,37710.63,781.00
3463551,21.02,19.17,11596.71,781.00
3466551,21.02,19.18,12079.08,779.00
3469551,21.03,19.17,18857.10,774.00
3472551,21.03,19.18,38390.03,768.00
3475551,21.03,19.19,14162.27,762.00
3478551,21.03,19.18,19948.78,758.00
3481551,21.03,19.16,14272.74,751.00
3484551,21.03,19.13,23118.55,746.00
3487551,21.04,19.11,16966.90,742.00
3490551,21.03,19.10,13831.99,742.00
3493551,21.03,19.10,14454.02,737.00
3496551,21.03,19.08,15796.86,731.00
3499551,21.03,19.11,11524.11,727.00
3502551,21.04,19.12,10196.48,726.00
3505551,21.03,19.12,40022.40,725.00
3508551,21.03,19.14,20770.15,716.00
3511551,21.03,19.14,14133.35,715.00
3514551,21.03,19.14,11755.34,712.00
3517551,21.03,19.14,13952.73,708.00
3520551,21.02,19.13,16833.51,705.00
3523551,21.03,19.13,36921.37,700.00
3526551,21.02,19.12,16955.18,693.00
3529551,21.03,19.12,19833.12,687.00
3532551,21.03,19.12,8372.23,691.00
3535551,21.02,19.12,8677.48,680.00
3538551,21.03,19.11,17592.53,678.00
3541551,21.03,19.11,11303.18,677.00
3544551,21.03,19.11,20883.94,676.00
3547551,21.02,19.12,10125.16,675.00
3550551,21.02,19.11,26305.49,674.00
3553551,21.02,19.11,11862.91,669.00
3556551,21.02,19.07,12413.69,675.00
3559551,21.02,19.07,9586.74,676.00
3562551,21.02,19.10,15541.66,678.00
3565551,21.02,19.11,12970.17,679.00
3568551,21.02,19.10,24660.21,680.00
3571551,21.02,19.08,17087.05,683.00
3574551,21.03,19.08,12923.83,687.00
3577551,21.02,19.08,13296.03,688.00
3580551,21.02,19.10,21696.15,722.00
3583551,21.02,19.12,40469.77,696.00
3586551,21.02,19.11,20253.46,696.00
3589551,21.02,19.11,20662.23,694.00
3592551,21.02,19.14,27024.53,693.00
3595551,21.02,19.16,21174.26,694.00
3598551,21.02,19.18,23582.12,694.00
3601551,21.02,19.21,20915.94,695.00
3604551,21.02,19.22,21005.86,695.00
3607551,21.02,19.22,32330.13,687.00
3610551,21.02,19.22,19415.22,693.00
3613551,21.03,19.23,20169.96,698.00
3616551,21.03,19.24,25635.64,698.00
3619551,21.02,19.24,26547.11,695.00
3622551,21.02,19.24,16045.36,695.00
3625551,21.03,19.23,25052.71,693.00
3628551,21.02,19.22,20804.46,691.00
3631551,21.03,19.21,26643.49,690.00
3634551,21.03,19.22,26342.94,686.00
3637551,21.03,19.23,22480.12,684.00
3640551,21.03,19.24,29142.09,682.00
3643551,21.03,19.23,20537.62,681.00
3646551,21.03,19.21,38550.61,680.00
3649551,21.04,19.23,21451.77,680.00
3652551,21.04,19.24,49152.20,682.00
3655551,21.04,19.24,31870.25,682.00
3658551,21.04,19.23,41699.06,678.00
3661551,21.04,19.24,34777.72,676.00
3664551,21.05,19.25,41149.63,672.00
3667551,21.04,19.24,30514.84,670.00
3670551,21.04,19.24,23865.34,667.00
3673551,21.05,19.24,21027.00,668.00
3676551,21.04,19.24,17956.24,661.00
3679551,21.05,19.25,14329.95,669.00
3682551,21.04,19.28,14196.25,671.00
3685551,21.04,19.29,36463.12,674.00
3688551,21.04,19.30,24557.93,700.00
3691551,21.04,19.33,33114.68,678.00
3694551,21.04,19.34,26199.94,680.00
3697551,21.04,19.34,20138.81,678.00
3700551,21.04,19.34,25549.21,674.00
3703551,21.05,19.34,18751.73,673.00
3706551,21.04,19.35,25183.81,673.00
3709551,21.05,19.34,22238.08,676.00
3712551,21.05,19.35,21977.53,680.00
3715551,21.05,19.33,39132.86,686.00
3718551,21.05,19.33,28864.56,683.00
3721551,21.05,19.32,15452.46,685.00
3724551,21.05,19.32,22612.36,683.00
3727551,21.05,19.32,18766.58,676.00
3730551,21.05,19.33,43369.77,676.00
3733551,21.05,19.33,20722.98,672.00
3736551,21.05,19.34,37476.21,673.00
3739551,21.05,19.32,33310.29,669.00
3742551,21.05,19.30,31887.40,667.00
3745551,21.05,19.30,21688.88,666.00
3748551,21.04,19.32,31385.68,665.00
3751551,21.05,19.30,23670.68,666.00
3754551,21.05,19.30,32428.90,666.00
3757551,21.05,19.32,34260.83,665.00
3760551,21.05,19.33,22778.85,664.00
3763551,21.05,19.30,19393.74,664.00
3766551,21.04,19.32,12502.33,661.00
3769551,21.04,19.33,17763.07,659.00
3772551,21.05,19.37,13001.53,639.00
3775551,21.05,19.38,13439.35,657.00
3778551,21.04,19.40,27779.98,654.00
3781551,21.04,19.39,29043.22,656.00
3784551,21.04,19.38,37387.34,649.00
3787551,21.04,19.37,42213.14,652.00
3790551,21.04,19.37,27947.28,649.00
3793551,21.04,19.37,25849.96,670.00
3796551,21.04,19.35,26610.72,645.00
3799551,21.04,19.33,19255.96,643.00
3802551,21.04,19.32,46442.88,636.00
3805551,21.04,19.37,25091.27,644.00
3808551,21.05,19.39,49966.35,641.00
3811551,21.05,19.39,37658.83,649.00
3814551,21.06,19.38,21329.20,651.00
3817551,21.06,19.38,40264.79,645.00
3820551,21.07,19.39,18502.66,658.00
3823551,21.07,19.37,13646.14,662.00
3826551,21.07,19.35,11821.22,662.00
3829551,21.07,19.32,11221.56,662.00
3832551,21.07,19.28,24927.11,659.00
3835551,21.07,19.27,12205.27,661.00
3838551,21.08,19.24,23014.51,661.00
3841551,21.07,19.23,11266.43,660.00
3844551,21.08,19.26,32774.54,659.00
3847551,21.08,19.27,11518.05,656.00
3850551,21.07,19.29,10635.59,660.00
3853551,21.08,19.29,10233.65,658.00
3856551,21.08,19.29,11579.41,656.00
3859551,21.08,19.29,14454.72,654.00
3862551,21.07,19.27,10518.55,655.00
3865551,21.07,19.26,15325.14,655.00
3868551,21.08,19.23,10723.13,655.00
3871551,21.08,19.23,10834.17,657.00
3874551,21.08,19.26,9785.41,658.00
3877551,21.08,19.27,8277.13,659.00
3880551,21.08,19.27,13886.70,662.00
3883551,21.08,19.27,10438.05,662.00
3886551,21.08,19.23,9868.47,661.00
3889551,21.08,19.20,11935.31,665.00
3892551,21.07,19.18,34463.75,665.00
3895551,21.07,19.21,12959.25,664.00
3898551,21.07,19.22,11795.98,663.00
3901551,21.08,19.21,9894.78,700.00
3904551,21.07,19.21,9420.96,673.00
3907551,21.08,19.23,7333.51,677.00
3910551,21.08,19.23,8412.11,683.00
3913551,21.08,19.22,8926.65,677.00
3916551,21.08,19.21,9837.56,673.00
3919551,21.08,19.17,9427.58,677.00
3922551,21.08,19.12,14180.37,666.00
3925551,21.09,19.11,9751.08,695.00
3928551,21.08,19.12,9543.21,665.00
3931551,21.09,19.10,9929.55,665.00
3934551,21.08,19.07,13372.41,662.00
3937551,21.09,19.06,11315.88,658.00
3940551,21.09,19.04,11263.14,655.00
3943551,21.08,19.04,8395.57,653.00
3946551,21.08,19.02,12981.91,649.00
3949551,21.08,19.01,9638.93,646.00
3952551,21.07,19.02,11147.47,646.00
3955551,21.07,19.02,8531.19,646.00
3958551,21.07,19.02,14657.72,645.00
3961551,21.07,19.02,12466.76,644.00
3964551,21.07,19.02,14828.10,643.00
3967551,21.06,19.05,8135.25,640.00
3970551,21.06,19.06,13054.21,638.00
3973551,21.06,19.05,8865.92,637.00
3976551,21.06,19.02,9686.29,635.00
3979551,21.06,19.02,12541.19,634.00
3982551,21.06,19.01,10422.75,634.00
3985551,21.07,19.04,10002.94,633.00
3988551,21.06,19.07,16725.38,632.00
3991551,21.06,19.08,11339.22,631.00
3994551,21.06,19.06,12244.59,632.00
3997551,21.06,19.04,11840.10,634.00
4000551,21.06,19.02,16246.67,635.00
4003551,21.06,19.00,12190.59,636.00
4006551,21.06,18.97,11926.07,635.00
4009551,21.05,18.99,11736.65,636.00
4012551,21.05,18.97,11643.10,638.00
4015551,21.05,18.95,13125.23,641.00
4018551,21.05,18.97,12279.06,638.00
4021551,21.05,18.99,11475.90,639.00
4024551,21.05,19.01,10225.99,641.00
4027551,21.05,19.04,12471.19,641.00
4030551,21.06,19.04,11561.09,641.00
4033551,21.06,19.02,10276.11,640.00
4036551,21.06,18.99,12664.05,640.00
4039551,21.06,19.00,8690.80,640.00
4042551,21.06,19.00,9130.17,641.00
4045551,21.06,19.00,7666.53,644.00
4048551,21.06,18.99,11893.29,649.00
4051551,21.06,18.96,11045.53,656.00
4054551,21.05,18.97,17236.58,662.00
4057551,21.06,19.00,12887.81,671.00
4060551,21.06,19.00,40697.68,684.00
4063551,21.05,19.00,10931.52,702.00
4066551,21.05,19.00,10810.73,720.00
4069551,21.05,19.00,11180.11,735.00
4072551,21.05,19.01,11735.95,755.00
4075551,21.06,19.04,10353.49,766.00
4078551,21.06,19.04,9928.53,777.00
4081551,21.07,19.07,9901.72,782.00
4084551,21.07,19.07,10809.76,788.00
4087551,21.06,19.08,8416.17,791.00
4090551,21.07,19.08,12514.14,798.00
4093551,21.06,19.06,8232.70,806.00
4096551,21.07,19.08,9601.44,820.00
4099551,21.07,19.08,9458.53,829.00
4102551,21.07,19.08,8754.55,837.00
4105551,21.08,19.02,11192.30,845.00
4108551,21.09,19.04,11405.55,854.00
4111551,21.10,19.05,11701.84,864.00
4114551,21.10,19.05,10351.07,872.00
4117551,21.10,19.04,9064.67,880.00
4120551,21.11,19.04,9154.69,887.00
4123551,21.12,19.04,8044.14,890.00
4126551,21.11,19.04,8150.64,927.00
4129551,21.11,19.03,10269.89,894.00
4132551,21.11,18.99,12519.50,899.00
4135551,21.12,18.96,13858.82,897.00
4138551,21.11,18.96,10616.12,896.00
4141551,21.11,18.98,8780.40,896.00
4144551,21.11,18.98,10108.82,895.00
4147551,21.11,18.99,9339.15,894.00
4150551,21.11,19.01,9478.49,894.00
4153551,21.12,19.03,11301.81,893.00
4156551,21.12,19.03,12551.21,925.00
4159551,21.12,18.99,9460.56,895.00
4162551,21.13,18.93,10947.16,892.00
4165551,21.12,18.93,14473.12,892.00
4168551,21.12,18.94,10456.68,895.00
4171551,21.13,18.93,9541.53,893.00
4174551,21.14,18.94,11461.00,892.00
4177551,21.14,18.92,10851.20,890.00
4180551,21.14,18.90,8974.31,895.00
4183551,21.14,18.92,10209.99,883.00
4186551,21.14,18.90,10346.54,880.00
4189551,21.14,18.89,11455.28,878.00
4192551,21.14,18.91,11546.04,874.00
4195551,21.14,18.92,9594.75,872.00
4198551,21.15,18.92,12724.95,880.00
4201551,21.15,18.94,9644.64,872.00
4204551,21.15,18.94,9880.30,865.00
4207551,21.16,18.92,9439.02,874.00
4210551,21.16,18.92,10655.45,874.00
4213551,21.16,18.91,9950.35,875.00
4216551,21.16,18.93,11635.76,877.00
4219551,21.16,18.94,9859.24,879.00
4222551,21.17,18.96,10702.99,862.00
4225551,21.17,18.97,9630.37,889.00
4228551,21.17,18.96,10312.95,876.00
4231551,21.18,18.96,10598.69,900.00
4234551,21.17,18.97,10089.02,904.00
4237551,21.18,18.98,9584.33,909.00
4240551,21.18,18.98,10545.93,907.00
4243551,21.19,18.98,10003.47,899.00
4246551,21.19,18.98,11543.35,895.00
4249551,21.19,18.96,10128.16,886.00
4252551,21.19,18.93,8522.37,875.00
4255551,21.20,18.92,8599.87,868.00
4258551,21.21,18.93,10492.83,892.00
4261551,21.21,18.90,10556.56,855.00
4264551,21.21,18.86,11905.92,847.00
4267551,21.21,18.82,10692.09,832.00
4270551,21.21,18.85,11171.37,829.00
4273551,21.21,18.88,10045.79,821.00
4276551,21.20,18.90,11006.39,814.00
4279551,21.20,18.91,10531.45,808.00
4282551,21.20,18.92,8596.62,806.00
4285551,21.19,18.89,10481.79,808.00
4288551,21.19,18.89,9155.44,816.00
4291551,21.19,18.91,11655.64,820.00
4294551,21.19,18.89,8287.14,828.00
4297551,21.18,18.87,10266.54,834.00
4300551,21.18,18.86,12262.64,839.00
4303551,21.18,18.86,10553.91,846.00
4306551,21.18,18.87,10443.28,856.00
4309551,21.18,18.87,8592.05,862.00
4312551,21.17,18.85,9397.52,869.00
4315551,21.17,18.83,9751.62,882.00
4318551,21.17,18.83,10577.76,895.00
4321551,21.16,18.84,9923.20,906.00
4324551,21.17,18.84,10013.23,916.00
4327551,21.16,18.86,9220.72,927.00
4330551,21.16,18.88,9474.06,934.00
4333551,21.16,18.89,10416.14,940.00
4336551,21.16,18.92,9003.95,944.00
4339551,21.16,18.92,10558.66,944.00
4342551,21.16,18.94,11776.17,946.00
4345551,21.16,18.94,8912.34,945.00
4348551,21.16,18.96,7725.27,922.00
4351551,21.16,18.93,8587.22,943.00
4354551,21.16,18.89,8459.00,941.00
4357551,21.16,18.92,10045.70,940.00
4360551,21.16,18.88,10554.47,934.00
4363551,21.15,18.83,9900.77,943.00
4366551,21.15,18.86,8835.63,945.00
4369551,21.15,18.87,9433.71,944.00
4372551,21.15,18.91,9255.84,944.00
4375551,21.15,18.91,9193.44,946.00
4378551,21.15,18.91,11194.13,944.00
4381551,21.14,18.91,10033.00,943.00
4384551,21.15,18.91,9006.14,945.00
4387551,21.14,18.93,13743.92,948.00
4390551,21.15,18.94,10116.69,950.00
4393551,21.15,18.94,11866.37,953.00
4396551,21.15,18.93,10132.47,955.00
4399551,21.15,18.93,8878.70,955.00
4402551,21.15,18.94,10868.95,956.00
4405551,21.15,18.96,9092.28,957.00
4408551,21.15,18.98,10259.70,959.00
4411551,21.15,18.98,10329.89,959.00
4414551,21.16,18.98,10006.95,960.00
4417551,21.16,18.97,11013.10,961.00
4420551,21.16,18.96,11002.89,963.00
4423551,21.15,18.98,8906.83,962.00
4426551,21.16,18.99,9979.72,962.00
4429551,21.17,18.99,11339.42,963.00
4432551,21.18,18.99,10197.34,964.00
4435551,21.18,19.00,11029.26,963.00
4438551,21.19,18.99,10306.43,962.00
4441551,21.20,19.00,9661.30,962.00
4444551,21.20,19.00,9666.23,963.00
4447551,21.20,19.00,9252.94,961.00
4450551,21.21,19.02,8438.58,961.00
4453551,21.21,19.02,11984.44,962.00
4456551,21.22,19.02,10020.18,962.00
4459551,21.22,19.03,12078.43,962.00
4462551,21.23,19.03,8529.08,961.00
4465551,21.23,19.03,9908.70,961.00
4468551,21.23,19.03,13078.97,961.00
4471551,21.23,19.03,10449.67,958.00
4474551,21.22,19.03,9157.48,963.00
4477551,21.23,19.02,10176.57,962.00
4480551,21.22,19.02,7221.32,963.00
4483551,21.22,19.03,9207.04,963.00
4486551,21.22,19.05,9429.80,964.00
4489551,21.22,19.04,10426.00,965.00
4492551,21.22,19.02,10003.28,964.00
4495551,21.22,19.01,8919.70,965.00
4498551,21.22,19.03,13631.80,965.00
4501551,21.22,19.05,10195.46,967.00
4504551,21.22,19.04,10556.40,971.00
4507551,21.22,19.07,14088.22,966.00
4510551,21.22,19.05,12303.57,967.00
4513551,21.22,19.07,14559.15,968.00
4516551,21.21,19.08,16434.45,969.00
4519551,21.22,19.07,11098.69,968.00
4522551,21.22,19.05,10881.93,966.00
4525551,21.21,19.05,9630.66,965.00
4528551,21.22,19.07,10701.39,964.00
4531551,21.21,19.07,10649.94,961.00
4534551,21.21,19.05,9312.04,958.00
4537551,21.21,19.05,8368.12,952.00
4540551,21.21,19.07,10726.82,944.00
4543551,21.21,19.08,10318.90,930.00
4546551,21.21,19.07,10582.69,916.00
4549551,21.22,19.08,11376.14,901.00
4552551,21.22,19.07,12288.96,887.00
4555551,21.22,19.07,11214.48,882.00
4558551,21.22,19.08,9945.62,862.00
4561551,21.21,19.08,10866.82,860.00
4564551,21.22,19.08,13298.30,860.00
4567551,21.21,19.08,9452.38,858.00
4570551,21.22,19.09,13266.42,858.00
4573551,21.21,19.13,8119.48,860.00
4576551,21.21,19.13,8939.45,865.00
4579551,21.21,19.14,9844.78,864.00
4582551,21.22,19.13,12206.31,871.00
4585551,21.22,19.14,13437.06,874.00
4588551,21.22,19.14,9812.30,883.00
4591551,21.22,19.14,9822.52,893.00
4594551,21.22,19.17,8210.13,903.00
4597551,21.21,19.17,10211.88,910.00
4600551,21.21,19.18,8684.44,920.00
4603551,21.22,19.19,11238.91,928.00
4606551,21.22,19.21,8849.89,934.00
4609551,21.22,19.21,9201.42,942.00
4612551,21.22,19.23,9327.86,948.00
4615551,21.22,19.24,7830.16,950.00
4618551,21.22,19.24,10147.01,954.00
4621551,21.22,19.23,9331.12,956.00
4624551,21.23,19.23,8340.74,958.00
4627551,21.23,19.23,9842.68,960.00
4630551,21.23,19.23,10737.56,961.00
4633551,21.23,19.21,9860.23,960.00
4636551,21.23,19.21,10487.49,960.00
4639551,21.23,19.23,11253.72,960.00
4642551,21.24,19.25,9421.64,959.00
4645551,21.24,19.26,10708.99,960.00
4648551,21.24,19.25,8976.08,958.00
4651551,21.24,19.26,10112.48,956.00
4654551,21.23,19.28,10328.46,955.00
4657551,21.24,19.28,9088.30,963.00
4660551,21.23,19.30,9552.38,951.00
4663551,21.23,19.30,10994.38,949.00
4666551,21.23,19.30,10595.13,943.00
4669551,21.24,19.30,8686.74,979.00
4672551,21.23,19.30,10694.98,940.00
4675551,21.23,19.29,10289.47,939.00
4678551,21.24,19.28,11140.75,931.00
4681551,21.23,19.28,11574.44,940.00
4684551,21.23,19.27,14477.77,946.00
4687551,21.22,19.29,9790.39,950.00
4690551,21.22,19.30,10362.59,954.00
4693551,21.22,19.30,10916.37,956.00
4696551,21.22,19.32,9189.44,961.00
4699551,21.23,19.34,10448.87,962.00
4702551,21.23,19.34,10398.01,963.00
4705551,21.23,19.35,8325.63,957.00
4708551,21.24,19.35,9796.53,963.00
4711551,21.24,19.36,9990.88,964.00
4714551,21.24,19.35,9837.24,999.00
4717551,21.24,19.34,10007.16,967.00
4720551,21.24,19.35,10355.63,967.00
4723551,21.24,19.35,11723.61,964.00
4726551,21.24,19.36,11873.84,966.00
4729551,21.24,19.36,9568.69,965.00
4732551,21.25,19.37,8300.45,964.00
4735551,21.24,19.39,11216.46,964.00
4738551,21.25,19.40,10038.08,962.00
4741551,21.25,19.39,9574.16,961.00
4744551,21.25,19.39,8328.53,961.00
4747551,21.25,19.39,7846.64,953.00
4750551,21.25,19.40,10976.62,960.00
4753551,21.26,19.40,8352.94,961.00
4756551,21.26,19.41,9582.75,962.00
4759551,21.26,19.41,8177.33,961.00
4762551,21.26,19.40,9047.32,962.00
4765551,21.26,19.40,9067.95,961.00
4768551,21.26,19.40,15273.29,963.00
4771551,21.25,19.41,9995.73,960.00
4774551,21.25,19.42,9250.76,963.00
4777551,21.25,19.42,8790.64,955.00
4780551,21.25,19.44,8873.53,962.00
4783551,21.25,19.45,9324.39,963.00
4786551,21.24,19.45,11074.55,962.00
4789551,21.25,19.45,10718.75,964.00
4792551,21.25,19.45,9054.63,965.00
4795551,21.25,19.47,9626.80,962.00
4798551,21.25,19.46,10094.41,965.00
4801551,21.24,19.46,8225.36,973.00
4804551,21.24,19.47,12095.29,964.00
4807551,21.24,19.47,11205.34,964.00
4810551,21.24,19.46,10569.01,964.00
4813551,21.24,19.47,8375.98,963.00
4816551,21.24,19.47,9175.76,965.00
4819551,21.23,19.48,8447.08,960.00
4822551,21.24,19.48,9141.89,963.00
4825551,21.23,19.50,8728.92,973.00
4828551,21.24,19.50,9316.91,964.00
4831551,21.24,19.51,9473.77,964.00
4834551,21.24,19.52,8083.33,964.00
4837551,21.23,19.52,8485.19,964.00
4840551,21.23,19.52,8764.25,960.00
4843551,21.23,19.53,9679.03,965.00
4846551,21.23,19.53,7504.82,966.00
4849551,21.23,19.53,10577.60,966.00
4852551,21.23,19.53,9734.57,965.00
4855551,21.23,19.53,9699.13,966.00
4858551,21.23,19.53,10629.19,967.00
4861551,21.22,19.53,11951.72,967.00
4864551,21.23,19.56,8629.26,969.00
4867551,21.22,19.56,11870.16,967.00
4870551,21.22,19.57,8618.87,966.00
4873551,21.22,19.57,10527.10,964.00
4876551,21.22,19.59,9522.17,966.00
4879551,21.22,19.60,9709.46,967.00
4882551,21.22,19.60,9108.96,965.00
4885551,21.22,19.60,11771.32,964.00
4888551,21.22,19.62,9358.00,963.00
4891551,21.22,19.62,10214.62,959.00
4894551,21.21,19.63,8511.35,960.00
4897551,21.21,19.65,10518.79,953.00
4900551,21.21,19.67,9568.68,952.00
4903551,21.21,19.68,13777.99,945.00
4906551,21.20,19.70,8451.92,948.00
4909551,21.20,19.71,9693.94,946.00
4912551,21.20,19.74,11428.80,942.00
4915551,21.20,19.75,10994.22,939.00
4918551,21.20,19.75,12014.96,938.00
4921551,21.20,19.76,11180.01,933.00
4924551,21.20,19.78,11466.16,933.00
4927551,21.20,19.79,11232.75,935.00
4930551,21.21,19.76,10239.77,933.00
4933551,21.21,19.74,10919.17,933.00
4936551,21.22,19.75,9638.55,929.00
4939551,21.22,19.78,8599.67,933.00
4942551,21.22,19.78,10526.00,936.00
4945551,21.22,19.78,13139.91,941.00
4948551,21.22,19.76,9947.57,945.00
4951551,21.22,19.75,11865.96,950.00
4954551,21.23,19.76,11326.30,951.00
4957551,21.22,19.76,11060.47,952.00
4960551,21.22,19.79,9541.54,928.00
4963551,21.22,19.80,10256.31,952.00
4966551,21.22,19.80,11395.57,947.00
4969551,21.22,19.80,12354.08,954.00
4972551,21.22,19.81,10522.05,954.00
4975551,21.22,19.80,9838.40,955.00
4978551,21.22,19.80,11591.98,955.00
4981551,21.21,19.81,9578.05,953.00
4984551,21.21,19.82,10803.47,950.00
4987551,21.21,19.82,10767.48,949.00
4990551,21.22,19.84,12245.89,947.00
4993551,21.22,19.83,8668.59,945.00
4996551,21.21,19.82,13471.07,943.00
4999551,21.22,19.83,9367.33,939.00
5002551,21.21,19.84,8917.97,934.00
5005551,21.21,19.84,8993.04,935.00
5008551,21.21,19.85,10881.04,933.00
5011551,21.20,19.86,11375.52,932.00
5014551,21.21,19.86,10435.86,931.00
5017551,21.20,19.87,10327.50,930.00
5020551,21.20,19.87,11844.08,927.00
5023551,21.21,19.88,8164.39,923.00
5026551,21.20,19.90,13546.57,917.00
5029551,21.19,19.90,10498.76,908.00
5032551,21.20,19.91,9638.14,896.00
5035551,21.20,19.92,8098.16,884.00
5038551,21.19,19.92,10252.69,873.00
5041551,21.19,19.92,11556.99,887.00
5044551,21.19,19.93,8390.62,852.00
5047551,21.19,19.95,9357.35,842.00
5050551,21.19,19.96,10577.40,842.00
5053551,21.19,19.96,10842.04,826.00
5056551,21.19,19.97,12527.87,820.00
5059551,21.18,19.98,11959.66,816.00
5062551,21.18,19.98,10226.82,812.00
5065551,21.18,19.99,8954.56,812.00
5068551,21.18,20.01,9490.22,814.00
5071551,21.18,20.02,10688.63,817.00
5074551,21.18,20.04,9636.19,818.00
5077551,21.18,20.04,12520.28,819.00
5080551,21.18,20.04,11990.48,821.00
5083551,21.19,20.06,11231.92,826.00
5086551,21.19,20.08,11647.49,833.00
5089551,21.19,20.10,10141.12,840.00
5092551,21.19,20.12,11647.66,850.00
5095551,21.19,20.12,10134.13,859.00
5098551,21.19,20.12,11254.78,870.00
5101551,21.19,20.14,10924.83,879.00
5104551,21.18,20.15,10135.70,887.00
5107551,21.18,20.17,8542.94,892.00
5110551,21.19,20.19,9460.61,904.00
5113551,21.19,20.23,11158.95,912.00
5116551,21.19,20.25,9552.03,917.00
5119551,21.18,20.25,9783.48,921.00
5122551,21.19,20.26,14159.65,926.00
5125551,21.19,20.29,10447.91,934.00
5128551,21.19,20.30,9339.92,936.00
5131551,21.18,20.32,10183.89,935.00
5134551,21.18,20.32,14055.44,935.00
5137551,21.18,20.32,9908.65,937.00
5140551,21.19,20.34,10983.86,939.00
5143551,21.18,20.35,9040.57,942.00
5146551,21.18,20.37,11785.65,946.00
5149551,21.19,20.40,13915.19,949.00
5152551,21.19,20.41,8897.66,951.00
5155551,21.19,20.41,12628.81,953.00
5158551,21.19,20.42,11771.74,954.00
5161551,21.20,20.42,10290.52,954.00
5164551,21.19,20.43,11482.75,956.00
5167551,21.21,20.45,11375.42,956.00
5170551,21.20,20.46,9233.09,952.00
5173551,21.20,20.46,8690.23,988.00
5176551,21.20,20.46,12341.76,953.00
5179551,21.20,20.47,10912.17,949.00
5182551,21.20,20.47,12498.32,948.00
5185551,21.21,20.48,11229.84,948.00
5188551,21.21,20.48,10804.44,946.00
5191551,21.21,20.48,11462.79,946.00
5194551,21.20,20.51,9771.27,943.00
5197551,21.21,20.50,11045.60,939.00
5200551,21.21,20.48,9782.77,933.00
5203551,21.21,20.48,12303.97,930.00
5206551,21.21,20.50,12044.71,927.00
5209551,21.22,20.50,15467.92,901.00
5212551,21.22,20.51,8049.76,945.00
5215551,21.21,20.51,9654.99,914.00
5218551,21.22,20.51,12038.58,912.00
5221551,21.23,20.52,11195.16,907.00
5224551,21.22,20.52,11184.38,913.00
5227551,21.22,20.52,9880.31,906.00
5230551,21.21,20.52,10868.92,909.00
5233551,21.21,20.52,11797.81,911.00
5236551,21.21,20.53,16985.70,913.00
5239551,21.21,20.53,10153.07,914.00
5242551,21.21,20.53,10533.01,913.00
5245551,21.21,20.54,10373.59,912.00
5248551,21.22,20.53,10741.45,912.00
5251551,21.21,20.54,11499.09,915.00
5254551,21.22,20.55,9243.73,917.00
5257551,21.22,20.55,11650.16,920.00
5260551,21.22,20.55,9595.19,921.00
5263551,21.23,20.55,8734.65,922.00
5266551,21.23,20.57,10061.89,922.00
5269551,21.24,20.57,8549.82,923.00
5272551,21.24,20.58,10768.45,922.00
5275551,21.24,20.58,9383.92,915.00
5278551,21.24,20.59,12408.72,917.00
5281551,21.24,20.61,12618.32,911.00
5284551,21.24,20.61,10625.50,905.00
5287551,21.24,20.62,12934.92,896.00
5290551,21.24,20.61,9069.57,891.00
5293551,21.24,20.62,7842.18,888.00
5296551,21.24,20.61,8335.35,884.00
5299551,21.25,20.62,8143.49,883.00
5302551,21.25,20.64,10496.66,887.00
5305551,21.25,20.67,14249.22,893.00
5308551,21.25,20.67,10823.34,899.00
5311551,21.25,20.68,8103.30,908.00
5314551,21.25,20.71,9119.39,924.00
5317551,21.24,20.72,10681.97,937.00
5320551,21.24,20.73,9586.44,948.00
5323551,21.24,20.72,7910.16,954.00
5326551,21.24,20.73,11885.61,958.00
5329551,21.24,20.73,9694.27,961.00
5332551,21.24,20.75,8387.04,961.00
5335551,21.25,20.77,9065.28,962.00
5338551,21.24,20.78,11235.90,962.00
5341551,21.24,20.82,12389.32,963.00
5344551,21.24,20.83,12371.89,964.00
5347551,21.23,20.85,11005.36,964.00
5350551,21.23,20.85,9969.62,963.00
5353551,21.24,20.85,10727.20,941.00
5356551,21.23,20.85,7843.59,963.00
5359551,21.24,20.88,8635.53,961.00
5362551,21.24,20.89,8710.85,960.00
5365551,21.24,20.90,10963.80,959.00
5368551,21.24,20.90,17748.79,959.00
5371551,21.24,20.91,8319.28,957.00
5374551,21.24,20.94,8511.09,955.00
5377551,21.24,20.95,9538.44,953.00
5380551,21.23,20.95,8612.88,950.00
5383551,21.24,20.96,8653.54,949.00
5386551,21.23,20.95,12542.67,952.00
5389551,21.24,20.97,11826.90,953.00
5392551,21.24,20.99,10190.15,954.00
5395551,21.24,20.99,9696.77,956.00
5398551,21.24,21.00,10118.93,936.00
5401551,21.23,21.00,11162.68,987.00
5404551,21.23,21.01,8274.16,961.00
5407551,21.24,21.01,11115.14,962.00
5410551,21.23,21.01,9466.77,962.00
5413551,21.24,21.00,12334.78,962.00
5416551,21.24,21.01,11194.35,962.00
5419551,21.24,21.02,11356.52,962.00
5422551,21.24,21.02,10804.08,940.00
5425551,21.24,21.04,11287.99,961.00
5428551,21.24,21.04,10610.22,960.00
5431551,21.24,21.04,9241.96,960.00
5434551,21.24,21.05,8676.11,961.00
5437551,21.24,21.06,12333.44,961.00
5440551,21.24,21.07,15247.76,959.00
5443551,21.24,21.07,11124.27,958.00
5446551,21.24,21.16,22004.41,959.00
5449551,21.24,21.18,18504.34,961.00
5452551,21.26,21.18,28761.08,957.00
5455551,21.26,21.17,16959.81,961.00
5458551,21.27,21.17,12418.44,966.00
5461551,21.27,21.15,10774.49,966.00
5464551,21.27,21.16,9211.05,966.00
5467551,21.27,21.15,12047.07,965.00
5470551,21.27,21.17,11659.21,965.00
5473551,21.27,21.21,9962.13,965.00
5476551,21.27,21.21,12184.60,967.00
5479551,21.27,21.21,12039.78,968.00
5482551,21.28,21.21,11220.67,967.00
5485551,21.27,21.21,10228.27,968.00
5488551,21.27,21.18,14132.22,968.00
5491551,21.27,21.18,9609.00,968.00
5494551,21.27,21.18,11311.68,968.00
5497551,21.27,21.17,11822.27,968.00
5500551,21.28,21.17,10071.31,1002.00
5503551,21.28,21.16,14489.42,966.00
5506551,21.29,21.15,10746.04,966.00
5509551,21.29,21.13,10729.98,965.00
5512551,21.29,21.15,10729.98,965.00
5515551,21.29,21.15,10729.98,1001.00
5518551,21.29,21.15,10729.98,963.00
5521551,21.30,21.15,10729.98,963.00
5524551,21.29,21.13,10729.98,962.00
5527551,21.29,21.13,10729.98,962.00
5530551,21.30,21.14,10729.98,962.00
5533551,21.30,21.14,10729.98,961.00
5536551,21.31,21.15,10729.98,962.00
5539551,21.30,21.15,10729.98,962.00
5542551,21.31,21.16,10729.98,961.00
5545551,21.31,21.16,10729.98,961.00
5548551,21.31,21.17,10729.98,961.00
5551551,21.32,21.17,10729.98,960.00
5554551,21.31,21.19,10729.98,960.00
5557551,21.31,21.17,10729.98,939.00
5560551,21.30,21.21,10729.98,987.00
5563551,21.31,21.20,10729.98,959.00
5566551,21.31,21.21,10729.98,960.00
5569551,21.31,21.22,10729.98,958.00
5572551,21.31,21.23,10729.98,960.00
5575551,21.31,21.25,10729.98,959.00
5578551,21.31,21.26,10729.98,959.00
5581551,21.30,21.27,10729.98,959.00
5584551,21.31,21.28,10729.98,959.00
5587551,21.30,21.28,10729.98,959.00
5590551,21.30,21.29,10729.98,960.00
5593551,21.29,21.31,10729.98,961.00
5596551,21.29,21.32,10729.98,960.00
5599551,21.29,21.32,10729.98,959.00
5602551,21.29,21.33,10729.98,959.00
5605551,21.29,21.34,10729.98,970.00
5608551,21.29,21.33,10729.98,958.00
5611551,21.29,21.34,10729.98,958.00
5614551,21.29,21.35,10729.98,960.00
5617551,21.29,21.37,10729.98,956.00
5620551,21.29,21.38,10729.98,960.00
5623551,21.28,21.38,10729.98,961.00
5626551,21.28,21.39,10729.98,960.00
5629551,21.28,21.40,10729.98,962.00
5632551,21.28,21.40,10729.98,962.00
5635551,21.28,21.39,10729.98,966.00
5638551,21.28,21.39,10729.98,965.00
5641551,21.29,21.39,10729.98,965.00
5644551,21.29,21.38,10729.98,965.00
5647551,21.29,21.38,10729.98,968.00
5650551,21.30,21.38,10729.98,966.00
5653551,21.30,21.39,10729.98,966.00
5656551,21.30,21.38,10729.98,967.00
5659551,21.30,21.39,10729.98,967.00
5662551,21.30,21.39,10729.98,967.00
5665551,21.30,21.39,10729.98,968.00
5668551,21.30,21.40,10729.98,967.00
5671551,21.30,21.40,10729.98,967.00
5674551,21.30,21.39,10729.98,966.00
5677551,21.30,21.39,10729.98,967.00
5680551,21.30,21.40,10729.98,966.00
5683551,21.30,21.40,10729.98,966.00
5686551,21.30,21.42,10729.98,968.00
5689551,21.30,21.42,10729.98,967.00
5692551,21.30,21.40,10729.98,967.00
5695551,21.31,21.42,10729.98,967.00
5698551,21.31,21.41,10729.98,970.00
5701551,21.32,21.41,10729.98,967.00
5704551,21.32,21.43,10729.98,966.00
5707551,21.33,21.44,10729.98,974.00
5710551,21.33,21.44,10729.98,967.00
5713551,21.33,21.47,10729.98,967.00
5716551,21.33,21.48,10729.98,967.00
5719551,21.33,21.46,10729.98,967.00
5722551,21.33,21.47,10729.98,968.00
5725551,21.33,21.46,10729.98,970.00
5728551,21.34,21.46,10729.98,969.00
5731551,21.34,21.49,10729.98,967.00
5734551,21.33,21.47,10729.98,968.00
5737551,21.34,21.47,10729.98,968.00
5740551,21.34,21.48,10729.98,968.00
5743551,21.33,21.49,10729.98,968.00
5746551,21.33,21.49,10729.98,967.00
5749551,21.33,21.49,10729.98,967.00
5752551,21.33,21.49,10729.98,966.00
5755551,21.33,21.49,10729.98,966.00
5758551,21.32,21.50,10729.98,965.00
5761551,21.32,21.52,10729.98,964.00
5764551,21.32,21.50,10729.98,964.00
5767551,21.32,21.50,10729.98,964.00
5770551,21.31,21.51,10729.98,962.00
5773551,21.30,21.50,10729.98,964.00
5776551,21.31,21.51,10729.98,964.00
5779551,21.31,21.51,10729.98,962.00
5782551,21.30,21.51,10729.98,963.00
5785551,21.31,21.51,10729.98,963.00
5788551,21.30,21.51,10729.98,963.00
5791551,21.30,21.53,10729.98,962.00
5794551,21.29,21.53,10729.98,960.00
5797551,21.29,21.53,10729.98,962.00
5800551,21.30,21.53,10729.98,997.00
5803551,21.29,21.53,10729.98,962.00
5806551,21.30,21.51,10729.98,940.00
5809551,21.30,21.51,10729.98,962.00
5812551,21.30,21.51,10729.98,963.00
5815551,21.29,21.51,10729.98,961.00
5818551,21.30,21.51,10729.98,961.00
5821551,21.30,21.53,10729.98,960.00
5824551,21.30,21.51,10729.98,940.00
5827551,21.29,21.51,10729.98,987.00
5830551,21.29,21.51,10729.98,940.00
5833551,21.29,21.53,10729.98,961.00
5836551,21.29,21.53,10729.98,961.00
5839551,21.29,21.53,10729.98,961.00
5842551,21.29,21.51,10729.98,963.00
5845551,21.30,21.51,10729.98,963.00
5848551,21.30,21.50,10729.98,963.00
5851551,21.31,21.50,10729.98,964.00
5854551,21.32,21.50,10729.98,963.00
5857551,21.32,21.51,10729.98,1002.00
5860551,21.31,21.51,10729.98,964.00
5863551,21.32,21.51,10729.98,966.00
5866551,21.32,21.53,10729.98,965.00
5869551,21.32,21.53,10729.98,965.00
5872551,21.32,21.54,10729.98,965.00
5875551,21.31,21.54,10729.98,963.00
5878551,21.32,21.55,10729.98,965.00
5881551,21.31,21.54,10729.98,964.00
5884551,21.31,21.55,10729.98,964.00
5887551,21.30,21.55,10729.98,963.00
5890551,21.30,21.55,10729.98,962.00
5893551,21.31,21.56,10729.98,959.00
5896551,21.30,21.59,10729.98,955.00
5899551,21.30,21.59,10729.98,957.00
5902551,21.30,21.59,10729.98,950.00
5905551,21.30,21.60,10729.98,981.00
5908551,21.30,21.61,10729.98,953.00
5911551,21.30,21.61,10729.98,952.00
5914551,21.29,21.62,10729.98,952.00
5917551,21.29,21.64,10729.98,952.00
5920551,21.29,21.65,10729.98,953.00
5923551,21.29,21.65,10729.98,953.00
5926551,21.29,21.65,10729.98,955.00
5929551,21.29,21.66,10729.98,954.00
5932551,21.29,21.68,10729.98,959.00
5935551,21.29,21.70,10729.98,960.00
5938551,21.28,21.71,10729.98,961.00
5941551,21.28,21.71,10729.98,963.00
5944551,21.28,21.72,10729.98,964.00
5947551,21.28,21.72,10729.98,965.00
5950551,21.28,21.73,10729.98,974.00
5953551,21.28,21.75,10729.98,965.00
5956551,21.28,21.76,10729.98,967.00
5959551,21.28,21.78,10729.98,966.00
5962551,21.28,21.78,10729.98,967.00
5965551,21.27,21.81,10729.98,966.00
5968551,21.27,21.82,10729.98,966.00
5971551,21.27,21.83,10729.98,968.00
5974551,21.27,21.83,10729.98,966.00
5977551,21.26,21.84,10729.98,965.00
5980551,21.26,21.85,10729.98,965.00
5983551,21.26,21.84,10729.98,966.00
5986551,21.26,21.85,10729.98,967.00
5989551,21.27,21.87,10729.98,967.00
5992551,21.26,21.87,10729.98,968.00
5995551,21.26,21.87,10729.98,968.00
5998551,21.27,21.84,10729.98,969.00
6001551,21.27,21.84,10729.98,968.00
6004551,21.27,21.84,10729.98,967.00
6007551,21.27,21.84,10729.98,966.00
6010551,21.28,21.84,10729.98,966.00
6013551,21.28,21.86,10729.98,966.00
6016551,21.29,21.86,10729.98,965.00
6019551,21.28,21.86,10729.98,965.00
6022551,21.29,21.86,10729.98,965.00
6025551,21.29,21.86,10729.98,965.00
6028551,21.28,21.86,10729.98,965.00
6031551,21.28,21.86,10729.98,958.00
6034551,21.28,21.86,10729.98,960.00
6037551,21.29,21.84,10729.98,962.00
6040551,21.29,21.83,10729.98,961.00
6043551,21.29,21.84,10729.98,960.00
6046551,21.29,21.84,10729.98,959.00
6049551,21.29,21.84,10729.98,959.00
6052551,21.29,21.86,10729.98,958.00
6055551,21.29,21.86,10729.98,959.00
6058551,21.29,21.84,10729.98,960.00
6061551,21.29,21.86,10729.98,962.00
6064551,21.29,21.87,10729.98,963.00
6067551,21.29,21.86,10729.98,960.00
6070551,21.29,21.87,10729.98,964.00
6073551,21.28,21.88,10729.98,964.00
6076551,21.29,21.87,10729.98,964.00
6079551,21.28,21.87,10729.98,965.00
6082551,21.28,21.88,10729.98,963.00
6085551,21.28,21.87,10729.98,961.00
6088551,21.28,21.87,10729.98,964.00
6091551,21.28,21.87,10729.98,963.00
6094551,21.28,21.87,10729.98,963.00
6097551,21.28,21.87,10729.98,964.00
6100551,21.28,21.87,10729.98,963.00
6103551,21.28,21.86,10729.98,961.00
6106551,21.29,21.87,10729.98,959.00
6109551,21.29,21.87,10729.98,938.00
6112551,21.28,21.87,10729.98,958.00
6115551,21.28,21.86,10729.98,956.00
6118551,21.28,21.87,10729.98,955.00
6121551,21.28,21.87,10729.98,955.00
6124551,21.28,21.86,10729.98,956.00
6127551,21.28,21.87,10729.98,957.00
6130551,21.28,21.87,10729.98,957.00
6133551,21.28,21.87,10729.98,958.00
6136551,21.28,21.87,10729.98,954.00
6139551,21.28,21.88,10729.98,952.00
6142551,21.28,21.88,10729.98,944.00
6145551,21.28,21.90,10729.98,935.00
6148551,21.28,21.92,10729.98,923.00
6151551,21.27,21.94,10729.98,910.00
6154551,21.28,21.95,10729.98,906.00
6157551,21.27,21.96,10729.98,886.00
6160551,21.27,21.98,10729.98,872.00
6163551,21.27,22.00,10729.98,860.00
6166551,21.26,22.01,10729.98,850.00
6169551,21.26,22.01,10729.98,835.00
6172551,21.26,22.03,10729.98,825.00
6175551,21.26,22.04,10729.98,815.00
6178551,21.25,22.05,10729.98,808.00
6181551,21.25,22.05,10729.98,803.00
6184551,21.25,22.05,10729.98,802.00
6187551,21.26,22.05,10729.98,803.00
6190551,21.25,22.06,10729.98,804.00
6193551,21.25,22.07,10729.98,802.00
6196551,21.25,22.07,10729.98,801.00
6199551,21.25,22.09,10729.98,801.00
6202551,21.24,22.07,10729.98,802.00
6205551,21.24,22.07,10729.98,804.00
6208551,21.24,22.07,10729.98,800.00
6211551,21.25,22.06,10729.98,811.00
6214551,21.25,22.06,10729.98,811.00
6217551,21.25,22.06,10729.98,815.00
6220551,21.25,22.06,10729.98,816.00
6223551,21.25,22.10,10729.98,815.00
6226551,21.25,22.12,10729.98,815.00
6229551,21.25,22.13,10729.98,816.00
6232551,21.25,22.13,10729.98,826.00
6235551,21.26,22.15,10729.98,815.00
6238551,21.25,22.16,10729.98,814.00
6241551,21.25,22.16,10729.98,815.00
6244551,21.25,22.17,10729.98,812.00
6247551,21.25,22.18,10729.98,816.00
6250551,21.25,22.20,10729.98,820.00
6253551,21.24,22.18,10729.98,820.00
6256551,21.25,22.17,10729.98,809.00
6259551,21.25,22.16,10729.98,834.00
6262551,21.25,22.17,10729.98,839.00
6265551,21.26,22.20,10729.98,843.00
6268551,21.25,22.20,10729.98,845.00
6271551,21.25,22.20,10729.98,849.00
6274551,21.25,22.20,10729.98,853.00
6277551,21.26,22.20,10729.98,856.00
6280551,21.27,22.20,10729.98,856.00
6283551,21.26,22.20,10729.98,858.00
6286551,21.26,22.20,10729.98,859.00
6289551,21.26,22.21,10729.98,860.00
6292551,21.26,22.23,10729.98,841.00
6295551,21.26,22.25,10729.98,842.00
6298551,21.26,22.26,10729.98,863.00
6301551,21.26,22.27,10729.98,842.00
6304551,21.26,22.27,10729.98,858.00
6307551,21.25,22.28,10729.98,853.00
6310551,21.25,22.29,10729.98,845.00
6313551,21.25,22.29,10729.98,836.00
6316551,21.25,22.29,10729.98,825.00
6319551,21.24,22.31,10729.98,813.00
6322551,21.25,22.32,10729.98,805.00
6325551,21.24,22.33,10729.98,799.00
6328551,21.24,22.33,10729.98,799.00
6331551,21.24,22.33,10729.98,798.00
6334551,21.24,22.34,10729.98,797.00
6337551,21.24,22.34,10729.98,796.00
6340551,21.24,22.34,10729.98,796.00
6343551,21.24,22.35,10729.98,794.00
6346551,21.24,22.37,10729.98,788.00
6349551,21.24,22.35,10729.98,791.00
6352551,21.23,22.37,10729.98,789.00
6355551,21.23,22.39,10729.98,785.00
6358551,21.23,22.39,10729.98,786.00
6361551,21.23,22.39,10729.98,788.00
6364551,21.23,22.39,10729.98,789.00
6367551,21.23,22.38,10729.98,789.00
6370551,21.23,22.38,10729.98,787.00
6373551,21.23,22.37,10729.98,785.00
6376551,21.23,22.38,10729.98,780.00
6379551,21.24,22.38,10729.98,777.00
6382551,21.23,22.38,10729.98,775.00
6385551,21.24,22.39,10729.98,770.00
6388551,21.23,22.39,10729.98,764.00
6391551,21.23,22.40,10729.98,758.00
6394551,21.23,22.41,10729.98,753.00
6397551,21.23,22.43,10729.98,746.00
6400551,21.23,22.45,10729.98,738.00
6403551,21.23,22.48,10729.98,737.00
6406551,21.22,22.50,10729.98,769.00
6409551,21.23,22.50,10729.98,736.00
6412551,21.23,22.51,10729.98,733.00
6415551,21.22,22.51,10729.98,727.00
6418551,21.22,22.52,10729.98,720.00
6421551,21.22,22.54,10729.98,718.00
6424551,21.22,22.51,10729.98,715.00
6427551,21.22,22.55,10729.98,713.00
6430551,21.23,22.56,10729.98,711.00
6433551,21.23,22.57,10729.98,706.00
6436551,21.22,22.56,10729.98,702.00
6439551,21.23,22.56,10729.98,697.00
6442551,21.22,22.57,10729.98,694.00
6445551,21.22,22.58,10729.98,692.00
6448551,21.22,22.61,10729.98,691.00
6451551,21.23,22.62,10729.98,688.00
6454551,21.22,22.61,10729.98,681.00
6457551,21.22,22.62,10729.98,678.00
6460551,21.22,22.65,10729.98,674.00
6463551,21.21,22.65,10729.98,673.00
6466551,21.22,22.66,10729.98,698.00
6469551,21.21,22.68,10729.98,670.00
6472551,21.21,22.68,10729.98,671.00
6475551,21.21,22.67,10729.98,671.00
6478551,21.21,22.67,10729.98,670.00
6481551,21.22,22.67,10729.98,668.00
6484551,21.22,22.68,10729.98,667.00
6487551,21.22,22.69,10729.98,669.00
6490551,21.22,22.69,10729.98,673.00
6493551,21.22,22.72,10729.98,673.00
6496551,21.22,22.74,10729.98,676.00
6499551,21.21,22.74,10729.98,676.00
6502551,21.21,22.74,10729.98,675.00
6505551,21.20,22.75,10729.98,676.00
6508551,21.20,22.75,10729.98,676.00
6511551,21.20,22.74,10729.98,675.00
6514551,21.21,22.74,10729.98,673.00
6517551,21.21,22.75,10729.98,675.00
6520551,21.21,22.73,10729.98,657.00
6523551,21.21,22.75,10729.98,671.00
6526551,21.21,22.77,10729.98,669.00
6529551,21.20,22.80,10729.98,662.00
6532551,21.21,22.82,10729.98,661.00
6535551,21.19,22.82,10729.98,663.00
6538551,21.19,22.83,10729.98,662.00
6541551,21.19,22.82,10729.98,661.00
6544551,21.18,22.83,10729.98,660.00
6547551,21.18,22.85,10729.98,657.00
6550551,21.18,22.85,10729.98,658.00
6553551,21.18,22.86,10729.98,658.00
6556551,21.18,22.89,10729.98,661.00
6559551,21.18,22.89,10729.98,662.00
6562551,21.17,22.89,10729.98,660.00
6565551,21.17,22.89,10729.98,661.00
6568551,21.17,22.90,10729.98,662.00
6571551,21.17,22.90,10729.98,666.00
6574551,21.17,22.87,10729.98,669.00
6577551,21.17,22.89,10729.98,669.00
6580551,21.17,22.89,10729.98,670.00
6583551,21.17,22.91,10729.98,675.00
6586551,21.17,22.92,10729.98,679.00
6589551,21.16,22.95,10729.98,681.00
6592551,21.16,22.96,10729.98,681.00
6595551,21.16,22.98,10729.98,662.00
6598551,21.16,22.98,10729.98,679.00
6601551,21.15,23.00,10729.98,676.00
6604551,21.15,23.00,10729.98,673.00
6607551,21.15,23.01,10729.98,676.00
6610551,21.15,23.02,10729.98,678.00
6613551,21.15,23.02,10729.98,679.00
6616551,21.15,23.02,10729.98,683.00
6619551,21.15,23.02,10729.98,685.00
6622551,21.14,23.02,10729.98,686.00
6625551,21.14,23.01,10729.98,687.00
6628551,21.14,23.02,10729.98,690.00
6631551,21.14,23.03,10729.98,693.00
6634551,21.14,23.03,10729.98,699.00
6637551,21.14,23.04,10729.98,704.00
6640551,21.13,23.04,10729.98,709.00
6643551,21.14,23.03,10729.98,709.00
6646551,21.14,23.01,10729.98,714.00
6649551,21.14,23.03,10729.98,713.00
6652551,21.15,23.03,10729.98,712.00
6655551,21.15,23.04,10729.98,708.00
6658551,21.14,23.06,10729.98,700.00
6661551,21.14,23.07,10729.98,693.00
6664551,21.14,23.07,10729.98,688.00
6667551,21.14,23.07,10729.98,684.00
6670551,21.14,23.07,10729.98,681.00
6673551,21.14,23.09,10729.98,677.00
6676551,21.14,23.09,10729.98,675.00
6679551,21.14,23.11,10729.98,670.00
6682551,21.13,23.12,10729.98,667.00
6685551,21.13,23.12,10729.98,662.00
6688551,21.13,23.12,10729.98,661.00
6691551,21.14,23.12,10729.98,659.00
6694551,21.14,23.12,10729.98,657.00
6697551,21.13,23.12,10729.98,655.00
6700551,21.14,23.14,10729.98,653.00
6703551,21.14,23.15,10729.98,650.00
6706551,21.14,23.14,10729.98,649.00
6709551,21.14,23.13,10729.98,648.00
6712551,21.13,23.13,10729.98,646.00
6715551,21.13,23.13,10729.98,646.00
6718551,21.13,23.13,10729.98,641.00
6721551,21.13,23.14,10729.98,639.00
6724551,21.13,23.13,10729.98,637.00
6727551,21.13,23.11,10729.98,636.00
6730551,21.14,23.11,10729.98,619.00
6733551,21.14,23.11,10729.98,634.00
6736551,21.14,23.11,10729.98,633.00
6739551,21.15,23.09,10729.98,632.00
6742551,21.15,23.11,10729.98,633.00
6745551,21.15,23.11,10729.98,631.00
6748551,21.15,23.11,10729.98,631.00
6751551,21.15,23.13,10729.98,630.00
6754551,21.15,23.13,10729.98,663.00
6757551,21.15,23.14,10729.98,634.00
6760551,21.14,23.17,10729.98,632.00
6763551,21.14,23.14,10729.98,630.00
6766551,21.15,23.16,10729.98,630.00
6769551,21.13,23.17,10729.98,630.00
6772551,21.13,23.18,10729.98,631.00
6775551,21.14,23.17,10729.98,630.00
6778551,21.14,23.18,10729.98,633.00
6781551,21.14,23.18,10729.98,635.00
6784551,21.14,23.20,10729.98,637.00
6787551,21.13,23.23,10729.98,640.00
6790551,21.14,23.23,10729.98,642.00
6793551,21.13,23.24,10729.98,645.00
6796551,21.13,23.25,10729.98,649.00
6799551,21.13,23.26,10729.98,637.00
6802551,21.13,23.28,10729.98,657.00
6805551,21.13,23.29,10729.98,659.00
6808551,21.13,23.29,10729.98,662.00
6811551,21.13,23.29,10729.98,667.00
6814551,21.13,23.30,10729.98,673.00
6817551,21.13,23.31,10729.98,701.00
6820551,21.13,23.31,10729.98,689.00
6823551,21.12,23.31,10729.98,695.00
6826551,21.12,23.32,10729.98,698.00
6829551,21.12,23.34,10729.98,701.00
6832551,21.12,23.35,10729.98,707.00
6835551,21.12,23.36,10729.98,711.00
6838551,21.12,23.36,10729.98,719.00
6841551,21.12,23.36,10729.98,722.00
6844551,21.12,23.36,10729.98,723.00
6847551,21.12,23.37,10729.98,722.00
6850551,21.12,23.38,10729.98,718.00
6853551,21.12,23.40,10729.98,716.00
6856551,21.12,23.38,10729.98,712.00
6859551,21.12,23.37,10729.98,708.00
6862551,21.12,23.40,10729.98,727.00
6865551,21.12,23.41,10729.98,679.00
6868551,21.13,23.41,10729.98,691.00
6871551,21.13,23.41,10729.98,685.00
6874551,21.12,23.42,10729.98,678.00
6877551,21.12,23.42,10729.98,672.00
6880551,21.13,23.45,10729.98,669.00
6883551,21.12,23.45,10729.98,665.00
6886551,21.12,23.46,10729.98,661.00
6889551,21.12,23.46,10729.98,660.00
6892551,21.12,23.48,10729.98,640.00
6895551,21.12,23.47,10729.98,663.00
6898551,21.13,23.47,10729.98,654.00
6901551,21.13,23.48,10729.98,667.00
6904551,21.13,23.50,10729.98,664.00
6907551,21.13,23.47,10729.98,678.00
6910551,21.14,23.47,10729.98,672.00
6913551,21.14,23.47,10729.98,648.00
6916551,21.14,23.48,10729.98,648.00
6919551,21.14,23.48,10729.98,670.00
6922551,21.14,23.52,10729.98,670.00
6925551,21.14,23.52,10729.98,671.00
6928551,21.14,23.53,10729.98,672.00
6931551,21.15,23.55,10729.98,671.00
6934551,21.15,23.53,10729.98,672.00
6937551,21.14,23.57,10729.98,667.00
6940551,21.15,23.57,10729.98,638.00
6943551,21.15,23.53,10729.98,628.00
6946551,21.15,23.58,10729.98,645.00
6949551,21.16,23.68,10729.98,653.00
6952551,21.16,23.86,10729.98,657.00
6955551,21.16,23.92,10729.98,673.00
6958551,21.16,23.94,10729.98,676.00
6961551,21.16,23.89,10729.98,678.00
6964551,21.16,23.88,10729.98,677.00
6967551,21.17,23.85,10729.98,677.00
6970551,21.17,23.86,10729.98,675.00
6973551,21.17,23.84,10729.98,678.00
6976551,21.17,23.79,10729.98,679.00
6979551,21.17,23.78,10729.98,679.00
6982551,21.16,23.79,10729.98,680.00
6985551,21.17,23.79,10729.98,683.00
6988551,21.16,23.78,10729.98,684.00
6991551,21.16,23.80,10729.98,683.00
6994551,21.16,23.79,10729.98,681.00
6997551,21.15,23.80,10729.98,679.00
7000551,21.15,23.79,10729.98,660.00
7003551,21.16,23.80,10729.98,675.00
7006551,21.16,23.83,10729.98,673.00
7009551,21.16,23.85,10729.98,670.00
7012551,21.16,23.89,10729.98,664.00
7015551,21.16,23.95,10729.98,658.00
7018551,21.16,23.94,10729.98,641.00
7021551,21.16,23.97,10729.98,647.00
7024551,21.16,24.07,10729.98,632.00
7027551,21.16,24.33,10729.98,612.00
7030551,21.17,24.50,10729.98,627.00
7033551,21.18,24.46,10729.98,621.00
7036551,21.19,24.46,10729.98,625.00
7039551,21.19,24.56,10729.98,650.00
7042551,21.19,24.80,10729.98,620.00
7045551,21.19,24.78,10729.98,620.00
7048551,21.20,24.69,10729.98,618.00
7051551,21.20,24.61,10729.98,616.00
7054551,21.20,24.52,10729.98,616.00
7057551,21.20,24.46,10729.98,614.00
7060551,21.20,24.40,10729.98,557.00
7063551,21.19,24.38,10729.98,613.00
7066551,21.20,24.35,10729.98,594.00
7069551,21.20,24.40,10729.98,607.00
7072551,21.20,24.39,10729.98,606.00
7075551,21.19,24.33,10729.98,604.00
7078551,21.20,24.29,10729.98,608.00
7081551,21.21,24.24,10729.98,617.00
7084551,21.21,24.24,10729.98,618.00
7087551,21.21,24.24,10729.98,618.00
7090551,21.21,24.24,10729.98,618.00
7093551,21.21,24.24,10729.98,622.00
7096551,21.21,24.24,10729.98,613.00
7099551,21.22,24.27,10729.98,613.00
7102551,21.21,24.26,10729.98,616.00
7105551,21.21,24.28,10729.98,618.00
7108551,21.22,24.28,10729.98,620.00
7111551,21.22,24.29,10729.98,620.00
7114551,21.22,24.35,10729.98,621.00
7117551,21.22,24.39,10729.98,624.00
7120551,21.23,24.39,10729.98,627.00
7123551,21.22,24.40,10729.98,627.00
7126551,21.23,24.42,10729.98,631.00
7129551,21.22,24.43,10729.98,626.00
7132551,21.22,24.42,10729.98,625.00
7135551,21.22,24.45,10729.98,626.00
7138551,21.22,24.46,10729.98,624.00
7141551,21.23,24.49,10729.98,625.00
7144551,21.22,24.55,10729.98,642.00
7147551,21.23,24.56,10729.98,646.00
7150551,21.22,24.59,10729.98,643.00
7153551,21.22,24.61,10729.98,644.00
7156551,21.22,24.60,10729.98,645.00
7159551,21.22,24.61,10729.98,644.00
7162551,21.22,24.61,10729.98,645.00
7165551,21.22,24.61,10729.98,646.00
7168551,21.22,24.62,10729.98,645.00
7171551,21.22,24.64,10729.98,644.00
7174551,21.21,24.63,10729.98,642.00
7177551,21.22,24.61,10729.98,638.00
7180551,21.21,24.61,10729.98,632.00
7183551,21.20,24.60,10729.98,630.00
7186551,21.20,24.56,10729.98,631.00
7189551,21.20,24.55,10729.98,631.00
7192551,21.20,24.57,10729.98,628.00
7195551,21.20,24.57,10729.98,624.00
7198551,21.20,24.59,10729.98,624.00
7201551,21.20,24.59,10729.98,627.00
7204551,21.20,24.59,10729.98,623.00
7207551,21.20,24.60,10729.98,619.00
7210551,21.19,24.60,10729.98,621.00
7213551,21.20,24.61,10729.98,624.00
7216551,21.19,24.61,10729.98,622.00
7219551,21.19,24.62,10729.98,621.00
7222551,21.19,24.62,10729.98,618.00
7225551,21.19,24.61,10729.98,620.00
7228551,21.19,24.60,10729.98,623.00
7231551,21.18,24.61,10729.98,623.00
7234551,21.18,24.60,10729.98,616.00
7237551,21.18,24.61,10729.98,619.00
7240551,21.18,24.62,10729.98,622.00
7243551,21.17,24.63,10729.98,623.00
7246551,21.17,24.63,10729.98,617.00
7249551,21.18,24.62,10729.98,624.00
7252551,21.18,24.63,10729.98,630.00
7255551,21.18,24.65,10729.98,642.00
7258551,21.17,24.64,10729.98,633.00
7261551,21.17,24.64,10729.98,632.00
7264551,21.17,24.66,10729.98,633.00
7267551,21.17,24.66,10729.98,639.00
7270551,21.17,24.68,10729.98,633.00
7273551,21.17,24.67,10729.98,637.00
7276551,21.17,24.68,10729.98,642.00
7279551,21.17,24.71,10729.98,638.00
7282551,21.17,24.71,10729.98,639.00
7285551,21.17,24.71,10729.98,642.00
7288551,21.17,24.71,10729.98,644.00
7291551,21.16,24.71,10729.98,643.00
7294551,21.17,24.72,10729.98,645.00
7297551,21.17,24.72,10729.98,648.00
7300551,21.17,24.75,10729.98,643.00
7303551,21.16,24.77,10729.98,641.00
7306551,21.16,24.77,10729.98,649.00
7309551,21.16,24.75,10729.98,648.00
7312551,21.16,24.77,10729.98,646.00
7315551,21.17,24.77,10729.98,645.00
7318551,21.16,24.78,10729.98,647.00
7321551,21.16,24.80,10729.98,640.00
7324551,21.16,24.80,10729.98,640.00
7327551,21.15,24.80,10729.98,633.00
7330551,21.16,24.80,10729.98,632.00
7333551,21.15,24.79,10729.98,633.00
7336551,21.16,24.80,10729.98,642.00
7339551,21.16,24.80,10729.98,641.00
7342551,21.16,24.79,10729.98,636.00
7345551,21.16,24.79,10729.98,636.00
7348551,21.16,24.80,10729.98,634.00
7351551,21.16,24.79,10729.98,612.00
7354551,21.16,24.79,10729.98,626.00
7357551,21.16,24.79,10729.98,629.00
7360551,21.16,24.80,10729.98,666.00
7363551,21.16,24.78,10729.98,628.00
7366551,21.16,24.80,10729.98,628.00
7369551,21.16,24.81,10729.98,629.00
7372551,21.16,24.79,10729.98,632.00
7375551,21.15,24.79,10729.98,634.00
7378551,21.16,24.81,10729.98,634.00
7381551,21.16,24.81,10729.98,634.00
7384551,21.16,24.81,10729.98,632.00
7387551,21.16,24.83,10729.98,630.00
7390551,21.15,24.80,10729.98,630.00
7393551,21.15,24.80,10729.98,631.00
7396551,21.15,24.80,10729.98,630.00
7399551,21.15,24.79,10729.98,631.00
7402551,21.15,24.78,10729.98,631.00
7405551,21.15,24.78,10729.98,631.00
7408551,21.15,24.77,10729.98,629.00
7411551,21.14,24.78,10729.98,625.00
7414551,21.15,24.79,10729.98,628.00
7417551,21.15,24.78,10729.98,629.00
7420551,21.15,24.78,10729.98,629.00
7423551,21.15,24.78,10729.98,615.00
7426551,21.15,24.78,10729.98,637.00
7429551,21.15,24.78,10729.98,640.00
7432551,21.15,24.78,10729.98,641.00
7435551,21.15,24.78,10729.98,640.00
7438551,21.15,24.77,10729.98,644.00
7441551,21.16,24.78,10729.98,644.00
7444551,21.16,24.78,10729.98,645.00
7447551,21.16,24.78,10729.98,645.00
7450551,21.16,24.78,10729.98,636.00
7453551,21.15,24.79,10729.98,639.00
7456551,21.16,24.79,10729.98,637.00
7459551,21.16,24.79,10729.98,636.00
7462551,21.16,24.79,10729.98,636.00
7465551,21.16,24.79,10729.98,636.00
7468551,21.16,24.81,10729.98,646.00
7471551,21.16,24.81,10729.98,635.00
7474551,21.16,24.83,10729.98,632.00
7477551,21.16,24.83,10729.98,632.00
7480551,21.17,24.83,10729.98,630.00
7483551,21.17,24.83,10729.98,628.00
7486551,21.17,24.84,10729.98,628.00
7489551,21.17,24.85,10729.98,626.00
7492551,21.17,24.91,10729.98,626.00
7495551,21.17,24.91,10729.98,626.00
7498551,21.17,24.91,10729.98,624.00
7501551,21.17,24.94,10729.98,618.00
7504551,21.17,24.95,10729.98,617.00
7507551,21.17,24.99,10729.98,617.00
7510551,21.17,24.97,10729.98,613.00
7513551,21.17,24.99,10729.98,618.00
7516551,21.17,24.97,10729.98,617.00
7519551,21.16,24.96,10729.98,615.00
7522551,21.16,24.99,10729.98,613.00
7525551,21.16,24.99,10729.98,615.00
7528551,21.16,24.97,10729.98,616.00
7531551,21.16,24.97,10729.98,615.00
7534551,21.16,24.99,10729.98,613.00
7537551,21.16,25.03,10729.98,624.00
7540551,21.16,25.08,10729.98,613.00
7543551,21.16,25.12,10729.98,613.00
7546551,21.16,25.11,10729.98,610.00
7549551,21.16,25.10,10729.98,611.00
7552551,21.16,25.14,10729.98,609.00
7555551,21.15,25.14,10729.98,616.00
7558551,21.15,25.17,10729.98,610.00
7561551,21.15,25.17,10729.98,610.00
7564551,21.15,25.17,10729.98,611.00
7567551,21.15,25.17,10729.98,611.00
7570551,21.15,25.19,10729.98,613.00
7573551,21.14,25.19,10729.98,614.00
7576551,21.15,25.18,10729.98,616.00
7579551,21.15,25.18,10729.98,613.00
7582551,21.14,25.18,10729.98,620.00
7585551,21.14,25.20,10729.98,622.00
7588551,21.14,25.22,10729.98,619.00
7591551,21.14,25.23,10729.98,617.00
7594551,21.14,25.23,10729.98,620.00
7597551,21.14,25.23,10729.98,621.00
7600551,21.13,25.23,10729.98,619.00
7603551,21.13,25.24,10729.98,624.00
7606551,21.13,25.25,10729.98,625.00
7609551,21.13,25.28,10729.98,622.00
7612551,21.13,25.28,10729.98,624.00
7615551,21.13,25.26,10729.98,626.00
7618551,21.13,25.26,10729.98,627.00
7621551,21.14,25.24,10729.98,626.00
7624551,21.13,25.25,10729.98,625.00
7627551,21.13,25.26,10729.98,608.00
7630551,21.14,25.28,10729.98,623.00
7633551,21.13,25.28,10729.98,624.00
7636551,21.13,25.30,10729.98,626.00
7639551,21.14,25.29,10729.98,624.00
7642551,21.13,25.26,10729.98,622.00
7645551,21.14,25.26,10729.98,619.00
7648551,21.14,25.25,10729.98,622.00
7651551,21.13,25.29,10729.98,633.00
7654551,21.13,25.30,10729.98,619.00
7657551,21.13,25.31,10729.98,623.00
7660551,21.13,25.31,10729.98,615.00
7663551,21.13,25.30,10729.98,617.00
7666551,21.13,25.34,10729.98,616.00
7669551,21.13,25.35,10729.98,610.00
7672551,21.13,25.34,10729.98,611.00
7675551,21.13,25.33,10729.98,610.00
7678551,21.13,25.35,10729.98,609.00
7681551,21.13,25.34,10729.98,611.00
7684551,21.14,25.31,10729.98,611.00
7687551,21.13,25.31,10729.98,611.00
7690551,21.13,25.34,10729.98,610.00
7693551,21.14,25.37,10729.98,609.00
7696551,21.14,25.36,10729.98,609.00
7699551,21.14,25.36,10729.98,610.00
7702551,21.14,25.40,10729.98,608.00
7705551,21.14,25.42,10729.98,606.00
7708551,21.14,25.44,10729.98,607.00
7711551,21.14,25.42,10729.98,617.00
7714551,21.14,25.44,10729.98,608.00
7717551,21.14,25.45,10729.98,609.00
7720551,21.14,25.45,10729.98,606.00
7723551,21.14,25.45,10729.98,603.00
7726551,21.14,25.45,10729.98,605.00
7729551,21.14,25.46,10729.98,603.00
7732551,21.14,25.45,10729.98,603.00
7735551,21.14,25.45,10729.98,602.00
7738551,21.14,25.47,10729.98,601.00
7741551,21.14,25.46,10729.98,600.00
7744551,21.13,25.46,10729.98,611.00
7747551,21.13,25.47,10729.98,600.00
7750551,21.14,25.47,10729.98,602.00
7753551,21.14,25.47,10729.98,602.00
7756551,21.14,25.47,10729.98,604.00
7759551,21.14,25.47,10729.98,603.00
7762551,21.14,25.46,10729.98,604.00
7765551,21.14,25.47,10729.98,601.00
7768551,21.14,25.50,10729.98,599.00
7771551,21.14,25.51,10729.98,597.00
7774551,21.14,25.52,10729.98,598.00
7777551,21.14,25.52,10729.98,602.00
7780551,21.14,25.56,10729.98,604.00
7783551,21.14,25.57,10729.98,604.00
7786551,21.14,25.57,10729.98,604.00
7789551,21.14,25.56,10729.98,602.00
7792551,21.14,25.57,10729.98,604.00
7795551,21.14,25.57,10729.98,605.00
7798551,21.14,25.58,10729.98,606.00
7801551,21.14,25.58,10729.98,605.00
7804551,21.14,25.57,10729.98,604.00
7807551,21.14,25.56,10729.98,607.00
7810551,21.14,25.53,10729.98,611.00
7813551,21.14,25.53,10729.98,612.00
7816551,21.14,25.53,10729.98,614.00
7819551,21.14,25.52,10729.98,618.00
7822551,21.14,25.52,10729.98,623.00
7825551,21.15,25.52,10729.98,623.00
7828551,21.14,25.53,10729.98,623.00
7831551,21.14,25.53,10729.98,629.00
7834551,21.14,25.53,10729.98,633.00
7837551,21.14,25.56,10729.98,635.00
7840551,21.14,25.55,10729.98,635.00
7843551,21.14,25.57,10729.98,637.00
7846551,21.14,25.57,10729.98,638.00
7849551,21.15,25.57,10729.98,639.00
7852551,21.14,25.59,10729.98,641.00
7855551,21.14,25.61,10729.98,645.00
7858551,21.14,25.61,10729.98,646.00
7861551,21.14,25.62,10729.98,645.00
7864551,21.14,25.61,10729.98,646.00
7867551,21.14,25.61,10729.98,650.00
7870551,21.14,25.62,10729.98,652.00
7873551,21.14,25.59,10729.98,655.00
7876551,21.15,25.59,10729.98,659.00
7879551,21.14,25.58,10729.98,658.00
7882551,21.15,25.56,10729.98,666.00
7885551,21.15,25.53,10729.98,668.00
7888551,21.15,25.51,10729.98,669.00
7891551,21.16,25.51,10729.98,677.00
7894551,21.15,25.49,10729.98,676.00
7897551,21.16,25.49,10729.98,676.00
7900551,21.16,25.46,10729.98,681.00
7903551,21.16,25.45,10729.98,685.00
7906551,21.17,25.42,10729.98,683.00
7909551,21.17,25.43,10729.98,666.00
7912551,21.17,25.44,10729.98,684.00
7915551,21.18,25.44,10729.98,682.00
7918551,21.17,25.42,10729.98,686.00
7921551,21.17,25.41,10729.98,685.00
7924551,21.17,25.41,10729.98,680.00
7927551,21.17,25.41,10729.98,677.00
7930551,21.17,25.42,10729.98,675.00
7933551,21.17,25.42,10729.98,676.00
7936551,21.17,25.42,10729.98,675.00
7939551,21.18,25.43,10729.98,670.00
7942551,21.17,25.45,10729.98,671.00
7945551,21.17,25.49,10729.98,671.00
7948551,21.17,25.50,10729.98,672.00
7951551,21.17,25.47,10729.98,672.00
7954551,21.17,25.47,10729.98,674.00
7957551,21.17,25.50,10729.98,674.00
7960551,21.17,25.50,10729.98,673.00
7963551,21.17,25.50,10729.98,671.00
7966551,21.17,25.49,10729.98,671.00
7969551,21.17,25.50,10729.98,672.00
7972551,21.18,25.51,10729.98,672.00
7975551,21.18,25.51,10729.98,674.00
7978551,21.18,25.51,10729.98,676.00
7981551,21.18,25.50,10729.98,678.00
7984551,21.17,25.49,10729.98,681.00
7987551,21.18,25.50,10729.98,686.00
7990551,21.18,25.49,10729.98,689.00
7993551,21.18,25.47,10729.98,690.00
7996551,21.18,25.46,10729.98,688.00
7999551,21.18,25.45,10729.98,689.00
8002551,21.18,25.47,10729.98,693.00
8005551,21.18,25.47,10729.98,696.00
8008551,21.17,25.46,10729.98,695.00
8011551,21.18,25.46,10729.98,695.00
8014551,21.17,25.45,10729.98,693.00
8017551,21.17,25.47,10729.98,689.00
8020551,21.18,25.47,10729.98,686.00
8023551,21.17,25.49,10729.98,679.00
8026551,21.17,25.47,10729.98,677.00
8029551,21.17,25.49,10729.98,672.00
8032551,21.18,25.47,10729.98,667.00
8035551,21.18,25.47,10729.98,662.00
8038551,21.17,25.49,10729.98,664.00
8041551,21.17,25.50,10729.98,656.00
8044551,21.18,25.51,10729.98,653.00
8047551,21.17,25.51,10729.98,650.00
8050551,21.18,25.52,10729.98,645.00
8053551,21.18,25.52,10729.98,643.00
8056551,21.17,25.52,10729.98,641.00
8059551,21.18,25.54,10729.98,637.00
8062551,21.17,25.54,10729.98,637.00
8065551,21.18,25.54,10729.98,635.00
8068551,21.17,25.54,10729.98,636.00
8071551,21.17,25.52,10729.98,634.00
8074551,21.17,25.54,10729.98,632.00
8077551,21.16,25.52,10729.98,632.00
8080551,21.17,25.52,10729.98,632.00
8083551,21.16,25.52,10729.98,630.00
8086551,21.17,25.51,10729.98,629.00
8089551,21.17,25.52,10729.98,627.00
8092551,21.17,25.56,10729.98,627.00
8095551,21.17,25.60,10729.98,627.00
8098551,21.17,25.58,10729.98,630.00
8101551,21.17,25.58,10729.98,630.00
8104551,21.17,25.61,10729.98,633.00
8107551,21.17,25.61,10729.98,627.00
8110551,21.17,25.60,10729.98,627.00
8113551,21.17,25.58,10729.98,628.00
8116551,21.17,25.60,10729.98,630.00
8119551,21.17,25.60,10729.98,630.00
8122551,21.17,25.61,10729.98,632.00
8125551,21.17,25.61,10729.98,642.00
8128551,21.17,25.63,10729.98,638.00
8131551,21.17,25.62,10729.98,641.00
8134551,21.17,25.61,10729.98,643.00
8137551,21.17,25.61,10729.98,648.00
8140551,21.17,25.61,10729.98,651.00
8143551,21.16,25.60,10729.98,655.00
8146551,21.17,25.61,10729.98,656.00
8149551,21.16,25.62,10729.98,660.00
8152551,21.16,25.62,10729.98,661.00
8155551,21.16,25.62,10729.98,664.00
8158551,21.16,25.63,10729.98,666.00
8161551,21.17,25.61,10729.98,666.00
8164551,21.16,25.61,10729.98,668.00
8167551,21.16,25.61,10729.98,668.00
8170551,21.16,25.60,10729.98,670.00
8173551,21.16,25.58,10729.98,669.00
8176551,21.16,25.60,10729.98,668.00
8179551,21.16,25.60,10729.98,667.00
8182551,21.16,25.61,10729.98,650.00
8185551,21.16,25.62,10729.98,665.00
8188551,21.16,25.64,10729.98,648.00
8191551,21.16,25.67,10729.98,662.00
8194551,21.16,25.68,10729.98,660.00
8197551,21.16,25.67,10729.98,659.00
8200551,21.17,25.68,10729.98,658.00
8203551,21.16,25.67,10729.98,656.00
8206551,21.17,25.66,10729.98,654.00
8209551,21.16,25.66,10729.98,653.00
8212551,21.16,25.66,10729.98,651.00
8215551,21.17,25.64,10729.98,649.00
8218551,21.16,25.63,10729.98,649.00
8221551,21.17,25.63,10729.98,649.00
8224551,21.17,25.61,10729.98,647.00
8227551,21.17,25.62,10729.98,646.00
8230551,21.17,25.60,10729.98,645.00
8233551,21.17,25.58,10729.98,640.00
8236551,21.18,25.60,10729.98,642.00
8239551,21.18,25.61,10729.98,640.00
8242551,21.18,25.58,10729.98,639.00
8245551,21.18,25.57,10729.98,639.00
8248551,21.19,25.56,10729.98,638.00
8251551,21.19,25.58,10729.98,640.00
8254551,21.19,25.61,10729.98,641.00
8257551,21.19,25.61,10729.98,642.00
8260551,21.19,25.63,10729.98,640.00
8263551,21.19,25.66,10729.98,645.00
8266551,21.19,25.66,10729.98,646.00
8269551,21.18,25.68,10729.98,650.00
8272551,21.19,25.70,10729.98,649.00
8275551,21.18,25.72,10729.98,651.00
8278551,21.18,25.72,10729.98,655.00
8281551,21.18,25.72,10729.98,656.00
8284551,21.18,25.75,10729.98,653.00
8287551,21.18,25.73,10729.98,658.00
8290551,21.18,25.73,10729.98,660.00
8293551,21.18,25.75,10729.98,663.00
8296551,21.17,25.77,10729.98,667.00
8299551,21.18,25.77,10729.98,670.00
8302551,21.17,25.75,10729.98,675.00
8305551,21.17,25.78,10729.98,676.00
8308551,21.18,25.75,10729.98,679.00
8311551,21.17,25.77,10729.98,681.00
8314551,21.18,25.77,10729.98,684.00
8317551,21.18,25.77,10729.98,687.00
8320551,21.18,25.79,10729.98,689.00
8323551,21.18,25.83,10729.98,692.00
8326551,21.18,25.83,10729.98,697.00
8329551,21.18,25.84,10729.98,702.00
8332551,21.17,25.85,10729.98,705.00
8335551,21.17,25.84,10729.98,707.00
8338551,21.17,25.83,10729.98,710.00
8341551,21.17,25.83,10729.98,714.00
8344551,21.17,25.82,10729.98,719.00
8347551,21.18,25.80,10729.98,724.00
8350551,21.17,25.79,10729.98,712.00
8353551,21.17,25.80,10729.98,738.00
8356551,21.17,25.80,10729.98,748.00
8359551,21.17,25.82,10729.98,757.00
8362551,21.17,25.83,10729.98,765.00
8365551,21.17,25.80,10729.98,776.00
8368551,21.17,25.80,10729.98,787.00
8371551,21.17,25.80,10729.98,794.00
8374551,21.17,25.82,10729.98,798.00
8377551,21.18,25.83,10729.98,797.00
8380551,21.18,25.83,10729.98,794.00
8383551,21.18,25.83,10729.98,790.00
8386551,21.18,25.83,10729.98,776.00
8389551,21.18,25.80,10729.98,771.00
8392551,21.18,25.84,10729.98,758.00
8395551,21.18,25.84,10729.98,765.00
8398551,21.18,25.85,10729.98,759.00
8401551,21.18,25.85,10729.98,751.00
8404551,21.19,25.85,10729.98,725.00
8407551,21.18,25.87,10729.98,737.00
8410551,21.18,25.85,10729.98,730.00
8413551,21.19,25.85,10729.98,724.00
8416551,21.18,25.89,10729.98,719.00
8419551,21.19,25.92,10729.98,714.00
8422551,21.18,25.89,10729.98,708.00
8425551,21.19,25.88,10729.98,703.00
8428551,21.19,25.89,10729.98,702.00
8431551,21.19,25.88,10729.98,698.00
8434551,21.19,25.87,10729.98,710.00
8437551,21.20,25.88,10729.98,701.00
8440551,21.19,25.90,10729.98,697.00
8443551,21.19,25.90,10729.98,697.00
8446551,21.19,25.94,10729.98,696.00
8449551,21.19,25.95,10729.98,696.00
8452551,21.19,25.96,10729.98,694.00
8455551,21.19,25.99,10729.98,691.00
8458551,21.19,25.96,10729.98,689.00
8461551,21.19,25.96,10729.98,686.00
8464551,21.18,25.96,10729.98,685.00
8467551,21.19,25.96,10729.98,685.00
8470551,21.18,25.96,10729.98,688.00
8473551,21.19,25.96,10729.98,688.00
8476551,21.18,25.96,10729.98,689.00
8479551,21.19,25.98,10729.98,705.00
8482551,21.19,25.96,10729.98,701.00
8485551,21.19,25.96,10729.98,707.00
8488551,21.19,25.98,10729.98,709.00
8491551,21.19,25.98,10729.98,714.00
8494551,21.19,25.98,10729.98,717.00
8497551,21.19,25.99,10729.98,722.00
8500551,21.20,26.01,10729.98,727.00
8503551,21.19,26.01,10729.98,728.00
8506551,21.19,26.02,10729.98,722.00
8509551,21.20,26.01,10729.98,723.00
8512551,21.21,26.03,10729.98,716.00
8515551,21.19,26.04,10729.98,711.00
8518551,21.20,26.03,10729.98,706.00
8521551,21.20,26.02,10729.98,701.00
8524551,21.20,26.03,10729.98,704.00
8527551,21.21,26.05,10729.98,707.00
8530551,21.20,26.05,10729.98,707.00
8533551,21.20,26.04,10729.98,709.00
8536551,21.21,26.03,10729.98,710.00
8539551,21.21,26.03,10729.98,712.00
8542551,21.21,26.01,10729.98,722.00
8545551,21.21,26.03,10729.98,720.00
8548551,21.21,26.03,10729.98,702.00
8551551,21.22,26.03,10729.98,723.00
8554551,21.21,26.04,10729.98,727.00
8557551,21.21,26.05,10729.98,731.00
8560551,21.21,26.04,10729.98,734.00
8563551,21.22,26.05,10729.98,739.00
8566551,21.21,26.03,10729.98,741.00
8569551,21.21,26.04,10729.98,750.00
8572551,21.21,26.05,10729.98,738.00
8575551,21.22,26.04,10729.98,729.00
8578551,21.21,26.04,10729.98,727.00
8581551,21.21,26.04,10729.98,719.00
8584551,21.21,26.04,10729.98,713.00
8587551,21.21,26.04,10729.98,705.00
8590551,21.21,26.04,10729.98,701.00
8593551,21.21,26.04,10729.98,696.00
8596551,21.21,26.05,10729.98,692.00
8599551,21.20,26.05,10729.98,689.00
8602551,21.20,26.04,10729.98,685.00
8605551,21.21,26.04,10729.98,685.00
8608551,21.21,26.03,10729.98,689.00
8611551,21.21,26.03,10729.98,694.00
8614551,21.20,26.01,10729.98,695.00
8617551,21.20,26.01,10729.98,704.00
8620551,21.20,26.01,10729.98,713.00
8623551,21.21,26.03,10729.98,707.00
8626551,21.20,26.03,10729.98,738.00
8629551,21.20,26.04,10729.98,749.00
8632551,21.20,26.04,10729.98,759.00
8635551,21.21,26.03,10729.98,765.00
8638551,21.21,26.05,10729.98,767.00
8641551,21.21,26.05,10729.98,765.00
8644551,21.21,26.07,10729.98,764.00
8647551,21.21,26.06,10729.98,759.00
8650551,21.21,26.06,10729.98,753.00
8653551,21.21,26.06,10729.98,747.00
8656551,21.21,26.07,10729.98,738.00
8659551,21.22,26.06,10729.98,728.00
8662551,21.22,26.07,10729.98,722.00
8665551,21.22,26.09,10729.98,716.00
8668551,21.22,26.10,10729.98,711.00
8671551,21.22,26.10,10729.98,702.00
8674551,21.22,26.10,10729.98,697.00
8677551,21.22,26.10,10729.98,692.00
8680551,21.22,26.09,10729.98,685.00
8683551,21.22,26.09,10729.98,688.00
8686551,21.23,26.10,10729.98,682.00
8689551,21.22,26.11,10729.98,677.00
8692551,21.22,26.10,10729.98,671.00
8695551,21.22,26.14,10729.98,667.00
8698551,21.22,26.14,10729.98,665.00
8701551,21.22,26.16,10729.98,661.00
8704551,21.22,26.15,10729.98,664.00
8707551,21.23,26.14,10729.98,664.00
8710551,21.23,26.15,10729.98,662.00
8713551,21.23,26.15,10729.98,660.00
8716551,21.23,26.17,10729.98,657.00
8719551,21.22,26.17,10729.98,660.00
8722551,21.23,26.18,10729.98,663.00
8725551,21.23,26.16,10729.98,666.00
8728551,21.23,26.17,10729.98,672.00
8731551,21.23,26.16,10729.98,676.00
8734551,21.23,26.17,10729.98,680.00
8737551,21.23,26.20,10729.98,683.00
8740551,21.23,26.22,10729.98,684.00
8743551,21.23,26.25,10729.98,689.00
8746551,21.23,26.27,10729.98,690.00
8749551,21.23,26.27,10729.98,692.00
8752551,21.23,26.27,10729.98,694.00
8755551,21.24,26.25,10729.98,697.00
8758551,21.24,26.23,10729.98,699.00
8761551,21.24,26.23,10729.98,697.00
8764551,21.24,26.22,10729.98,696.00
8767551,21.23,26.26,10729.98,699.00
8770551,21.23,26.27,10729.98,694.00
8773551,21.23,26.27,10729.98,690.00
8776551,21.23,26.28,10729.98,688.00
8779551,21.23,26.25,10729.98,687.00
8782551,21.22,26.21,10729.98,683.00
8785551,21.23,26.21,10729.98,681.00
8788551,21.23,26.20,10729.98,678.00
8791551,21.23,26.21,10729.98,677.00
8794551,21.23,26.21,10729.98,677.00
8797551,21.23,26.21,10729.98,675.00
8800551,21.23,26.22,10729.98,671.00
8803551,21.23,26.21,10729.98,668.00
8806551,21.23,26.22,10729.98,667.00
8809551,21.22,26.21,10729.98,667.00
8812551,21.23,26.20,10729.98,667.00
8815551,21.22,26.21,10729.98,667.00
8818551,21.22,26.21,10729.98,668.00
8821551,21.22,26.21,10729.98,670.00
8824551,21.23,26.21,10729.98,670.00
8827551,21.22,26.22,10729.98,673.00
8830551,21.22,26.21,10729.98,676.00
8833551,21.22,26.21,10729.98,675.00
8836551,21.22,26.21,10729.98,677.00
8839551,21.22,26.21,10729.98,677.00
8842551,21.23,26.22,10729.98,681.00
8845551,21.22,26.21,10729.98,682.00
8848551,21.22,26.21,10729.98,682.00
8851551,21.22,26.20,10729.98,684.00
8854551,21.22,26.21,10729.98,688.00
8857551,21.22,26.22,10729.98,696.00
8860551,21.22,26.21,10729.98,706.00
8863551,21.22,26.22,10729.98,715.00
8866551,21.22,26.22,10729.98,726.00
8869551,21.22,26.22,10729.98,718.00
8872551,21.22,26.21,10729.98,745.00
8875551,21.23,26.18,10729.98,752.00
8878551,21.23,26.17,10729.98,761.00
8881551,21.23,26.21,10729.98,763.00
8884551,21.23,26.22,10729.98,765.00
8887551,21.23,26.22,10729.98,768.00
8890551,21.23,26.23,10729.98,777.00
8893551,21.23,26.25,10729.98,787.00
8896551,21.23,26.25,10729.98,794.00
8899551,21.24,26.25,10729.98,802.00
8902551,21.24,26.25,10729.98,814.00
8905551,21.24,26.23,10729.98,830.00
8908551,21.23,26.26,10729.98,847.00
8911551,21.23,26.26,10729.98,858.00
8914551,21.24,26.27,10729.98,866.00
8917551,21.24,26.28,10729.98,875.00
8920551,21.23,26.28,10729.98,886.00
8923551,21.24,26.28,10729.98,894.00
8926551,21.24,26.30,10729.98,900.00
8929551,21.24,26.30,10729.98,907.00
8932551,21.24,26.27,10729.98,914.00
8935551,21.25,26.28,10729.98,921.00
8938551,21.25,26.27,10729.98,929.00
8941551,21.25,26.26,10729.98,933.00
8944551,21.25,26.26,10729.98,937.00
8947551,21.25,26.26,10729.98,940.00
8950551,21.25,26.26,10729.98,943.00
8953551,21.25,26.26,10729.98,946.00
8956551,21.25,26.26,10729.98,949.00
8959551,21.25,26.27,10729.98,951.00
8962551,21.25,26.26,10729.98,950.00
8965551,21.26,26.26,10729.98,988.00
8968551,21.25,26.27,10729.98,956.00
8971551,21.26,26.27,10729.98,959.00
8974551,21.25,26.27,10729.98,959.00
8977551,21.26,26.26,10729.98,962.00
8980551,21.26,26.26,10729.98,961.00
8983551,21.27,26.27,10729.98,962.00
8986551,21.26,26.26,10729.98,964.00
8989551,21.26,26.27,10729.98,964.00
8992551,21.26,26.28,10729.98,965.00
8995551,21.27,26.27,10729.98,964.00
8998551,21.26,26.28,10729.98,965.00
9001551,21.27,26.30,10729.98,965.00
9004551,21.27,26.30,10729.98,963.00
9007551,21.27,26.29,10729.98,960.00
9010551,21.27,26.27,10729.98,959.00
9013551,21.27,26.27,10729.98,957.00
9016551,21.27,26.26,10729.98,954.00
9019551,21.27,26.26,10729.98,952.00
9022551,21.28,26.25,10729.98,952.00
9025551,21.28,26.26,10729.98,976.00
9028551,21.28,26.26,10729.98,952.00
9031551,21.28,26.26,10729.98,963.00
9034551,21.28,26.26,10729.98,958.00
9037551,21.29,26.27,10729.98,960.00
9040551,21.29,26.27,10729.98,962.00
9043551,21.29,26.27,10729.98,971.00
9046551,21.29,26.27,10729.98,964.00
9049551,21.29,26.27,10729.98,963.00
9052551,21.29,26.27,10729.98,963.00
9055551,21.29,26.25,10729.98,963.00
9058551,21.29,26.26,10729.98,958.00
9061551,21.30,26.26,10729.98,962.00
9064551,21.30,26.26,10729.98,961.00
9067551,21.30,26.26,10729.98,962.00
9070551,21.30,26.26,10729.98,962.00
9073551,21.30,26.25,10729.98,960.00
9076551,21.30,26.26,10729.98,961.00
9079551,21.30,26.24,10729.98,961.00
9082551,21.30,26.24,10729.98,961.00
9085551,21.31,26.25,10729.98,962.00
9088551,21.31,26.24,10729.98,962.00
9091551,21.31,26.24,10729.98,961.00
9094551,21.32,26.24,10729.98,959.00
9097551,21.32,26.25,10729.98,963.00
9100551,21.31,26.25,10729.98,963.00
9103551,21.32,26.28,10729.98,963.00
9106551,21.32,26.29,10729.98,964.00
9109551,21.32,26.28,10729.98,962.00
9112551,21.33,26.28,10729.98,961.00
9115551,21.32,26.28,10729.98,961.00
9118551,21.33,26.28,10729.98,962.00
9121551,21.33,26.29,10729.98,962.00
9124551,21.33,26.29,10729.98,961.00
9127551,21.33,26.29,10729.98,961.00
9130551,21.33,26.28,10729.98,961.00
9133551,21.33,26.29,10729.98,963.00
9136551,21.33,26.28,10729.98,963.00
9139551,21.34,26.28,10729.98,964.00
9142551,21.34,26.28,10729.98,966.00
9145551,21.34,26.29,10729.98,965.00
9148551,21.34,26.30,10729.98,966.00
9151551,21.34,26.29,10729.98,965.00
9154551,21.34,26.29,10729.98,966.00
9157551,21.35,26.29,10729.98,966.00
9160551,21.35,26.28,10729.98,941.00
9163551,21.34,26.28,10729.98,966.00
9166551,21.35,26.25,10729.98,966.00
9169551,21.35,26.25,10729.98,965.00
9172551,21.35,26.24,10729.98,964.00
9175551,21.35,26.24,10729.98,940.00
9178551,21.35,26.24,10729.98,965.00
9181551,21.36,26.24,10729.98,965.00
9184551,21.36,26.23,10729.98,965.00
9187551,21.36,26.23,10729.98,965.00
9190551,21.36,26.24,10729.98,964.00
9193551,21.36,26.23,10729.98,963.00
9196551,21.36,26.22,10729.98,954.00
9199551,21.36,26.22,10729.98,962.00
9202551,21.36,26.22,10729.98,960.00
9205551,21.36,26.21,10729.98,958.00
9208551,21.36,26.22,10729.98,958.00
9211551,21.36,26.23,10729.98,958.00
9214551,21.37,26.22,10729.98,959.00
9217551,21.37,26.22,10729.98,959.00
9220551,21.37,26.21,10729.98,960.00
9223551,21.37,26.21,10729.98,959.00
9226551,21.37,26.21,10729.98,960.00
9229551,21.37,26.22,10729.98,960.00
9232551,21.37,26.21,10729.98,961.00
9235551,21.37,26.21,10729.98,961.00
9238551,21.37,26.21,10729.98,961.00
9241551,21.37,26.21,10729.98,958.00
9244551,21.37,26.21,10729.98,954.00
9247551,21.37,26.19,10729.98,953.00
9250551,21.37,26.21,10729.98,950.00
9253551,21.37,26.19,10729.98,948.00
9256551,21.37,26.19,10729.98,946.00
9259551,21.37,26.18,10729.98,942.00
9262551,21.37,26.19,10729.98,938.00
9265551,21.37,26.21,10729.98,931.00
9268551,21.37,26.23,10729.98,926.00
9271551,21.37,26.23,10729.98,922.00
9274551,21.37,26.24,10729.98,921.00
9277551,21.37,26.24,10729.98,920.00
9280551,21.38,26.23,10729.98,924.00
9283551,21.37,26.22,10729.98,906.00
9286551,21.38,26.21,10729.98,907.00
9289551,21.38,26.21,10729.98,928.00
9292551,21.38,26.22,10729.98,925.00
9295551,21.38,26.21,10729.98,929.00
9298551,21.38,26.19,10729.98,934.00
9301551,21.38,26.21,10729.98,941.00
9304551,21.38,26.19,10729.98,950.00
9307551,21.38,26.21,10729.98,932.00
9310551,21.38,26.19,10729.98,957.00
9313551,21.37,26.21,10729.98,960.00
9316551,21.38,26.21,10729.98,961.00
9319551,21.38,26.21,10729.98,959.00
9322551,21.38,26.21,10729.98,959.00
9325551,21.38,26.21,10729.98,958.00
9328551,21.38,26.21,10729.98,956.00
9331551,21.38,26.19,10729.98,957.00
9334551,21.38,26.19,10729.98,956.00
9337551,21.38,26.18,10729.98,956.00
9340551,21.39,26.18,10729.98,957.00
9343551,21.39,26.21,10729.98,957.00
9346551,21.38,26.21,10729.98,954.00
9349551,21.40,26.21,10729.98,957.00
9352551,21.38,26.21,10729.98,959.00
9355551,21.39,26.21,10729.98,958.00
9358551,21.39,26.21,10729.98,959.00
9361551,21.39,26.21,10729.98,959.00
9364551,21.39,26.22,10729.98,960.00
9367551,21.39,26.22,10729.98,962.00
9370551,21.39,26.21,10729.98,962.00
9373551,21.40,26.20,10729.98,963.00
9376551,21.40,26.20,10729.98,963.00
9379551,21.40,26.22,10729.98,963.00
9382551,21.40,26.23,10729.98,964.00
9385551,21.40,26.24,10729.98,962.00
9388551,21.41,26.26,10729.98,962.00
9391551,21.40,26.27,10729.98,963.00
9394551,21.41,26.27,10729.98,964.00
9397551,21.40,26.29,10729.98,964.00
9400551,21.40,26.28,10729.98,964.00
9403551,21.40,26.27,10729.98,965.00
9406551,21.40,26.27,10729.98,963.00
9409551,21.40,26.26,10729.98,965.00
9412551,21.41,26.26,10729.98,966.00
9415551,21.41,26.27,10729.98,968.00
9418551,21.41,26.27,10729.98,1023.00
9421551,21.41,26.26,10729.98,967.00
9424551,21.41,26.24,10729.98,953.00
9427551,21.41,26.24,10729.98,967.00
9430551,21.42,26.25,10729.98,966.00
9433551,21.42,26.25,10729.98,965.00
9436551,21.41,26.23,10729.98,965.00
9439551,21.41,26.22,10729.98,964.00
9442551,21.41,26.22,10729.98,962.00
9445551,21.41,26.20,10729.98,961.00
9448551,21.42,26.20,10729.98,959.00
9451551,21.42,26.20,10729.98,958.00
9454551,21.41,26.18,10729.98,959.00
9457551,21.42,26.17,10729.98,956.00
9460551,21.41,26.16,10729.98,957.00
9463551,21.41,26.15,10729.98,954.00
9466551,21.41,26.13,10729.98,954.00
9469551,21.41,26.15,10729.98,953.00
9472551,21.41,26.15,10729.98,954.00
9475551,21.40,26.15,10729.98,954.00
9478551,21.40,26.15,10729.98,955.00
9481551,21.41,26.16,10729.98,952.00
9484551,21.40,26.16,10729.98,953.00
9487551,21.40,26.16,10729.98,955.00
9490551,21.40,26.16,10729.98,957.00
9493551,21.40,26.16,10729.98,958.00
9496551,21.41,26.17,10729.98,958.00
9499551,21.40,26.18,10729.98,958.00
9502551,21.40,26.20,10729.98,958.00
9505551,21.40,26.18,10729.98,959.00
9508551,21.40,26.20,10729.98,958.00
9511551,21.41,26.21,10729.98,959.00
9514551,21.40,26.21,10729.98,952.00
9517551,21.40,26.22,10729.98,963.00
9520551,21.40,26.23,10729.98,961.00
9523551,21.40,26.24,10729.98,960.00
9526551,21.39,26.23,10729.98,960.00
9529551,21.39,26.24,10729.98,959.00
9532551,21.40,26.24,10729.98,951.00
9535551,21.40,26.23,10729.98,960.00
9538551,21.40,26.22,10729.98,950.00
9541551,21.40,26.26,10729.98,959.00
9544551,21.41,26.28,10729.98,960.00
9547551,21.41,26.29,10729.98,959.00
9550551,21.41,26.29,10729.98,960.00
9553551,21.42,26.31,10729.98,959.00
9556551,21.42,26.31,10729.98,957.00
9559551,21.42,26.32,10729.98,957.00
9562551,21.43,26.34,10729.98,954.00
9565551,21.43,26.39,10729.98,949.00
9568551,21.42,26.42,10729.98,947.00
9571551,21.43,26.39,10729.98,942.00
9574551,21.43,26.38,10729.98,942.00
9577551,21.43,26.36,10729.98,942.00
9580551,21.43,26.34,10729.98,942.00
9583551,21.43,26.33,10729.98,941.00
9586551,21.44,26.32,10729.98,936.00
9589551,21.44,26.33,10729.98,933.00
9592551,21.44,26.33,10729.98,928.00
9595551,21.44,26.33,10729.98,926.00
9598551,21.44,26.33,10729.98,927.00
9601551,21.44,26.33,10729.98,927.00
9604551,21.44,26.34,10729.98,932.00
9607551,21.44,26.34,10729.98,938.00
9610551,21.44,26.37,10729.98,953.00
9613551,21.44,26.36,10729.98,948.00
9616551,21.44,26.36,10729.98,950.00
9619551,21.44,26.34,10729.98,954.00
9622551,21.44,26.33,10729.98,955.00
9625551,21.44,26.34,10729.98,957.00
9628551,21.44,26.36,10729.98,960.00
9631551,21.44,26.37,10729.98,939.00
9634551,21.45,26.38,10729.98,962.00
9637551,21.44,26.41,10729.98,962.00
9640551,21.44,26.45,10729.98,962.00
9643551,21.44,26.45,10729.98,962.00
9646551,21.44,26.43,10729.98,972.00
9649551,21.44,26.43,10729.98,966.00
9652551,21.44,26.45,10729.98,964.00
9655551,21.44,26.47,10729.98,956.00
9658551,21.44,26.48,10729.98,963.00
9661551,21.45,26.49,10729.98,965.00
9664551,21.44,26.51,10729.98,961.00
9667551,21.44,26.56,10729.98,959.00
9670551,21.44,26.59,10729.98,956.00
9673551,21.44,26.59,10729.98,949.00
9676551,21.44,26.61,10729.98,934.00
9679551,21.45,26.65,10729.98,930.00
9682551,21.44,26.65,10729.98,918.00
9685551,21.44,26.62,10729.98,906.00
9688551,21.44,26.64,10729.98,898.00
9691551,21.43,26.67,10729.98,893.00
9694551,21.44,26.70,10729.98,885.00
9697551,21.44,26.71,10729.98,882.00
9700551,21.44,26.70,10729.98,881.00
9703551,21.44,26.71,10729.98,880.00
9706551,21.44,26.72,10729.98,879.00
9709551,21.44,26.75,10729.98,878.00
9712551,21.44,26.75,10729.98,878.00
9715551,21.45,26.75,10729.98,880.00
9718551,21.45,26.77,10729.98,876.00
9721551,21.44,26.79,10729.98,890.00
9724551,21.44,26.81,10729.98,895.00
9727551,21.44,26.79,10729.98,899.00
9730551,21.44,26.79,10729.98,899.00
9733551,21.45,26.82,10729.98,899.00
9736551,21.45,26.84,10729.98,900.00
9739551,21.45,26.84,10729.98,899.00
9742551,21.45,26.86,10729.98,897.00
9745551,21.44,26.88,10729.98,896.00
9748551,21.45,26.88,10729.98,895.00
9751551,21.45,26.88,10729.98,902.00
9754551,21.44,26.88,10729.98,906.00
9757551,21.44,26.87,10729.98,912.00
9760551,21.44,26.87,10729.98,922.00
9763551,21.45,26.84,10729.98,933.00
9766551,21.45,26.86,10729.98,969.00
9769551,21.45,26.83,10729.98,944.00
9772551,21.45,26.82,10729.98,950.00
9775551,21.45,26.82,10729.98,955.00
9778551,21.44,26.82,10729.98,934.00
9781551,21.45,26.80,10729.98,956.00
9784551,21.45,26.82,10729.98,946.00
9787551,21.46,26.85,10729.98,953.00
9790551,21.45,26.87,10729.98,953.00
9793551,21.45,26.86,10729.98,952.00
9796551,21.45,26.83,10729.98,949.00
9799551,21.45,26.82,10729.98,946.00
9802551,21.45,26.82,10729.98,947.00
9805551,21.45,26.82,10729.98,947.00
9808551,21.45,26.82,10729.98,943.00
9811551,21.45,26.82,10729.98,938.00
9814551,21.45,26.83,10729.98,927.00
9817551,21.46,26.85,10729.98,942.00
9820551,21.45,26.86,10729.98,930.00
9823551,21.45,26.86,10729.98,928.00
9826551,21.46,26.86,10729.98,924.00
9829551,21.46,26.86,10729.98,924.00
9832551,21.46,26.86,10729.98,924.00
9835551,21.45,26.87,10729.98,923.00
9838551,21.45,26.91,10729.98,926.00
9841551,21.45,26.93,10729.98,927.00
9844551,21.46,26.93,10729.98,929.00
9847551,21.46,26.89,10729.98,932.00
9850551,21.45,26.88,10729.98,932.00
9853551,21.46,26.91,10729.98,929.00
9856551,21.45,26.93,10729.98,927.00
9859551,21.45,26.94,10729.98,924.00
9862551,21.45,26.94,10729.98,925.00
9865551,21.46,26.93,10729.98,925.00
9868551,21.45,26.93,10729.98,921.00
9871551,21.45,26.95,10729.98,920.00
9874551,21.45,26.97,10729.98,926.00
9877551,21.45,26.99,10729.98,905.00
9880551,21.45,27.00,10729.98,931.00
9883551,21.45,27.00,10729.98,938.00
9886551,21.45,27.00,10729.98,944.00
9889551,21.45,27.02,10729.98,946.00
9892551,21.45,27.02,10729.98,950.00
9895551,21.45,27.02,10729.98,952.00
9898551,21.45,27.00,10729.98,953.00
9901551,21.45,27.00,10729.98,954.00
9904551,21.45,27.03,10729.98,954.00
9907551,21.45,27.04,10729.98,953.00
9910551,21.45,27.05,10729.98,952.00
9913551,21.46,27.05,10729.98,952.00
9916551,21.46,27.05,10729.98,953.00
9919551,21.46,27.08,10729.98,954.00
9922551,21.46,27.08,10729.98,955.00
9925551,21.46,27.08,10729.98,955.00
9928551,21.47,27.08,10729.98,954.00
9931551,21.47,27.05,10729.98,953.00
9934551,21.46,27.09,10729.98,952.00
9937551,21.47,27.10,10729.98,949.00
9940551,21.47,27.11,10729.98,948.00
9943551,21.47,27.14,10729.98,948.00
9946551,21.47,27.13,10729.98,945.00
9949551,21.47,27.15,10729.98,943.00
9952551,21.47,27.16,10729.98,941.00
9955551,21.48,27.19,10729.98,917.00
9958551,21.47,27.22,10729.98,936.00
9961551,21.47,27.20,10729.98,940.00
9964551,21.47,27.19,10729.98,942.00
9967551,21.48,27.20,10729.98,942.00
9970551,21.48,27.19,10729.98,945.00
9973551,21.47,27.18,10729.98,944.00
9976551,21.47,27.16,10729.98,939.00
9979551,21.47,27.16,10729.98,934.00
9982551,21.47,27.14,10729.98,931.00
9985551,21.47,27.15,10729.98,926.00
9988551,21.47,27.14,10729.98,924.00
9991551,21.48,27.15,10729.98,924.00
9994551,21.47,27.15,10729.98,924.00
9997551,21.47,27.16,10729.98,925.00
10000551,21.47,27.15,10729.98,930.00
10003551,21.48,27.18,10729.98,932.00
10006551,21.47,27.18,10729.98,940.00
10009551,21.47,27.20,10729.98,944.00
10012551,21.48,27.21,10729.98,951.00
10015551,21.48,27.25,10729.98,953.00
10018551,21.47,27.27,10729.98,955.00
10021551,21.48,27.29,10729.98,958.00
10024551,21.48,27.30,10729.98,957.00
10027551,21.48,27.26,10729.98,962.00
10030551,21.48,27.24,10729.98,962.00
10033551,21.48,27.24,10729.98,963.00
10036551,21.49,27.22,10729.98,963.00
10039551,21.48,27.21,10729.98,960.00
10042551,21.49,27.20,10729.98,961.00
10045551,21.49,27.19,10729.98,958.00
10048551,21.49,27.18,10729.98,956.00
10051551,21.50,27.16,10729.98,954.00
10054551,21.49,27.16,10729.98,952.00
10057551,21.50,27.16,10729.98,953.00
10060551,21.49,27.15,10729.98,960.00
10063551,21.50,27.15,10729.98,954.00
10066551,21.50,27.15,10729.98,954.00
10069551,21.50,27.20,10729.98,951.00
10072551,21.50,27.24,10729.98,923.00
10075551,21.50,27.24,10729.98,944.00
10078551,21.50,27.24,10729.98,939.00
10081551,21.50,27.23,10729.98,936.00
10084551,21.51,27.21,10729.98,931.00
10087551,21.51,27.21,10729.98,936.00
10090551,21.50,27.21,10729.98,937.00
10093551,21.50,27.20,10729.98,938.00
10096551,21.50,27.23,10729.98,941.00
10099551,21.51,27.24,10729.98,946.00
10102551,21.51,27.26,10729.98,948.00
10105551,21.51,27.26,10729.98,948.00
10108551,21.51,27.25,10729.98,948.00
10111551,21.51,27.23,10729.98,942.00
10114551,21.52,27.24,10729.98,952.00
10117551,21.52,27.24,10729.98,954.00
10120551,21.53,27.25,10729.98,956.00
10123551,21.52,27.26,10729.98,956.00
10126551,21.52,27.26,10729.98,956.00
10129551,21.53,27.28,10729.98,958.00
10132551,21.53,27.29,10729.98,959.00
10135551,21.53,27.29,10729.98,959.00
10138551,21.53,27.28,10729.98,998.00
10141551,21.53,27.28,10729.98,963.00
10144551,21.53,27.28,10729.98,1000.00
10147551,21.53,27.28,10729.98,966.00
10150551,21.53,27.26,10729.98,966.00
10153551,21.54,27.23,10729.98,961.00
10156551,21.53,27.24,10729.98,966.00
10159551,21.53,27.24,10729.98,965.00
10162551,21.54,27.27,10729.98,964.00
10165551,21.54,27.26,10729.98,965.00
10168551,21.54,27.28,10729.98,962.00
10171551,21.54,27.28,10729.98,959.00
10174551,21.55,27.29,10729.98,936.00
10177551,21.54,27.30,10729.98,933.00
10180551,21.54,27.30,10729.98,949.00
10183551,21.54,27.28,10729.98,943.00
10186551,21.54,27.29,10729.98,935.00
10189551,21.53,27.29,10729.98,928.00
10192551,21.53,27.28,10729.98,918.00
10195551,21.53,27.26,10729.98,911.00
10198551,21.53,27.26,10729.98,908.00
10201551,21.53,27.26,10729.98,906.00
10204551,21.53,27.26,10729.98,897.00
10207551,21.53,27.24,10729.98,900.00
10210551,21.53,27.26,10729.98,899.00
10213551,21.53,27.29,10729.98,899.00
10216551,21.53,27.28,10729.98,901.00
10219551,21.53,27.29,10729.98,906.00
10222551,21.53,27.28,10729.98,912.00
10225551,21.53,27.29,10729.98,918.00
10228551,21.53,27.29,10729.98,925.00
10231551,21.52,27.30,10729.98,928.00
10234551,21.53,27.30,10729.98,931.00
10237551,21.53,27.30,10729.98,933.00
10240551,21.52,27.29,10729.98,935.00
10243551,21.52,27.30,10729.98,936.00
10246551,21.53,27.29,10729.98,936.00
10249551,21.53,27.28,10729.98,937.00
10252551,21.53,27.28,10729.98,940.00
10255551,21.53,27.26,10729.98,940.00
10258551,21.53,27.24,10729.98,944.00
10261551,21.53,27.24,10729.98,945.00
10264551,21.53,27.24,10729.98,946.00
10267551,21.53,27.24,10729.98,946.00
10270551,21.53,27.24,10729.98,948.00
10273551,21.53,27.24,10729.98,949.00
10276551,21.53,27.23,10729.98,947.00
10279551,21.54,27.24,10729.98,952.00
10282551,21.53,27.25,10729.98,941.00
10285551,21.53,27.29,10729.98,938.00
10288551,21.53,27.28,10729.98,933.00
10291551,21.53,27.28,10729.98,924.00
10294551,21.53,27.29,10729.98,911.00
10297551,21.53,27.29,10729.98,908.00
10300551,21.54,27.31,10729.98,899.00
10303551,21.54,27.31,10729.98,895.00
10306551,21.53,27.31,10729.98,891.00
10309551,21.53,27.33,10729.98,891.00
10312551,21.53,27.33,10729.98,881.00
10315551,21.53,27.34,10729.98,878.00
10318551,21.53,27.35,10729.98,867.00
10321551,21.53,27.34,10729.98,865.00
10324551,21.53,27.33,10729.98,862.00
10327551,21.54,27.31,10729.98,860.00
10330551,21.53,27.30,10729.98,860.00
10333551,21.53,27.30,10729.98,859.00
10336551,21.53,27.28,10729.98,853.00
10339551,21.53,27.28,10729.98,866.00
10342551,21.53,27.29,10729.98,874.00
10345551,21.52,27.28,10729.98,884.00
10348551,21.53,27.26,10729.98,886.00
10351551,21.52,27.25,10729.98,923.00
10354551,21.52,27.29,10729.98,889.00
10357551,21.52,27.28,10729.98,882.00
10360551,21.52,27.28,10729.98,878.00
10363551,21.52,27.28,10729.98,875.00
10366551,21.51,27.26,10729.98,866.00
10369551,21.51,27.28,10729.98,838.00
10372551,21.51,27.26,10729.98,855.00
10375551,21.51,27.26,10729.98,851.00
10378551,21.51,27.27,10729.98,848.00
10381551,21.51,27.28,10729.98,847.00
10384551,21.51,27.29,10729.98,849.00
10387551,21.50,27.30,10729.98,850.00
10390551,21.50,27.31,10729.98,854.00
10393551,21.50,27.34,10729.98,859.00
10396551,21.50,27.32,10729.98,865.00
10399551,21.50,27.32,10729.98,872.00
10402551,21.50,27.31,10729.98,881.00
10405551,21.50,27.31,10729.98,888.00
10408551,21.50,27.30,10729.98,889.00
10411551,21.50,27.30,10729.98,903.00
10414551,21.50,27.30,10729.98,911.00
10417551,21.50,27.30,10729.98,914.00
10420551,21.50,27.30,10729.98,918.00
10423551,21.50,27.31,10729.98,922.00
10426551,21.50,27.30,10729.98,926.00
10429551,21.50,27.30,10729.98,923.00
10432551,21.50,27.29,10729.98,958.00
10435551,21.50,27.29,10729.98,923.00
10438551,21.50,27.29,10729.98,925.00
10441551,21.49,27.30,10729.98,927.00
10444551,21.50,27.31,10729.98,930.00
10447551,21.50,27.30,10729.98,932.00
10450551,21.50,27.30,10729.98,932.00
10453551,21.50,27.30,10729.98,931.00
10456551,21.50,27.30,10729.98,910.00
10459551,21.50,27.31,10729.98,930.00
10462551,21.50,27.32,10729.98,928.00
10465551,21.50,27.30,10729.98,930.00
10468551,21.50,27.30,10729.98,930.00
10471551,21.50,27.30,10729.98,929.00
10474551,21.50,27.31,10729.98,929.00
10477551,21.50,27.31,10729.98,930.00
10480551,21.49,27.32,10729.98,928.00
10483551,21.50,27.32,10729.98,928.00
10486551,21.50,27.33,10729.98,925.00
10489551,21.50,27.33,10729.98,921.00
10492551,21.50,27.34,10729.98,921.00
10495551,21.50,27.32,10729.98,922.00
10498551,21.50,27.34,10729.98,921.00
10501551,21.51,27.34,10729.98,921.00
10504551,21.50,27.34,10729.98,915.00
10507551,21.50,27.32,10729.98,921.00
10510551,21.50,27.32,10729.98,915.00
10513551,21.50,27.35,10729.98,911.00
10516551,21.50,27.33,10729.98,910.00
10519551,21.50,27.33,10729.98,907.00
10522551,21.50,27.34,10729.98,929.00
10525551,21.50,27.34,10729.98,899.00
10528551,21.50,27.32,10729.98,895.00
10531551,21.50,27.32,10729.98,889.00
10534551,21.49,27.33,10729.98,874.00
10537551,21.49,27.33,10729.98,888.00
10540551,21.49,27.35,10729.98,885.00
10543551,21.50,27.35,10729.98,882.00
10546551,21.49,27.35,10729.98,878.00
10549551,21.49,27.36,10729.98,886.00
10552551,21.49,27.37,10729.98,875.00
